trial_id,global_seed,scene_id,scene_seed,ik_method,trial_seed,success,solve_time,iterations,position_error,orientation_error,condition_number,q_solution,message
0,42,scene_00_no_obstacle,20260525,pinv,42,True,0.0009916870003507938,11,0.008356289103881344,0.0,2.5336890778395036,"[-2.9864833,-1.3834736,1.4956263,-1.623812,-1.9761294,-0.02604359]",converged
1,42,scene_00_no_obstacle,20260525,pinv,43,True,0.00074280500120949,11,0.008098701707010091,0.0,2.537520008658213,"[-2.9875485,-1.3859287,1.5011443,-1.6406981,-1.9692096,0.01943246]",converged
2,42,scene_00_no_obstacle,20260525,pinv,44,True,0.0008504520010319538,11,0.010936756590634875,0.0,2.5159360261522283,"[-2.9922719,-1.3891476,1.4976154,-1.6125633,-1.9351939,0.01157913]",converged
3,42,scene_00_no_obstacle,20260525,pinv,45,True,0.000741777999792248,11,0.007687282094097852,0.0,2.532343974253335,"[-2.9931724,-1.3840523,1.4927443,-1.6222682,-1.9366336,0.0052496756]",converged
4,42,scene_00_no_obstacle,20260525,pinv,46,True,0.0007453389989677817,11,0.007140550362064133,0.0,2.5347697622002596,"[-2.9909892,-1.3809128,1.4888607,-1.6153667,-1.9506499,-0.028589338]",converged
5,42,scene_00_no_obstacle,20260525,pinv,47,True,0.0007556519994977862,11,0.006944878581042317,0.0,2.543329940752955,"[-2.9910887,-1.3867444,1.5026577,-1.6534632,-1.9505257,-0.016011774]",converged
6,42,scene_00_no_obstacle,20260525,pinv,48,True,0.0007850700021663215,11,0.007860257623385297,0.0,2.527770488651478,"[-2.9941211,-1.3820036,1.4871002,-1.6063944,-1.9299072,-0.020372254]",converged
7,42,scene_00_no_obstacle,20260525,pinv,49,True,0.0007504249988414813,11,0.009265482875090839,0.0,2.531158270995121,"[-2.9929637,-1.392175,1.508628,-1.653182,-1.933246,0.002180817]",converged
8,42,scene_00_no_obstacle,20260525,pinv,50,True,0.0007612859990331344,11,0.009762210840561815,0.0,2.528244485284746,"[-2.9969851,-1.3958474,1.5124472,-1.6601152,-1.908887,-0.0038186303]",converged
9,42,scene_00_no_obstacle,20260525,pinv,51,True,0.000772129998949822,11,0.007449289132840459,0.0,2.5323431219223544,"[-2.9928174,-1.3823051,1.4895417,-1.6154453,-1.9394035,-0.022032875]",converged
10,42,scene_00_no_obstacle,20260525,pinv,52,True,0.0010055860002466943,11,0.007189447267807576,0.0,2.535426939848953,"[-2.9957336,-1.3857385,1.4959857,-1.6343579,-1.9219803,0.013319097]",converged
11,42,scene_00_no_obstacle,20260525,pinv,53,True,0.0007614630012540147,11,0.008292464377092395,0.0,2.5380541436825412,"[-2.989648,-1.3893103,1.5070357,-1.6551438,-1.9565499,0.01026916]",converged
12,42,scene_00_no_obstacle,20260525,pinv,54,True,0.0007619480020366609,11,0.006786400322166506,0.0,2.5347530712059756,"[-2.9929363,-1.3804729,1.487225,-1.6135369,-1.9403448,0.025903746]",converged
13,42,scene_00_no_obstacle,20260525,pinv,55,True,0.0007546880005975254,11,0.009631094569190637,0.0,2.526295359900994,"[-2.9866851,-1.3851057,1.495261,-1.6146643,-1.9730346,0.001064212]",converged
14,42,scene_00_no_obstacle,20260525,pinv,56,True,0.0008220109993999358,11,0.007231981966930991,0.0,2.534083451467406,"[-2.9954857,-1.3847636,1.4942686,-1.6291294,-1.9236032,0.029753876]",converged
15,42,scene_00_no_obstacle,20260525,pinv,57,True,0.0007548239991592709,11,0.008979485571973025,0.0,2.525560254538358,"[-2.9924573,-1.385639,1.4944604,-1.6174556,-1.9378563,0.0073175916]",converged
16,42,scene_00_no_obstacle,20260525,pinv,58,True,0.0007653669999854174,11,0.007279473362847008,0.0,2.538911569701568,"[-2.9925911,-1.3864168,1.4994975,-1.6431614,-1.940555,-0.0044452338]",converged
17,42,scene_00_no_obstacle,20260525,pinv,59,True,0.0009160969966615085,11,0.0065156585010594644,0.0,2.5411443849778013,"[-2.9926215,-1.3839339,1.4968804,-1.6403541,-1.9423953,-0.01181758]",converged
18,42,scene_00_no_obstacle,20260525,pinv,60,True,0.0007924319979792926,11,0.006434205191779843,0.0,2.546328176008624,"[-2.9917584,-1.3868083,1.504297,-1.6607191,-1.9481471,0.021475589]",converged
19,42,scene_00_no_obstacle,20260525,pinv,61,True,0.0008033789999899454,11,0.00709000803382899,0.0,2.545100411836527,"[-2.9891647,-1.3874583,1.5063624,-1.6613928,-1.9625069,0.013099125]",converged
20,42,scene_00_no_obstacle,20260525,pinv,62,True,0.0009622930010664277,11,0.00668333916581007,0.0,2.541673953794058,"[-2.9922514,-1.3849433,1.4981056,-1.643084,-1.9448299,-0.0058281151]",converged
21,42,scene_00_no_obstacle,20260525,pinv,63,True,0.0009256240009563044,11,0.009760786200762041,0.0,2.5199160163854066,"[-2.9958552,-1.3881461,1.494957,-1.6146667,-1.9144014,0.02137623]",converged
22,42,scene_00_no_obstacle,20260525,pinv,64,True,0.0007427010023093317,11,0.0080019428094977,0.0,2.5271048703435697,"[-2.9978171,-1.385213,1.4904698,-1.6150974,-1.9076417,0.02476271]",converged
23,42,scene_00_no_obstacle,20260525,pinv,65,True,0.000786849999713013,11,0.006504931385061224,0.0,2.5459131375136477,"[-2.9938311,-1.3885843,1.5067652,-1.6669131,-1.9352059,-0.015100796]",converged
24,42,scene_00_no_obstacle,20260525,pinv,66,True,0.0008767539984546602,11,0.008870061576948364,0.0,2.5347738441534693,"[-2.9884986,-1.3890555,1.5054919,-1.6472682,-1.9620393,-0.031035081]",converged
25,42,scene_00_no_obstacle,20260525,pinv,67,True,0.0007806960020388942,11,0.007952878181465816,0.0,2.5315007392063498,"[-2.9983867,-1.3890968,1.4996946,-1.6391349,-1.9042366,0.016836805]",converged
26,42,scene_00_no_obstacle,20260525,pinv,68,True,0.0007655970002815593,11,0.011763793570301623,0.0,2.5147855180616316,"[-2.9933161,-1.393985,1.5064852,-1.6299401,-1.9270758,0.016140707]",converged
27,42,scene_00_no_obstacle,20260525,pinv,69,True,0.0007765869995637331,11,0.009094540052719846,0.0,2.536693621330771,"[-2.987261,-1.3909312,1.5118822,-1.6615059,-1.9691194,0.020849452]",converged
28,42,scene_00_no_obstacle,20260525,pinv,70,True,0.0007423030001518782,11,0.00882858522543701,0.0,2.53018250443185,"[-2.9969558,-1.3920548,1.5057482,-1.6488394,-1.9113128,-0.029288962]",converged
29,42,scene_00_no_obstacle,20260525,pinv,71,True,0.0009472849997109734,11,0.008585073241105592,0.0,2.529166711395157,"[-2.9945602,-1.3879007,1.4984855,-1.6314247,-1.925619,0.010211477]",converged
30,42,scene_00_no_obstacle,20260525,pinv,72,True,0.0007498799968743697,11,0.006439052754209445,0.0,2.547368848227026,"[-2.991544,-1.3874496,1.5060586,-1.6653711,-1.9492967,-0.019153674]",converged
31,42,scene_00_no_obstacle,20260525,pinv,73,True,0.0008186369996110443,11,0.00672840055674567,0.0,2.5352687583877342,"[-2.9963908,-1.3833871,1.4911001,-1.6247405,-1.9190742,-0.038935733]",converged
32,42,scene_00_no_obstacle,20260525,pinv,74,True,0.000927736000448931,11,0.008505965411455235,0.0,2.533487984530547,"[-2.9902216,-1.3874268,1.5015328,-1.6391668,-1.9522675,-0.0064324337]",converged
33,42,scene_00_no_obstacle,20260525,pinv,75,True,0.001063064999470953,11,0.006809001319606366,0.0,2.5353787500640856,"[-2.9967028,-1.3842477,1.4927942,-1.6285039,-1.9171586,0.00049432823]",converged
34,42,scene_00_no_obstacle,20260525,pinv,76,True,0.0007568190012534615,11,0.007756655114469254,0.0,2.5298144861654976,"[-2.9974537,-1.3858822,1.4939972,-1.6251426,-1.909949,-0.031285886]",converged
35,42,scene_00_no_obstacle,20260525,pinv,77,True,0.0007526240005972795,11,0.009430348098485997,0.0,2.534118627098788,"[-2.9940741,-1.3963027,1.5176917,-1.6756445,-1.9272368,-0.0028685189]",converged
36,42,scene_00_no_obstacle,20260525,pinv,78,True,0.0008402800012845546,11,0.007536109832935873,0.0,2.5360284958207044,"[-2.9968223,-1.3890839,1.5020768,-1.6481686,-1.9143815,-0.0068690868]",converged
37,42,scene_00_no_obstacle,20260525,pinv,79,True,0.0037715190010203514,11,0.00986152901287963,0.0,2.5256299223100496,"[-2.9954068,-1.3931872,1.50697,-1.6449966,-1.9183708,0.0001475831]",converged
38,42,scene_00_no_obstacle,20260525,pinv,80,True,0.0011148329977004323,11,0.009572990676461205,0.0,2.5318698304314378,"[-2.9881648,-1.3905639,1.5075364,-1.6478332,-1.9624864,0.051060892]",converged
39,42,scene_00_no_obstacle,20260525,pinv,81,True,0.000765264001529431,11,0.009602575404052452,0.0,2.521085132778522,"[-2.9955674,-1.3880174,1.4952372,-1.6162726,-1.9173074,0.00089557819]",converged
40,42,scene_00_no_obstacle,20260525,pinv,82,True,0.000814566999906674,11,0.010917396348409786,0.0,2.525018923277275,"[-2.9884081,-1.3932747,1.5113559,-1.6479464,-1.9579832,-0.01518652]",converged
41,42,scene_00_no_obstacle,20260525,pinv,83,True,0.0007522470004914794,11,0.005855573217488523,0.0,2.542281993857193,"[-2.9929204,-1.3811276,1.4909466,-1.6296603,-1.9427732,0.023746766]",converged
42,42,scene_00_no_obstacle,20260525,pinv,84,True,0.000743036998755997,11,0.005735202881600051,0.0,2.5386110453613817,"[-2.9925646,-1.3768105,1.4809034,-1.6046525,-1.9451406,-0.0033955637]",converged
43,42,scene_00_no_obstacle,20260525,pinv,85,True,0.0008896759973140433,11,0.010507359364936618,0.0,2.525519284269699,"[-2.9902546,-1.3926728,1.5079485,-1.6430054,-1.9483,0.0077099003]",converged
44,42,scene_00_no_obstacle,20260525,pinv,86,True,0.000833824000437744,11,0.005711569656824102,0.0,2.5420773665087744,"[-2.9937691,-1.3808307,1.4900499,-1.6282824,-1.9379427,0.010204419]",converged
45,42,scene_00_no_obstacle,20260525,pinv,87,True,0.0007617250012117438,11,0.0089543529639423,0.0,2.525939869708109,"[-2.9897564,-1.3834466,1.4912296,-1.609019,-1.9544546,-0.011889173]",converged
46,42,scene_00_no_obstacle,20260525,pinv,88,True,0.0008308770011353772,11,0.007170157155792343,0.0,2.534751812181239,"[-2.9932452,-1.3829543,1.4911541,-1.621842,-1.9373217,0.018486522]",converged
47,42,scene_00_no_obstacle,20260525,pinv,89,True,0.000765839999075979,11,0.007946509188014346,0.0,2.531747446055898,"[-2.9965007,-1.3878534,1.4985998,-1.6359396,-1.9158323,0.0067353521]",converged
48,42,scene_00_no_obstacle,20260525,pinv,90,True,0.0007402910014207009,11,0.011189324611459965,0.0,2.5188433766106892,"[-2.9884369,-1.3898858,1.5017063,-1.6210182,-1.958169,0.00013607002]",converged
49,42,scene_00_no_obstacle,20260525,pinv,91,True,0.0009693949978100136,11,0.00871301670149783,0.0,2.5283477257419404,"[-2.9949233,-1.3882021,1.4982281,-1.6302541,-1.9229037,-0.004311928]",converged
0,42,scene_00_no_obstacle,20260525,dls,1042,True,0.0006117980010458268,12,0.0049905815200586914,0.0,2.5459919775421387,"[-2.990105,-1.3765605,1.4848507,-1.6181414,-1.9665873,0.017511158]",converged
1,42,scene_00_no_obstacle,20260525,dls,1043,True,0.0005280559998936951,11,0.007669978805808434,0.0,2.5394156854142547,"[-2.9966178,-1.3927085,1.5115059,-1.6702538,-1.921831,0.016765033]",converged
2,42,scene_00_no_obstacle,20260525,dls,1044,True,0.0005490599978656974,11,0.009382888930528577,0.0,2.528782666838513,"[-2.9936286,-1.3919216,1.5071326,-1.6467201,-1.9378157,0.0085676061]",converged
3,42,scene_00_no_obstacle,20260525,dls,1045,True,0.0005310170017764904,11,0.007443882760067323,0.0,2.5332101312768738,"[-2.9966688,-1.3865557,1.4969571,-1.6335975,-1.9224654,-0.007276036]",converged
4,42,scene_00_no_obstacle,20260525,dls,1046,True,0.0005852539979969151,11,0.00801881445326554,0.0,2.5357813879653843,"[-2.9946829,-1.3904311,1.5068749,-1.6552128,-1.9333829,0.007464985]",converged
5,42,scene_00_no_obstacle,20260525,dls,1047,True,0.0005280209988995921,11,0.008815829804078022,0.0,2.5284271716137794,"[-2.9969967,-1.3910869,1.5043939,-1.6432628,-1.9182074,0.010243113]",converged
6,42,scene_00_no_obstacle,20260525,dls,1048,True,0.0005316909991961438,11,0.010283023999211395,0.0,2.5207871357310516,"[-2.991309,-1.3889278,1.5001599,-1.6214192,-1.9502621,0.022122445]",converged
7,42,scene_00_no_obstacle,20260525,dls,1049,True,0.0005368780002754647,11,0.009659458866604012,0.0,2.52596215364605,"[-2.9968222,-1.3938155,1.5083902,-1.6483154,-1.91765,0.0073128046]",converged
8,42,scene_00_no_obstacle,20260525,dls,1050,True,0.0005794700009573717,12,0.005240826783370968,0.0,2.5446576602189293,"[-2.9912714,-1.3780936,1.4871007,-1.6224057,-1.9584726,-0.016226539]",converged
9,42,scene_00_no_obstacle,20260525,dls,1051,True,0.0005550380010390654,11,0.007922452393205576,0.0,2.5317099716371043,"[-2.9906989,-1.3832804,1.4938051,-1.620688,-1.9575544,0.0025893571]",converged
10,42,scene_00_no_obstacle,20260525,dls,1052,True,0.0006288940021477174,11,0.009334647421577443,0.0,2.5274474401331606,"[-2.993493,-1.3905148,1.5043549,-1.6394778,-1.9384256,-0.0066318121]",converged
11,42,scene_00_no_obstacle,20260525,dls,1053,True,0.000545371000043815,11,0.009125226062737298,0.0,2.525546593797304,"[-2.9920082,-1.3864738,1.4965832,-1.6203793,-1.9472761,0.01272715]",converged
12,42,scene_00_no_obstacle,20260525,dls,1054,True,0.0005437139989226125,11,0.009882982161350957,0.0,2.5299589313574846,"[-2.9952436,-1.3969924,1.5175147,-1.6702891,-1.9269834,0.009886653]",converged
13,42,scene_00_no_obstacle,20260525,dls,1055,True,0.0005241489998297766,11,0.010996962748200714,0.0,2.5169414653559046,"[-2.9923202,-1.3907407,1.5011391,-1.6198163,-1.9424852,0.043377255]",converged
14,42,scene_00_no_obstacle,20260525,dls,1056,True,0.0005468189992825501,11,0.009978003595924236,0.0,2.5273469259962558,"[-2.9899756,-1.3912508,1.5074021,-1.642938,-1.9568816,0.0063781516]",converged
15,42,scene_00_no_obstacle,20260525,dls,1057,True,0.0005318500006978866,11,0.009720684037115884,0.0,2.5267583160354166,"[-2.9938552,-1.3924056,1.5068531,-1.6439689,-1.9358022,-0.022515484]",converged
16,42,scene_00_no_obstacle,20260525,dls,1058,True,0.0005856719981238712,11,0.007945668961459975,0.0,2.5338570467186563,"[-2.9906902,-1.3852006,1.4982826,-1.6322157,-1.9581302,0.0033414106]",converged
17,42,scene_00_no_obstacle,20260525,dls,1059,True,0.0005498949976754375,11,0.007867990153877452,0.0,2.5242079057258975,"[-2.9997547,-1.3839969,1.4875297,-1.6063413,-1.9030229,-0.02262708]",converged
18,42,scene_00_no_obstacle,20260525,dls,1060,True,0.0005192360004002694,11,0.010461857835921162,0.0,2.5264301514213146,"[-2.9861996,-1.3901617,1.5067863,-1.6369775,-1.9805318,-0.028105968]",converged
19,42,scene_00_no_obstacle,20260525,dls,1061,True,0.000549334999959683,11,0.011400078088838137,0.0,2.524943076971067,"[-2.9886128,-1.3964625,1.5177131,-1.6598016,-1.9638131,-0.0138194]",converged
20,42,scene_00_no_obstacle,20260525,dls,1062,True,0.0005361280018405523,11,0.010016609373709708,0.0,2.527460500490206,"[-2.9963645,-1.3966403,1.5148627,-1.6628872,-1.9189273,0.0068965317]",converged
21,42,scene_00_no_obstacle,20260525,dls,1063,True,0.0005471599979500752,11,0.010497002149517503,0.0,2.519573331890535,"[-2.989676,-1.3877124,1.4975788,-1.6134163,-1.9593152,0.011031236]",converged
22,42,scene_00_no_obstacle,20260525,dls,1064,True,0.0005311599998094607,11,0.00810324346498705,0.0,2.5343501575973293,"[-2.9895538,-1.3855364,1.499409,-1.6341115,-1.9645406,-0.0068136122]",converged
23,42,scene_00_no_obstacle,20260525,dls,1065,True,0.0005345270001271274,11,0.008898598794478772,0.0,2.528477084515034,"[-3.0026413,-1.39582,1.5108466,-1.6595859,-1.8850368,0.024449376]",converged
24,42,scene_00_no_obstacle,20260525,dls,1066,True,0.0006835669992142357,11,0.00804017443029511,0.0,2.526161405493121,"[-2.9970691,-1.3846436,1.4910527,-1.6137386,-1.9195326,-0.040750413]",converged
25,42,scene_00_no_obstacle,20260525,dls,1067,True,0.0005748219991801307,11,0.009898129962043324,0.0,2.5206972596482853,"[-2.9926759,-1.3876537,1.4969485,-1.6160481,-1.9418838,0.0098753058]",converged
26,42,scene_00_no_obstacle,20260525,dls,1068,True,0.0005462180015456397,11,0.011307812212682209,0.0,2.5172454091539795,"[-2.9935878,-1.3939036,1.507216,-1.6335153,-1.9337082,-0.0051260074]",converged
27,42,scene_00_no_obstacle,20260525,dls,1069,True,0.0005268569984764326,11,0.011337027068196488,0.0,2.5140675161449564,"[-2.9916068,-1.3898408,1.4992265,-1.6121113,-1.94556,-0.00046845797]",converged
28,42,scene_00_no_obstacle,20260525,dls,1070,True,0.0005457350016513374,11,0.0072359941937240714,0.0,2.534638513884439,"[-2.9997212,-1.3888863,1.5005757,-1.6446655,-1.9041025,0.017440688]",converged
29,42,scene_00_no_obstacle,20260525,dls,1071,True,0.00053633200150216,11,0.011863223456173156,0.0,2.5105215767548024,"[-2.9939417,-1.3920061,1.5017427,-1.6149589,-1.93019,-0.017393439]",converged
30,42,scene_00_no_obstacle,20260525,dls,1072,True,0.0005957309986115433,11,0.008603738521392021,0.0,2.5294213254344515,"[-2.994602,-1.3887151,1.5011189,-1.6360995,-1.9328171,-0.002881103]",converged
31,42,scene_00_no_obstacle,20260525,dls,1073,True,0.0005559409983106889,11,0.007906472961498578,0.0,2.5279822935374154,"[-2.992815,-1.3817316,1.487717,-1.6058012,-1.9448436,-0.029126078]",converged
32,42,scene_00_no_obstacle,20260525,dls,1074,True,0.0005837759999849368,12,0.005118370984670652,0.0,2.541948941957927,"[-2.9942876,-1.3776614,1.4837106,-1.6149558,-1.9406125,0.00085436044]",converged
33,42,scene_00_no_obstacle,20260525,dls,1075,True,0.0005357879999792203,11,0.00996451789740698,0.0,2.522591264014909,"[-2.9953257,-1.3917357,1.5038703,-1.6342141,-1.9262429,-0.015209091]",converged
34,42,scene_00_no_obstacle,20260525,dls,1076,True,0.0005299740005284548,11,0.011248341496185796,0.0,2.5163632060816044,"[-2.9891105,-1.3890732,1.4994961,-1.613278,-1.9601965,0.0067317323]",converged
35,42,scene_00_no_obstacle,20260525,dls,1077,True,0.0005431760000647046,11,0.007448453935886861,0.0,2.5345429040155776,"[-2.9905994,-1.382528,1.4922787,-1.6207301,-1.9590555,-0.028916913]",converged
36,42,scene_00_no_obstacle,20260525,dls,1078,True,0.0006491159983852413,11,0.009693831907342722,0.0,2.5244348753272985,"[-2.9959299,-1.3921692,1.5055581,-1.6402129,-1.923023,-0.00018461095]",converged
37,42,scene_00_no_obstacle,20260525,dls,1079,True,0.0005735790000471752,12,0.005173290687566033,0.0,2.5465520980101606,"[-2.9954144,-1.3828023,1.4947549,-1.6436863,-1.9334336,0.0091188461]",converged
38,42,scene_00_no_obstacle,20260525,dls,1080,True,0.0005597919989668299,11,0.00904126270117885,0.0,2.52045253340737,"[-3.0000714,-1.3881772,1.4938795,-1.6148293,-1.8998677,-0.030011983]",converged
39,42,scene_00_no_obstacle,20260525,dls,1081,True,0.0005364419994293712,11,0.01166059875706353,0.0,2.5109689547679195,"[-2.9934868,-1.3906394,1.498281,-1.6080974,-1.9336455,-0.017792384]",converged
40,42,scene_00_no_obstacle,20260525,dls,1082,True,0.0005273179995128885,11,0.009799375599550396,0.0,2.526562871227948,"[-2.9879094,-1.3877825,1.501013,-1.6269025,-1.9713805,-0.02786778]",converged
41,42,scene_00_no_obstacle,20260525,dls,1083,True,0.0005589360007434152,11,0.008675783579065502,0.0,2.535272343184236,"[-2.989639,-1.3897172,1.5079578,-1.6526939,-1.9633141,0.0152905]",converged
42,42,scene_00_no_obstacle,20260525,dls,1084,True,0.0005410470002971124,11,0.0075594500204769505,0.0,2.5320111537281313,"[-2.9977505,-1.3871291,1.4972428,-1.6336228,-1.9151709,0.015521379]",converged
43,42,scene_00_no_obstacle,20260525,dls,1085,True,0.0005389599973568693,11,0.011011114506313533,0.0,2.516203374778431,"[-2.9923216,-1.3901835,1.4997481,-1.6162466,-1.9417231,-0.0048451679]",converged
44,42,scene_00_no_obstacle,20260525,dls,1086,True,0.0005184639994695317,11,0.011043367082407692,0.0,2.5134722498353237,"[-2.9950961,-1.3903795,1.4980013,-1.6116127,-1.9255399,0.0301279]",converged
45,42,scene_00_no_obstacle,20260525,dls,1087,True,0.0005659439993905835,12,0.005056049665886359,0.0,2.547006659941897,"[-2.9911419,-1.3788343,1.489606,-1.6301145,-1.9596149,-0.0081046537]",converged
46,42,scene_00_no_obstacle,20260525,dls,1088,True,0.0005209230002947152,11,0.011437201069110038,0.0,2.519191312413794,"[-2.9938571,-1.3962949,1.5116319,-1.6449222,-1.9315713,0.0034060688]",converged
47,42,scene_00_no_obstacle,20260525,dls,1089,True,0.0006842879993200768,11,0.0070517109503142736,0.0,2.537121972019923,"[-3.000838,-1.3906103,1.5042511,-1.6556724,-1.8972776,0.0022457891]",converged
48,42,scene_00_no_obstacle,20260525,dls,1090,True,0.0005269659995974507,11,0.007588098686733754,0.0,2.5345195977475745,"[-2.9890471,-1.3820353,1.4923531,-1.6193818,-1.9685743,0.010242495]",converged
49,42,scene_00_no_obstacle,20260525,dls,1091,True,0.0005323949990270194,11,0.008790661993386907,0.0,2.5289101670153586,"[-2.9960472,-1.3905349,1.5035598,-1.6414888,-1.923851,0.029341078]",converged
0,42,scene_00_no_obstacle,20260525,lm,2042,True,0.0005389810030465014,11,0.010243013948675415,0.0,2.517066427864083,"[-2.9936725,-1.3874562,1.4943889,-1.6072245,-1.9368772,-0.023425936]",converged
1,42,scene_00_no_obstacle,20260525,lm,2043,True,0.0005753639998147264,11,0.008124460482865522,0.0,2.533705856508493,"[-2.9983306,-1.3922781,1.5078038,-1.6570753,-1.912256,-0.051851312]",converged
2,42,scene_00_no_obstacle,20260525,lm,2044,True,0.0005332910004653968,11,0.00817141833800046,0.0,2.530557712304742,"[-2.9959598,-1.3881855,1.4997478,-1.6355302,-1.92637,0.010805043]",converged
3,42,scene_00_no_obstacle,20260525,lm,2045,True,0.0005220470011408906,11,0.008553555663574316,0.0,2.533049057614781,"[-2.9976602,-1.3936679,1.5102301,-1.6607004,-1.9159574,0.015354071]",converged
4,42,scene_00_no_obstacle,20260525,lm,2046,True,0.0007252819996210746,11,0.008125673380319377,0.0,2.5323799504536835,"[-2.9918814,-1.3860567,1.4984951,-1.6319068,-1.9509566,-0.025122442]",converged
5,42,scene_00_no_obstacle,20260525,lm,2047,True,0.0005405180017987732,11,0.010815075776409883,0.0,2.525046043243184,"[-2.9888366,-1.3934576,1.5120949,-1.6484414,-1.9650001,0.0025620929]",converged
6,42,scene_00_no_obstacle,20260525,lm,2048,True,0.0005987139993521851,11,0.009244322823612641,0.0,2.5284431597937873,"[-2.9992291,-1.3952645,1.5113492,-1.6585877,-1.9050495,-0.042198147]",converged
7,42,scene_00_no_obstacle,20260525,lm,2049,True,0.0005345860008674208,11,0.006518070240117664,0.0,2.536338976168643,"[-2.9990442,-1.3854423,1.4944885,-1.6339978,-1.9089267,-0.0076243673]",converged
8,42,scene_00_no_obstacle,20260525,lm,2050,True,0.0005868279986316338,11,0.007156219298164765,0.0,2.5300479886811744,"[-3.0021824,-1.3865114,1.4930029,-1.6256552,-1.8894206,-0.012505806]",converged
9,42,scene_00_no_obstacle,20260525,lm,2051,True,0.0005379260001063813,11,0.010515887944156189,0.0,2.519152458439315,"[-2.9923393,-1.389778,1.5003782,-1.620798,-1.9437115,0.029117575]",converged
10,42,scene_00_no_obstacle,20260525,lm,2052,True,0.0005577529991569463,11,0.008961966433310849,0.0,2.5243301601031276,"[-2.993619,-1.3858546,1.4943072,-1.6154879,-1.9391377,0.0082519441]",converged
11,42,scene_00_no_obstacle,20260525,lm,2053,True,0.0005211260031501297,11,0.008752178946540965,0.0,2.5193605258077345,"[-2.9939162,-1.3804335,1.4822103,-1.5854138,-1.938016,0.0013767047]",converged
12,42,scene_00_no_obstacle,20260525,lm,2054,True,0.0005338070004654583,11,0.009329144477676595,0.0,2.530130176672281,"[-2.9934664,-1.3926179,1.5096084,-1.6530068,-1.9402563,-0.027812306]",converged
13,42,scene_00_no_obstacle,20260525,lm,2055,True,0.0005679099995177239,12,0.005775777792244097,0.0,2.5394997454883352,"[-2.9965634,-1.3816608,1.4899985,-1.6266497,-1.9264178,0.01139769]",converged
14,42,scene_00_no_obstacle,20260525,lm,2056,True,0.0005299570002534892,11,0.008288432090562367,0.0,2.532186306701357,"[-2.9998105,-1.3931545,1.5081327,-1.6568199,-1.9037291,-0.0015005326]",converged
15,42,scene_00_no_obstacle,20260525,lm,2057,True,0.0005580979996011592,11,0.01091446166970432,0.0,2.5214503333492115,"[-2.9942511,-1.3954357,1.5106551,-1.6456315,-1.9321258,-0.010144132]",converged
16,42,scene_00_no_obstacle,20260525,lm,2058,True,0.0005624229997920338,12,0.00510633865135473,0.0,2.5454238952678816,"[-2.9949826,-1.3810898,1.4910407,-1.6344033,-1.9367669,-0.0607192]",converged
17,42,scene_00_no_obstacle,20260525,lm,2059,True,0.0005482499982463196,11,0.009870724018789934,0.0,2.524526754060433,"[-2.9927351,-1.3907264,1.5042308,-1.6351153,-1.9429092,0.011957757]",converged
18,42,scene_00_no_obstacle,20260525,lm,2060,True,0.0005768439987150487,12,0.005330305924215134,0.0,2.541575016788859,"[-2.9949934,-1.3793015,1.4865803,-1.6208589,-1.9366606,0.016563804]",converged
19,42,scene_00_no_obstacle,20260525,lm,2061,True,0.0005442920009954832,11,0.008445099842838328,0.0,2.5249153230523804,"[-2.9951574,-1.3845026,1.4912792,-1.6111173,-1.9317662,-0.0053461822]",converged
20,42,scene_00_no_obstacle,20260525,lm,2062,True,0.0006569520010089036,11,0.009845414012256398,0.0,2.521726342343298,"[-3.0019133,-1.3954253,1.5082351,-1.6460937,-1.8874537,0.03444072]",converged
21,42,scene_00_no_obstacle,20260525,lm,2063,True,0.0005408559991337825,11,0.011815067669753002,0.0,2.5163390731186928,"[-2.9912031,-1.3942648,1.5090147,-1.634129,-1.9479516,-0.022585385]",converged
22,42,scene_00_no_obstacle,20260525,lm,2064,True,0.0005471049989864696,11,0.009247126399762766,0.0,2.527104109399515,"[-3.0003695,-1.3950938,1.5099902,-1.6549654,-1.898341,-0.039181294]",converged
23,42,scene_00_no_obstacle,20260525,lm,2065,True,0.0006509070008178242,11,0.00942807439514673,0.0,2.519356605523938,"[-2.9954832,-1.3859601,1.4916021,-1.6056587,-1.9274907,-0.0038545163]",converged
24,42,scene_00_no_obstacle,20260525,lm,2066,True,0.0005272320013318677,11,0.009575083631159801,0.0,2.5222257013374034,"[-2.9982582,-1.3915257,1.5023057,-1.6325223,-1.9106023,0.018893961]",converged
25,42,scene_00_no_obstacle,20260525,lm,2067,True,0.0006707700013066642,11,0.011020312786811289,0.0,2.5144933692444913,"[-2.9930267,-1.3894886,1.4981275,-1.6114967,-1.9378391,-0.0079373576]",converged
26,42,scene_00_no_obstacle,20260525,lm,2068,True,0.0005497539968928322,11,0.009334044884506863,0.0,2.5269171374758668,"[-2.9925796,-1.3893617,1.5024424,-1.6341165,-1.9449917,-0.026378146]",converged
27,42,scene_00_no_obstacle,20260525,lm,2069,True,0.000565768001251854,11,0.007946944327137093,0.0,2.5330315963164285,"[-2.9979453,-1.3904351,1.5041565,-1.6486899,-1.9148888,-0.017151944]",converged
28,42,scene_00_no_obstacle,20260525,lm,2070,True,0.0005465809990710113,11,0.00902563745217717,0.0,2.5248589130956574,"[-2.9928592,-1.3860659,1.4953501,-1.6175439,-1.9439828,-0.024724957]",converged
29,42,scene_00_no_obstacle,20260525,lm,2071,True,0.0005373460007831454,11,0.008696615123658293,0.0,2.5275835719485107,"[-2.9972308,-1.3899192,1.5016908,-1.6368543,-1.9181792,-0.0024469216]",converged
30,42,scene_00_no_obstacle,20260525,lm,2072,True,0.0005382810013543349,11,0.008181183919865883,0.0,2.53201444855579,"[-2.9964873,-1.3898055,1.5029118,-1.6439852,-1.9232388,-0.02124013]",converged
31,42,scene_00_no_obstacle,20260525,lm,2073,True,0.0005489860013767611,11,0.010835964056606305,0.0,2.518206548853839,"[-2.993005,-1.3915196,1.5036355,-1.626834,-1.9390449,-0.045866122]",converged
32,42,scene_00_no_obstacle,20260525,lm,2074,True,0.0005503259999386501,11,0.010725988071100118,0.0,2.5176733654776013,"[-2.9973916,-1.3937962,1.504949,-1.6320607,-1.9125658,-0.022151867]",converged
33,42,scene_00_no_obstacle,20260525,lm,2075,True,0.0005454199999803677,11,0.009407723905792366,0.0,2.518677470955019,"[-2.9969803,-1.3864704,1.4916151,-1.6060222,-1.9184658,0.064506646]",converged
34,42,scene_00_no_obstacle,20260525,lm,2076,True,0.0005394910003815312,11,0.008736714666587417,0.0,2.5239360958803085,"[-2.9939753,-1.384478,1.4916694,-1.6099736,-1.9373985,-0.015568603]",converged
35,42,scene_00_no_obstacle,20260525,lm,2077,True,0.0009982650008169003,11,0.008044285549538002,0.0,2.5254935949619837,"[-2.9984433,-1.3852106,1.4910911,-1.6138614,-1.9125489,0.029206032]",converged
36,42,scene_00_no_obstacle,20260525,lm,2078,True,0.00059818199952133,12,0.005731430188926688,0.0,2.5399192115305778,"[-2.9940967,-1.3796243,1.4872263,-1.6194813,-1.9417916,-0.010267794]",converged
37,42,scene_00_no_obstacle,20260525,lm,2079,True,0.000546169001609087,11,0.009949295240461115,0.0,2.5278932284077693,"[-2.992002,-1.3932179,1.5103828,-1.650912,-1.9473454,0.013910288]",converged
38,42,scene_00_no_obstacle,20260525,lm,2080,True,0.0005475429970829282,11,0.007787004644372172,0.0,2.531492200828158,"[-2.998074,-1.3883248,1.4991591,-1.63698,-1.9138446,-0.031003242]",converged
39,42,scene_00_no_obstacle,20260525,lm,2081,True,0.0006698569995933212,11,0.010720039906766274,0.0,2.5183107021587468,"[-2.991955,-1.3900249,1.5010519,-1.6208719,-1.9456721,-0.037001088]",converged
40,42,scene_00_no_obstacle,20260525,lm,2082,True,0.0005394129984779283,11,0.00810306342503737,0.0,2.5264555625253227,"[-3.0024249,-1.3894438,1.4977231,-1.6309552,-1.8873454,0.0046119391]",converged
41,42,scene_00_no_obstacle,20260525,lm,2083,True,0.0005667549994541332,11,0.008563869339129645,0.0,2.5363223252347273,"[-2.9946954,-1.3939882,1.514297,-1.6707129,-1.933786,0.01000333]",converged
42,42,scene_00_no_obstacle,20260525,lm,2084,True,0.0005577060001087375,11,0.007835867799819724,0.0,2.5232084077610253,"[-2.9973557,-1.3809405,1.482399,-1.5930343,-1.918383,0.0088541622]",converged
43,42,scene_00_no_obstacle,20260525,lm,2085,True,0.0005395999978645705,11,0.007715305562465434,0.0,2.534098330193743,"[-2.9973967,-1.3894762,1.5028901,-1.6471587,-1.9173218,0.018755943]",converged
44,42,scene_00_no_obstacle,20260525,lm,2086,True,0.0005644289994961582,11,0.008111354654545655,0.0,2.53317495169809,"[-2.9968367,-1.3906515,1.5052988,-1.6503823,-1.9214576,0.028083306]",converged
45,42,scene_00_no_obstacle,20260525,lm,2087,True,0.0011174269966431893,11,0.008438956253502097,0.0,2.528268842461697,"[-2.9962702,-1.3881993,1.4991523,-1.631853,-1.9243922,0.0043534664]",converged
46,42,scene_00_no_obstacle,20260525,lm,2088,True,0.000725609999790322,11,0.01048348367770073,0.0,2.5188469839633623,"[-2.9936624,-1.390405,1.5006979,-1.6220861,-1.9361784,0.024438051]",converged
47,42,scene_00_no_obstacle,20260525,lm,2089,True,0.000553607998881489,11,0.011620286402011792,0.0,2.5165373200384624,"[-2.9858639,-1.3887606,1.5010748,-1.6132106,-1.9820736,0.0025127713]",converged
48,42,scene_00_no_obstacle,20260525,lm,2090,True,0.0005601459997706115,11,0.007858904204455877,0.0,2.532378888760776,"[-2.9963983,-1.3881264,1.4998659,-1.6383131,-1.9233892,0.0089878204]",converged
49,42,scene_00_no_obstacle,20260525,lm,2091,True,0.0005617379974864889,11,0.011486937940491994,0.0,2.516792417154932,"[-2.9964188,-1.3968715,1.5120387,-1.6445337,-1.9176746,0.030095615]",converged
0,42,scene_00_no_obstacle,20260525,scipy_baseline,3042,True,0.005236941000475781,24,7.282944177250384e-10,0.0,2.571921386720043,"[-2.9318946,-1.2386073,1.2690905,-1.0136656,-2.3808672,-4.5125053]",`gtol` termination condition is satisfied.
1,42,scene_00_no_obstacle,20260525,scipy_baseline,3043,True,0.006188102997839451,26,3.3932824765154342e-09,0.0,3.6819423030893597,"[-2.8941955,-0.84614547,1.1275594,1.6607473,-2.7982991,-1.5638412]",`gtol` termination condition is satisfied.
2,42,scene_00_no_obstacle,20260525,scipy_baseline,3044,True,0.006019317999744089,32,7.733452828879467e-09,0.0,2.562364217151951,"[-2.8866532,-1.2538907,1.3608537,-0.8544967,-2.9693704,4.0126585]",`gtol` termination condition is satisfied.
3,42,scene_00_no_obstacle,20260525,scipy_baseline,3045,True,0.006873960999655537,31,2.9576117481343436e-09,0.0,2.7759161561760353,"[-3.1908593,-1.456538,1.7592183,-1.0366241,0.75441434,-4.5439554]",`gtol` termination condition is satisfied.
4,42,scene_00_no_obstacle,20260525,scipy_baseline,3046,True,0.005822021998028504,27,4.287426160112065e-11,0.0,4.769638572131929,"[-3.1163158,-0.82607917,0.76921352,1.9531794,1.2446266,0.0067107604]",`gtol` termination condition is satisfied.
5,42,scene_00_no_obstacle,20260525,scipy_baseline,3047,True,0.005869889002497075,30,2.559539665414002e-15,0.0,2.5744810826555558,"[-3.1614447,-1.3099509,1.3410294,0.30306211,0.96572062,-1.1418083]",`gtol` termination condition is satisfied.
6,42,scene_00_no_obstacle,20260525,scipy_baseline,3048,True,0.007438935997925,37,2.5901515550476487e-10,0.0,3.2088119778961395,"[-3.236832,-0.96134533,1.3095059,2.0949341,0.22466938,-0.77787534]",`gtol` termination condition is satisfied.
7,42,scene_00_no_obstacle,20260525,scipy_baseline,3049,True,0.007511018997320207,37,1.3288134094920002e-09,0.0,3.5849822007893737,"[-3.2173774,-0.93350924,1.2863182,1.4512725,-0.51305172,-1.0539486]",`gtol` termination condition is satisfied.
8,42,scene_00_no_obstacle,20260525,scipy_baseline,3050,True,0.006894414000271354,28,5.459269892222416e-09,0.0,2.516327215448341,"[-3.1225509,0.34484617,-1.26653,-2.1251522,-5.0752502,5.0086322]",`xtol` termination condition is satisfied.
9,42,scene_00_no_obstacle,20260525,scipy_baseline,3051,True,0.008765610000409652,34,9.71508585791287e-15,0.0,2.6509325657494993,"[-2.930547,-1.3535936,1.5240447,-1.7068392,-2.3921832,0.10859437]",`gtol` termination condition is satisfied.
10,42,scene_00_no_obstacle,20260525,scipy_baseline,3052,True,0.0069287440019252244,35,1.9205655529939074e-09,0.0,2.5272164343513173,"[-2.8842969,-1.231258,1.3197654,-0.51379151,-3.1902244,-2.5727801]",`gtol` termination condition is satisfied.
11,42,scene_00_no_obstacle,20260525,scipy_baseline,3053,True,0.005713171001843875,25,9.310923265926903e-11,0.0,2.492324541077741,"[-3.0028963,-1.3255234,1.3755481,0.13421714,-4.389116,3.9372375]",`gtol` termination condition is satisfied.
12,42,scene_00_no_obstacle,20260525,scipy_baseline,3054,True,0.015890834001766052,29,7.069683895960478e-12,0.0,2.8038114577128463,"[0.39419433,-3.5473698,1.7240486,-1.8258248,-3.615927,-3.9331007]",`gtol` termination condition is satisfied.
13,42,scene_00_no_obstacle,20260525,scipy_baseline,3055,True,0.006077680998714641,26,3.5020001244931497e-10,0.0,3.0095598630603706,"[-3.1563094,-0.96266542,1.4922387,-3.2336839,0.99947484,4.2800722]",`gtol` termination condition is satisfied.
14,42,scene_00_no_obstacle,20260525,scipy_baseline,3056,True,0.007199802999821259,34,1.660963854543963e-11,0.0,2.6714589416453127,"[-3.190433,-1.4346229,1.6189062,-0.51528645,0.75777228,-0.2870028]",`gtol` termination condition is satisfied.
15,42,scene_00_no_obstacle,20260525,scipy_baseline,3057,True,0.0071870350002427585,33,7.352297090472979e-09,0.0,3.9812585259634092,"[-3.2381918,-0.95302664,1.1330493,1.2117565,-0.18960964,-1.2991064]",`gtol` termination condition is satisfied.
16,42,scene_00_no_obstacle,20260525,scipy_baseline,3058,True,0.006915006000781432,28,4.1628454827594725e-09,0.0,2.622087984066791,"[-3.1912587,-1.4012775,1.5318782,-0.2537528,0.75125707,5.383988]",`gtol` termination condition is satisfied.
17,42,scene_00_no_obstacle,20260525,scipy_baseline,3059,True,0.006012118999933591,32,3.1034599606533426e-09,0.0,2.5617301178494296,"[-3.2053556,-1.369442,1.4757507,-1.2094344,-0.63207947,-0.48733766]",`gtol` termination condition is satisfied.
18,42,scene_00_no_obstacle,20260525,scipy_baseline,3060,True,0.005717158997867955,30,3.822152164054823e-09,0.0,2.8324573341593555,"[-3.1775628,-1.3584959,1.8742037,-1.8936476,0.85445614,-3.9187481]",`xtol` termination condition is satisfied.
19,42,scene_00_no_obstacle,20260525,scipy_baseline,3061,True,0.005525887998373946,28,3.3254292529501896e-09,0.0,3.091418176399306,"[-2.9601334,-0.91834883,1.4161994,1.7273924,-2.1677326,0.42427426]",`gtol` termination condition is satisfied.
20,42,scene_00_no_obstacle,20260525,scipy_baseline,3062,True,0.006188179999298882,31,6.520437582517139e-09,0.0,2.723009211157464,"[-3.1726595,-1.4565714,1.690838,-0.70207615,0.88927962,-3.5952394]",`gtol` termination condition is satisfied.
21,42,scene_00_no_obstacle,20260525,scipy_baseline,3063,True,0.006863209997391095,36,9.581488715420086e-10,0.0,2.600621542912758,"[-2.8850959,-1.3063354,1.4979129,-1.0334686,-3.249334,0.40960346]",`gtol` termination condition is satisfied.
22,42,scene_00_no_obstacle,20260525,scipy_baseline,3064,True,0.004734235000796616,23,2.321668721467349e-09,0.0,3.086868483742208,"[-3.2413837,-1.1098803,1.1550236,0.53788767,0.045049954,1.5975496]",`gtol` termination condition is satisfied.
23,42,scene_00_no_obstacle,20260525,scipy_baseline,3065,True,0.0061283260001800954,32,6.896727483216144e-09,0.0,2.74464396540432,"[-2.8939594,-1.1054006,1.0991383,0.37856209,-3.4808145,-1.0945064]",`gtol` termination condition is satisfied.
24,42,scene_00_no_obstacle,20260525,scipy_baseline,3066,True,0.006915218000358436,34,2.0084830863516107e-09,0.0,2.52592762442436,"[-2.8857702,-1.2156072,1.2878484,-0.32942836,-3.2809416,2.3476697]",`gtol` termination condition is satisfied.
25,42,scene_00_no_obstacle,20260525,scipy_baseline,3067,True,0.006953930998861324,33,9.532187163383304e-10,0.0,3.6620899280036383,"[-3.2404634,-1.0118174,1.0936169,0.84605032,-0.10856255,0.15712485]",`gtol` termination condition is satisfied.
26,42,scene_00_no_obstacle,20260525,scipy_baseline,3068,True,0.009290244997828268,42,2.2929340566747085e-09,0.0,3.6710650667911118,"[-3.2406065,-0.95247811,1.1858708,1.6522447,0.10132644,-5.8638832]",`gtol` termination condition is satisfied.
27,42,scene_00_no_obstacle,20260525,scipy_baseline,3069,True,0.006266984997637337,30,6.497376112480797e-09,0.0,2.825676986187378,"[-3.1639196,-1.2714092,1.8584444,-2.2272166,0.94919317,-4.3417563]",`gtol` termination condition is satisfied.
28,42,scene_00_no_obstacle,20260525,scipy_baseline,3070,True,0.004237780001858482,18,7.982061002773992e-10,0.0,2.690068320693586,"[-5.7512576,2.9234721,1.0434582,-5.3660495,1.6726921,-2.7474876]",`gtol` termination condition is satisfied.
29,42,scene_00_no_obstacle,20260525,scipy_baseline,3071,True,0.008563880001020152,40,4.4654519743875285e-09,0.0,3.1224800994347923,"[-3.1916195,-0.99134325,1.5124969,1.7520667,-0.7483968,-0.67035671]",`gtol` termination condition is satisfied.
30,42,scene_00_no_obstacle,20260525,scipy_baseline,3072,True,0.005866543000593083,31,2.1118648873251192e-10,0.0,2.62946544592969,"[-3.2130412,-1.4024277,1.5536404,-0.41218652,0.55852036,-0.00084210899]",`gtol` termination condition is satisfied.
31,42,scene_00_no_obstacle,20260525,scipy_baseline,3073,True,0.004995242001314182,22,1.977698813551383e-09,0.0,2.6797680774062393,"[-3.2347046,-1.4166297,1.6207866,4.9071485,6.012466,0.038584752]",`gtol` termination condition is satisfied.
32,42,scene_00_no_obstacle,20260525,scipy_baseline,3074,True,0.006266876000154298,32,1.2160272660070218e-09,0.0,3.1503818666668164,"[-3.2326262,-0.9981247,1.4497501,1.877793,-0.30932278,-0.33648554]",`gtol` termination condition is satisfied.
33,42,scene_00_no_obstacle,20260525,scipy_baseline,3075,True,0.010557055000390392,42,1.7141712236060636e-11,0.0,2.5580769784930806,"[-2.9513637,-1.2809757,1.3279164,-1.2156544,-2.2299278,-4.5631337]",`gtol` termination condition is satisfied.
34,42,scene_00_no_obstacle,20260525,scipy_baseline,3076,True,0.005339133000234142,25,5.163389514356124e-10,0.0,3.5767872801803744,"[-3.2099529,-1.0080179,1.0157294,1.3026441,0.58902151,-0.19743902]",`gtol` termination condition is satisfied.
35,42,scene_00_no_obstacle,20260525,scipy_baseline,3077,True,0.005952159001026303,28,1.1816856702121693e-12,0.0,3.764000854706579,"[-3.2219081,-0.92409813,1.0814402,1.8253294,0.46133725,-0.027118569]",`gtol` termination condition is satisfied.
36,42,scene_00_no_obstacle,20260525,scipy_baseline,3078,True,0.006968542998947669,34,8.340548625203398e-14,0.0,3.0415271080188706,"[-3.2216254,-0.96264987,1.3773143,-3.8014655,0.46471687,3.7729834]",`gtol` termination condition is satisfied.
37,42,scene_00_no_obstacle,20260525,scipy_baseline,3079,True,0.0057887789989763405,29,5.992825512743241e-12,0.0,2.5011121848560367,"[-2.9432929,-1.3213902,1.419351,-0.14300525,-3.9931805,3.2061186]",`gtol` termination condition is satisfied.
38,42,scene_00_no_obstacle,20260525,scipy_baseline,3080,True,0.006013896996591939,31,2.586182262716393e-14,0.0,2.8523464941777545,"[-2.8904151,-1.0722295,1.0575995,0.44809291,-3.4126836,-1.0603629]",`gtol` termination condition is satisfied.
39,42,scene_00_no_obstacle,20260525,scipy_baseline,3081,True,0.006123535000369884,30,3.885923036103295e-09,0.0,2.847201880106231,"[-3.1225565,-1.1380436,1.7720608,-2.5760207,1.2079024,-4.3751727]",`gtol` termination condition is satisfied.
40,42,scene_00_no_obstacle,20260525,scipy_baseline,3082,True,0.008423219001997495,42,1.3478291233042593e-09,0.0,2.7490193436698593,"[-2.9402646,-1.3734157,1.7297831,-2.5380368,-2.3133831,-4.5885539]",`gtol` termination condition is satisfied.
41,42,scene_00_no_obstacle,20260525,scipy_baseline,3083,True,0.00683176500024274,32,2.9047826179085277e-09,0.0,4.398027276392604,"[-3.1744397,-0.8599579,0.92593787,-5.5867357,-0.87674671,0.46243726]",`gtol` termination condition is satisfied.
42,42,scene_00_no_obstacle,20260525,scipy_baseline,3084,True,0.0044766120008716825,23,1.0835023101712079e-11,0.0,2.7392631966063883,"[-2.8913327,-1.1052361,1.1024067,0.33296942,-3.4318148,-0.27316054]",`gtol` termination condition is satisfied.
43,42,scene_00_no_obstacle,20260525,scipy_baseline,3085,True,0.005675863001670223,29,4.1996340324191654e-11,0.0,2.542819255820467,"[-2.9735813,-1.3008092,1.3471054,-1.2971325,-2.0772356,-4.3967977]",`gtol` termination condition is satisfied.
44,42,scene_00_no_obstacle,20260525,scipy_baseline,3086,True,0.0058348019992990885,28,1.978005417082301e-09,0.0,2.629794949599137,"[-2.9453461,-1.3893181,1.6451251,-0.83601996,-4.0087568,-3.1061896]",`gtol` termination condition is satisfied.
45,42,scene_00_no_obstacle,20260525,scipy_baseline,3087,True,0.006131906997325132,31,1.8577164854825654e-09,0.0,2.573435576523738,"[-2.9768717,-1.3935155,1.5651936,-0.42739976,-4.2273553,4.0387326]",`gtol` termination condition is satisfied.
46,42,scene_00_no_obstacle,20260525,scipy_baseline,3088,True,0.00741609599936055,37,1.580420365115403e-11,0.0,3.4670261454752436,"[-3.2326711,-0.95770321,1.316073,1.6122549,-0.30853826,-2.5034673]",`gtol` termination condition is satisfied.
47,42,scene_00_no_obstacle,20260525,scipy_baseline,3089,True,0.011174987997947028,32,1.9312107823049165e-08,0.0,3.0279548708318216,"[-5.636105,-3.2353065,1.6210507,1.8755169,-1.0008321,-5.6905981]",`xtol` termination condition is satisfied.
48,42,scene_00_no_obstacle,20260525,scipy_baseline,3090,True,0.0053012529970146716,28,3.135992951026825e-09,0.0,4.199902300012453,"[-2.9005419,-0.86265608,0.82852191,0.62667886,-2.7022223,0.3679351]",`xtol` termination condition is satisfied.
49,42,scene_00_no_obstacle,20260525,scipy_baseline,3091,True,0.005875868002476636,25,1.2105447810898378e-09,0.0,2.787813024660304,"[-3.1913069,-1.4547036,1.7751898,-1.1127566,-5.53231,3.6084192]",`gtol` termination condition is satisfied.
0,42,scene_01_single_box,20260526,pinv,10042,True,0.0009903940008371137,10,0.008549946630436678,0.0,2.2483345761000493,"[-2.894837,-1.4964435,1.6422069,-1.5397138,-1.9096948,0.044864035]",converged
1,42,scene_01_single_box,20260526,pinv,10043,True,0.0013838039994880091,10,0.007371708443817391,0.0,2.2523912957112127,"[-2.8981134,-1.4958942,1.6416323,-1.5452242,-1.8968921,0.0044382168]",converged
2,42,scene_01_single_box,20260526,pinv,10044,True,0.0011125019991595764,10,0.0085707231844681,0.0,2.243157377530484,"[-2.8904885,-1.490817,1.6335932,-1.5158863,-1.9334177,0.01398603]",converged
3,42,scene_01_single_box,20260526,pinv,10045,True,0.000829100998089416,10,0.009082423623345513,0.0,2.2401123577460487,"[-2.8929888,-1.4919973,1.6336216,-1.5128635,-1.9190353,-0.016272463]",converged
4,42,scene_01_single_box,20260526,pinv,10046,True,0.000907797999389004,10,0.007645433797202193,0.0,2.2590372103355425,"[-2.8907665,-1.4983301,1.6505052,-1.567159,-1.9342772,-0.013153726]",converged
5,42,scene_01_single_box,20260526,pinv,10047,True,0.0017272100012633018,10,0.009740168979756764,0.0,2.2507656040400166,"[-2.8957457,-1.5035658,1.6519747,-1.5599658,-1.9023901,0.0048050483]",converged
6,42,scene_01_single_box,20260526,pinv,10048,True,0.0007031620007182937,10,0.009690852955967133,0.0,2.2500754142449293,"[-2.8916398,-1.5012221,1.6516425,-1.5571732,-1.9246664,0.0025615418]",converged
7,42,scene_01_single_box,20260526,pinv,10049,True,0.0008586449985159561,10,0.00848543261432343,0.0,2.24661296976941,"[-2.893112,-1.4941858,1.639483,-1.5320346,-1.9192364,-0.01915611]",converged
8,42,scene_01_single_box,20260526,pinv,10050,True,0.0007023609978205059,10,0.008891578552295247,0.0,2.2562552066088224,"[-2.8925467,-1.5024191,1.6547967,-1.5714715,-1.9210771,0.00026918939]",converged
9,42,scene_01_single_box,20260526,pinv,10051,True,0.000700403001246741,10,0.009454829135384315,0.0,2.247085985994286,"[-2.892273,-1.4984323,1.6456188,-1.5428491,-1.9223788,-0.016451745]",converged
10,42,scene_01_single_box,20260526,pinv,10052,True,0.0008392070012632757,10,0.007472752770376454,0.0,2.2558922502981384,"[-2.8954291,-1.4975892,1.6466676,-1.5578903,-1.9104486,-0.011534187]",converged
11,42,scene_01_single_box,20260526,pinv,10053,True,0.0007039230004011188,10,0.007208157008092722,0.0,2.255582994523287,"[-2.8961238,-1.4964633,1.6443533,-1.5537506,-1.9066387,0.0081817196]",converged
12,42,scene_01_single_box,20260526,pinv,10054,True,0.0007004220024100505,10,0.008377882156340397,0.0,2.2577458479919965,"[-2.8887541,-1.4996258,1.6530471,-1.5689759,-1.9432727,-0.0045957089]",converged
13,42,scene_01_single_box,20260526,pinv,10055,True,0.000768925001466414,10,0.006765215307454544,0.0,2.2609529549203415,"[-2.8965334,-1.4986138,1.6489066,-1.5689782,-1.9068081,0.021471079]",converged
14,42,scene_01_single_box,20260526,pinv,10056,True,0.00069071700272616,10,0.007716682800945063,0.0,2.2575481637146653,"[-2.8920212,-1.4981724,1.64954,-1.5639695,-1.9272324,0.012401008]",converged
15,42,scene_01_single_box,20260526,pinv,10057,True,0.0007018299984338228,10,0.007292434801175933,0.0,2.26054090312486,"[-2.894522,-1.4996441,1.6518262,-1.5728586,-1.915799,0.007599996]",converged
16,42,scene_01_single_box,20260526,pinv,10058,True,0.0007188359995780047,10,0.010611717573637469,0.0,2.2450570032293755,"[-2.8892323,-1.5005623,1.6506231,-1.5475968,-1.9353476,-0.010128897]",converged
17,42,scene_01_single_box,20260526,pinv,10059,True,0.0006964889980736189,10,0.00866803018481827,0.0,2.25328609252361,"[-2.900915,-1.502937,1.6517118,-1.564408,-1.8769029,0.011235962]",converged
18,42,scene_01_single_box,20260526,pinv,10060,True,0.0007628830026078504,10,0.009657320056065191,0.0,2.2551113318894225,"[-2.8843967,-1.5011812,1.6565956,-1.5695592,-1.963396,-0.0097395645]",converged
19,42,scene_01_single_box,20260526,pinv,10061,True,0.0007592719994136132,10,0.009289274918902553,0.0,2.25990867679036,"[-2.8910151,-1.5058024,1.6629045,-1.590002,-1.9279463,-0.046490999]",converged
20,42,scene_01_single_box,20260526,pinv,10062,True,0.0007406219992844854,10,0.009433384481033305,0.0,2.248805081196598,"[-2.895939,-1.5009955,1.6482719,-1.5510894,-1.9015642,-0.02269452]",converged
21,42,scene_01_single_box,20260526,pinv,10063,True,0.0008832250023260713,10,0.005831133157671261,0.0,2.2617412213841397,"[-2.8978073,-1.4957608,1.6446114,-1.5630774,-1.9022233,0.01996132]",converged
22,42,scene_01_single_box,20260526,pinv,10064,True,0.0009590549998392817,10,0.006523489908699393,0.0,2.260193091545905,"[-2.8990469,-1.4981045,1.6476101,-1.5665117,-1.8934075,0.026294118]",converged
23,42,scene_01_single_box,20260526,pinv,10065,True,0.0007856629999878351,10,0.008497456687112898,0.0,2.2471273704517527,"[-2.8905136,-1.4935341,1.6395616,-1.5316907,-1.9341332,0.00099990693]",converged
24,42,scene_01_single_box,20260526,pinv,10066,True,0.0007084970020514447,10,0.007586432747430604,0.0,2.257963638333507,"[-2.8935952,-1.498611,1.6496373,-1.5652877,-1.9191172,-0.0096674239]",converged
25,42,scene_01_single_box,20260526,pinv,10067,True,0.0007044650010357145,10,0.010486724957219636,0.0,2.239707892250396,"[-2.8904912,-1.4966417,1.6404877,-1.5231914,-1.9285386,0.026844716]",converged
26,42,scene_01_single_box,20260526,pinv,10068,True,0.0006946320027054753,10,0.009513134615741364,0.0,2.2514781582388292,"[-2.893512,-1.5022344,1.6521415,-1.5605886,-1.9150382,0.034543368]",converged
27,42,scene_01_single_box,20260526,pinv,10069,True,0.0007254379997903015,10,0.008784150056153147,0.0,2.2469431947969927,"[-2.8875997,-1.4930549,1.6393933,-1.5299532,-1.9471071,0.022673043]",converged
28,42,scene_01_single_box,20260526,pinv,10070,True,0.0007030239976302255,10,0.00883730202310151,0.0,2.2497102979919923,"[-2.8902459,-1.4967671,1.6448805,-1.5442995,-1.9351954,0.010176257]",converged
29,42,scene_01_single_box,20260526,pinv,10071,True,0.0009837270008574706,10,0.008448493076171692,0.0,2.2500349485351148,"[-2.8882137,-1.494237,1.6420198,-1.5389409,-1.9457993,0.023931223]",converged
30,42,scene_01_single_box,20260526,pinv,10072,True,0.0007311030021810438,10,0.009610845246082076,0.0,2.2538488135565324,"[-2.8942104,-1.5045296,1.6563595,-1.5713413,-1.9106539,0.017702122]",converged
31,42,scene_01_single_box,20260526,pinv,10073,True,0.0007103700008883607,10,0.008341383641566185,0.0,2.244067621899701,"[-2.8936997,-1.492024,1.6342501,-1.5195689,-1.9175503,0.011450743]",converged
32,42,scene_01_single_box,20260526,pinv,10074,True,0.00095549500110792,10,0.007800345392573298,0.0,2.261822704377016,"[-2.8958195,-1.5031723,1.656326,-1.582717,-1.9075897,0.041317615]",converged
33,42,scene_01_single_box,20260526,pinv,10075,True,0.0007489599993277807,10,0.009181842183380163,0.0,2.2537246223791323,"[-2.8881859,-1.4998807,1.6524706,-1.5623527,-1.9430073,0.0028261323]",converged
34,42,scene_01_single_box,20260526,pinv,10076,True,0.0007160969980759546,10,0.008264268756944419,0.0,2.250793772071667,"[-2.892564,-1.4960045,1.6433676,-1.5442277,-1.9229045,-0.0033626309]",converged
35,42,scene_01_single_box,20260526,pinv,10077,True,0.000692588000674732,10,0.00847282195656939,0.0,2.2498396986144287,"[-2.8914674,-1.495897,1.6436581,-1.5428648,-1.9298365,-0.00081091171]",converged
36,42,scene_01_single_box,20260526,pinv,10078,True,0.000894181001058314,10,0.009684074582555994,0.0,2.251958632695833,"[-2.89097,-1.50207,1.6539845,-1.563656,-1.9270472,-1.4723163e-05]",converged
37,42,scene_01_single_box,20260526,pinv,10079,True,0.0007221100022434257,10,0.008443440675563605,0.0,2.2540960597660997,"[-2.8877727,-1.4968983,1.6479153,-1.554599,-1.9481807,-0.010592933]",converged
38,42,scene_01_single_box,20260526,pinv,10080,True,0.0007284060011443216,10,0.006686562153900882,0.0,2.2548628553597,"[-2.8998363,-1.4955409,1.6408604,-1.5476959,-1.8904264,0.012985955]",converged
39,42,scene_01_single_box,20260526,pinv,10081,True,0.0007127410026441794,10,0.006308736249955854,0.0,2.2532559220361077,"[-2.8985787,-1.4921886,1.6357841,-1.5364075,-1.8978383,0.0061630499]",converged
40,42,scene_01_single_box,20260526,pinv,10082,True,0.0006913110009918455,10,0.007119495853483135,0.0,2.2583457122087003,"[-2.8967897,-1.4984038,1.6477516,-1.5635164,-1.9042908,-0.031092438]",converged
41,42,scene_01_single_box,20260526,pinv,10083,True,0.0006994390023464803,10,0.008171032336462703,0.0,2.259766950321932,"[-2.8914945,-1.5013866,1.6549631,-1.5761576,-1.929227,0.0051943967]",converged
42,42,scene_01_single_box,20260526,pinv,10084,True,0.000682260997564299,10,0.0069683929213674445,0.0,2.2553042555220433,"[-2.893582,-1.4942533,1.6420951,-1.5484511,-1.9222319,0.023279028]",converged
43,42,scene_01_single_box,20260526,pinv,10085,True,0.0011150539976370055,10,0.010763099331777859,0.0,2.249078628435958,"[-2.88902,-1.5037947,1.6555798,-1.5616068,-1.9352786,0.0055084337]",converged
44,42,scene_01_single_box,20260526,pinv,10086,True,0.0013580380000348669,10,0.007663524541975391,0.0,2.2592557072357877,"[-2.8944951,-1.5003299,1.6519316,-1.571219,-1.9152812,0.02333478]",converged
45,42,scene_01_single_box,20260526,pinv,10087,True,0.0007137530010368209,10,0.00674102253731265,0.0,2.260932461615499,"[-2.8945845,-1.4976597,1.6484492,-1.5675174,-1.9174288,0.0062053713]",converged
46,42,scene_01_single_box,20260526,pinv,10088,True,0.0007011179986875504,10,0.009283368886218741,0.0,2.2515586781030144,"[-2.8904056,-1.4999281,1.6507613,-1.557254,-1.9318297,0.024960835]",converged
47,42,scene_01_single_box,20260526,pinv,10089,True,0.0007151530007831752,10,0.007845692230468123,0.0,2.252808089902099,"[-2.8980068,-1.4980184,1.6445437,-1.5508093,-1.8950204,0.028043296]",converged
48,42,scene_01_single_box,20260526,pinv,10090,True,0.0006774029970983975,10,0.008257779202314816,0.0,2.2502822009574843,"[-2.8944273,-1.4965139,1.6431494,-1.5437838,-1.9136579,-0.008551518]",converged
49,42,scene_01_single_box,20260526,pinv,10091,True,0.0007105669974407647,10,0.009021255683185831,0.0,2.2541372176514898,"[-2.8921177,-1.5014289,1.6530275,-1.5653001,-1.9239669,-0.020475634]",converged
0,42,scene_01_single_box,20260526,dls,11042,True,0.0004994520022592042,10,0.008638341462463195,0.0,2.2509119662944093,"[-2.8946866,-1.4992603,1.6473817,-1.5515285,-1.9178698,-0.0028740693]",converged
1,42,scene_01_single_box,20260526,dls,11043,True,0.0005078969988971949,10,0.008777680821571562,0.0,2.247100496468763,"[-2.896132,-1.4976447,1.64362,-1.5405135,-1.9076323,-0.012602276]",converged
2,42,scene_01_single_box,20260526,dls,11044,True,0.0005170329968677834,10,0.008032971906546013,0.0,2.254872721931084,"[-2.8978548,-1.5007996,1.6506746,-1.5637547,-1.9016991,0.00032719695]",converged
3,42,scene_01_single_box,20260526,dls,11045,True,0.0005600920012511779,10,0.007662430925227921,0.0,2.257161134261253,"[-2.892204,-1.4982767,1.6496657,-1.5632339,-1.9322865,0.019656626]",converged
4,42,scene_01_single_box,20260526,dls,11046,True,0.0005279319993860554,10,0.00895311071467314,0.0,2.25737553743328,"[-2.8946285,-1.5050402,1.6587335,-1.579893,-1.917942,-0.0022893367]",converged
5,42,scene_01_single_box,20260526,dls,11047,True,0.0005305220001901034,10,0.00794235187798393,0.0,2.2506459541442556,"[-2.894163,-1.4958319,1.6432001,-1.5438493,-1.9216074,0.0067336101]",converged
6,42,scene_01_single_box,20260526,dls,11048,True,0.0005377689994929824,10,0.010501978363811422,0.0,2.2491710119734103,"[-2.892251,-1.5048013,1.656443,-1.5639241,-1.9253004,0.0042457873]",converged
7,42,scene_01_single_box,20260526,dls,11049,True,0.0004909729977953248,10,0.0074443559038017,0.0,2.2505089692438474,"[-2.895698,-1.4941534,1.6395413,-1.5379792,-1.9133734,-0.0039557907]",converged
8,42,scene_01_single_box,20260526,dls,11050,True,0.000637379998806864,10,0.010047440414875045,0.0,2.2407064077266394,"[-2.8998377,-1.5001078,1.6425877,-1.5308627,-1.8862336,0.01240009]",converged
9,42,scene_01_single_box,20260526,dls,11051,True,0.0004956269985996187,10,0.009850082151505471,0.0,2.2447899469299846,"[-2.8995142,-1.5020294,1.6470511,-1.5440341,-1.8879822,0.016586244]",converged
10,42,scene_01_single_box,20260526,dls,11052,True,0.0005139860004419461,10,0.007296496778141662,0.0,2.2583368408584623,"[-2.8952926,-1.4988256,1.6495458,-1.5658872,-1.9153669,0.036648702]",converged
11,42,scene_01_single_box,20260526,dls,11053,True,0.0004938999991281889,10,0.010251913737777684,0.0,2.2510614513216254,"[-2.894638,-1.5059955,1.6577401,-1.5696095,-1.9122312,0.010409954]",converged
12,42,scene_01_single_box,20260526,dls,11054,True,0.0005683560011675581,10,0.008723722262157693,0.0,2.253537202116554,"[-2.8922331,-1.5003449,1.6523256,-1.562871,-1.9301328,-0.032567644]",converged
13,42,scene_01_single_box,20260526,dls,11055,True,0.0005166769988136366,10,0.007930677337282678,0.0,2.2462298148777773,"[-2.899442,-1.4949301,1.6378814,-1.5303719,-1.8940179,0.023788059]",converged
14,42,scene_01_single_box,20260526,dls,11056,True,0.0005027340012020431,10,0.007777172652605708,0.0,2.2555793430743543,"[-2.8933332,-1.498235,1.6486009,-1.5596046,-1.9266995,-0.0038709877]",converged
15,42,scene_01_single_box,20260526,dls,11057,True,0.0005052980013715569,10,0.009344209182676425,0.0,2.2558499165084713,"[-2.8897814,-1.5033263,1.6581378,-1.5752128,-1.9404379,0.0052410222]",converged
16,42,scene_01_single_box,20260526,dls,11058,True,0.0005625730009342078,10,0.007306690567741077,0.0,2.2585816250580057,"[-2.8983553,-1.5004643,1.6511133,-1.5697934,-1.9002321,-0.0077031587]",converged
17,42,scene_01_single_box,20260526,dls,11059,True,0.0005012639994674828,10,0.008915315297901277,0.0,2.250061164837428,"[-2.8933291,-1.4991967,1.6485958,-1.5520975,-1.9233241,-0.0081376429]",converged
18,42,scene_01_single_box,20260526,dls,11060,True,0.0005146980001882184,10,0.007986185712623203,0.0,2.261351857322805,"[-2.8928526,-1.502794,1.6584566,-1.5844759,-1.9281986,0.028175081]",converged
19,42,scene_01_single_box,20260526,dls,11061,True,0.0005159369975444861,10,0.010581322031996496,0.0,2.250848782573708,"[-2.8932117,-1.5066542,1.6597219,-1.572236,-1.9194871,-0.023991692]",converged
20,42,scene_01_single_box,20260526,dls,11062,True,0.0005147990013938397,10,0.009139173560097483,0.0,2.254692777299033,"[-2.8938184,-1.5035208,1.6561361,-1.5716263,-1.9198177,0.034139418]",converged
21,42,scene_01_single_box,20260526,dls,11063,True,0.0005701070003851783,10,0.007785849560007144,0.0,2.248507488265209,"[-2.8990511,-1.4957224,1.6396396,-1.5364259,-1.8957364,-0.010658233]",converged
22,42,scene_01_single_box,20260526,dls,11064,True,0.0005114049999974668,10,0.01131977903040568,0.0,2.2576580413966276,"[-2.8944799,-1.5146632,1.6733556,-1.6051919,-1.9110822,0.006564035]",converged
23,42,scene_01_single_box,20260526,dls,11065,True,0.0005018099982407875,10,0.008775314833521498,0.0,2.2539550692447095,"[-2.8943574,-1.5018096,1.6532214,-1.5657188,-1.9188874,0.027716206]",converged
24,42,scene_01_single_box,20260526,dls,11066,True,0.0005128669981786516,10,0.007664514500540436,0.0,2.2522134334889086,"[-2.9001527,-1.4982347,1.6446611,-1.5505181,-1.8889798,0.002885738]",converged
25,42,scene_01_single_box,20260526,dls,11067,True,0.0005277119998936541,10,0.00800468438184238,0.0,2.254991379270831,"[-2.8899936,-1.4972644,1.6487501,-1.5576913,-1.9439235,-0.033129702]",converged
26,42,scene_01_single_box,20260526,dls,11068,True,0.0005134359998919535,10,0.007722840283502876,0.0,2.263959949055951,"[-2.8950835,-1.5044169,1.661061,-1.5933056,-1.9170323,0.00072864841]",converged
27,42,scene_01_single_box,20260526,dls,11069,True,0.0006245949989533983,10,0.010302434241412714,0.0,2.2465145866340834,"[-2.8883711,-1.5004189,1.6510276,-1.5493225,-1.9469711,0.0045046532]",converged
28,42,scene_01_single_box,20260526,dls,11070,True,0.000534506998519646,10,0.00957934915893676,0.0,2.247431181486661,"[-2.8969072,-1.5016215,1.6487867,-1.5500049,-1.9017214,-0.0058911561]",converged
29,42,scene_01_single_box,20260526,dls,11071,True,0.0005019070013076998,10,0.007946406173199328,0.0,2.2605617759080316,"[-2.9041907,-1.5068444,1.6590332,-1.58712,-1.8680759,-0.030408182]",converged
30,42,scene_01_single_box,20260526,dls,11072,True,0.0005516780001926236,10,0.010253403633605006,0.0,2.2455283135355426,"[-2.8934636,-1.5016733,1.6502971,-1.5488997,-1.9182469,0.01048557]",converged
31,42,scene_01_single_box,20260526,dls,11073,True,0.000495386997499736,10,0.00747743947314337,0.0,2.2571990958808206,"[-2.893761,-1.4981194,1.6493011,-1.5633985,-1.922992,-0.0049953409]",converged
32,42,scene_01_single_box,20260526,dls,11074,True,0.0005033509987697471,10,0.011229056274755723,0.0,2.2506312019775327,"[-2.8892551,-1.5074798,1.6628977,-1.5759541,-1.9392559,0.0057811981]",converged
33,42,scene_01_single_box,20260526,dls,11075,True,0.0005396990018198267,10,0.006978815691298596,0.0,2.258611466944944,"[-2.8944246,-1.4972735,1.6475463,-1.5625008,-1.9207428,0.022132091]",converged
34,42,scene_01_single_box,20260526,dls,11076,True,0.0004968050016032066,10,0.010033792780800478,0.0,2.2462259653499483,"[-2.893223,-1.5012696,1.6500265,-1.5491686,-1.9218716,0.0048282527]",converged
35,42,scene_01_single_box,20260526,dls,11077,True,0.00050117700084229,10,0.008272467248069857,0.0,2.255057088614273,"[-2.8909798,-1.4989331,1.6512863,-1.5626191,-1.9382872,0.012734444]",converged
36,42,scene_01_single_box,20260526,dls,11078,True,0.0006096159995649941,10,0.009349761768313375,0.0,2.2548954808295902,"[-2.8944791,-1.5049028,1.6575188,-1.5743736,-1.9170496,-0.039409283]",converged
37,42,scene_01_single_box,20260526,dls,11079,True,0.000593681001191726,10,0.010144312567015513,0.0,2.245605735723049,"[-2.8924,-1.5007551,1.6492912,-1.5469258,-1.9237005,-0.026065727]",converged
38,42,scene_01_single_box,20260526,dls,11080,True,0.0005151810000825208,10,0.009790218602985023,0.0,2.2505125208011276,"[-2.8879891,-1.5007296,1.6529663,-1.558136,-1.9488238,0.038026197]",converged
39,42,scene_01_single_box,20260526,dls,11081,True,0.0005043810015195049,10,0.009785098320039537,0.0,2.2558461011909143,"[-2.8899491,-1.5053127,1.6614672,-1.5809579,-1.9394826,-0.011989261]",converged
40,42,scene_01_single_box,20260526,dls,11082,True,0.0004967409986420535,10,0.007956841208821145,0.0,2.255151668128296,"[-2.8991068,-1.5011764,1.6505085,-1.5641974,-1.8949506,-0.014821744]",converged
41,42,scene_01_single_box,20260526,dls,11083,True,0.0005253720009932294,10,0.007988641121694024,0.0,2.253464269812458,"[-2.8964065,-1.4990392,1.6477926,-1.556385,-1.9099647,0.015080284]",converged
42,42,scene_01_single_box,20260526,dls,11084,True,0.0006434130009438377,10,0.007657476426694467,0.0,2.2518649193517235,"[-2.9001017,-1.4978996,1.6439501,-1.5488294,-1.8888603,-0.025442547]",converged
43,42,scene_01_single_box,20260526,dls,11085,True,0.000506821001181379,10,0.009012934397949843,0.0,2.2526852553997156,"[-2.8945359,-1.5020014,1.6527055,-1.5631366,-1.9172355,0.018502864]",converged
44,42,scene_01_single_box,20260526,dls,11086,True,0.0005179850013519172,10,0.009254952245491912,0.0,2.2496369433865326,"[-2.8937479,-1.5005411,1.6495854,-1.5533098,-1.9205994,-0.0030350198]",converged
45,42,scene_01_single_box,20260526,dls,11087,True,0.0005234710006334353,10,0.010332031252562181,0.0,2.2561728501649827,"[-2.8900795,-1.5078832,1.665158,-1.5877631,-1.9379318,-0.014608384]",converged
46,42,scene_01_single_box,20260526,dls,11088,True,0.0006195720015966799,10,0.009136198837150257,0.0,2.2450814687639093,"[-2.8987244,-1.4989202,1.6435006,-1.5382298,-1.8940629,0.0093169583]",converged
47,42,scene_01_single_box,20260526,dls,11089,True,0.0005458609994093422,10,0.007597215674964468,0.0,2.266293816134258,"[-2.8935477,-1.5047339,1.663184,-1.5997146,-1.9253148,0.021238076]",converged
48,42,scene_01_single_box,20260526,dls,11090,True,0.0004950440015818458,10,0.009332203496660196,0.0,2.2501639161611937,"[-2.8944042,-1.5015099,1.6507705,-1.5563005,-1.9168216,0.04749753]",converged
49,42,scene_01_single_box,20260526,dls,11091,True,0.0004916629986837506,10,0.007491369683873703,0.0,2.253975137904402,"[-2.9027114,-1.4998221,1.646027,-1.5557951,-1.8763974,0.037006649]",converged
0,42,scene_01_single_box,20260526,lm,12042,True,0.0006162650024634786,10,0.01052304430657994,0.0,2.2516922335177867,"[-2.8949508,-1.5078711,1.6608859,-1.5757755,-1.9123992,0.00045204463]",converged
1,42,scene_01_single_box,20260526,lm,12043,True,0.0005057489979662932,10,0.008107300063450064,0.0,2.2473390579079875,"[-2.8929522,-1.4936322,1.6393526,-1.5321507,-1.9278897,-0.013784125]",converged
2,42,scene_01_single_box,20260526,lm,12044,True,0.000516392999998061,10,0.011412363863915358,0.0,2.2403203918392296,"[-2.8968188,-1.5043263,1.6510437,-1.5440046,-1.8976071,0.0068582816]",converged
3,42,scene_01_single_box,20260526,lm,12045,True,0.0005187880015000701,10,0.007733119763001404,0.0,2.255766619070925,"[-2.8934438,-1.4981821,1.6487812,-1.5602874,-1.9254918,-0.016178427]",converged
4,42,scene_01_single_box,20260526,lm,12046,True,0.0005281080011627637,10,0.008798692104408692,0.0,2.2553044979605072,"[-2.8982094,-1.5044729,1.6565636,-1.574466,-1.8983907,-0.025325461]",converged
5,42,scene_01_single_box,20260526,lm,12047,True,0.0005138499982422218,10,0.007572609880412731,0.0,2.2535853378339366,"[-2.892888,-1.4956546,1.6439758,-1.5487738,-1.928282,-0.00083202122]",converged
6,42,scene_01_single_box,20260526,lm,12048,True,0.0005132940023031551,10,0.010087522220211143,0.0,2.2370173477579516,"[-2.8965167,-1.4962694,1.6375543,-1.5161973,-1.904348,0.0024341797]",converged
7,42,scene_01_single_box,20260526,lm,12049,True,0.0005036039983679075,10,0.008844984999742156,0.0,2.243403581071332,"[-2.89443,-1.4946113,1.6383749,-1.5256757,-1.9179087,-0.015279575]",converged
8,42,scene_01_single_box,20260526,lm,12050,True,0.0005188790019019507,10,0.011565249803885517,0.0,2.2357547446729384,"[-2.8872996,-1.4977652,1.6437232,-1.5212468,-1.9508341,0.034548878]",converged
9,42,scene_01_single_box,20260526,lm,12051,True,0.0007154109989642166,10,0.00930397429572706,0.0,2.247602288343553,"[-2.8946672,-1.4998601,1.6479118,-1.5478531,-1.9172532,-0.0024080381]",converged
10,42,scene_01_single_box,20260526,lm,12052,True,0.000511054000526201,10,0.008826235909522372,0.0,2.2594851716718796,"[-2.8946308,-1.5058807,1.6615001,-1.5876393,-1.9175396,0.00066980717]",converged
11,42,scene_01_single_box,20260526,lm,12053,True,0.0005117670007166453,10,0.010712556987451147,0.0,2.246412680637283,"[-2.9013492,-1.5076157,1.6560459,-1.5618231,-1.8772008,-0.010323305]",converged
12,42,scene_01_single_box,20260526,lm,12054,True,0.0004990450033801608,10,0.008767081357537903,0.0,2.256452057709356,"[-2.8970833,-1.5047018,1.657405,-1.5771207,-1.905183,0.0021281672]",converged
13,42,scene_01_single_box,20260526,lm,12055,True,0.0004982769969501533,10,0.011151015854297588,0.0,2.2451659552179497,"[-2.8924877,-1.5049098,1.655219,-1.5563468,-1.9228704,-0.018101495]",converged
14,42,scene_01_single_box,20260526,lm,12056,True,0.0005531220012926497,10,0.008456865528570516,0.0,2.254191883511622,"[-2.8968788,-1.5017088,1.6522444,-1.5652031,-1.9060076,0.0032480731]",converged
15,42,scene_01_single_box,20260526,lm,12057,True,0.0004996540010324679,10,0.00800581165764685,0.0,2.2542202106824436,"[-2.8981036,-1.500229,1.6490155,-1.5601475,-1.8991213,-0.044777468]",converged
16,42,scene_01_single_box,20260526,lm,12058,True,0.0004968530010955874,10,0.00822304390364938,0.0,2.2532651323829014,"[-2.9015269,-1.5020231,1.6498335,-1.5609662,-1.8820017,-0.005585776]",converged
17,42,scene_01_single_box,20260526,lm,12059,True,0.0004971289999957662,10,0.008065715546313806,0.0,2.2576138059141386,"[-2.8991494,-1.5033298,1.6547988,-1.574926,-1.8944248,0.022307515]",converged
18,42,scene_01_single_box,20260526,lm,12060,True,0.0005811099981656298,10,0.010096609838301848,0.0,2.254163374342724,"[-2.8945654,-1.5074745,1.6617344,-1.5806801,-1.9137422,-0.025996917]",converged
19,42,scene_01_single_box,20260526,lm,12061,True,0.0005264079991320614,10,0.008017705420562106,0.0,2.255750841406221,"[-2.8978188,-1.5013738,1.6512123,-1.5657818,-1.9027963,-0.01972912]",converged
20,42,scene_01_single_box,20260526,lm,12062,True,0.0005238779995124787,10,0.007869062997747391,0.0,2.257753790999754,"[-2.902636,-1.5040205,1.6542027,-1.5748434,-1.876315,0.0014327518]",converged
21,42,scene_01_single_box,20260526,lm,12063,True,0.0005067670026619453,10,0.009038804942175417,0.0,2.2481582168958387,"[-2.8950959,-1.4993051,1.6473527,-1.5478297,-1.9155108,0.0085813195]",converged
22,42,scene_01_single_box,20260526,lm,12064,True,0.0005055830006313045,10,0.010244786560312852,0.0,2.252230969047958,"[-2.8958706,-1.5073166,1.6598199,-1.5751061,-1.9061569,0.031895734]",converged
23,42,scene_01_single_box,20260526,lm,12065,True,0.0005380719994718675,10,0.011396095626614687,0.0,2.2381503212155387,"[-2.8920901,-1.500864,1.6471933,-1.5327525,-1.9246348,-0.01331596]",converged
24,42,scene_01_single_box,20260526,lm,12066,True,0.0004989589979231823,10,0.00797489857443249,0.0,2.2562891011974617,"[-2.8961815,-1.5008891,1.6518916,-1.5672044,-1.911859,0.007045577]",converged
25,42,scene_01_single_box,20260526,lm,12067,True,0.0005783220003650058,10,0.008261349039994878,0.0,2.248481336948975,"[-2.894797,-1.4959607,1.6429231,-1.5406582,-1.9176361,-0.0044079729]",converged
26,42,scene_01_single_box,20260526,lm,12068,True,0.0005120560017530806,10,0.008830147829577074,0.0,2.247581564621266,"[-2.8987296,-1.4995183,1.6450406,-1.5441888,-1.8964606,-0.0035155486]",converged
27,42,scene_01_single_box,20260526,lm,12069,True,0.0004900909989373758,10,0.011707105354125634,0.0,2.2476483109733763,"[-2.8936814,-1.5094256,1.6622964,-1.5722251,-1.9152401,0.017625402]",converged
28,42,scene_01_single_box,20260526,lm,12070,True,0.0005125799980305601,10,0.009296806709282936,0.0,2.242741155739154,"[-2.8942504,-1.4960816,1.6402269,-1.5278115,-1.9187581,0.029064323]",converged
29,42,scene_01_single_box,20260526,lm,12071,True,0.0005413679973571561,10,0.008061249997449801,0.0,2.250445297304247,"[-2.895073,-1.4965792,1.6431288,-1.5437542,-1.9164631,-0.0073276984]",converged
30,42,scene_01_single_box,20260526,lm,12072,True,0.0005350430001271889,10,0.00923180896448769,0.0,2.2456728124035785,"[-2.8948801,-1.4982113,1.644399,-1.5392759,-1.9155568,0.019007746]",converged
31,42,scene_01_single_box,20260526,lm,12073,True,0.0005159380016266368,10,0.008147284662887461,0.0,2.2479861527855918,"[-2.899791,-1.497211,1.641315,-1.5387847,-1.8908894,0.022778514]",converged
32,42,scene_01_single_box,20260526,lm,12074,True,0.0005103959992993623,10,0.008053899282059275,0.0,2.257725318852137,"[-2.8962246,-1.5020911,1.6546392,-1.5740507,-1.9097195,0.0064155063]",converged
33,42,scene_01_single_box,20260526,lm,12075,True,0.0005016069990233518,10,0.010398935495955487,0.0,2.2473417425639557,"[-2.8944607,-1.504137,1.6540717,-1.5580427,-1.9145768,0.039888848]",converged
34,42,scene_01_single_box,20260526,lm,12076,True,0.0005147960000613239,10,0.009232700921879965,0.0,2.2580001339146487,"[-2.892416,-1.5056096,1.6613781,-1.5846308,-1.9283845,0.0048339502]",converged
35,42,scene_01_single_box,20260526,lm,12077,True,0.0005009179985790979,10,0.009924003554730268,0.0,2.240903002292374,"[-2.8932465,-1.4969333,1.6412193,-1.5267122,-1.9214338,-0.0075809548]",converged
36,42,scene_01_single_box,20260526,lm,12078,True,0.0005113500010338612,10,0.007732792975526289,0.0,2.242437483186025,"[-2.8951783,-1.4891935,1.6294739,-1.509287,-1.9153666,0.022255181]",converged
37,42,scene_01_single_box,20260526,lm,12079,True,0.0005171570010134019,10,0.008156748211967853,0.0,2.2559026589441347,"[-2.8991196,-1.5025688,1.6525162,-1.568601,-1.8949612,-0.0087655489]",converged
38,42,scene_01_single_box,20260526,lm,12080,True,0.0005094049993203953,10,0.007600808403667796,0.0,2.2534556537555654,"[-2.8986152,-1.4982303,1.6452995,-1.5528391,-1.8979207,-0.0074729629]",converged
39,42,scene_01_single_box,20260526,lm,12081,True,0.0005061570009274874,10,0.008950647184538224,0.0,2.257620379416105,"[-2.892274,-1.5041328,1.6584682,-1.5789943,-1.9301519,0.0039950267]",converged
40,42,scene_01_single_box,20260526,lm,12082,True,0.0004986019994248636,10,0.009329446706258602,0.0,2.2442701531360942,"[-2.9031121,-1.501032,1.6446391,-1.5400168,-1.8713722,-0.022263918]",converged
41,42,scene_01_single_box,20260526,lm,12083,True,0.0006031829980202019,10,0.009980271020622657,0.0,2.251322625454167,"[-2.8999065,-1.507299,1.6580449,-1.5718083,-1.885766,0.015941083]",converged
42,42,scene_01_single_box,20260526,lm,12084,True,0.0006747560000803787,10,0.008986910194123862,0.0,2.258727248075336,"[-2.8911662,-1.5045702,1.6604829,-1.583562,-1.9365042,0.026778016]",converged
43,42,scene_01_single_box,20260526,lm,12085,True,0.0004941219995089341,10,0.008516787260639931,0.0,2.252920545221004,"[-2.8940307,-1.4998204,1.649777,-1.5582782,-1.9207933,-0.0074164347]",converged
44,42,scene_01_single_box,20260526,lm,12086,True,0.0004923250016872771,10,0.010104566440606798,0.0,2.2475421033572336,"[-2.8976332,-1.504355,1.65313,-1.5576762,-1.8981284,0.016222284]",converged
45,42,scene_01_single_box,20260526,lm,12087,True,0.0006111439979576971,10,0.008716641803619569,0.0,2.2568216690198657,"[-2.8984255,-1.5052801,1.657401,-1.5779702,-1.8979077,0.020853849]",converged
46,42,scene_01_single_box,20260526,lm,12088,True,0.0005440940003609285,10,0.009797061213914318,0.0,2.2480043336395736,"[-2.8909057,-1.5004638,1.6503037,-1.5511937,-1.93473,-0.0088528672]",converged
47,42,scene_01_single_box,20260526,lm,12089,True,0.000551739998627454,10,0.008431077647652276,0.0,2.2498124369163346,"[-2.8975737,-1.4988587,1.6453033,-1.5474153,-1.9029172,0.010329999]",converged
48,42,scene_01_single_box,20260526,lm,12090,True,0.0005050219988333993,10,0.007576165422458372,0.0,2.2539569714351084,"[-2.8975179,-1.4980599,1.6461055,-1.5545737,-1.9043342,0.011775391]",converged
49,42,scene_01_single_box,20260526,lm,12091,True,0.0006231590014067478,10,0.007084236380531126,0.0,2.252377995406512,"[-2.8997341,-1.4956128,1.6406568,-1.5438249,-1.8917581,-0.015811643]",converged
0,42,scene_01_single_box,20260526,scipy_baseline,13042,True,0.005642013999022311,25,2.013838059209299e-09,0.0,3.007820988475158,"[-3.1559748,-1.0679306,1.4388649,1.0946568,-0.38348519,-0.55562438]",`gtol` termination condition is satisfied.
1,42,scene_01_single_box,20260526,scipy_baseline,13043,True,0.00881599900094443,32,2.7939864056499623e-10,0.0,2.3401741332155113,"[-3.0908995,-1.4941429,1.6337372,0.036439886,0.90330463,3.3133216]",`gtol` termination condition is satisfied.
2,42,scene_01_single_box,20260526,scipy_baseline,13044,True,0.0061918060018797405,30,3.2742781663972324e-10,0.0,2.3368467515417066,"[-3.1590767,-1.4383124,1.5952394,-0.050137402,0.34274869,1.3059074]",`gtol` termination condition is satisfied.
3,42,scene_01_single_box,20260526,scipy_baseline,13045,True,0.005311871998856077,24,5.369499602403957e-09,0.0,2.8837778949130914,"[-3.1609479,-1.0736737,1.5166196,1.3404224,-0.31578828,0.019261883]",`gtol` termination condition is satisfied.
4,42,scene_01_single_box,20260526,scipy_baseline,13046,True,0.006218108002940426,28,8.182677616246562e-10,0.0,2.452089178819617,"[-3.1180029,-1.0860551,1.7216125,2.7654419,0.72495954,-0.080812591]",`gtol` termination condition is satisfied.
5,42,scene_01_single_box,20260526,scipy_baseline,13047,True,0.0087258550011029,32,1.0619293967139503e-12,0.0,2.6212711993848243,"[-5.3872745,-3.251528,1.7132048,1.8138714,-0.30086192,-0.29141853]",`gtol` termination condition is satisfied.
6,42,scene_01_single_box,20260526,scipy_baseline,13048,True,0.008212209002522286,31,2.440258340124799e-09,0.0,3.311995138673231,"[-2.8010191,-0.93930301,1.2021937,0.94565954,-2.5612799,1.727701]",`gtol` termination condition is satisfied.
7,42,scene_01_single_box,20260526,scipy_baseline,13049,True,0.005330003001290606,24,3.3206685377259167e-09,0.0,2.2992600541516413,"[-2.8255302,-1.4502477,1.6326618,-1.4928281,-2.3600925,1.7989692]",`gtol` termination condition is satisfied.
8,42,scene_01_single_box,20260526,scipy_baseline,13050,True,0.005560917001275811,30,5.550802636549136e-10,0.0,2.2295972222441125,"[-2.7949167,-1.2516453,1.341288,-0.48819069,-2.6215925,-3.9653909]",`gtol` termination condition is satisfied.
9,42,scene_01_single_box,20260526,scipy_baseline,13051,True,0.006948219001060352,30,7.455023293704568e-11,0.0,2.934060549102696,"[-3.1483457,-1.055379,1.4895993,1.2063722,-0.46973354,-1.3737563]",`gtol` termination condition is satisfied.
10,42,scene_01_single_box,20260526,scipy_baseline,13052,True,0.007727579999482259,36,9.210371062514681e-09,0.0,2.34124915509827,"[-3.1522102,-1.4376324,1.5876072,0.023647716,0.42804858,0.9432494]",`xtol` termination condition is satisfied.
11,42,scene_01_single_box,20260526,scipy_baseline,13053,True,0.005708807999326382,25,1.2208965245150252e-09,0.0,2.7385587515809044,"[-3.0824753,-1.0914352,1.2013057,0.13621958,-0.9539483,-0.14427912]",`gtol` termination condition is satisfied.
12,42,scene_01_single_box,20260526,scipy_baseline,13054,True,0.006344879999232944,30,1.0060536021833457e-10,0.0,2.4186298305720766,"[-3.1347694,-1.5367324,1.7408696,-0.38490595,0.59547926,2.033111]",`gtol` termination condition is satisfied.
13,42,scene_01_single_box,20260526,scipy_baseline,13055,True,0.009602058002201375,43,3.742510118954901e-09,0.0,2.6596435655673645,"[-5.3929578,-3.2420323,1.69585,1.7164437,-0.38019391,-0.0081040526]",`gtol` termination condition is satisfied.
14,42,scene_01_single_box,20260526,scipy_baseline,13056,True,0.007194765999884112,29,1.0782402062447816e-08,0.0,2.338319379176944,"[-3.1575694,-1.4427618,1.6000097,-0.053762868,0.36308195,2.0599493]",`gtol` termination condition is satisfied.
15,42,scene_01_single_box,20260526,scipy_baseline,13057,True,0.0067775170027744025,32,5.1500835167982284e-14,0.0,2.4395842533485945,"[-2.7999446,-1.4762226,1.8471547,-2.2237819,-2.5714826,4.4630862]",`gtol` termination condition is satisfied.
16,42,scene_01_single_box,20260526,scipy_baseline,13058,True,0.006417879998480203,27,4.499179145800811e-10,0.0,2.7316954612529747,"[-5.3855336,-3.2266021,1.6290735,1.6398033,-0.27220373,0.99072555]",`gtol` termination condition is satisfied.
17,42,scene_01_single_box,20260526,scipy_baseline,13059,True,0.006329323998215841,30,4.141920331652507e-09,0.0,2.235084386803456,"[-2.7696164,-1.3986597,1.6120774,-0.93087528,-3.0906959,-4.9120502]",`gtol` termination condition is satisfied.
18,42,scene_01_single_box,20260526,scipy_baseline,13060,True,0.007115329000953352,33,1.499358755823772e-08,0.0,2.724956377369456,"[-3.1709676,-1.2044258,1.3899438,0.72316443,0.076264876,-0.98108845]",`gtol` termination condition is satisfied.
19,42,scene_01_single_box,20260526,scipy_baseline,13061,True,0.008392675998038612,36,5.051110243533995e-11,0.0,2.8543323241086664,"[-3.1318699,-1.0416102,1.5318302,1.2568347,-0.61944678,-0.17672817]",`gtol` termination condition is satisfied.
20,42,scene_01_single_box,20260526,scipy_baseline,13062,True,0.006235519002075307,31,4.3816674085602455e-09,0.0,2.367091949959733,"[-3.1698077,-1.3522709,1.5017416,0.13923325,0.12879478,-0.89634589]",`gtol` termination condition is satisfied.
21,42,scene_01_single_box,20260526,scipy_baseline,13063,True,0.005935871999099618,30,6.133570987239382e-12,0.0,2.341952464982129,"[-3.1343992,-1.4556891,1.5984983,0.062762063,0.5985847,-1.0248508]",`gtol` termination condition is satisfied.
22,42,scene_01_single_box,20260526,scipy_baseline,13064,True,0.009204301997669972,25,1.8557696276532916e-08,0.0,2.1989672037350925,"[-2.7715643,-1.3625855,1.5360696,-0.77057562,-2.9905777,-6.2828758]",`xtol` termination condition is satisfied.
23,42,scene_01_single_box,20260526,scipy_baseline,13065,True,0.006742982001014752,33,9.866268431767484e-09,0.0,2.320915546301551,"[-3.1509084,-1.2777162,1.4061948,-0.12043233,-0.44249132,-0.29027414]",`gtol` termination condition is satisfied.
24,42,scene_01_single_box,20260526,scipy_baseline,13066,True,0.005571650999627309,23,1.3849565575267518e-11,0.0,3.2464763337621627,"[-2.7976849,-0.9394607,1.2343767,1.0451904,-2.5934904,-1.6714692]",`gtol` termination condition is satisfied.
25,42,scene_01_single_box,20260526,scipy_baseline,13067,True,0.006767530998331495,35,4.747566633151833e-09,0.0,2.5185816177057863,"[-5.3800104,-3.2850343,1.7818041,2.1143033,-0.14960491,-0.0093109977]",`gtol` termination condition is satisfied.
26,42,scene_01_single_box,20260526,scipy_baseline,13068,True,0.007104270996933337,31,6.536100594700092e-10,0.0,3.0168971784759933,"[-3.1559359,-1.0860315,1.3784321,0.86339157,-0.38397049,0.95043047]",`gtol` termination condition is satisfied.
27,42,scene_01_single_box,20260526,scipy_baseline,13069,True,0.007350124000367941,36,1.4342195178015457e-14,0.0,2.495139401356354,"[-3.1209596,-1.5746731,1.8283358,-0.62589339,0.70353049,2.2136183]",`gtol` termination condition is satisfied.
28,42,scene_01_single_box,20260526,scipy_baseline,13070,True,0.0074438800002099015,35,6.226377007624659e-10,0.0,2.441750567666002,"[-3.140851,-1.309933,1.4246111,0.62128666,0.54232013,-0.010688671]",`gtol` termination condition is satisfied.
29,42,scene_01_single_box,20260526,scipy_baseline,13071,True,0.007772065000608563,33,2.9604611441845682e-09,0.0,3.048766284301317,"[-2.8319972,-0.92303283,1.3148704,1.1216466,-2.3138766,1.3947895]",`gtol` termination condition is satisfied.
30,42,scene_01_single_box,20260526,scipy_baseline,13072,True,0.005931093997787684,31,1.3476797167482705e-09,0.0,2.5612019637838426,"[-3.116242,-1.591042,1.9103208,-0.91654337,0.73749139,-1.1113365]",`gtol` termination condition is satisfied.
31,42,scene_01_single_box,20260526,scipy_baseline,13073,True,0.008021816000109538,40,7.830401944164244e-09,0.0,2.39733617810944,"[-3.1362177,-1.5224535,1.7127689,-0.30032744,0.58319735,1.8274218]",`gtol` termination condition is satisfied.
32,42,scene_01_single_box,20260526,scipy_baseline,13074,True,0.007876595998823177,39,4.66416939685838e-09,0.0,2.804612161789693,"[-3.1539373,-1.0709778,1.5672445,1.4129344,-0.40816449,2.2500264]",`gtol` termination condition is satisfied.
33,42,scene_01_single_box,20260526,scipy_baseline,13075,True,0.008692143997905077,46,7.518151552593563e-09,0.0,2.2733895062638094,"[-3.1696122,-1.4323953,1.5982489,-0.48363766,-0.13566751,-0.8427591]",`gtol` termination condition is satisfied.
34,42,scene_01_single_box,20260526,scipy_baseline,13076,True,0.007450529999914579,31,5.862372750954941e-12,0.0,2.5023583664188997,"[-3.1332394,-1.1644925,1.8513516,1.9420554,-0.60822566,2.0928136]",`gtol` termination condition is satisfied.
35,42,scene_01_single_box,20260526,scipy_baseline,13077,True,0.006468601000960916,32,8.501525258646382e-09,0.0,2.9089414121296273,"[-5.3881314,-3.2080844,1.5336292,1.3844499,-0.31404424,0.49429121]",`gtol` termination condition is satisfied.
36,42,scene_01_single_box,20260526,scipy_baseline,13078,True,0.007316088998777559,24,5.720788957421126e-09,0.0,2.2332273622409864,"[-2.844043,-1.4042332,1.5240488,-1.2272171,-2.2326897,3.6419613]",`gtol` termination condition is satisfied.
37,42,scene_01_single_box,20260526,scipy_baseline,13079,True,0.007481021999410586,35,1.1809218085576665e-11,0.0,2.39700655036415,"[-3.1610908,-1.3490534,1.4877288,0.31490097,0.31363781,-0.46717297]",`gtol` termination condition is satisfied.
38,42,scene_01_single_box,20260526,scipy_baseline,13080,True,0.008621615001175087,42,2.8024343986108986e-09,0.0,2.5555095303785977,"[-3.1697151,-1.2616647,1.4202017,0.52281779,0.1320934,-1.9519279]",`gtol` termination condition is satisfied.
39,42,scene_01_single_box,20260526,scipy_baseline,13081,True,0.01061358000151813,43,1.1835127457705708e-12,0.0,2.3905248825919188,"[-3.1339922,-1.5177495,1.7019198,-0.25699259,0.60198256,-1.5197681]",`gtol` termination condition is satisfied.
40,42,scene_01_single_box,20260526,scipy_baseline,13082,True,0.007188895000581397,34,1.237742020357034e-09,0.0,2.7615401876533885,"[-3.1558742,-1.0778823,1.5924422,1.4824484,-0.38473821,2.2562056]",`gtol` termination condition is satisfied.
41,42,scene_01_single_box,20260526,scipy_baseline,13083,True,0.00709011200160603,34,8.537984401139499e-11,0.0,2.715113226011191,"[-5.3831345,-3.2289419,1.6317047,1.6803229,-0.22706831,0.0036072629]",`gtol` termination condition is satisfied.
42,42,scene_01_single_box,20260526,scipy_baseline,13084,True,0.007282372996996855,36,3.2210252416570784e-10,0.0,2.8364664798842965,"[-3.1473402,-1.1170075,1.3256918,0.52077615,-0.48003844,1.2981455]",`gtol` termination condition is satisfied.
43,42,scene_01_single_box,20260526,scipy_baseline,13085,True,0.0056381980029982515,27,3.741883351120215e-10,0.0,2.7743443135464303,"[-2.769521,-1.0723832,1.1981884,0.67003267,-3.1015673,1.7584085]",`gtol` termination condition is satisfied.
44,42,scene_01_single_box,20260526,scipy_baseline,13086,True,0.007531251998443622,26,8.274644683622463e-14,0.0,2.3306047263904786,"[-2.8601139,-1.4938898,1.6920573,-1.7188478,-2.1319094,-4.6633106]",`gtol` termination condition is satisfied.
45,42,scene_01_single_box,20260526,scipy_baseline,13087,True,0.005049931998655666,20,4.961429131075428e-09,0.0,3.059497792098759,"[-2.8280512,-0.92431389,1.3109124,1.1238866,-2.3418262,1.3676038]",`gtol` termination condition is satisfied.
46,42,scene_01_single_box,20260526,scipy_baseline,13088,True,0.00629169699823251,29,3.4385583769192245e-09,0.0,2.7202974873675303,"[-3.1429744,-1.0727391,1.6257392,1.4837862,-0.52266497,-3.147972]",`gtol` termination condition is satisfied.
47,42,scene_01_single_box,20260526,scipy_baseline,13089,True,0.0060664539996651,28,7.502529526870541e-11,0.0,2.5329932999440032,"[-3.1707721,-1.2665195,1.4254154,0.46120447,0.087351692,-2.3643482]",`gtol` termination condition is satisfied.
48,42,scene_01_single_box,20260526,scipy_baseline,13090,True,0.006551188002049457,31,2.9285017777984925e-10,0.0,2.7694970983232903,"[-3.1550672,-1.076114,1.5881108,1.4671509,-0.39465678,-0.52640759]",`gtol` termination condition is satisfied.
49,42,scene_01_single_box,20260526,scipy_baseline,13091,True,0.005720482000469929,25,2.9376501253376635e-09,0.0,2.842279620353484,"[-3.1571064,-1.0711719,1.5432202,1.3774518,-0.36911514,0.49494534]",`gtol` termination condition is satisfied.
0,42,scene_02_multi_obstacles,20260527,pinv,20042,True,0.0012768429987772834,19,0.00959425965158693,0.0,2.3627581227665497,"[-3.8096748,-1.5266448,1.6493444,-1.4176306,-2.7660468,-0.0030680921]",converged
1,42,scene_02_multi_obstacles,20260527,pinv,20043,True,0.001380074998451164,20,0.004350707035383049,0.0,2.3903946589960983,"[-3.8089881,-1.5170084,1.6415815,-1.4278581,-2.7859852,-0.0043712434]",converged
2,42,scene_02_multi_obstacles,20260527,pinv,20044,True,0.0012626829993678257,19,0.010686210417186426,0.0,2.3715624417979484,"[-3.8080201,-1.5334946,1.6698301,-1.4640333,-2.7904749,0.00074684173]",converged
3,42,scene_02_multi_obstacles,20260527,pinv,20045,True,0.0013482909998856485,19,0.010112175764454483,0.0,2.3644940529680305,"[-3.8084475,-1.5288542,1.6564918,-1.4265231,-2.783347,0.032914578]",converged
4,42,scene_02_multi_obstacles,20260527,pinv,20046,True,0.0011875179989147,19,0.006363279806128532,0.0,2.3749187273068992,"[-3.8141,-1.5214537,1.6343837,-1.4306826,-2.7141726,0.01588429]",converged
5,42,scene_02_multi_obstacles,20260527,pinv,20047,True,0.0012556440015032422,19,0.008302128099292354,0.0,2.370101916065844,"[-3.8117903,-1.5258531,1.6458496,-1.4352773,-2.7401368,-0.0084807993]",converged
6,42,scene_02_multi_obstacles,20260527,pinv,20048,True,0.001176454999949783,19,0.00702136784342268,0.0,2.3834282620027016,"[-3.8097319,-1.5251157,1.6535339,-1.4548713,-2.7706741,0.008207764]",converged
7,42,scene_02_multi_obstacles,20260527,pinv,20049,True,0.0012258649985597003,19,0.011614733293102504,0.0,2.356018997916121,"[-3.8070382,-1.5304734,1.660223,-1.4111996,-2.8026962,-0.0079011161]",converged
8,42,scene_02_multi_obstacles,20260527,pinv,20050,True,0.0011990049970336258,19,0.007386720492056349,0.0,2.3750909069028445,"[-3.8114738,-1.5241722,1.6447762,-1.4365038,-2.7462562,0.010292231]",converged
9,42,scene_02_multi_obstacles,20260527,pinv,20051,True,0.00119239899868262,19,0.004681934121471026,0.0,2.3922189555940063,"[-3.8157955,-1.5232913,1.6417036,-1.4821865,-2.6968476,0.013906513]",converged
10,42,scene_02_multi_obstacles,20260527,pinv,20052,True,0.0012170199988759123,19,0.004970150401189115,0.0,2.386336761634662,"[-3.8137637,-1.5205255,1.6378015,-1.451205,-2.7208,-0.00040516669]",converged
11,42,scene_02_multi_obstacles,20260527,pinv,20053,True,0.0012388579998514615,19,0.009161840597844808,0.0,2.365452287910117,"[-3.8092686,-1.5259129,1.6494704,-1.4177213,-2.7730564,0.012280808]",converged
12,42,scene_02_multi_obstacles,20260527,pinv,20054,True,0.001228045999596361,19,0.0072487833489992895,0.0,2.3780326310840985,"[-3.8113855,-1.52486,1.6471365,-1.4452892,-2.7479076,0.0052456991]",converged
13,42,scene_02_multi_obstacles,20260527,pinv,20055,True,0.0012178190008853562,19,0.008327658901012929,0.0,2.3788867033145222,"[-3.8113663,-1.5294077,1.6568837,-1.470036,-2.7465625,0.01085736]",converged
14,42,scene_02_multi_obstacles,20260527,pinv,20056,True,0.0011827269991044886,19,0.010102399086633759,0.0,2.3627610482668864,"[-3.8077469,-1.5277603,1.655323,-1.4146451,-2.7944773,0.0054912867]",converged
15,42,scene_02_multi_obstacles,20260527,pinv,20057,True,0.001231979997101007,19,0.006798672231087915,0.0,2.3731262198176544,"[-3.812034,-1.5212086,1.6373469,-1.420406,-2.7395456,0.070178161]",converged
16,42,scene_02_multi_obstacles,20260527,pinv,20058,True,0.001183475997095229,19,0.00681424343163535,0.0,2.381397047619464,"[-3.813097,-1.5255516,1.6466865,-1.4613598,-2.7265782,-0.011577815]",converged
17,42,scene_02_multi_obstacles,20260527,pinv,20059,True,0.0012063699978170916,19,0.008503043831074098,0.0,2.3714715222507015,"[-3.810731,-1.5266919,1.6497878,-1.4382543,-2.7541862,0.029299681]",converged
18,42,scene_02_multi_obstacles,20260527,pinv,20060,True,0.0012151600021752529,19,0.00787874408407268,0.0,2.3769540093794475,"[-3.8122139,-1.5273182,1.6505625,-1.4586912,-2.73571,-0.025346882]",converged
19,42,scene_02_multi_obstacles,20260527,pinv,20061,True,0.0012212450019433163,19,0.008440881194684833,0.0,2.3683381988071806,"[-3.8076636,-1.5235627,1.6489212,-1.405994,-2.7976713,0.0023116026]",converged
20,42,scene_02_multi_obstacles,20260527,pinv,20062,True,0.0013363929974730127,19,0.006806242712749975,0.0,2.3798617958872264,"[-3.8133509,-1.5250228,1.6445629,-1.4561237,-2.7232036,0.019690273]",converged
21,42,scene_02_multi_obstacles,20260527,pinv,20063,True,0.001208870999107603,19,0.011751041899627659,0.0,2.3538995677617764,"[-3.8066526,-1.5299626,1.6593591,-1.4029278,-2.807932,0.0013176359]",converged
22,42,scene_02_multi_obstacles,20260527,pinv,20064,True,0.0011984860029770061,19,0.004980133635849765,0.0,2.389804559604143,"[-3.8144885,-1.5225338,1.6418382,-1.4704243,-2.7122172,-0.024298547]",converged
23,42,scene_02_multi_obstacles,20260527,pinv,20065,True,0.0011948520004807506,19,0.009471908430792222,0.0,2.3648851485746407,"[-3.8083299,-1.5265846,1.6517693,-1.4137128,-2.7873902,0.0092714916]",converged
24,42,scene_02_multi_obstacles,20260527,pinv,20066,True,0.001276250997761963,20,0.004308116377280884,0.0,2.3963017591258424,"[-3.8066013,-1.5178622,1.6510718,-1.4368427,-2.8225095,0.0046272499]",converged
25,42,scene_02_multi_obstacles,20260527,pinv,20067,True,0.0014310099977592472,19,0.005260354463532861,0.0,2.3929334404779845,"[-3.8134996,-1.5243213,1.6485423,-1.4840028,-2.7239388,0.0027775734]",converged
26,42,scene_02_multi_obstacles,20260527,pinv,20068,True,0.001313266999204643,19,0.009108727126715727,0.0,2.377026453803887,"[-3.8101987,-1.5309682,1.6617121,-1.4702252,-2.7610966,0.0058629904]",converged
27,42,scene_02_multi_obstacles,20260527,pinv,20069,True,0.0012509029984357767,20,0.004743187478666957,0.0,2.395370571636671,"[-3.8057475,-1.5186518,1.654827,-1.4360705,-2.8361737,0.013560022]",converged
28,42,scene_02_multi_obstacles,20260527,pinv,20070,True,0.0012378310020721983,19,0.007377047523895272,0.0,2.380133090179963,"[-3.8102921,-1.5255207,1.6518735,-1.4509388,-2.7624861,-0.0097517798]",converged
29,42,scene_02_multi_obstacles,20260527,pinv,20071,True,0.0011817409977084026,19,0.007685862041897059,0.0,2.380228046818099,"[-3.8102725,-1.5267552,1.6544146,-1.4573713,-2.7618953,0.0020228565]",converged
30,42,scene_02_multi_obstacles,20260527,pinv,20072,True,0.0011879480007337406,19,0.0080777257396194,0.0,2.3767970168569286,"[-3.8136142,-1.5288792,1.6512202,-1.4702041,-2.7176725,0.0098188773]",converged
31,42,scene_02_multi_obstacles,20260527,pinv,20073,True,0.001192854000692023,19,0.006627354921969668,0.0,2.3753765251374768,"[-3.8106841,-1.5207807,1.6398289,-1.4188369,-2.7576626,0.012539284]",converged
32,42,scene_02_multi_obstacles,20260527,pinv,20074,True,0.0012553300002764445,19,0.006056102050680241,0.0,2.3836568434399688,"[-3.8144101,-1.5242302,1.6428551,-1.4644903,-2.7111327,0.0065839725]",converged
33,42,scene_02_multi_obstacles,20260527,pinv,20075,True,0.0012299359987082426,19,0.008149608475084339,0.0,2.3646135306009164,"[-3.8125754,-1.5232521,1.6371967,-1.4131296,-2.7303184,-0.052309951]",converged
34,42,scene_02_multi_obstacles,20260527,pinv,20076,True,0.0015781820002302993,19,0.0057605238451280665,0.0,2.3836834525973054,"[-3.8089816,-1.519853,1.6447632,-1.4270989,-2.7834741,0.020256101]",converged
35,42,scene_02_multi_obstacles,20260527,pinv,20077,True,0.0011894800009031314,19,0.0049487535782994085,0.0,2.3871561020503225,"[-3.8124661,-1.5200952,1.6391599,-1.4457365,-2.7379099,0.0042892355]",converged
36,42,scene_02_multi_obstacles,20260527,pinv,20078,True,0.0016277750000881497,19,0.010795219951536261,0.0,2.368212254573481,"[-3.805701,-1.5315514,1.66943,-1.4363048,-2.8267966,0.014294385]",converged
37,42,scene_02_multi_obstacles,20260527,pinv,20079,True,0.001268313000764465,19,0.005210281054841669,0.0,2.3935513358184024,"[-3.8138761,-1.5246765,1.6485599,-1.4873959,-2.71959,0.0089714584]",converged
38,42,scene_02_multi_obstacles,20260527,pinv,20080,True,0.001182675998279592,19,0.007378402656715267,0.0,2.373198201671301,"[-3.8121435,-1.5237029,1.6418718,-1.4321354,-2.7374443,-0.010370666]",converged
39,42,scene_02_multi_obstacles,20260527,pinv,20081,True,0.0013987839993205853,19,0.00917512946918904,0.0,2.363476282457852,"[-3.8109794,-1.5260743,1.6453113,-1.4188977,-2.7497093,0.015489837]",converged
40,42,scene_02_multi_obstacles,20260527,pinv,20082,True,0.0012194539995107334,19,0.0093321529713619,0.0,2.367470666948426,"[-3.8083497,-1.5269783,1.6540898,-1.4235824,-2.7862491,0.018140481]",converged
41,42,scene_02_multi_obstacles,20260527,pinv,20083,True,0.0013672890017915051,19,0.007393910611291821,0.0,2.3830540232355704,"[-3.8124381,-1.52811,1.653842,-1.4763281,-2.7338262,0.020681626]",converged
42,42,scene_02_multi_obstacles,20260527,pinv,20084,True,0.0014597849985875655,19,0.010223757624307496,0.0,2.361611166025614,"[-3.8078761,-1.527872,1.6545503,-1.412906,-2.7915547,0.0028137153]",converged
43,42,scene_02_multi_obstacles,20260527,pinv,20085,True,0.001302587003010558,20,0.0044320037899090664,0.0,2.3919219132378595,"[-3.8070126,-1.5169011,1.6464483,-1.423535,-2.8158237,0.0012678441]",converged
44,42,scene_02_multi_obstacles,20260527,pinv,20086,True,0.001261176003026776,20,0.00456534581615086,0.0,2.393377940354202,"[-3.8082606,-1.5185556,1.6477988,-1.4406597,-2.7963379,0.0089599614]",converged
45,42,scene_02_multi_obstacles,20260527,pinv,20087,True,0.0012108439987059683,19,0.007259210005608881,0.0,2.3810050586863336,"[-3.8094813,-1.5249763,1.6526286,-1.4470735,-2.7742725,-0.017324564]",converged
46,42,scene_02_multi_obstacles,20260527,pinv,20088,True,0.0011836189987661783,19,0.007971100533534338,0.0,2.3714159212529844,"[-3.8102071,-1.5243123,1.6458357,-1.4243084,-2.7622591,0.0057590348]",converged
47,42,scene_02_multi_obstacles,20260527,pinv,20089,True,0.0012584110008901916,19,0.008922299877918606,0.0,2.3685480616522008,"[-3.8121783,-1.5278731,1.6486709,-1.4429236,-2.7341995,-0.040276969]",converged
48,42,scene_02_multi_obstacles,20260527,pinv,20090,True,0.0012159780017100275,19,0.010995089682247843,0.0,2.3577111716722743,"[-3.8061848,-1.5284893,1.6584579,-1.400614,-2.8175569,0.0071979985]",converged
49,42,scene_02_multi_obstacles,20260527,pinv,20091,True,0.0012853039988840465,19,0.006915876423431392,0.0,2.3771251025305276,"[-3.8119289,-1.5233608,1.643317,-1.4391267,-2.7409761,0.0099688963]",converged
0,42,scene_02_multi_obstacles,20260527,dls,21042,True,0.0010052649995486718,19,0.007197660529649653,0.0,2.3736107739860577,"[-3.812522,-1.5232441,1.6411139,-1.430065,-2.7390354,-0.023521967]",converged
1,42,scene_02_multi_obstacles,20260527,dls,21043,True,0.0008966399982455187,19,0.010082576931902119,0.0,2.3660578031930863,"[-3.8112962,-1.5308361,1.6558337,-1.4464546,-2.7505209,0.041448022]",converged
2,42,scene_02_multi_obstacles,20260527,dls,21044,True,0.0008809030005068053,19,0.005738834462019349,0.0,2.382419085272352,"[-3.8150275,-1.5227664,1.6383012,-1.4537513,-2.7083231,0.00059937543]",converged
3,42,scene_02_multi_obstacles,20260527,dls,21045,True,0.0008811700026853941,19,0.006978841333142036,0.0,2.3786155841214662,"[-3.8154868,-1.526365,1.6437046,-1.4639861,-2.7024678,-0.026473831]",converged
4,42,scene_02_multi_obstacles,20260527,dls,21046,True,0.0011967039972660132,19,0.006855341557834479,0.0,2.3750636377947605,"[-3.8160154,-1.5246001,1.6379466,-1.4491975,-2.6960784,0.024714295]",converged
5,42,scene_02_multi_obstacles,20260527,dls,21047,True,0.0008849900004861411,19,0.006405808826427069,0.0,2.379957214399194,"[-3.8138933,-1.5236835,1.6413244,-1.4494257,-2.7220444,-0.018159246]",converged
6,42,scene_02_multi_obstacles,20260527,dls,21048,True,0.0008739159966353327,19,0.008218258963901486,0.0,2.3723507640806165,"[-3.8108355,-1.5258601,1.6490843,-1.4346495,-2.7597789,-0.0075778151]",converged
7,42,scene_02_multi_obstacles,20260527,dls,21049,True,0.0009116239998547826,19,0.010029455382003791,0.0,2.3622211390576133,"[-3.8111413,-1.5289934,1.6506796,-1.4273898,-2.7531901,0.0040267216]",converged
8,42,scene_02_multi_obstacles,20260527,dls,21050,True,0.0008950410010584164,19,0.009287306176279715,0.0,2.3682496345517516,"[-3.8126056,-1.5293905,1.6511433,-1.4480301,-2.7344563,-0.0066921414]",converged
9,42,scene_02_multi_obstacles,20260527,dls,21051,True,0.0008760259988775942,19,0.005513726116218301,0.0,2.3866707601195993,"[-3.8190649,-1.5265128,1.6403075,-1.4899291,-2.662058,0.0098234605]",converged
10,42,scene_02_multi_obstacles,20260527,dls,21052,True,0.0008779290001257323,19,0.0065358753906839765,0.0,2.376410551683933,"[-3.8127957,-1.5219605,1.6389392,-1.431257,-2.7352697,-0.013117815]",converged
11,42,scene_02_multi_obstacles,20260527,dls,21053,True,0.0008806849982647691,19,0.005039281527134557,0.0,2.3823588351271976,"[-3.8179991,-1.5218034,1.6309211,-1.4555389,-2.6744168,-0.0082899067]",converged
12,42,scene_02_multi_obstacles,20260527,dls,21054,True,0.0008913710007618647,19,0.007226427118458136,0.0,2.368175410826132,"[-3.8129151,-1.5211413,1.6343879,-1.409892,-2.7336685,0.030055414]",converged
13,42,scene_02_multi_obstacles,20260527,dls,21055,True,0.0008747309984755702,19,0.0059146108780968295,0.0,2.3769706986734946,"[-3.8163738,-1.5218775,1.6320745,-1.4407459,-2.6920459,-0.0071717074]",converged
14,42,scene_02_multi_obstacles,20260527,dls,21056,True,0.0009515829988231417,19,0.005060072568226306,0.0,2.3859341501696028,"[-3.8172759,-1.5230883,1.6358514,-1.4674305,-2.6826513,0.012220794]",converged
15,42,scene_02_multi_obstacles,20260527,dls,21057,True,0.0009317819967691321,19,0.009160551719877032,0.0,2.36707703993424,"[-3.8157956,-1.5303001,1.6468233,-1.4579636,-2.6960445,0.016150439]",converged
16,42,scene_02_multi_obstacles,20260527,dls,21058,True,0.0009319389973825309,19,0.007093160323666555,0.0,2.3793716524407302,"[-3.8131798,-1.5256742,1.6469637,-1.4568308,-2.7304985,0.0012941275]",converged
17,42,scene_02_multi_obstacles,20260527,dls,21059,True,0.0008825229997455608,19,0.005812335960067859,0.0,2.3902229029611908,"[-3.8160085,-1.5271474,1.6481469,-1.494226,-2.6968843,-0.023910335]",converged
18,42,scene_02_multi_obstacles,20260527,dls,21060,True,0.0008967809990281239,19,0.005550120144470999,0.0,2.3847630345108,"[-3.8170593,-1.5244171,1.6386176,-1.470964,-2.6847311,-0.0092130304]",converged
19,42,scene_02_multi_obstacles,20260527,dls,21061,True,0.0008911149998311885,19,0.006534866960887381,0.0,2.375113168722151,"[-3.8158424,-1.5232502,1.6351797,-1.4417885,-2.6981344,0.0019505875]",converged
20,42,scene_02_multi_obstacles,20260527,dls,21062,True,0.0009656110014475416,19,0.006157096677008202,0.0,2.373556073206232,"[-3.8157604,-1.5209055,1.6300327,-1.4270816,-2.699438,-0.021740752]",converged
21,42,scene_02_multi_obstacles,20260527,dls,21063,True,0.0009051540000655223,19,0.006278478810066248,0.0,2.3840143729173464,"[-3.8154716,-1.5259755,1.6443904,-1.4730992,-2.7029816,0.011128674]",converged
22,42,scene_02_multi_obstacles,20260527,dls,21064,True,0.0008700250000401866,19,0.006731069935285231,0.0,2.379261139166366,"[-3.8154174,-1.5256216,1.6424398,-1.4615597,-2.7032694,0.024255828]",converged
23,42,scene_02_multi_obstacles,20260527,dls,21065,True,0.000877331000083359,19,0.008688021128251252,0.0,2.3664021594339295,"[-3.8153774,-1.5278131,1.6422902,-1.4435905,-2.701536,0.015804563]",converged
24,42,scene_02_multi_obstacles,20260527,dls,21066,True,0.0008993039991764817,19,0.007789935551030165,0.0,2.3748658259831665,"[-3.8130513,-1.5265059,1.6469372,-1.4496345,-2.7315103,0.039476172]",converged
25,42,scene_02_multi_obstacles,20260527,dls,21067,True,0.0010877089989662636,20,0.004760956203202728,0.0,2.3833055689813185,"[-3.8101842,-1.5163888,1.6350528,-1.4106803,-2.7720375,4.9826104e-05]",converged
26,42,scene_02_multi_obstacles,20260527,dls,21068,True,0.0008900150023691822,19,0.009952567571855957,0.0,2.3648113669233073,"[-3.8100525,-1.5292002,1.6541593,-1.4307015,-2.7678109,0.026100058]",converged
27,42,scene_02_multi_obstacles,20260527,dls,21069,True,0.0009937280010490213,19,0.007222772096032179,0.0,2.3762742882814707,"[-3.8150979,-1.5260753,1.6429129,-1.4561035,-2.7072479,-0.022450321]",converged
28,42,scene_02_multi_obstacles,20260527,dls,21070,True,0.0008838550020300318,19,0.006827607497613459,0.0,2.383409292648191,"[-3.8170556,-1.528939,1.647804,-1.4904239,-2.6842887,0.019131546]",converged
29,42,scene_02_multi_obstacles,20260527,dls,21071,True,0.0009921150012814905,19,0.006935703441886905,0.0,2.3780187152615957,"[-3.8156045,-1.5260147,1.6424769,-1.460992,-2.7012148,-0.026214072]",converged
30,42,scene_02_multi_obstacles,20260527,dls,21072,True,0.0008713249990250915,19,0.009227720767973877,0.0,2.3661053804446506,"[-3.8119555,-1.5278455,1.6486121,-1.4340106,-2.7432929,0.0098230368]",converged
31,42,scene_02_multi_obstacles,20260527,dls,21073,True,0.0008674519995111041,19,0.010144783570723898,0.0,2.3681369860172325,"[-3.8096798,-1.5310527,1.6600946,-1.4463221,-2.7730573,0.01471171]",converged
32,42,scene_02_multi_obstacles,20260527,dls,21074,True,0.0009228219969372731,19,0.006931828940752853,0.0,2.3811389420296165,"[-3.8127463,-1.5255423,1.6479985,-1.4586032,-2.7361053,0.003029653]",converged
33,42,scene_02_multi_obstacles,20260527,dls,21075,True,0.0008671739997225814,19,0.009809018526209749,0.0,2.364531824368443,"[-3.8100691,-1.5285509,1.652607,-1.4264792,-2.7681784,-0.011116675]",converged
34,42,scene_02_multi_obstacles,20260527,dls,21076,True,0.0008698849997017533,19,0.010915374970490853,0.0,2.3647881259618626,"[-3.8085824,-1.5321,1.663222,-1.4402237,-2.7874126,0.0074044026]",converged
35,42,scene_02_multi_obstacles,20260527,dls,21077,True,0.0009670110011938959,19,0.00881612377347054,0.0,2.369480388968964,"[-3.8116223,-1.5275154,1.6494583,-1.4377942,-2.748631,-0.00462418]",converged
36,42,scene_02_multi_obstacles,20260527,dls,21078,True,0.0008836429988150485,19,0.005749287575224905,0.0,2.380193813371952,"[-3.8189986,-1.5244577,1.6336536,-1.4648611,-2.6630416,0.029786721]",converged
37,42,scene_02_multi_obstacles,20260527,dls,21079,True,0.0008797150003374554,19,0.005856311737653757,0.0,2.381750728741175,"[-3.815353,-1.5231619,1.6382343,-1.454856,-2.7043611,0.01763133]",converged
38,42,scene_02_multi_obstacles,20260527,dls,21080,True,0.0008853580002323724,19,0.0073665446329669775,0.0,2.3815268991072185,"[-3.8118905,-1.5268452,1.6527141,-1.4637667,-2.7472604,0.0084620286]",converged
39,42,scene_02_multi_obstacles,20260527,dls,21081,True,0.0008887830008461606,19,0.005469666633697749,0.0,2.391149454394749,"[-3.8147675,-1.5253203,1.6470171,-1.4846759,-2.7117506,-0.027996243]",converged
40,42,scene_02_multi_obstacles,20260527,dls,21082,True,0.0009599810000509024,20,0.005040184653154308,0.0,2.3951214921300514,"[-3.8105249,-1.522398,1.6514519,-1.4691399,-2.7671969,-0.0252486]",converged
41,42,scene_02_multi_obstacles,20260527,dls,21083,True,0.0008908739982871339,19,0.008334457147722563,0.0,2.3776975542823724,"[-3.8125118,-1.529457,1.6553583,-1.4698673,-2.7375768,0.011999843]",converged
42,42,scene_02_multi_obstacles,20260527,dls,21084,True,0.0008991989998321515,19,0.009476463113774551,0.0,2.3731724401930947,"[-3.8107382,-1.5311119,1.6597854,-1.461053,-2.7592807,-0.017318824]",converged
43,42,scene_02_multi_obstacles,20260527,dls,21085,True,0.0008983730003819801,19,0.009317822593574849,0.0,2.3671763413770637,"[-3.8127416,-1.5291428,1.6499256,-1.4443903,-2.7331655,0.0071640292]",converged
44,42,scene_02_multi_obstacles,20260527,dls,21086,True,0.0008947210008045658,19,0.005781581183143573,0.0,2.3756363236781235,"[-3.8194213,-1.5226497,1.6279819,-1.4480406,-2.6583015,-0.0026247277]",converged
45,42,scene_02_multi_obstacles,20260527,dls,21087,True,0.0008730379995540716,19,0.006016014168071427,0.0,2.3898172603102537,"[-3.8182184,-1.5293466,1.6487378,-1.5087864,-2.6716299,-0.0047318322]",converged
46,42,scene_02_multi_obstacles,20260527,dls,21088,True,0.0008808560014585964,19,0.007560222694931224,0.0,2.371311973810495,"[-3.8119556,-1.5233847,1.6417031,-1.4242896,-2.745642,-0.0070084501]",converged
47,42,scene_02_multi_obstacles,20260527,dls,21089,True,0.0008502640012011398,19,0.008109184121834874,0.0,2.384083797762588,"[-3.8113685,-1.5304012,1.6620768,-1.4861509,-2.753124,0.014837038]",converged
48,42,scene_02_multi_obstacles,20260527,dls,21090,True,0.0008913419987948146,19,0.006500302791522765,0.0,2.380114630075207,"[-3.8138195,-1.5240524,1.6425153,-1.4521843,-2.7224444,-0.0078067911]",converged
49,42,scene_02_multi_obstacles,20260527,dls,21091,True,0.0009458679996896535,19,0.008538135961505237,0.0,2.3757237312975175,"[-3.811377,-1.5288366,1.6550965,-1.457849,-2.7523934,-0.0095701902]",converged
0,42,scene_02_multi_obstacles,20260527,lm,22042,True,0.0008734090006328188,19,0.008723162995446556,0.0,2.3654978263649915,"[-3.8123573,-1.5257683,1.6435267,-1.4225425,-2.7413572,0.022772635]",converged
1,42,scene_02_multi_obstacles,20260527,lm,22043,True,0.000875047997396905,19,0.006488227223106133,0.0,2.373135687350803,"[-3.8149202,-1.5215805,1.6327225,-1.4265865,-2.7101532,-0.0052997928]",converged
2,42,scene_02_multi_obstacles,20260527,lm,22044,True,0.0009742129986989312,19,0.006023062161983941,0.0,2.3844823086074163,"[-3.8153091,-1.5250016,1.6430343,-1.4688958,-2.7061094,-0.01574566]",converged
3,42,scene_02_multi_obstacles,20260527,lm,22045,True,0.0009988389974751044,19,0.010108641495814833,0.0,2.37274925778697,"[-3.8113472,-1.5336915,1.6638535,-1.4735416,-2.7530272,-0.029715015]",converged
4,42,scene_02_multi_obstacles,20260527,lm,22046,True,0.0008715000003576279,19,0.009339104352988983,0.0,2.369511055939601,"[-3.8109866,-1.5291103,1.6546196,-1.4438898,-2.7588462,-0.0096792016]",converged
5,42,scene_02_multi_obstacles,20260527,lm,22047,True,0.0009491899982094765,19,0.006589135506813985,0.0,2.3800494840960886,"[-3.8148626,-1.5250454,1.6424499,-1.4584461,-2.7109039,0.0050298318]",converged
6,42,scene_02_multi_obstacles,20260527,lm,22048,True,0.0010190879984293133,19,0.007258876352987034,0.0,2.374298935658201,"[-3.8150762,-1.5253508,1.6405686,-1.4472552,-2.708322,-0.0065954581]",converged
7,42,scene_02_multi_obstacles,20260527,lm,22049,True,0.0009611959976609796,19,0.006803219961409713,0.0,2.377222893985406,"[-3.8154803,-1.525089,1.6401027,-1.4529006,-2.7038552,6.2954741e-06]",converged
8,42,scene_02_multi_obstacles,20260527,lm,22050,True,0.0008847049975884147,19,0.00811155044019746,0.0,2.378063994175915,"[-3.814485,-1.5299859,1.6527235,-1.4766538,-2.7156556,0.0033209819]",converged
9,42,scene_02_multi_obstacles,20260527,lm,22051,True,0.0008846419987094123,19,0.009445517496224059,0.0,2.3632314862682007,"[-3.8118494,-1.5274084,1.6469648,-1.4241183,-2.7466207,0.050722035]",converged
10,42,scene_02_multi_obstacles,20260527,lm,22052,True,0.000881828000274254,19,0.005643310022241835,0.0,2.387079544362406,"[-3.8180886,-1.5265251,1.6419969,-1.4877567,-2.6743492,0.0077368557]",converged
11,42,scene_02_multi_obstacles,20260527,lm,22053,True,0.0009709879996080417,19,0.007387226291333758,0.0,2.3735536860317286,"[-3.8149281,-1.5254412,1.6408092,-1.4458044,-2.7099755,0.015545274]",converged
12,42,scene_02_multi_obstacles,20260527,lm,22054,True,0.0009231349977198988,20,0.0053348559906102695,0.0,2.3892196635392833,"[-3.8088562,-1.5203028,1.6483015,-1.4382067,-2.7922706,0.012913072]",converged
13,42,scene_02_multi_obstacles,20260527,lm,22055,True,0.0009148350000032224,19,0.00815754905444147,0.0,2.377924255056373,"[-3.8133857,-1.529386,1.6536153,-1.4708459,-2.7292846,0.032946555]",converged
14,42,scene_02_multi_obstacles,20260527,lm,22056,True,0.0009137570013990626,19,0.007328514955791308,0.0,2.3823735351790565,"[-3.8147416,-1.5288964,1.6515563,-1.4821374,-2.7122884,-0.02401288]",converged
15,42,scene_02_multi_obstacles,20260527,lm,22057,True,0.0008845170013955794,19,0.008157812646109869,0.0,2.3684684947853394,"[-3.8152605,-1.526446,1.6407363,-1.4404576,-2.7061321,0.016381787]",converged
16,42,scene_02_multi_obstacles,20260527,lm,22058,True,0.0008902990011847578,19,0.007625980705311638,0.0,2.3757735428497604,"[-3.8117821,-1.5254789,1.6476537,-1.4421101,-2.7497897,-0.01335262]",converged
17,42,scene_02_multi_obstacles,20260527,lm,22059,True,0.001101339999877382,19,0.006949859850401837,0.0,2.3863520700964673,"[-3.8146558,-1.5290275,1.6533664,-1.4914421,-2.7136109,0.0099917781]",converged
18,42,scene_02_multi_obstacles,20260527,lm,22060,True,0.0008766749997448642,19,0.008268029651715783,0.0,2.3757386996031546,"[-3.8163047,-1.5307037,1.6506797,-1.4808833,-2.6934125,-0.007962213]",converged
19,42,scene_02_multi_obstacles,20260527,lm,22061,True,0.0009570490001351573,19,0.007955981673571005,0.0,2.3697865915000205,"[-3.8122486,-1.5244497,1.6428722,-1.4260625,-2.7434142,-0.0033431634]",converged
20,42,scene_02_multi_obstacles,20260527,lm,22062,True,0.0009097820002352819,19,0.0076190659945828965,0.0,2.375657832169618,"[-3.814626,-1.5270991,1.6455948,-1.4576589,-2.7138844,-0.0046342362]",converged
21,42,scene_02_multi_obstacles,20260527,lm,22063,True,0.0008736929994483944,19,0.0098883197098035,0.0,2.374265051742757,"[-3.8149228,-1.535733,1.6618454,-1.496053,-2.7087684,0.01825403]",converged
22,42,scene_02_multi_obstacles,20260527,lm,22064,True,0.0008874279992596712,19,0.006187194944332627,0.0,2.3830809400017645,"[-3.8189895,-1.5275725,1.6411739,-1.485637,-2.6640801,-0.038637069]",converged
23,42,scene_02_multi_obstacles,20260527,lm,22065,True,0.0008651620009914041,19,0.007065821178374143,0.0,2.382424217011414,"[-3.8145136,-1.52777,1.6493574,-1.4752541,-2.7155775,-0.023871988]",converged
24,42,scene_02_multi_obstacles,20260527,lm,22066,True,0.0010260509989166167,19,0.007992059610915191,0.0,2.3791319533126627,"[-3.8124209,-1.5286674,1.6542398,-1.4670302,-2.7416453,-0.013079068]",converged
25,42,scene_02_multi_obstacles,20260527,lm,22067,True,0.0008788830018602312,19,0.009500304092540632,0.0,2.377000763877099,"[-3.8122405,-1.533506,1.66392,-1.4864496,-2.7417835,0.0033345672]",converged
26,42,scene_02_multi_obstacles,20260527,lm,22068,True,0.0008790500032773707,19,0.0050245222921647585,0.0,2.3836038735924183,"[-3.8191546,-1.5231003,1.6319739,-1.4660957,-2.6626999,0.037242344]",converged
27,42,scene_02_multi_obstacles,20260527,lm,22069,True,0.0008683129999553785,19,0.007920687883178396,0.0,2.375328652996095,"[-3.8140418,-1.5277391,1.6482256,-1.4592897,-2.7209309,0.0030394685]",converged
28,42,scene_02_multi_obstacles,20260527,lm,22070,True,0.0008811579973553307,19,0.006529832030484021,0.0,2.375641631677346,"[-3.816275,-1.5236912,1.6357475,-1.4459557,-2.6943468,0.02689603]",converged
29,42,scene_02_multi_obstacles,20260527,lm,22071,True,0.0008719270008441526,19,0.008422596516873772,0.0,2.3740923383800214,"[-3.8134417,-1.5288566,1.6510443,-1.4599812,-2.728039,-0.0085375348]",converged
30,42,scene_02_multi_obstacles,20260527,lm,22072,True,0.0009798939972824883,19,0.007169049518677057,0.0,2.3787919558953203,"[-3.8144929,-1.526599,1.6458042,-1.4618775,-2.7153324,0.037776923]",converged
31,42,scene_02_multi_obstacles,20260527,lm,22073,True,0.000904286000150023,19,0.008031039815241706,0.0,2.3787449699492136,"[-3.813691,-1.5294138,1.6534723,-1.4739038,-2.7254205,0.017193004]",converged
32,42,scene_02_multi_obstacles,20260527,lm,22074,True,0.00088632999904803,19,0.007339035450778584,0.0,2.381527106773915,"[-3.8161529,-1.5295297,1.6499258,-1.4863312,-2.6956823,0.015935247]",converged
33,42,scene_02_multi_obstacles,20260527,lm,22075,True,0.0008752030007599387,19,0.007352289706526107,0.0,2.3828112386084013,"[-3.8133411,-1.5282806,1.6529029,-1.475962,-2.7299608,-0.0080061336]",converged
34,42,scene_02_multi_obstacles,20260527,lm,22076,True,0.0008869230005075224,19,0.006961123177293088,0.0,2.3819154405398995,"[-3.8142062,-1.5269166,1.6481711,-1.4697803,-2.7191031,-0.024445594]",converged
35,42,scene_02_multi_obstacles,20260527,lm,22077,True,0.0008864900009939447,19,0.008866948131106158,0.0,2.370350232727875,"[-3.8119575,-1.528176,1.6510052,-1.4438906,-2.7464725,0.040466281]",converged
36,42,scene_02_multi_obstacles,20260527,lm,22078,True,0.0009191140015900601,19,0.00940539113789277,0.0,2.3683295767461705,"[-3.8130205,-1.5300702,1.6520955,-1.4519367,-2.7316547,0.021510525]",converged
37,42,scene_02_multi_obstacles,20260527,lm,22079,True,0.0008971810020739213,19,0.008399831100264592,0.0,2.374688026265143,"[-3.812527,-1.5284642,1.6521992,-1.4570784,-2.7393688,0.023564368]",converged
38,42,scene_02_multi_obstacles,20260527,lm,22080,True,0.000927468001464149,19,0.006708391987217751,0.0,2.372278910415115,"[-3.8153213,-1.5223089,1.633352,-1.4294393,-2.7054719,0.020861293]",converged
39,42,scene_02_multi_obstacles,20260527,lm,22081,True,0.0009182559988403227,19,0.007422723883233021,0.0,2.3819035286966788,"[-3.8157536,-1.5297614,1.6511934,-1.4871496,-2.7005111,-0.015268165]",converged
40,42,scene_02_multi_obstacles,20260527,lm,22082,True,0.0008816250010568183,19,0.010709947928274057,0.0,2.36729969067883,"[-3.8112107,-1.5337336,1.662251,-1.4613227,-2.7537296,-0.017510707]",converged
41,42,scene_02_multi_obstacles,20260527,lm,22083,True,0.0008729399996809661,19,0.009362425384156119,0.0,2.365520601686258,"[-3.8128956,-1.5286382,1.6483227,-1.4382252,-2.7332805,0.0055388577]",converged
42,42,scene_02_multi_obstacles,20260527,lm,22084,True,0.0008952030002546962,19,0.007499533663872047,0.0,2.379141485534757,"[-3.8154218,-1.5286311,1.6486559,-1.4752811,-2.7040632,0.010562986]",converged
43,42,scene_02_multi_obstacles,20260527,lm,22085,True,0.0009724219999043271,19,0.007284693889061367,0.0,2.378693039132625,"[-3.8166607,-1.5284221,1.6456902,-1.4758458,-2.6894818,0.02036749]",converged
44,42,scene_02_multi_obstacles,20260527,lm,22086,True,0.00086032200124464,19,0.0070488516086293414,0.0,2.383367783081714,"[-3.8146154,-1.5281614,1.6504139,-1.4799928,-2.7139664,0.031558762]",converged
45,42,scene_02_multi_obstacles,20260527,lm,22087,True,0.00086139499762794,19,0.005135443514180744,0.0,2.3759995495671777,"[-3.8205743,-1.5208168,1.6223132,-1.4414673,-2.6476652,0.019666694]",converged
46,42,scene_02_multi_obstacles,20260527,lm,22088,True,0.0008741450001252815,19,0.007463569136069965,0.0,2.374308831357636,"[-3.813477,-1.5252159,1.6432238,-1.4423688,-2.7277911,-0.006416472]",converged
47,42,scene_02_multi_obstacles,20260527,lm,22089,True,0.0009276290002162568,19,0.007590979963426942,0.0,2.379513817786258,"[-3.8145372,-1.5285914,1.6502101,-1.4732998,-2.7150238,-0.013360306]",converged
48,42,scene_02_multi_obstacles,20260527,lm,22090,True,0.000865810001414502,19,0.008288736869872582,0.0,2.373594320677025,"[-3.8125791,-1.52757,1.6500357,-1.4505166,-2.7392797,0.0010492406]",converged
49,42,scene_02_multi_obstacles,20260527,lm,22091,True,0.0010852279992832337,19,0.006297664696269075,0.0,2.384683830736637,"[-3.8164446,-1.526964,1.6450336,-1.4812812,-2.69265,0.010475578]",converged
0,42,scene_02_multi_obstacles,20260527,scipy_baseline,23042,True,0.00672420999762835,32,6.848630348418638e-10,0.0,2.5420477038923655,"[-3.8067632,-1.477486,1.8483606,-1.9916754,-3.4563865,-2.0628693]",`gtol` termination condition is satisfied.
1,42,scene_02_multi_obstacles,20260527,scipy_baseline,23043,True,0.009228340000845492,42,3.6186932184070974e-09,0.0,3.9615222647200152,"[-0.3311851,-2.9719126,1.0180672,0.59142373,-1.6286758,-4.5198708]",`gtol` termination condition is satisfied.
2,42,scene_02_multi_obstacles,20260527,scipy_baseline,23044,True,0.0078124809988366906,38,3.1773712513763613e-10,0.0,2.5604070075728464,"[-3.8061345,-1.3939332,1.8493775,-2.4836657,-3.4460017,-5.2635285]",`gtol` termination condition is satisfied.
3,42,scene_02_multi_obstacles,20260527,scipy_baseline,23045,True,0.0075355070002842695,35,3.6667081546754766e-09,0.0,2.7533798340549525,"[-0.33517014,-3.0583641,1.5484004,1.4082543,-1.6481867,2.9027521]",`gtol` termination condition is satisfied.
4,42,scene_02_multi_obstacles,20260527,scipy_baseline,23046,True,0.006466508999437792,32,1.6382170637627103e-09,0.0,2.9058547787969817,"[-0.46472054,-3.0504839,1.4005683,1.4365886,-2.3735551,4.8593692]",`gtol` termination condition is satisfied.
5,42,scene_02_multi_obstacles,20260527,scipy_baseline,23047,True,0.006567150001501432,32,2.989348992344099e-13,0.0,2.5542148594335647,"[-3.9952911,-1.5398054,2.0061114,-3.3276588,-1.5853493,-1.14913]",`gtol` termination condition is satisfied.
6,42,scene_02_multi_obstacles,20260527,scipy_baseline,23048,True,0.006937109999853419,34,2.391935145226406e-08,0.0,2.5415100573880594,"[-3.7970034,-1.4966866,1.8086709,-2.0207202,-3.138966,1.2744787]",`gtol` termination condition is satisfied.
7,42,scene_02_multi_obstacles,20260527,scipy_baseline,23049,True,0.007853082002839074,38,1.3216524236909423e-08,0.0,2.5573513911934382,"[-3.7993009,-1.449351,1.8438792,-2.2847449,-3.2938817,0.5606751]",`gtol` termination condition is satisfied.
8,42,scene_02_multi_obstacles,20260527,scipy_baseline,23050,True,0.0064462440022907685,32,1.3387618108098162e-10,0.0,2.551678796878133,"[-3.7972649,-1.4687506,1.8336872,-2.3346843,-3.0902021,0.56023303]",`gtol` termination condition is satisfied.
9,42,scene_02_multi_obstacles,20260527,scipy_baseline,23051,True,0.007749767999484902,38,1.404724978500094e-08,0.0,3.0962295198572622,"[-3.9570301,-0.99749648,1.3279629,-3.5957836,1.7740248,-0.59975146]",`gtol` termination condition is satisfied.
10,42,scene_02_multi_obstacles,20260527,scipy_baseline,23052,True,0.009132162002060795,40,1.3268238161626702e-13,0.0,2.529442013558281,"[-3.8122491,-1.5049254,1.839995,-2.477831,-2.7472698,0.84349216]",`gtol` termination condition is satisfied.
11,42,scene_02_multi_obstacles,20260527,scipy_baseline,23053,True,0.0050799849996110424,23,4.318939555001739e-10,0.0,2.2552594900582448,"[-3.8822295,-1.4835327,1.4773426,0.12207562,-4.1028063,0.57203263]",`gtol` termination condition is satisfied.
12,42,scene_02_multi_obstacles,20260527,scipy_baseline,23054,True,0.009346396000182722,42,7.446816691840693e-11,0.0,2.5389173861888428,"[-3.797992,-1.4942736,1.8149013,-1.9598881,-3.2414554,0.015969276]",`gtol` termination condition is satisfied.
13,42,scene_02_multi_obstacles,20260527,scipy_baseline,23055,False,0.009277268000005279,34,0.04599802902489939,0.0,2.72030900125445,"[-6.28319,-3.0857964,1.577747,1.7119073,-6.2831695,-4.3159591]",`ftol` termination condition is satisfied.
14,42,scene_02_multi_obstacles,20260527,scipy_baseline,23056,True,0.0070183199968596455,33,1.2427964137154856e-09,0.0,2.6618172620393485,"[-4.0923859,-1.6453195,1.9741,4.9642558,1.1024891,0.070633442]",`gtol` termination condition is satisfied.
15,42,scene_02_multi_obstacles,20260527,scipy_baseline,23057,True,0.0066348420004942454,33,2.1490580663894946e-13,0.0,2.554623007678633,"[-3.7970798,-1.4646292,1.8351953,-2.2854115,-3.1694581,-1.7126051]",`gtol` termination condition is satisfied.
16,42,scene_02_multi_obstacles,20260527,scipy_baseline,23058,False,0.005907218001084402,15,0.04599802948330131,0.0,2.605623100970997,"[-6.28319,-3.0995315,1.6527793,1.9009884,-6.2831873,4.1409956]",`ftol` termination condition is satisfied.
17,42,scene_02_multi_obstacles,20260527,scipy_baseline,23059,True,0.007221749001473654,28,3.760355382513719e-09,0.0,3.4009925736206292,"[-0.19041793,-3.0092626,1.2734607,0.90802554,-0.90909551,3.6610221]",`gtol` termination condition is satisfied.
18,42,scene_02_multi_obstacles,20260527,scipy_baseline,23060,True,0.008685565000632778,35,2.87438398300547e-10,0.0,2.2834171786733193,"[-3.8031266,-1.36789,1.3667822,-0.49338129,-2.8926164,-4.6867006]",`gtol` termination condition is satisfied.
19,42,scene_02_multi_obstacles,20260527,scipy_baseline,23061,True,0.004672057999414392,24,3.817564805662673e-11,0.0,2.5444986804901766,"[-3.7996542,-1.4975624,1.8155455,-2.2058014,-2.9779946,-2.3349074]",`gtol` termination condition is satisfied.
20,42,scene_02_multi_obstacles,20260527,scipy_baseline,23062,True,0.00510983300046064,22,2.5386998059069152e-09,0.0,2.630125217162396,"[-4.0474963,-1.6387355,1.9713475,-2.8252769,-1.3306966,1.1440763]",`gtol` termination condition is satisfied.
21,42,scene_02_multi_obstacles,20260527,scipy_baseline,23063,True,0.005414941999333678,26,2.5968617138113302e-09,0.0,2.4931986087808697,"[-3.8663875,-1.5845196,1.777998,-2.1505491,-2.2805609,0.39007611]",`gtol` termination condition is satisfied.
22,42,scene_02_multi_obstacles,20260527,scipy_baseline,23064,True,0.007156963998568244,29,4.2734006726027053e-10,0.0,3.447285381084684,"[-0.24474164,-3.0435145,1.0459265,0.31366588,-1.2037329,-1.7027928]",`gtol` termination condition is satisfied.
23,42,scene_02_multi_obstacles,20260527,scipy_baseline,23065,True,0.00535520700213965,28,2.367279513325908e-09,0.0,2.5191120365734827,"[-3.8192296,-1.5039134,1.8560136,-2.6122208,-2.6641041,-0.031853258]",`gtol` termination condition is satisfied.
24,42,scene_02_multi_obstacles,20260527,scipy_baseline,23066,False,0.014925810999557143,53,0.04599802909880629,0.0,2.5779935899446076,"[-6.28319,-3.2416142,1.4262499,0.45508916,4.5321402e-06,6.2203579]",`ftol` termination condition is satisfied.
25,42,scene_02_multi_obstacles,20260527,scipy_baseline,23067,True,0.006065269000828266,26,2.4050402489280915e-11,0.0,2.7959273347902664,"[-0.23121484,-3.0737015,1.6040628,1.4492375,-1.1340256,4.8762565]",`gtol` termination condition is satisfied.
26,42,scene_02_multi_obstacles,20260527,scipy_baseline,23068,False,0.00796085399997537,19,0.045998029158305205,0.0,2.385183448707541,"[-6.28319,-3.5322809,1.7938672,-1.0093428,-6.2831775,3.3619101]",`ftol` termination condition is satisfied.
27,42,scene_02_multi_obstacles,20260527,scipy_baseline,23069,True,0.007196092999947723,33,3.737185958525616e-09,0.0,2.570946530191854,"[-3.8181171,-1.3056992,1.8149174,-2.7637664,-3.6067626,0.56257544]",`gtol` termination condition is satisfied.
28,42,scene_02_multi_obstacles,20260527,scipy_baseline,23070,True,0.008475703998556128,40,8.124529207953587e-09,0.0,2.537121435034217,"[-0.46508608,-3.1703255,1.6727599,1.9301928,-2.3761946,-3.4461832]",`gtol` termination condition is satisfied.
29,42,scene_02_multi_obstacles,20260527,scipy_baseline,23071,True,0.007057249000354204,34,1.7263373793373344e-08,0.0,2.492897875410575,"[-3.8018284,-1.521466,1.7340113,-1.7544422,-2.9206931,0.030422045]",`gtol` termination condition is satisfied.
30,42,scene_02_multi_obstacles,20260527,scipy_baseline,23072,True,0.006794462002289947,34,1.4161498626935889e-09,0.0,2.5205672847479503,"[-3.8249898,-1.5433598,1.8047456,-2.2468467,-2.6045002,-0.012688058]",`gtol` termination condition is satisfied.
31,42,scene_02_multi_obstacles,20260527,scipy_baseline,23073,True,0.0057206459969165735,27,7.823294539464298e-10,0.0,2.50574746288729,"[-3.8028763,-1.4172825,1.8499752,-2.8795758,-2.8977815,2.2642026]",`gtol` termination condition is satisfied.
32,42,scene_02_multi_obstacles,20260527,scipy_baseline,23074,True,0.006154323000373552,31,2.6027061437442957e-11,0.0,2.5359217318229685,"[-3.8072548,-1.5130289,1.8152671,-2.2697548,-2.818904,2.4407372]",`gtol` termination condition is satisfied.
33,42,scene_02_multi_obstacles,20260527,scipy_baseline,23075,True,0.006881085002532927,35,1.3821784170264892e-12,0.0,2.539521154468495,"[-3.8043658,-1.5034415,1.8213711,-2.3024611,-2.8684467,0.011843264]",`gtol` termination condition is satisfied.
34,42,scene_02_multi_obstacles,20260527,scipy_baseline,23076,True,0.00656591799997841,34,1.3140171136581579e-11,0.0,2.5305099896359,"[-3.8014046,-1.5150686,1.7863736,-2.0260969,-2.9306525,-1.1678657]",`gtol` termination condition is satisfied.
35,42,scene_02_multi_obstacles,20260527,scipy_baseline,23077,True,0.009318366999650607,42,1.5008769274255106e-09,0.0,2.892875378663812,"[-0.1830118,-3.066783,1.5666669,1.4197498,-0.8646925,3.5508236]",`gtol` termination condition is satisfied.
36,42,scene_02_multi_obstacles,20260527,scipy_baseline,23078,True,0.008582876998843858,37,3.430956795257792e-09,0.0,2.5208008017639227,"[-3.8293447,-1.5316694,1.8478759,-2.5124389,-2.5631634,-4.5355393]",`gtol` termination condition is satisfied.
37,42,scene_02_multi_obstacles,20260527,scipy_baseline,23079,True,0.007300156998098828,35,4.2592629800080775e-09,0.0,2.4722374548992803,"[-3.817383,-1.5349049,1.7058114,-1.7720817,-2.6847201,-0.13694412]",`gtol` termination condition is satisfied.
38,42,scene_02_multi_obstacles,20260527,scipy_baseline,23080,True,0.006122407001385,28,3.95387943481951e-11,0.0,2.5336022430235383,"[-3.8011256,-1.49455,1.8232455,-1.8945435,-3.3457152,-1.7781538]",`gtol` termination condition is satisfied.
39,42,scene_02_multi_obstacles,20260527,scipy_baseline,23081,True,0.008601374000136275,42,1.926964694222131e-15,0.0,2.486796245127607,"[-3.8704132,-1.5771391,1.8640744,-1.2215182,-4.028864,5.5250002]",`gtol` termination condition is satisfied.
40,42,scene_02_multi_obstacles,20260527,scipy_baseline,23082,True,0.0059152850008104,29,1.3234359146538812e-09,0.0,3.145572828211815,"[-3.9917032,-0.9954489,1.3020198,-3.6432685,1.6028382,1.1285521]",`gtol` termination condition is satisfied.
41,42,scene_02_multi_obstacles,20260527,scipy_baseline,23083,True,0.0048107109978445806,25,5.371967195150375e-09,0.0,2.469704981850554,"[-3.8062621,-1.5233916,1.7025943,-1.6743242,-2.8350487,-0.034334954]",`gtol` termination condition is satisfied.
42,42,scene_02_multi_obstacles,20260527,scipy_baseline,23084,True,0.008216469999752007,40,1.3909557971577595e-11,0.0,2.5407198388150882,"[-3.8010296,-1.4871739,1.8300356,-1.96629,-3.3433182,-0.003647363]",`gtol` termination condition is satisfied.
43,42,scene_02_multi_obstacles,20260527,scipy_baseline,23085,True,0.005785107998235617,28,1.3388024339352014e-10,0.0,2.5417894063206052,"[-3.7983813,-1.4500341,1.8421202,-2.5420159,-3.0236911,-0.098301509]",`gtol` termination condition is satisfied.
44,42,scene_02_multi_obstacles,20260527,scipy_baseline,23086,True,0.0058799030011869036,29,3.941717256953015e-11,0.0,2.4705622477744127,"[-3.8018936,-1.5194904,1.7081079,-1.6386758,-2.9191995,1.0960284]",`gtol` termination condition is satisfied.
45,42,scene_02_multi_obstacles,20260527,scipy_baseline,23087,True,0.008399645001190947,41,5.5391742753066074e-09,0.0,2.547592281318193,"[-3.7978248,-1.4598029,1.8384909,-2.4448518,-3.0505688,0.046114886]",`gtol` termination condition is satisfied.
46,42,scene_02_multi_obstacles,20260527,scipy_baseline,23088,True,0.007789366998622427,32,3.591279116892557e-13,0.0,2.4874422395351163,"[-3.8076744,-1.5275573,1.7243255,-1.7812345,-2.8123102,0.0010251945]",`gtol` termination condition is satisfied.
47,42,scene_02_multi_obstacles,20260527,scipy_baseline,23089,True,0.00575684000068577,27,8.268656816233177e-09,0.0,2.371931196508609,"[-4.0812883,-1.5419493,1.5200725,0.22436239,-5.122701,-0.6357347]",`gtol` termination condition is satisfied.
48,42,scene_02_multi_obstacles,20260527,scipy_baseline,23090,True,0.01279721100218012,41,9.983576409046755e-13,0.0,2.579570112244858,"[-4.008015,-1.6577113,1.8814481,5.411329,-4.7597188,-5.5401896]",`gtol` termination condition is satisfied.
49,42,scene_02_multi_obstacles,20260527,scipy_baseline,23091,True,0.006080143997678533,30,3.213419431787968e-08,0.0,2.6871561766906393,"[-4.2113821,-1.5457741,1.9828738,-2.6724905,-0.045775146,0.1052871]",`gtol` termination condition is satisfied.
0,42,scene_03_narrow_passage,20260528,pinv,30042,True,0.0009252419986296445,14,0.006523244273331502,0.0,2.752086363776096,"[-3.2451156,-1.2776742,1.4055567,-1.6607059,-2.084566,-0.034634063]",converged
1,42,scene_03_narrow_passage,20260528,pinv,30043,True,0.0009357380004075821,14,0.004344682981917583,0.0,2.76402581115804,"[-3.2485992,-1.2768295,1.4052467,-1.6783345,-2.0635966,0.0077509335]",converged
2,42,scene_03_narrow_passage,20260528,pinv,30044,True,0.0009431190010218415,14,0.004604634012076573,0.0,2.760642714663237,"[-3.2490638,-1.2765597,1.4036522,-1.6721103,-2.0598337,0.01111286]",converged
3,42,scene_03_narrow_passage,20260528,pinv,30045,True,0.0009124569987761788,14,0.004861016465633266,0.0,2.76139887670236,"[-3.2447769,-1.2727035,1.3977191,-1.6521996,-2.0897277,-0.037105906]",converged
4,42,scene_03_narrow_passage,20260528,pinv,30046,True,0.0008842440001899377,14,0.0052708190788840256,0.0,2.7621410208352017,"[-3.249251,-1.2829502,1.4188313,-1.7074539,-2.0580452,0.0079464745]",converged
5,42,scene_03_narrow_passage,20260528,pinv,30047,True,0.0008963550026237499,14,0.007226927704535187,0.0,2.750300268186199,"[-3.2456786,-1.2822161,1.4151119,-1.6809574,-2.079961,-0.038938659]",converged
6,42,scene_03_narrow_passage,20260528,pinv,30048,True,0.0008924400026444346,14,0.005049663346621026,0.0,2.7530067429624223,"[-3.2517168,-1.2768425,1.3996133,-1.6594291,-2.0415118,-0.028135979]",converged
7,42,scene_03_narrow_passage,20260528,pinv,30049,True,0.0008929240029829089,14,0.006047560193326451,0.0,2.758985692660874,"[-3.2443327,-1.2789577,1.4117102,-1.6799389,-2.09159,0.023882878]",converged
8,42,scene_03_narrow_passage,20260528,pinv,30050,True,0.0008967379981186241,14,0.005168030555745212,0.0,2.758744484544002,"[-3.2499326,-1.2803024,1.4107336,-1.6869845,-2.0538646,0.015303251]",converged
9,42,scene_03_narrow_passage,20260528,pinv,30051,True,0.0009016549993248191,14,0.00706337863342277,0.0,2.7498046640143365,"[-3.2467685,-1.282194,1.4143876,-1.6807788,-2.072236,0.016594714]",converged
10,42,scene_03_narrow_passage,20260528,pinv,30052,True,0.0009394039989274461,14,0.0047499186313130215,0.0,2.769011726760511,"[-3.2456437,-1.279719,1.415736,-1.7017543,-2.083974,0.023121376]",converged
11,42,scene_03_narrow_passage,20260528,pinv,30053,True,0.0009377239985042252,14,0.004777819970375834,0.0,2.76655484788122,"[-3.2468999,-1.2797513,1.4144539,-1.6985075,-2.0750239,0.038860454]",converged
12,42,scene_03_narrow_passage,20260528,pinv,30054,True,0.000852617002237821,13,0.011551851239745167,0.0,2.7219331495948667,"[-3.2483439,-1.2931776,1.4282765,-1.6852208,-2.0523938,-0.011715631]",converged
13,42,scene_03_narrow_passage,20260528,pinv,30055,True,0.0012634060003620107,14,0.005328632756161133,0.0,2.7556444975740098,"[-3.2511252,-1.2805321,1.4095631,-1.6831509,-2.0449693,-0.0083823344]",converged
14,42,scene_03_narrow_passage,20260528,pinv,30056,True,0.0008949639995989855,13,0.00952940349083552,0.0,2.738067912459813,"[-3.2460754,-1.289109,1.4255595,-1.6925923,-2.0713592,-0.021740927]",converged
15,42,scene_03_narrow_passage,20260528,pinv,30057,True,0.0012621329988178331,13,0.011978014021618142,0.0,2.717598269959774,"[-3.247351,-1.2910948,1.4217933,-1.6648257,-2.0587555,-0.049638764]",converged
16,42,scene_03_narrow_passage,20260528,pinv,30058,True,0.0009080310010176618,14,0.005266860003336466,0.0,2.7589907188166043,"[-3.245146,-1.2742905,1.4006387,-1.6568334,-2.0867063,0.024632882]",converged
17,42,scene_03_narrow_passage,20260528,pinv,30059,True,0.0011176869993505534,14,0.004481528357046381,0.0,2.759226067510575,"[-3.2507882,-1.2767877,1.4020272,-1.6698548,-2.0480773,0.0078380689]",converged
18,42,scene_03_narrow_passage,20260528,pinv,30060,True,0.0010161840000364464,14,0.005501192636392514,0.0,2.766949761197719,"[-3.2446154,-1.2819821,1.421835,-1.7114865,-2.0900109,0.02002707]",converged
19,42,scene_03_narrow_passage,20260528,pinv,30061,True,0.0009926599996106233,14,0.005275929720726968,0.0,2.7568405744665663,"[-3.2485474,-1.2774899,1.4046832,-1.6694391,-2.0631025,-0.00087393012]",converged
20,42,scene_03_narrow_passage,20260528,pinv,30062,True,0.0009108289996220265,14,0.004832278674082121,0.0,2.757283202502066,"[-3.2505038,-1.2773654,1.403299,-1.6701229,-2.0498112,0.0062783696]",converged
21,42,scene_03_narrow_passage,20260528,pinv,30063,True,0.0008938060018408578,14,0.004578019830356729,0.0,2.7615000684857187,"[-3.2483291,-1.2759885,1.402702,-1.6696741,-2.0649964,-0.014352918]",converged
22,42,scene_03_narrow_passage,20260528,pinv,30064,True,0.0009276519995182753,14,0.0053801508055370435,0.0,2.760809270029979,"[-3.2441792,-1.2753113,1.404245,-1.6648976,-2.0936454,-0.001412637]",converged
23,42,scene_03_narrow_passage,20260528,pinv,30065,True,0.0009095239984162617,14,0.007110970839550636,0.0,2.7543055743172644,"[-3.2448434,-1.2835206,1.4200488,-1.6947446,-2.0857502,-0.0082294317]",converged
24,42,scene_03_narrow_passage,20260528,pinv,30066,True,0.000919272999453824,14,0.00474923254892595,0.0,2.7608857162184406,"[-3.2490048,-1.2777429,1.406201,-1.677844,-2.0602683,0.027924238]",converged
25,42,scene_03_narrow_passage,20260528,pinv,30067,True,0.000912334999156883,14,0.004936762517353025,0.0,2.7566340488212338,"[-3.2503341,-1.2772755,1.4026245,-1.6676472,-2.0510458,-0.0077816348]",converged
26,42,scene_03_narrow_passage,20260528,pinv,30068,True,0.0010105000001203734,13,0.011599360121280843,0.0,2.7191657847315214,"[-3.2476015,-1.2901669,1.4208931,-1.6650474,-2.0569655,0.012123148]",converged
27,42,scene_03_narrow_passage,20260528,pinv,30069,True,0.0008341579996340442,13,0.011677713127124203,0.0,2.721309320351346,"[-3.2511107,-1.2970416,1.4347141,-1.7027149,-2.0334763,-0.030922963]",converged
28,42,scene_03_narrow_passage,20260528,pinv,30070,True,0.0008922220004023984,14,0.004541635768492282,0.0,2.7631807790065084,"[-3.2477466,-1.2763724,1.4047255,-1.6749355,-2.0690001,0.016590405]",converged
29,42,scene_03_narrow_passage,20260528,pinv,30071,True,0.0008892119985830504,14,0.0059354183826813,0.0,2.754872522587983,"[-3.2490403,-1.2814143,1.4127141,-1.6859502,-2.0587246,0.022949937]",converged
30,42,scene_03_narrow_passage,20260528,pinv,30072,True,0.0009412860017619096,14,0.004322648015016977,0.0,2.766841395150831,"[-3.2495625,-1.2804481,1.4140852,-1.7025139,-2.0564662,0.0058387255]",converged
31,42,scene_03_narrow_passage,20260528,pinv,30073,True,0.0009100300012505613,14,0.005039285376720563,0.0,2.755346064163593,"[-3.2478682,-1.2732166,1.3947714,-1.6449301,-2.0678667,0.028376816]",converged
32,42,scene_03_narrow_passage,20260528,pinv,30074,True,0.0009111190011026338,14,0.0049433362447324335,0.0,2.7537407849405864,"[-3.2524935,-1.2778674,1.4019945,-1.6666598,-2.0360995,0.0008622664]",converged
33,42,scene_03_narrow_passage,20260528,pinv,30075,True,0.0010616969993861858,14,0.004508015219488257,0.0,2.755060913284307,"[-3.2529533,-1.2763198,1.3982671,-1.6606502,-2.0331926,-0.032407085]",converged
34,42,scene_03_narrow_passage,20260528,pinv,30076,True,0.0009007029984786641,14,0.004820146377792411,0.0,2.7656400751928367,"[-3.2452248,-1.2768573,1.4083808,-1.68116,-2.0865445,-0.014300031]",converged
35,42,scene_03_narrow_passage,20260528,pinv,30077,True,0.000908559999516001,14,0.0047891783389952605,0.0,2.7682953275414772,"[-3.2438612,-1.2768894,1.4106056,-1.6864704,-2.0960343,0.0071733375]",converged
36,42,scene_03_narrow_passage,20260528,pinv,30078,True,0.0009305759995186236,14,0.004977325419217591,0.0,2.756784086704417,"[-3.2457843,-1.2708493,1.3915436,-1.6355034,-2.0827785,-0.023949136]",converged
37,42,scene_03_narrow_passage,20260528,pinv,30079,True,0.0008544280026399065,13,0.010271755407496514,0.0,2.7272008189246835,"[-3.2488709,-1.2890728,1.4195559,-1.6724946,-2.0505899,-0.020870172]",converged
38,42,scene_03_narrow_passage,20260528,pinv,30080,True,0.0009648790000937879,14,0.006490008874739646,0.0,2.758749487001831,"[-3.2488529,-1.2881348,1.4297113,-1.7274196,-2.0591093,-0.014886197]",converged
39,42,scene_03_narrow_passage,20260528,pinv,30081,True,0.001242803999048192,14,0.004579983481197383,0.0,2.7607483067141847,"[-3.2503983,-1.2783403,1.406476,-1.6805934,-2.050712,0.0074989745]",converged
40,42,scene_03_narrow_passage,20260528,pinv,30082,True,0.0010291399994457606,14,0.005222950206781796,0.0,2.7598247333097476,"[-3.2485173,-1.2796706,1.4110862,-1.6865889,-2.0636299,0.0096640905]",converged
41,42,scene_03_narrow_passage,20260528,pinv,30083,True,0.0009475970000494272,14,0.004871188970584472,0.0,2.760392041843803,"[-3.2495975,-1.2790913,1.4088441,-1.6841645,-2.0558616,-0.0159022]",converged
42,42,scene_03_narrow_passage,20260528,pinv,30084,True,0.0009089849991141818,14,0.006304427881854171,0.0,2.7493252383735394,"[-3.2482289,-1.2781563,1.4039943,-1.6596616,-2.0635649,0.016246985]",converged
43,42,scene_03_narrow_passage,20260528,pinv,30085,True,0.0008867120013746899,14,0.00559737434931939,0.0,2.7590867526400387,"[-3.2458643,-1.2779973,1.4088778,-1.67649,-2.0813244,-0.047696244]",converged
44,42,scene_03_narrow_passage,20260528,pinv,30086,True,0.001188352001918247,14,0.0052807391822170275,0.0,2.7572571484184696,"[-3.2468909,-1.2754973,1.4018691,-1.6608623,-2.0744762,-0.0027337406]",converged
45,42,scene_03_narrow_passage,20260528,pinv,30087,True,0.001017074999253964,14,0.004855142404899787,0.0,2.7529494569485,"[-3.2531349,-1.2773768,1.4001644,-1.6628666,-2.0315656,0.017942211]",converged
46,42,scene_03_narrow_passage,20260528,pinv,30088,True,0.0008710709989827592,13,0.01149373760932465,0.0,2.7231893386974884,"[-3.2468948,-1.2917121,1.425003,-1.6770686,-2.0625437,0.0080186681]",converged
47,42,scene_03_narrow_passage,20260528,pinv,30089,True,0.0008903250018192921,14,0.00469298212919985,0.0,2.761232409691191,"[-3.2484671,-1.2768497,1.4046882,-1.6739757,-2.0640512,-0.038877848]",converged
48,42,scene_03_narrow_passage,20260528,pinv,30090,True,0.0009203480003634468,14,0.005290080477176408,0.0,2.760935657548747,"[-3.246667,-1.2784594,1.4098693,-1.6819927,-2.0762053,-0.01346961]",converged
49,42,scene_03_narrow_passage,20260528,pinv,30091,True,0.0009084459998121019,14,0.006686321052466815,0.0,2.747392603314089,"[-3.251423,-1.2837945,1.413631,-1.6839711,-2.0408922,0.02086578]",converged
0,42,scene_03_narrow_passage,20260528,dls,31042,True,0.0006475449990830384,14,0.006746296640606243,0.0,2.748531924218657,"[-3.2544746,-1.2889688,1.4247841,-1.7128916,-2.0253246,0.039999624]",converged
1,42,scene_03_narrow_passage,20260528,dls,31043,True,0.0006630490024690516,14,0.005832518484560834,0.0,2.751096793800271,"[-3.2488099,-1.2766466,1.4007412,-1.6541462,-2.0648487,0.015189698]",converged
2,42,scene_03_narrow_passage,20260528,dls,31044,True,0.0006913670003996231,14,0.005719924730081747,0.0,2.7476021756132765,"[-3.2527027,-1.2782648,1.4007432,-1.6568674,-2.037962,0.0031553809]",converged
3,42,scene_03_narrow_passage,20260528,dls,31045,True,0.0006742599980498198,13,0.01147828761870885,0.0,2.7182079062405737,"[-3.2570524,-1.3002445,1.4377041,-1.7122357,-2.0013584,-0.011989305]",converged
4,42,scene_03_narrow_passage,20260528,dls,31046,True,0.000893612999789184,14,0.0069427765323206115,0.0,2.7464678589914184,"[-3.2465939,-1.2777319,1.4036293,-1.6517237,-2.0793641,-0.021332241]",converged
5,42,scene_03_narrow_passage,20260528,dls,31047,True,0.0006432070003938861,14,0.005104094827219384,0.0,2.750656697072616,"[-3.2581748,-1.2838766,1.411086,-1.6905154,-2.001083,-0.013229206]",converged
6,42,scene_03_narrow_passage,20260528,dls,31048,True,0.002074117997835856,14,0.006460810787552868,0.0,2.745513808739174,"[-3.25347,-1.2830831,1.4105299,-1.6771614,-2.0321458,-0.018640634]",converged
7,42,scene_03_narrow_passage,20260528,dls,31049,True,0.0017620680009713396,14,0.006206052520738501,0.0,2.7439348333263602,"[-3.2545495,-1.2812869,1.4054498,-1.6660584,-2.0248876,0.0099460098]",converged
8,42,scene_03_narrow_passage,20260528,dls,31050,True,0.0014082640009291936,14,0.006299605436915089,0.0,2.749883294979495,"[-3.2493703,-1.2799882,1.4078105,-1.6693436,-2.0605672,0.01361852]",converged
9,42,scene_03_narrow_passage,20260528,dls,31051,True,0.0007779749976180028,14,0.005690271977551042,0.0,2.7577274969087635,"[-3.2439712,-1.274318,1.4009958,-1.6531134,-2.0982674,0.0097934818]",converged
10,42,scene_03_narrow_passage,20260528,dls,31052,True,0.0006542070004798006,14,0.007700344048783081,0.0,2.74768910092368,"[-3.2459454,-1.2834344,1.417622,-1.6825133,-2.0842784,0.010574745]",converged
11,42,scene_03_narrow_passage,20260528,dls,31053,True,0.0007920080024632625,14,0.0065606326090621985,0.0,2.747888576174419,"[-3.2493786,-1.2801617,1.4075447,-1.6665766,-2.0606282,0.018198338]",converged
12,42,scene_03_narrow_passage,20260528,dls,31054,True,0.0007143350012484007,14,0.005914539818805274,0.0,2.7504844811559623,"[-3.2488634,-1.2768049,1.4008565,-1.6538659,-2.064324,0.0001491189]",converged
13,42,scene_03_narrow_passage,20260528,dls,31055,True,0.0007609720014443155,14,0.006154854309197245,0.0,2.752548199408776,"[-3.2484596,-1.2799396,1.4091066,-1.6735322,-2.0668381,-0.019917461]",converged
14,42,scene_03_narrow_passage,20260528,dls,31056,True,0.0007070470019243658,14,0.007294320498506056,0.0,2.7476870601771655,"[-3.2480967,-1.283613,1.416518,-1.6839648,-2.0688837,0.019118595]",converged
15,42,scene_03_narrow_passage,20260528,dls,31057,True,0.001634822998312302,14,0.005964061938958313,0.0,2.752340448948993,"[-3.2475506,-1.2769566,1.4028165,-1.657875,-2.0733742,-0.0089629181]",converged
16,42,scene_03_narrow_passage,20260528,dls,31058,True,0.000680924000334926,14,0.006236512414837032,0.0,2.7525678252383474,"[-3.2494635,-1.2819552,1.4128614,-1.6834709,-2.0598989,0.01925705]",converged
17,42,scene_03_narrow_passage,20260528,dls,31059,True,0.0007501180007238872,14,0.00616457925205171,0.0,2.7506086855525673,"[-3.2521724,-1.2835919,1.4146433,-1.6896481,-2.0410567,0.013116286]",converged
18,42,scene_03_narrow_passage,20260528,dls,31060,True,0.0013159109985281248,14,0.007501129170944491,0.0,2.74725890507705,"[-3.2458624,-1.2815066,1.4129538,-1.6716552,-2.0847263,0.016676252]",converged
19,42,scene_03_narrow_passage,20260528,dls,31061,True,0.0008331460012414027,14,0.005210754062935331,0.0,2.7512676641423215,"[-3.2539622,-1.2795455,1.4041244,-1.6701106,-2.0294566,0.025012728]",converged
20,42,scene_03_narrow_passage,20260528,dls,31062,True,0.0007023800026217941,14,0.005641053221584939,0.0,2.7545411683772816,"[-3.2507365,-1.2811099,1.4110513,-1.6836448,-2.0516114,-0.036458224]",converged
21,42,scene_03_narrow_passage,20260528,dls,31063,True,0.001069049998477567,14,0.006137651699964946,0.0,2.746024462344947,"[-3.2531192,-1.2806248,1.4052798,-1.6657473,-2.0347145,0.0166976]",converged
22,42,scene_03_narrow_passage,20260528,dls,31064,True,0.0006821870010753628,13,0.011621749068306854,0.0,2.7139682432606302,"[-3.2544322,-1.2945471,1.4247364,-1.6761992,-2.0187267,-0.0055636013]",converged
23,42,scene_03_narrow_passage,20260528,dls,31065,True,0.0008526550009264611,14,0.0059986631890513505,0.0,2.7489179801996433,"[-3.2557893,-1.2857626,1.4164938,-1.6971547,-2.0165787,0.017282848]",converged
24,42,scene_03_narrow_passage,20260528,dls,31066,True,0.0010079870007757563,13,0.011426566160306031,0.0,2.720073610243016,"[-3.2487861,-1.290962,1.4224343,-1.6692206,-2.0576567,0.005703865]",converged
25,42,scene_03_narrow_passage,20260528,dls,31067,True,0.0007294959978025872,14,0.006782765288104067,0.0,2.749811863391218,"[-3.248578,-1.2823858,1.4141854,-1.6818932,-2.0659768,0.017924266]",converged
26,42,scene_03_narrow_passage,20260528,dls,31068,True,0.0006654220014752354,14,0.006132822474892096,0.0,2.7550186038428315,"[-3.2494557,-1.2833222,1.4174431,-1.6961879,-2.0599136,-0.016550279]",converged
27,42,scene_03_narrow_passage,20260528,dls,31069,True,0.000651794998702826,14,0.00569685070363789,0.0,2.7565191065557286,"[-3.2491673,-1.280989,1.412266,-1.6859187,-2.0621912,-0.017204348]",converged
28,42,scene_03_narrow_passage,20260528,dls,31070,True,0.0006648870003118645,14,0.007071757224326986,0.0,2.744922263221666,"[-3.2502656,-1.2826698,1.4120681,-1.6748029,-2.0540948,0.016813643]",converged
29,42,scene_03_narrow_passage,20260528,dls,31071,True,0.000657016000332078,14,0.006542894402490727,0.0,2.748377170095265,"[-3.2505034,-1.2821187,1.4114209,-1.6775989,-2.0522186,0.010475824]",converged
30,42,scene_03_narrow_passage,20260528,dls,31072,True,0.0008973620024335105,14,0.006413661603953753,0.0,2.7425031169671428,"[-3.2565898,-1.2842715,1.4102308,-1.6777551,-2.0112555,0.039564163]",converged
31,42,scene_03_narrow_passage,20260528,dls,31073,True,0.0006734079979651142,14,0.0054268738466641785,0.0,2.750515875370821,"[-3.2521962,-1.2780144,1.4016159,-1.6611246,-2.0413707,-0.011055546]",converged
32,42,scene_03_narrow_passage,20260528,dls,31074,True,0.000653086000966141,14,0.005758650383678817,0.0,2.747701214211964,"[-3.252724,-1.2787035,1.4017564,-1.6592531,-2.0376193,-0.0074199895]",converged
33,42,scene_03_narrow_passage,20260528,dls,31075,True,0.0006757959999958985,14,0.005233988116701369,0.0,2.7545944552095905,"[-3.2576051,-1.2873366,1.4207686,-1.7149824,-2.0047442,0.0049879909]",converged
34,42,scene_03_narrow_passage,20260528,dls,31076,True,0.0006548500023200177,14,0.006729167842848412,0.0,2.750876646279227,"[-3.2502853,-1.2851908,1.4193315,-1.69711,-2.0543227,0.022042544]",converged
35,42,scene_03_narrow_passage,20260528,dls,31077,True,0.000741896998079028,14,0.005043819496417847,0.0,2.7527412533806963,"[-3.254999,-1.2810327,1.4072983,-1.6801185,-2.0225013,0.021846056]",converged
36,42,scene_03_narrow_passage,20260528,dls,31078,True,0.0007081760013534222,14,0.0065768600782763875,0.0,2.750079499652602,"[-3.2502913,-1.2834908,1.4152439,-1.6873683,-2.0540472,-0.0084578545]",converged
37,42,scene_03_narrow_passage,20260528,dls,31079,True,0.0006707489992550109,14,0.006123854497405877,0.0,2.7457404865767265,"[-3.2523756,-1.2792389,1.4028666,-1.6589979,-2.0399697,0.0014508981]",converged
38,42,scene_03_narrow_passage,20260528,dls,31080,True,0.000702736997482134,14,0.006141240563260952,0.0,2.749191615023025,"[-3.2516049,-1.2813485,1.4089257,-1.6747158,-2.0450989,0.038444381]",converged
39,42,scene_03_narrow_passage,20260528,dls,31081,True,0.0006995730000198819,14,0.006859333307363899,0.0,2.7479321917825867,"[-3.2495557,-1.282676,1.4132579,-1.6794449,-2.0592424,0.0043281188]",converged
40,42,scene_03_narrow_passage,20260528,dls,31082,True,0.0006373239993990865,14,0.006381547683882802,0.0,2.748069304557187,"[-3.2555958,-1.2875126,1.4206232,-1.704899,-2.0179381,0.0052794129]",converged
41,42,scene_03_narrow_passage,20260528,dls,31083,True,0.0006656949990428984,14,0.006435537389483221,0.0,2.753492280746591,"[-3.2472023,-1.2810024,1.4126939,-1.6802665,-2.075479,-0.024566943]",converged
42,42,scene_03_narrow_passage,20260528,dls,31084,True,0.0006453729984059464,14,0.006663327092802806,0.0,2.738320912610845,"[-3.255697,-1.2811616,1.4026689,-1.6556143,-2.017375,0.011251713]",converged
43,42,scene_03_narrow_passage,20260528,dls,31085,True,0.0006377800018526614,14,0.005505824073308849,0.0,2.754045110343595,"[-3.2512544,-1.2804503,1.4090881,-1.6797285,-2.0477552,-0.033298413]",converged
44,42,scene_03_narrow_passage,20260528,dls,31086,True,0.000666776999423746,14,0.0068529324333721844,0.0,2.752057412843466,"[-3.2472478,-1.2828972,1.4168873,-1.6880113,-2.0751134,-0.014128551]",converged
45,42,scene_03_narrow_passage,20260528,dls,31087,True,0.0006399379999493249,14,0.007089972538174178,0.0,2.752645512219301,"[-3.2445834,-1.2812372,1.4149518,-1.6795657,-2.0938337,0.0057834854]",converged
46,42,scene_03_narrow_passage,20260528,dls,31088,True,0.000640583999484079,14,0.007437776889699372,0.0,2.7448066310270303,"[-3.2482464,-1.2823899,1.4126926,-1.6726616,-2.0679704,-0.020781131]",converged
47,42,scene_03_narrow_passage,20260528,dls,31089,True,0.0009090719977393746,13,0.01146697907041671,0.0,2.717831979608094,"[-3.252126,-1.2937441,1.4257707,-1.6791322,-2.0352278,-0.00080727063]",converged
48,42,scene_03_narrow_passage,20260528,dls,31090,True,0.0008278999994217884,14,0.005609173729328485,0.0,2.7570269712100015,"[-3.2488456,-1.2803727,1.4117042,-1.6846772,-2.0645298,0.0076106836]",converged
49,42,scene_03_narrow_passage,20260528,dls,31091,True,0.0013905020023230463,14,0.006146917050874858,0.0,2.753401911851044,"[-3.2487404,-1.2810048,1.4116037,-1.6803758,-2.0650417,0.010285038]",converged
0,42,scene_03_narrow_passage,20260528,lm,32042,True,0.0007380100032605696,14,0.007483247970845857,0.0,2.743328530678907,"[-3.248165,-1.2812151,1.4094113,-1.6635388,-2.0692764,0.011817826]",converged
1,42,scene_03_narrow_passage,20260528,lm,32043,True,0.0006609230003959965,14,0.006870638982178921,0.0,2.7438987614212698,"[-3.2537682,-1.2850389,1.4145816,-1.6844681,-2.0309214,-0.0088819187]",converged
2,42,scene_03_narrow_passage,20260528,lm,32044,True,0.000649503999738954,14,0.007606431884938437,0.0,2.745833984998584,"[-3.2501653,-1.2870477,1.4224747,-1.6982013,-2.0554612,-0.0049971825]",converged
3,42,scene_03_narrow_passage,20260528,lm,32045,True,0.0006527369987452403,14,0.00506987046794913,0.0,2.7517503352347616,"[-3.253143,-1.277686,1.4006206,-1.6615683,-2.0358864,-0.02069545]",converged
4,42,scene_03_narrow_passage,20260528,lm,32046,True,0.000699186999554513,14,0.0075864632609204926,0.0,2.7420698564335018,"[-3.2496821,-1.2830602,1.4123686,-1.6712064,-2.058817,0.034902311]",converged
5,42,scene_03_narrow_passage,20260528,lm,32047,True,0.0006400050006050151,14,0.006413955543972695,0.0,2.7514779159907423,"[-3.2490329,-1.2816961,1.4126547,-1.6809433,-2.063575,-0.0069467693]",converged
6,42,scene_03_narrow_passage,20260528,lm,32048,True,0.0010955920006381348,14,0.005826219153406593,0.0,2.7498046211414677,"[-3.2535517,-1.2821954,1.4100637,-1.6806074,-2.0330662,-0.0063819297]",converged
7,42,scene_03_narrow_passage,20260528,lm,32049,True,0.0007746390001557302,14,0.007739905511833827,0.0,2.7354771859310625,"[-3.2522429,-1.2818896,1.4058284,-1.653979,-2.0412247,0.017901893]",converged
8,42,scene_03_narrow_passage,20260528,lm,32050,True,0.000735563000489492,14,0.00609961448013271,0.0,2.7441356078697017,"[-3.2541566,-1.2800129,1.4026625,-1.6594706,-2.0283429,0.017086657]",converged
9,42,scene_03_narrow_passage,20260528,lm,32051,True,0.0010374989979027305,14,0.0056139004236707805,0.0,2.7552169689947705,"[-3.2486171,-1.2784213,1.4067157,-1.6711552,-2.0670206,0.039811309]",converged
10,42,scene_03_narrow_passage,20260528,lm,32052,True,0.0006533060004585423,14,0.007773057543588356,0.0,2.7415901157644016,"[-3.2528438,-1.2882762,1.4218803,-1.696427,-2.037117,0.01270715]",converged
11,42,scene_03_narrow_passage,20260528,lm,32053,True,0.0007215820005512796,14,0.006640418312634619,0.0,2.746913474707091,"[-3.2526694,-1.2844746,1.4150503,-1.6870878,-2.0384782,-0.0074337884]",converged
12,42,scene_03_narrow_passage,20260528,lm,32054,True,0.0006438579985115211,14,0.007139116981725404,0.0,2.7503965355666846,"[-3.2467359,-1.2827323,1.4162555,-1.6836702,-2.0795952,0.013768393]",converged
13,42,scene_03_narrow_passage,20260528,lm,32055,True,0.0006473019966506399,14,0.006972091189130924,0.0,2.746251573135431,"[-3.2491223,-1.2813831,1.4102661,-1.6701679,-2.0629669,-0.024012327]",converged
14,42,scene_03_narrow_passage,20260528,lm,32056,True,0.0007111439990694635,14,0.006247783323788993,0.0,2.747768537762526,"[-3.25405,-1.2842305,1.4138675,-1.6875121,-2.0291993,0.041279257]",converged
15,42,scene_03_narrow_passage,20260528,lm,32057,True,0.0007872089990996756,14,0.00665902540473741,0.0,2.7413791126247635,"[-3.2540616,-1.2815841,1.4055138,-1.6624253,-2.0293588,0.00011169866]",converged
16,42,scene_03_narrow_passage,20260528,lm,32058,True,0.0006573719983862247,14,0.006872116940330698,0.0,2.748875476325293,"[-3.2458505,-1.2781208,1.4056184,-1.6570236,-2.0857709,0.0028412772]",converged
17,42,scene_03_narrow_passage,20260528,lm,32059,True,0.0006570869991264772,14,0.00721496097730244,0.0,2.7390985438503237,"[-3.2548487,-1.2848144,1.411808,-1.6748152,-2.0236931,0.019607701]",converged
18,42,scene_03_narrow_passage,20260528,lm,32060,True,0.0006414939998649061,14,0.0065836635771023425,0.0,2.7398176399859944,"[-3.2533711,-1.27858,1.3986226,-1.6448539,-2.0336015,0.0072587711]",converged
19,42,scene_03_narrow_passage,20260528,lm,32061,True,0.0006555770014529116,14,0.007191636547926463,0.0,2.745591648865912,"[-3.2506236,-1.2845051,1.4159349,-1.6843521,-2.0524488,0.0035327434]",converged
20,42,scene_03_narrow_passage,20260528,lm,32062,True,0.0007218560022010934,14,0.006667369673318807,0.0,2.7477448225401564,"[-3.2506381,-1.2825139,1.4117779,-1.677582,-2.052641,0.00073233244]",converged
21,42,scene_03_narrow_passage,20260528,lm,32063,True,0.0007334539986914024,14,0.006427804146338205,0.0,2.75325953738521,"[-3.2451678,-1.277669,1.4065663,-1.6625719,-2.0907312,0.00091146753]",converged
22,42,scene_03_narrow_passage,20260528,lm,32064,True,0.0008862169997883029,14,0.0072265903289239555,0.0,2.741710549969824,"[-3.2553848,-1.287848,1.4191006,-1.6942677,-2.0197968,-0.016979147]",converged
23,42,scene_03_narrow_passage,20260528,lm,32065,True,0.0006464280013460666,14,0.005477276607652562,0.0,2.7507785225518826,"[-3.251438,-1.2774884,1.4010902,-1.6588569,-2.0473345,0.03375528]",converged
24,42,scene_03_narrow_passage,20260528,lm,32066,True,0.0006572150014108047,14,0.005595715653112334,0.0,2.747495885467233,"[-3.2581637,-1.2846625,1.4120161,-1.6889338,-2.0019102,-0.02348981]",converged
25,42,scene_03_narrow_passage,20260528,lm,32067,True,0.0006795240005885717,14,0.00687253049318794,0.0,2.744808410339849,"[-3.2535882,-1.2855562,1.4160664,-1.688368,-2.0323338,-0.040768763]",converged
26,42,scene_03_narrow_passage,20260528,lm,32068,True,0.0006578590000572149,14,0.007271804729602136,0.0,2.745394327989579,"[-3.2480726,-1.2812752,1.4102755,-1.6673575,-2.0705766,-0.0069501083]",converged
27,42,scene_03_narrow_passage,20260528,lm,32069,True,0.0006533369996759575,14,0.007392222072661373,0.0,2.7448057318043113,"[-3.2468799,-1.2798897,1.4075212,-1.6586173,-2.078658,0.011140286]",converged
28,42,scene_03_narrow_passage,20260528,lm,32070,True,0.0006517600013467018,14,0.0055304253891603926,0.0,2.749302969889296,"[-3.2558366,-1.2827001,1.4096378,-1.6825318,-2.0175258,-0.00086701739]",converged
29,42,scene_03_narrow_passage,20260528,lm,32071,True,0.0007525530018028803,14,0.007346524823329778,0.0,2.744054203279828,"[-3.2494719,-1.2826084,1.4113233,-1.6706843,-2.0604418,-0.038386255]",converged
30,42,scene_03_narrow_passage,20260528,lm,32072,True,0.0006450750006479211,14,0.0058414179955445285,0.0,2.7527032339738327,"[-3.2487609,-1.2781053,1.4049345,-1.6648361,-2.0657601,-0.019464667]",converged
31,42,scene_03_narrow_passage,20260528,lm,32073,True,0.0008339889973285608,14,0.005971112459421192,0.0,2.750996832516633,"[-3.2508038,-1.2804774,1.4081667,-1.6734975,-2.0515802,0.018642908]",converged
32,42,scene_03_narrow_passage,20260528,lm,32074,True,0.0006495099987660069,14,0.0067685779098631,0.0,2.7541470458572426,"[-3.245013,-1.2807309,1.4138618,-1.6794145,-2.0915137,-0.041353069]",converged
33,42,scene_03_narrow_passage,20260528,lm,32075,True,0.0006530610007757787,14,0.007972714118799762,0.0,2.7418133808189906,"[-3.2465251,-1.2811609,1.4102646,-1.6608572,-2.0806363,-0.006940287]",converged
34,42,scene_03_narrow_passage,20260528,lm,32076,True,0.0012343099988356698,14,0.004967405575671933,0.0,2.756244161132856,"[-3.2527127,-1.2802956,1.4081615,-1.6821135,-2.0389916,-0.034223237]",converged
35,42,scene_03_narrow_passage,20260528,lm,32077,True,0.0007958790010889061,14,0.007099692187464135,0.0,2.7473192014874646,"[-3.2495329,-1.2838281,1.4157263,-1.6840583,-2.0597121,-0.032925625]",converged
36,42,scene_03_narrow_passage,20260528,lm,32078,True,0.0016177760007849429,14,0.007258068823498573,0.0,2.7445899833900835,"[-3.2481245,-1.2805954,1.4083321,-1.6625047,-2.0694725,0.019919505]",converged
37,42,scene_03_narrow_passage,20260528,lm,32079,True,0.0008794320019660518,14,0.006719544404888591,0.0,2.7546771027687793,"[-3.2489764,-1.2863866,1.4248029,-1.7109773,-2.0640897,-0.0083472991]",converged
38,42,scene_03_narrow_passage,20260528,lm,32080,True,0.0016856649999681395,14,0.006727936596892526,0.0,2.7391084102317333,"[-3.2534118,-1.2790873,1.3995193,-1.6460755,-2.0333849,0.009381756]",converged
39,42,scene_03_narrow_passage,20260528,lm,32081,True,0.0007427710006595589,14,0.0059439525575679265,0.0,2.752366685992551,"[-3.2496679,-1.2798665,1.4082788,-1.6732619,-2.0597769,-0.0051618536]",converged
40,42,scene_03_narrow_passage,20260528,lm,32082,True,0.0008686100009072106,14,0.007401864076443576,0.0,2.7405286020782214,"[-3.2502706,-1.2811247,1.4068894,-1.6585658,-2.0547524,0.0043215032]",converged
41,42,scene_03_narrow_passage,20260528,lm,32083,True,0.0006800779992772732,14,0.005246141032039832,0.0,2.7538751635309424,"[-3.2525392,-1.2800412,1.4069861,-1.6767004,-2.0402463,0.012575567]",converged
42,42,scene_03_narrow_passage,20260528,lm,32084,True,0.000673258000460919,14,0.0064859540511809505,0.0,2.7482210920645254,"[-3.2501083,-1.2809085,1.4088627,-1.6709366,-2.0560184,-0.0095125568]",converged
43,42,scene_03_narrow_passage,20260528,lm,32085,True,0.00116947800052003,14,0.006568227876375497,0.0,2.744749175899359,"[-3.2525868,-1.2819521,1.4085717,-1.6705366,-2.0389797,-6.5497121e-05]",converged
44,42,scene_03_narrow_passage,20260528,lm,32086,True,0.0009447619995626155,14,0.005972685614908578,0.0,2.7495513851375155,"[-3.250862,-1.279311,1.405058,-1.6652948,-2.0509788,0.0067993299]",converged
45,42,scene_03_narrow_passage,20260528,lm,32087,True,0.0006797210007789545,14,0.0055466283675074226,0.0,2.7427959406405176,"[-3.2570338,-1.2784911,1.397171,-1.650311,-2.0094605,0.0056304175]",converged
46,42,scene_03_narrow_passage,20260528,lm,32088,True,0.0008489800020470284,14,0.007037945980788446,0.0,2.7478746252488078,"[-3.2503571,-1.2850028,1.4182418,-1.6915047,-2.0540872,0.040742494]",converged
47,42,scene_03_narrow_passage,20260528,lm,32089,True,0.0009165629999188241,14,0.008015448247932194,0.0,2.7353785441291962,"[-3.2526164,-1.2844154,1.4112822,-1.6663212,-2.0385,-0.003625495]",converged
48,42,scene_03_narrow_passage,20260528,lm,32090,True,0.0006584479997400194,14,0.006354419144219547,0.0,2.7486544612295334,"[-3.249369,-1.2792629,1.4058051,-1.6635139,-2.0610231,-0.032955825]",converged
49,42,scene_03_narrow_passage,20260528,lm,32091,True,0.0007762929999444168,14,0.006770357326847863,0.0,2.748160944946143,"[-3.2542634,-1.2884764,1.4234368,-1.7090394,-2.0277388,-0.034480868]",converged
0,42,scene_03_narrow_passage,20260528,scipy_baseline,33042,True,0.005841490001330385,26,5.014369024714049e-10,0.0,3.0404231761351035,"[-3.4949444,-1.3028272,1.6974546,-1.927168,0.11738123,0.012795431]",`gtol` termination condition is satisfied.
1,42,scene_03_narrow_passage,20260528,scipy_baseline,33043,True,0.006828328998381039,34,1.1383164045306743e-08,0.0,2.775992512755189,"[-3.4697106,-1.2630149,1.3738916,-0.20359806,0.55981294,-0.56917442]",`gtol` termination condition is satisfied.
2,42,scene_03_narrow_passage,20260528,scipy_baseline,33044,True,0.004446021997864591,20,2.8882453769144355e-09,0.0,2.772290629589424,"[-3.1788942,-1.2240709,1.4053305,-0.74728153,-3.5716955,5.3375191]",`gtol` termination condition is satisfied.
3,42,scene_03_narrow_passage,20260528,scipy_baseline,33045,True,0.008821321996947518,34,6.838687042282223e-09,0.0,2.770237349223607,"[-3.1643869,-1.1335863,1.2114567,-0.53476909,-3.1917963,-0.39708695]",`gtol` termination condition is satisfied.
4,42,scene_03_narrow_passage,20260528,scipy_baseline,33046,True,0.006535740998515394,34,1.5417125634775584e-09,0.0,2.7529848136069432,"[-3.4950359,-1.2604307,1.4001967,-0.85133344,-0.11279795,-0.8560787]",`gtol` termination condition is satisfied.
5,42,scene_03_narrow_passage,20260528,scipy_baseline,33047,True,0.004868183001235593,24,1.9718634252294278e-09,0.0,4.724086388451554,"[-3.4758529,-0.79665242,1.0017293,1.3260876,-0.48864995,-3.6134712]",`gtol` termination condition is satisfied.
6,42,scene_03_narrow_passage,20260528,scipy_baseline,33048,True,0.005499083999893628,27,5.2774808043055105e-11,0.0,2.9789490788167883,"[-3.4484928,-1.338427,1.7065191,-1.2893703,0.76163786,0.026222488]",`gtol` termination condition is satisfied.
7,42,scene_03_narrow_passage,20260528,scipy_baseline,33049,True,0.006320732001768192,29,4.507145452456475e-12,0.0,2.9540839950577875,"[-3.2058542,-1.2543266,1.6279713,-1.4055042,-3.8759446,-3.5363225]",`gtol` termination condition is satisfied.
8,42,scene_03_narrow_passage,20260528,scipy_baseline,33050,True,0.006752305002009962,33,3.165463314820439e-09,0.0,2.8087039129322586,"[-3.166057,-1.1611286,1.2674376,-0.89525932,-2.9891046,6.2616308]",`gtol` termination condition is satisfied.
9,42,scene_03_narrow_passage,20260528,scipy_baseline,33051,True,0.0065945720016316045,31,2.388579280545237e-12,0.0,2.878866947491576,"[-3.4958561,-1.3153656,1.5571057,-1.3428459,-0.057312812,-0.085631028]",`gtol` termination condition is satisfied.
10,42,scene_03_narrow_passage,20260528,scipy_baseline,33052,True,0.00492625800325186,20,1.4787618134553344e-09,0.0,2.8582961655540093,"[-3.449523,-1.3350665,1.5426374,-1.8072049,-0.75286626,-0.1699875]",`gtol` termination condition is satisfied.
11,42,scene_03_narrow_passage,20260528,scipy_baseline,33053,True,0.00694274100169423,29,6.160937226028123e-09,0.0,2.8624904381121272,"[-5.885169,-3.6051106,1.5542698,-0.80942161,-5.7855093,0.27681655]",`gtol` termination condition is satisfied.
12,42,scene_03_narrow_passage,20260528,scipy_baseline,33054,True,0.006256271000893321,31,1.5834360932704292e-08,0.0,4.737041614210146,"[-3.4051583,-0.7111456,0.92595371,1.2126206,-1.0833777,-3.6084556]",`gtol` termination condition is satisfied.
13,42,scene_03_narrow_passage,20260528,scipy_baseline,33055,True,0.006729107000865042,33,1.0866175654453777e-09,0.0,2.9837800568145227,"[-3.4010521,-1.339765,1.7298716,-1.2478885,1.110776,2.3247933]",`gtol` termination condition is satisfied.
14,42,scene_03_narrow_passage,20260528,scipy_baseline,33056,True,0.006564551997144008,31,5.465815476333475e-11,0.0,2.9767024730249285,"[-3.3894763,-1.3431302,1.7243014,-1.1955914,1.1863195,-0.068333905]",`gtol` termination condition is satisfied.
15,42,scene_03_narrow_passage,20260528,scipy_baseline,33057,True,0.006808834001276409,30,3.932867903957467e-10,0.0,4.118144566723254,"[-3.4692711,-0.82037518,1.1385769,1.5293473,-0.56459965,2.9842158]",`gtol` termination condition is satisfied.
16,42,scene_03_narrow_passage,20260528,scipy_baseline,33058,True,0.006702837003103923,28,9.901997585956479e-09,0.0,2.7896907190465656,"[-3.1644291,-1.115214,1.1747231,-0.53726349,-3.0864222,-3.0829999]",`gtol` termination condition is satisfied.
17,42,scene_03_narrow_passage,20260528,scipy_baseline,33059,True,0.008120803999190684,28,3.608532933314265e-09,0.0,2.98511365091845,"[-3.4482635,-1.3356014,1.7128826,-1.3275352,0.76358043,-1.7268918]",`gtol` termination condition is satisfied.
18,42,scene_03_narrow_passage,20260528,scipy_baseline,33060,True,0.0071557310002390295,26,4.274871966729061e-09,0.0,2.963544980750419,"[-3.3203618,-1.3242282,1.7206256,-1.2261118,1.6115206,0.084835359]",`gtol` termination condition is satisfied.
19,42,scene_03_narrow_passage,20260528,scipy_baseline,33061,True,0.0070212899991020095,29,3.166927667298265e-10,0.0,2.7372963972951467,"[-3.1817858,-1.2075591,1.3470519,-0.52281132,-3.6127768,2.3369941]",`gtol` termination condition is satisfied.
20,42,scene_03_narrow_passage,20260528,scipy_baseline,33062,True,0.007634675999725005,30,7.886459936861529e-10,0.0,3.033391420094137,"[-3.3877597,-1.2444235,1.7730563,-1.8218611,1.1973371,0.013703686]",`gtol` termination condition is satisfied.
21,42,scene_03_narrow_passage,20260528,scipy_baseline,33063,True,0.007380762002867414,36,9.774575621365371e-12,0.0,2.7739106245881167,"[-3.4883696,-1.2789554,1.4320768,-0.55840546,0.30019538,-0.45402414]",`gtol` termination condition is satisfied.
22,42,scene_03_narrow_passage,20260528,scipy_baseline,33064,True,0.006660315000772243,29,2.578799867368332e-12,0.0,2.928543417897939,"[-3.4940803,-1.3243197,1.6164232,-1.3859443,0.15408939,0.83662874]",`gtol` termination condition is satisfied.
23,42,scene_03_narrow_passage,20260528,scipy_baseline,33065,True,0.0081425880016468,30,3.3836719241614027e-10,0.0,2.954966846247461,"[-3.4943681,-1.1084563,1.1405469,0.17335664,0.14290568,0.016528886]",`gtol` termination condition is satisfied.
24,42,scene_03_narrow_passage,20260528,scipy_baseline,33066,True,0.005944391999946674,27,1.8037054323051152e-08,0.0,2.939266266732385,"[-3.4016228,-1.3576087,1.6736105,-0.95784077,1.1069891,0.14926846]",`gtol` termination condition is satisfied.
25,42,scene_03_narrow_passage,20260528,scipy_baseline,33067,True,0.0072182639996754006,26,1.1344716484949068e-09,0.0,2.8883738742339338,"[-3.4585138,-1.3381088,1.569748,-1.858933,-0.67256932,0.38968601]",`gtol` termination condition is satisfied.
26,42,scene_03_narrow_passage,20260528,scipy_baseline,33068,True,0.006337252998491749,26,1.613055748014875e-10,0.0,3.0013732170573544,"[-3.4029985,-1.3226292,1.7504879,-1.4036362,1.0978324,-0.022367665]",`gtol` termination condition is satisfied.
27,42,scene_03_narrow_passage,20260528,scipy_baseline,33069,True,0.008947079000790836,36,1.4168853750967556e-08,0.0,3.054261230360668,"[-3.4321869,-1.2364494,1.7637565,-1.9552871,0.89175311,-1.2350434]",`xtol` termination condition is satisfied.
28,42,scene_03_narrow_passage,20260528,scipy_baseline,33070,True,0.007583389997307677,30,2.1405324981004624e-11,0.0,3.5600380843334496,"[-3.1663587,-0.90035329,0.82674477,0.59571141,-3.3059254,2.4712217]",`gtol` termination condition is satisfied.
29,42,scene_03_narrow_passage,20260528,scipy_baseline,33071,True,0.005377796001994284,24,5.370473578481678e-10,0.0,2.8550030884605184,"[-3.1991768,-1.0745062,1.0524915,0.37666116,-3.8120994,3.5442784]",`gtol` termination condition is satisfied.
30,42,scene_03_narrow_passage,20260528,scipy_baseline,33072,True,0.008407188001001487,38,9.497187818721524e-14,0.0,2.9429632825366694,"[-3.4205065,-1.3552651,1.6743662,-1.0025337,0.97737223,0.025620815]",`gtol` termination condition is satisfied.
31,42,scene_03_narrow_passage,20260528,scipy_baseline,33073,True,0.006666048000624869,32,4.59786456236545e-11,0.0,3.937785307893158,"[-3.4654196,-0.83273066,1.1908035,1.593562,-0.60513405,2.2960605]",`gtol` termination condition is satisfied.
32,42,scene_03_narrow_passage,20260528,scipy_baseline,33074,True,0.006843418999778805,33,3.546548414017526e-11,0.0,2.984982806642568,"[-3.165562,-1.0040626,0.98036402,-0.098819748,-3.0108199,2.5185999]",`gtol` termination condition is satisfied.
33,42,scene_03_narrow_passage,20260528,scipy_baseline,33075,True,0.0070437030008179136,32,1.923941880982206e-11,0.0,2.704633844910434,"[-3.2604215,-1.1809347,1.1925328,0.27184254,-4.293874,3.2172807]",`gtol` termination condition is satisfied.
34,42,scene_03_narrow_passage,20260528,scipy_baseline,33076,True,0.004918513001030078,22,3.2152608925204338e-09,0.0,2.8863043895070613,"[-3.3905244,-1.357463,1.6083369,-0.69125625,1.179571,0.002771296]",`gtol` termination condition is satisfied.
35,42,scene_03_narrow_passage,20260528,scipy_baseline,33077,True,0.00834721900173463,34,9.86505688428923e-09,0.0,2.9386948424582,"[-3.4601928,-1.3440784,1.6597477,-1.1195947,0.65670631,-0.4886991]",`gtol` termination condition is satisfied.
36,42,scene_03_narrow_passage,20260528,scipy_baseline,33078,True,0.006275600000662962,25,6.053828121192525e-11,0.0,3.010285370527883,"[-3.4851935,-1.315063,1.6979755,-1.6390906,0.3569608,2.7031118]",`gtol` termination condition is satisfied.
37,42,scene_03_narrow_passage,20260528,scipy_baseline,33079,True,0.007871878002333688,31,1.2593461986691653e-09,0.0,2.8175625419367316,"[-3.4343341,-1.3282134,1.5038822,-1.7437966,-0.87541857,6.2203077]",`gtol` termination condition is satisfied.
38,42,scene_03_narrow_passage,20260528,scipy_baseline,33080,True,0.007680691996938549,26,3.5459229342057327e-10,0.0,2.9738332242873944,"[-3.4184145,-1.3461329,1.7122868,-1.1864246,0.99220515,-0.26246555]",`gtol` termination condition is satisfied.
39,42,scene_03_narrow_passage,20260528,scipy_baseline,33081,True,0.015503885999351041,31,2.1868748418335697e-12,0.0,2.999659531828326,"[-3.4930397,-1.3176846,1.6744262,-1.6672974,0.18913716,-1.4250017]",`gtol` termination condition is satisfied.
40,42,scene_03_narrow_passage,20260528,scipy_baseline,33082,True,0.00575170099909883,28,2.0637578056969145e-09,0.0,3.000963232443717,"[-3.4075063,-1.3242698,1.7483395,-1.3972156,1.0675473,0.40898119]",`gtol` termination condition is satisfied.
41,42,scene_03_narrow_passage,20260528,scipy_baseline,33083,True,0.0060564480008906685,28,5.829086994401319e-09,0.0,2.978823462238128,"[-3.4157204,-1.3436401,1.719137,-1.2179504,1.011113,-0.45146478]",`gtol` termination condition is satisfied.
42,42,scene_03_narrow_passage,20260528,scipy_baseline,33084,True,0.010639023999829078,35,5.852424020063104e-09,0.0,2.8203951021059996,"[-3.4961379,-1.3004615,1.5027086,-1.0875791,-0.006716258,-6.215383]",`gtol` termination condition is satisfied.
43,42,scene_03_narrow_passage,20260528,scipy_baseline,33085,True,0.00746293100019102,29,3.419642564848523e-09,0.0,2.747358262592756,"[-3.1854214,-1.2232629,1.383157,-0.59053746,-3.6601385,-1.3406818]",`gtol` termination condition is satisfied.
44,42,scene_03_narrow_passage,20260528,scipy_baseline,33086,True,0.0061240559989528265,25,2.9242443470196157e-10,0.0,2.960483406200383,"[-3.4900942,-1.3257875,1.6517591,-1.4485007,0.26453639,-0.00029775347]",`gtol` termination condition is satisfied.
45,42,scene_03_narrow_passage,20260528,scipy_baseline,33087,True,0.007340063999436097,33,1.4065473733451783e-12,0.0,3.0278079163625717,"[-3.4209329,-1.2860585,1.7662671,-1.6747594,0.97433199,0.084438123]",`gtol` termination condition is satisfied.
46,42,scene_03_narrow_passage,20260528,scipy_baseline,33088,True,0.005097653996926965,26,7.907985046110973e-10,0.0,2.8230154698013656,"[-3.4617062,-1.3221632,1.5128874,-0.57107116,0.64213206,-1.1972134]",`gtol` termination condition is satisfied.
47,42,scene_03_narrow_passage,20260528,scipy_baseline,33089,True,0.007000875000812812,35,7.1753163128661025e-09,0.0,2.839960318389174,"[-3.1722464,-1.2286055,1.455721,-1.0504433,-3.458927,6.0520292]",`gtol` termination condition is satisfied.
48,42,scene_03_narrow_passage,20260528,scipy_baseline,33090,True,0.006476283000665717,28,2.5688303540729637e-11,0.0,2.9198784731307503,"[-3.484463,-1.3315091,1.6259875,-1.2123277,0.36883643,-0.015664853]",`gtol` termination condition is satisfied.
49,42,scene_03_narrow_passage,20260528,scipy_baseline,33091,True,0.008872652000718517,38,5.003198634273469e-09,0.0,2.7861246999436635,"[-3.4882846,-1.1321027,1.1665687,-0.362034,-0.30184725,-1.5438638]",`gtol` termination condition is satisfied.
0,42,scene_04_near_singularity,20260529,pinv,40042,True,0.0012246430014783982,16,0.0077141568919211504,0.0,4.37673233135514,"[-3.3300989,-0.98060434,0.94490263,-1.8502079,-2.0908951,-0.035821696]",converged
1,42,scene_04_near_singularity,20260529,pinv,40043,True,0.0011313630020595156,16,0.008241888167742548,0.0,4.371276717899707,"[-3.3298403,-0.9871671,0.96717906,-1.9007033,-2.0925268,-0.0078799919]",converged
2,42,scene_04_near_singularity,20260529,pinv,40044,True,0.0012406030000420287,16,0.006846995779069865,0.0,4.347893996613428,"[-3.3387948,-0.98876084,0.96051878,-1.8927,-2.0177442,0.0022778879]",converged
3,42,scene_04_near_singularity,20260529,pinv,40045,True,0.0012660489992413204,16,0.006281468716387707,0.0,4.380367352065622,"[-3.3347097,-0.98570409,0.96162456,-1.9040065,-2.0526322,-0.012484331]",converged
4,42,scene_04_near_singularity,20260529,pinv,40046,True,0.0011705520009854808,16,0.0048736574304568845,0.0,4.421142393668561,"[-3.3321012,-0.97901317,0.95066546,-1.8927593,-2.077297,0.011941146]",converged
5,42,scene_04_near_singularity,20260529,pinv,40047,True,0.0010845880024135113,16,0.009968860674272544,0.0,4.3313077226329995,"[-3.3313199,-0.99166403,0.96987654,-1.8889327,-2.0786616,-0.02382785]",converged
6,42,scene_04_near_singularity,20260529,pinv,40048,True,0.0013811680000799242,16,0.0108259284895278,0.0,4.307935638720349,"[-3.3327094,-0.99546293,0.97649481,-1.8957691,-2.0648326,0.029323168]",converged
7,42,scene_04_near_singularity,20260529,pinv,40049,True,0.0013430920007522218,16,0.006156637220628674,0.0,4.36771414232998,"[-3.3370574,-0.98280176,0.94624357,-1.8656937,-2.0329536,-0.012036885]",converged
8,42,scene_04_near_singularity,20260529,pinv,40050,True,0.001411299999745097,16,0.011826567627670393,0.0,4.327103586001742,"[-3.3258549,-0.99128035,0.97127606,-1.875605,-2.1236231,-0.033050188]",converged
9,42,scene_04_near_singularity,20260529,pinv,40051,True,0.002546960000472609,16,0.0075750238970172185,0.0,4.339842372966254,"[-3.3376682,-0.98876403,0.95865252,-1.881526,-2.0264651,0.029917589]",converged
10,42,scene_04_near_singularity,20260529,pinv,40052,True,0.001543722999485908,16,0.004916189644396973,0.0,4.387496403705891,"[-3.337714,-0.98083426,0.94481478,-1.8741491,-2.0290766,-0.020785267]",converged
11,42,scene_04_near_singularity,20260529,pinv,40053,True,0.0024571070025558583,16,0.007845085024787491,0.0,4.342176664791353,"[-3.3364066,-0.98962951,0.9630085,-1.8904159,-2.0369175,-0.0027250792]",converged
12,42,scene_04_near_singularity,20260529,pinv,40054,True,0.0013567129972216208,16,0.005539836128924736,0.0,4.395983833688925,"[-3.3341351,-0.98124577,0.95056626,-1.8842183,-2.0587379,0.00077731831]",converged
13,42,scene_04_near_singularity,20260529,pinv,40055,True,0.001151252999989083,16,0.008117158776985869,0.0,4.354483018115939,"[-3.3333335,-0.99001631,0.97018405,-1.9076313,-2.0620811,0.025033617]",converged
14,42,scene_04_near_singularity,20260529,pinv,40056,True,0.001050703001965303,16,0.008848730243553154,0.0,4.355413136300876,"[-3.3303874,-0.98724373,0.96244315,-1.8819841,-2.0868534,-0.028136483]",converged
15,42,scene_04_near_singularity,20260529,pinv,40057,True,0.0026504740017117,16,0.008949111391809575,0.0,4.345914750085809,"[-3.3317572,-0.98738566,0.95867924,-1.8711076,-2.0752617,0.015438333]",converged
16,42,scene_04_near_singularity,20260529,pinv,40058,True,0.001164216002507601,16,0.006065823701805803,0.0,4.397133415679905,"[-3.3326491,-0.98469843,0.96378414,-1.9133582,-2.0708858,0.018389424]",converged
17,42,scene_04_near_singularity,20260529,pinv,40059,True,0.001186524998047389,16,0.00725182164707226,0.0,4.369109844310142,"[-3.3334081,-0.98648089,0.96153422,-1.8946896,-2.0626252,-0.019531839]",converged
18,42,scene_04_near_singularity,20260529,pinv,40060,True,0.0011741029993572738,16,0.007622681948503871,0.0,4.367376630894662,"[-3.3320011,-0.98260118,0.94863498,-1.8592951,-2.0740096,0.030861084]",converged
19,42,scene_04_near_singularity,20260529,pinv,40061,True,0.001407484000083059,16,0.005457612005211939,0.0,4.373281565532628,"[-3.3388826,-0.98586194,0.95753872,-1.8994173,-2.0184852,-0.0083499334]",converged
20,42,scene_04_near_singularity,20260529,pinv,40062,True,0.0010389090020908043,16,0.005569726598605621,0.0,4.388528263843359,"[-3.3354757,-0.98293967,0.95353921,-1.8905681,-2.0471287,-0.015893976]",converged
21,42,scene_04_near_singularity,20260529,pinv,40063,True,0.001171076000900939,16,0.005657365640209199,0.0,4.38449352624268,"[-3.3355703,-0.97961786,0.94087886,-1.8583451,-2.0464756,-0.0093665034]",converged
22,42,scene_04_near_singularity,20260529,pinv,40064,True,0.0013161989991203882,16,0.009257855025702253,0.0,4.3434717152672135,"[-3.3314902,-0.99052182,0.96935329,-1.8949034,-2.077476,-0.010736738]",converged
23,42,scene_04_near_singularity,20260529,pinv,40065,True,0.0013562300009652972,16,0.007289148376264814,0.0,4.360402021041338,"[-3.3345978,-0.98510822,0.95360615,-1.8737239,-2.0524472,-0.01437002]",converged
24,42,scene_04_near_singularity,20260529,pinv,40066,True,0.001956563999556238,16,0.009626038852082302,0.0,4.340263438589316,"[-3.3304331,-0.98720445,0.95747881,-1.8616885,-2.0861593,-0.00087942886]",converged
25,42,scene_04_near_singularity,20260529,pinv,40067,True,0.0010135779994016048,16,0.006059120190671809,0.0,4.388707814886763,"[-3.333595,-0.98099009,0.94762076,-1.8720513,-2.0625253,0.018659018]",converged
26,42,scene_04_near_singularity,20260529,pinv,40068,True,0.0017030819981300738,16,0.004656256220174907,0.0,4.4045769499873915,"[-3.3357553,-0.9813587,0.95230191,-1.8967531,-2.0458222,0.058833985]",converged
27,42,scene_04_near_singularity,20260529,pinv,40069,True,0.0014067449992580805,16,0.010498818173279294,0.0,4.314031767224352,"[-3.3322705,-0.99131991,0.96401787,-1.8678983,-2.0690401,-0.0031740431]",converged
28,42,scene_04_near_singularity,20260529,pinv,40070,True,0.00152168999920832,16,0.008556876049071124,0.0,4.359431794938454,"[-3.3303803,-0.98365041,0.95092829,-1.8561718,-2.0875848,-0.013037772]",converged
29,42,scene_04_near_singularity,20260529,pinv,40071,True,0.0012387880015012342,16,0.004945074903210935,0.0,4.3942938815819295,"[-3.3365523,-0.98193512,0.95101623,-1.8900027,-2.0387205,-0.0076753116]",converged
30,42,scene_04_near_singularity,20260529,pinv,40072,True,0.0010650969998096116,16,0.007276733867847623,0.0,4.341944898165889,"[-3.3380253,-0.9863227,0.95100268,-1.865401,-2.0233372,-0.0057750322]",converged
31,42,scene_04_near_singularity,20260529,pinv,40073,True,0.0012665309986914508,16,0.008457272210898691,0.0,4.3632117957051095,"[-3.330063,-0.98396806,0.95328385,-1.8632432,-2.0898154,-0.030450607]",converged
32,42,scene_04_near_singularity,20260529,pinv,40074,True,0.0010590299971227068,17,0.0043638771633348035,0.0,4.443486752987662,"[-3.3302483,-0.9778079,0.95374042,-1.9072232,-2.0945937,0.002814645]",converged
33,42,scene_04_near_singularity,20260529,pinv,40075,True,0.0009961899995687418,16,0.006854256034690743,0.0,4.365856618344747,"[-3.3351897,-0.98542817,0.95590923,-1.8835388,-2.047908,0.0061847881]",converged
34,42,scene_04_near_singularity,20260529,pinv,40076,True,0.0012293700019654352,16,0.007502631227736544,0.0,4.367482752340186,"[-3.3326189,-0.98491148,0.95622217,-1.8790938,-2.0690005,0.034626153]",converged
35,42,scene_04_near_singularity,20260529,pinv,40077,True,0.0010899699991568923,16,0.007555415223990638,0.0,4.356840191418892,"[-3.3351529,-0.99129895,0.97393995,-1.9221036,-2.0476269,-0.0025281786]",converged
36,42,scene_04_near_singularity,20260529,pinv,40078,True,0.0022821960010332987,16,0.00626714700064565,0.0,4.376284879710939,"[-3.3351902,-0.98354077,0.95252792,-1.880995,-2.0486224,0.003987121]",converged
37,42,scene_04_near_singularity,20260529,pinv,40079,True,0.0010317489977751393,16,0.00818359896551244,0.0,4.383167202298692,"[-3.3276729,-0.9824829,0.95497302,-1.8714207,-2.1115443,0.0092686255]",converged
38,42,scene_04_near_singularity,20260529,pinv,40080,True,0.001017799000692321,16,0.007359455538752268,0.0,4.357246075298565,"[-3.3350046,-0.9859704,0.95543136,-1.8773161,-2.0490219,0.039425891]",converged
39,42,scene_04_near_singularity,20260529,pinv,40081,True,0.0010042119974968955,16,0.008506961417096306,0.0,4.347828361712323,"[-3.3329258,-0.98841415,0.96275632,-1.8849632,-2.0653521,-0.016527388]",converged
40,42,scene_04_near_singularity,20260529,pinv,40082,True,0.0016715560013835784,16,0.005223361975911711,0.0,4.378688983937425,"[-3.3384993,-0.98366911,0.95157407,-1.8872623,-2.0220349,0.0069117998]",converged
41,42,scene_04_near_singularity,20260529,pinv,40083,True,0.0012793480018444825,16,0.00741396526283139,0.0,4.37769314563832,"[-3.3310811,-0.98320706,0.95381658,-1.8749203,-2.0823083,0.027270585]",converged
42,42,scene_04_near_singularity,20260529,pinv,40084,True,0.0011792130026151426,16,0.005232003115410862,0.0,4.398022293648097,"[-3.3350228,-0.98245909,0.95455006,-1.8970147,-2.0514053,-0.0037055309]",converged
43,42,scene_04_near_singularity,20260529,pinv,40085,True,0.004232520001096418,16,0.007718625888168559,0.0,4.362845704659302,"[-3.3329983,-0.98711765,0.96197718,-1.8913096,-2.0659219,-0.0075075869]",converged
44,42,scene_04_near_singularity,20260529,pinv,40086,True,0.0017088160020648502,16,0.004507985344855821,0.0,4.3837304606998835,"[-3.3405396,-0.98582239,0.95914484,-1.9121145,-2.0059283,0.0041204674]",converged
45,42,scene_04_near_singularity,20260529,pinv,40087,True,0.0014682139990327414,16,0.00828999310453568,0.0,4.350300266630693,"[-3.3333912,-0.98951703,0.96712821,-1.8979571,-2.0617611,0.01611937]",converged
46,42,scene_04_near_singularity,20260529,pinv,40088,True,0.0011466619980637915,16,0.008865446634586679,0.0,4.349378970731191,"[-3.3312386,-0.98653274,0.95770067,-1.8694904,-2.0791941,-0.0033792188]",converged
47,42,scene_04_near_singularity,20260529,pinv,40089,True,0.0010466350031492766,16,0.007817266369531619,0.0,4.355909953869552,"[-3.3336509,-0.98614931,0.95666643,-1.8763916,-2.0599692,0.0041478174]",converged
48,42,scene_04_near_singularity,20260529,pinv,40090,True,0.00123978800183977,16,0.007997372548296154,0.0,4.370843971669945,"[-3.3304248,-0.9839926,0.95478721,-1.8717333,-2.0878692,-0.021474731]",converged
49,42,scene_04_near_singularity,20260529,pinv,40091,True,0.0013526270013244357,16,0.007398524804896912,0.0,4.39148220617629,"[-3.3285233,-0.97955428,0.94708908,-1.8591629,-2.1046099,-0.0082835302]",converged
0,42,scene_04_near_singularity,20260529,dls,41042,True,0.0011408360005589202,16,0.009298960689323574,0.0,4.3099667115788485,"[-3.3379171,-0.99341488,0.96809382,-1.8859737,-2.0315159,0.012106352]",converged
1,42,scene_04_near_singularity,20260529,dls,41043,True,0.0008167720006895252,16,0.006794319141704315,0.0,4.351637458436002,"[-3.338638,-0.98823622,0.96090635,-1.8934718,-2.0263455,0.0054614829]",converged
2,42,scene_04_near_singularity,20260529,dls,41044,True,0.0007771780001348816,16,0.009080327697678848,0.0,4.309930987198982,"[-3.3386373,-0.9928729,0.96583874,-1.8821161,-2.0257291,-0.0029186353]",converged
3,42,scene_04_near_singularity,20260529,dls,41045,True,0.0009343220008304343,16,0.007648950621272163,0.0,4.321898029339686,"[-3.3412791,-0.99038341,0.95882915,-1.8777605,-2.0040214,0.0063186355]",converged
4,42,scene_04_near_singularity,20260529,dls,41046,True,0.0008210960004362278,16,0.007271187776829238,0.0,4.357653630058113,"[-3.3358087,-0.98750053,0.96195053,-1.8929095,-2.0499943,-0.013283939]",converged
5,42,scene_04_near_singularity,20260529,dls,41047,True,0.0008943030006776098,16,0.007214593227171164,0.0,4.333568756530472,"[-3.3409264,-0.99210664,0.9681769,-1.9056613,-2.0070249,0.0077987698]",converged
6,42,scene_04_near_singularity,20260529,dls,41048,True,0.0009174689985229634,16,0.007753310985348414,0.0,4.349402241133646,"[-3.3356489,-0.9879648,0.96136806,-1.8865312,-2.0513449,-0.02416125]",converged
7,42,scene_04_near_singularity,20260529,dls,41049,True,0.0007045399979688227,16,0.009026119293148248,0.0,4.333460967111952,"[-3.3341102,-0.98833102,0.9593455,-1.8691461,-2.0638983,0.030726901]",converged
8,42,scene_04_near_singularity,20260529,dls,41050,True,0.0009851510003500152,16,0.009516885550259915,0.0,4.3001677537413325,"[-3.338893,-0.99343624,0.9652468,-1.8759279,-2.0230651,-0.01491328]",converged
9,42,scene_04_near_singularity,20260529,dls,41051,True,0.002044517001195345,16,0.007811482718006944,0.0,4.346537221616174,"[-3.336045,-0.98885708,0.96337185,-1.8907495,-2.0477622,-0.01035652]",converged
10,42,scene_04_near_singularity,20260529,dls,41052,True,0.0007924389974505175,16,0.01126640038388509,0.0,4.30951326616807,"[-3.3312193,-0.99231617,0.96805834,-1.8694159,-2.0875746,-0.0074790692]",converged
11,42,scene_04_near_singularity,20260529,dls,41053,True,0.0007150519995775539,16,0.007879376836603879,0.0,4.330095968626935,"[-3.3394464,-0.99423374,0.97603817,-1.9195877,-2.0189612,-0.011422628]",converged
12,42,scene_04_near_singularity,20260529,dls,41054,True,0.0011842620006063953,16,0.008624687539971707,0.0,4.332155055118257,"[-3.3362332,-0.99240482,0.97189031,-1.9036063,-2.0462586,-0.0050059775]",converged
13,42,scene_04_near_singularity,20260529,dls,41055,True,0.0012177239987067878,16,0.010844057701461383,0.0,4.308684006514229,"[-3.3327628,-0.99220673,0.96636414,-1.8688251,-2.0746549,0.013800978]",converged
14,42,scene_04_near_singularity,20260529,dls,41056,True,0.0008766620012465864,16,0.009959013688145932,0.0,4.325546033784745,"[-3.3324587,-0.98949558,0.96232728,-1.8677742,-2.0775162,0.0094169664]",converged
15,42,scene_04_near_singularity,20260529,dls,41057,True,0.0009174170008918736,16,0.008191741387944223,0.0,4.320530447969304,"[-3.3396572,-0.99144116,0.96337062,-1.884349,-2.0174271,-0.0071529652]",converged
16,42,scene_04_near_singularity,20260529,dls,41058,True,0.0011717309971572831,16,0.007931030364719703,0.0,4.345093488330531,"[-3.3358406,-0.98848654,0.96198948,-1.8860809,-2.0497056,0.0024372448]",converged
17,42,scene_04_near_singularity,20260529,dls,41059,True,0.0007591559988213703,16,0.01120542246865551,0.0,4.2885334349194935,"[-3.3355743,-0.99727528,0.97724116,-1.8906533,-2.0501337,-0.019497705]",converged
18,42,scene_04_near_singularity,20260529,dls,41060,True,0.0007590409986732993,17,0.005627966662734248,0.0,4.408999681593969,"[-3.331998,-0.97972661,0.95088518,-1.8846948,-2.0836512,-0.036084271]",converged
19,42,scene_04_near_singularity,20260529,dls,41061,True,0.0007104730029823259,16,0.008304922814468714,0.0,4.324927437728654,"[-3.3382803,-0.98994543,0.96010802,-1.8760402,-2.0289231,0.011350045]",converged
20,42,scene_04_near_singularity,20260529,dls,41062,True,0.0007372079999186099,16,0.00950523948720598,0.0,4.30647767993856,"[-3.3376125,-0.99146899,0.96062562,-1.8655564,-2.0340899,0.04764533]",converged
21,42,scene_04_near_singularity,20260529,dls,41063,True,0.000734986002498772,16,0.007093962636772755,0.0,4.360372601164716,"[-3.3357752,-0.98618882,0.95812651,-1.8851764,-2.0501973,-0.006508327]",converged
22,42,scene_04_near_singularity,20260529,dls,41064,True,0.0007263929983309936,16,0.007144862374154028,0.0,4.367121685558346,"[-3.3346647,-0.98744138,0.96492176,-1.9025973,-2.0597937,-0.0227393]",converged
23,42,scene_04_near_singularity,20260529,dls,41065,True,0.0007042789984552655,16,0.009538969496728819,0.0,4.3233950865483015,"[-3.3344451,-0.99131038,0.96673089,-1.8821281,-2.0608198,-0.040097686]",converged
24,42,scene_04_near_singularity,20260529,dls,41066,True,0.0007538480022049043,16,0.008424145433279177,0.0,4.3484641600698115,"[-3.3333522,-0.98640127,0.95737982,-1.8707893,-2.0707014,-0.010232893]",converged
25,42,scene_04_near_singularity,20260529,dls,41067,True,0.0007149679986468982,16,0.00814715103735495,0.0,4.345505482129531,"[-3.3347355,-0.98563222,0.95301981,-1.8621301,-2.0591486,-0.008774059]",converged
26,42,scene_04_near_singularity,20260529,dls,41068,True,0.0010232029999315273,16,0.010141403425997956,0.0,4.302210348264581,"[-3.3368392,-0.99647272,0.97680374,-1.9000917,-2.0403172,0.028500035]",converged
27,42,scene_04_near_singularity,20260529,dls,41069,True,0.0008007000033103395,16,0.00965796860188081,0.0,4.331712441115627,"[-3.3326709,-0.99104358,0.96893394,-1.8875972,-2.0762734,-0.013508269]",converged
28,42,scene_04_near_singularity,20260529,dls,41070,True,0.0007099280010152142,16,0.008476269466490015,0.0,4.34137111996901,"[-3.3347377,-0.98925353,0.96423821,-1.8867694,-2.0589767,0.0081040239]",converged
29,42,scene_04_near_singularity,20260529,dls,41071,True,0.0008017639993340708,16,0.007799040090633288,0.0,4.326998973298522,"[-3.3398676,-0.99130532,0.96439281,-1.8908374,-2.0156589,-0.016651998]",converged
30,42,scene_04_near_singularity,20260529,dls,41072,True,0.0007260349993885029,16,0.0077130080580215836,0.0,4.328586583340504,"[-3.3395712,-0.98854491,0.95539452,-1.869749,-2.0181997,0.0047608889]",converged
31,42,scene_04_near_singularity,20260529,dls,41073,True,0.0007422250018862542,16,0.009042835592245847,0.0,4.329147877084931,"[-3.3348932,-0.98889897,0.95960172,-1.8692103,-2.0575263,0.036600184]",converged
32,42,scene_04_near_singularity,20260529,dls,41074,True,0.0007998250002856366,16,0.008644452344347122,0.0,4.353792402886662,"[-3.3320502,-0.98871272,0.96751364,-1.8949327,-2.0818742,0.013071381]",converged
33,42,scene_04_near_singularity,20260529,dls,41075,True,0.0007380309980362654,16,0.008837810383071227,0.0,4.346137126192921,"[-3.3324469,-0.98692207,0.95896392,-1.8709958,-2.078311,0.037858225]",converged
34,42,scene_04_near_singularity,20260529,dls,41076,True,0.0007181100008892827,16,0.007946458385928203,0.0,4.343400294271481,"[-3.3360965,-0.98839381,0.96078793,-1.8828674,-2.0475194,-0.013246234]",converged
35,42,scene_04_near_singularity,20260529,dls,41077,True,0.00072080899917637,16,0.00971343308001675,0.0,4.340342963617714,"[-3.3306028,-0.98745097,0.96044316,-1.8664851,-2.0937996,0.017533176]",converged
36,42,scene_04_near_singularity,20260529,dls,41078,True,0.0007571569985884707,16,0.008970593347069795,0.0,4.3461946985752515,"[-3.3322138,-0.98900998,0.96667261,-1.8891005,-2.080234,0.018819349]",converged
37,42,scene_04_near_singularity,20260529,dls,41079,True,0.0007113069987099152,16,0.008216010470487827,0.0,4.342880209943718,"[-3.3349076,-0.98514088,0.95050926,-1.8551898,-2.0574519,-0.017845964]",converged
38,42,scene_04_near_singularity,20260529,dls,41080,True,0.0007277710028574802,16,0.009775702885710618,0.0,4.294261138535915,"[-3.3394374,-0.9961005,0.97231255,-1.8905659,-2.0184981,-0.01462439]",converged
39,42,scene_04_near_singularity,20260529,dls,41081,True,0.0007462369976565242,16,0.010016177454225653,0.0,4.310000241860265,"[-3.3362087,-0.99838703,0.98686321,-1.9274767,-2.0456589,0.0031721952]",converged
40,42,scene_04_near_singularity,20260529,dls,41082,True,0.0007608809974044561,16,0.006873582567107115,0.0,4.378071927945349,"[-3.3334005,-0.98460172,0.95868452,-1.8904392,-2.070632,-0.018595197]",converged
41,42,scene_04_near_singularity,20260529,dls,41083,True,0.0007814179989509284,16,0.008204099087611928,0.0,4.33532144809162,"[-3.3374917,-0.99439525,0.97905611,-1.9255433,-2.0357498,-0.0075031553]",converged
42,42,scene_04_near_singularity,20260529,dls,41084,True,0.0007249349982885178,16,0.007595116822051412,0.0,4.32287268604284,"[-3.3412729,-0.99017848,0.95846096,-1.8773764,-2.0042506,-0.0026019873]",converged
43,42,scene_04_near_singularity,20260529,dls,41085,True,0.0007300940014829393,16,0.00737381488660621,0.0,4.3356454195066165,"[-3.3393763,-0.98740398,0.95342098,-1.8685071,-2.0200549,0.020947616]",converged
44,42,scene_04_near_singularity,20260529,dls,41086,True,0.0007182980007200968,16,0.01010237631341991,0.0,4.3154523367373585,"[-3.3338583,-0.991233,0.96498762,-1.8721146,-2.0654032,0.0025995149]",converged
45,42,scene_04_near_singularity,20260529,dls,41087,True,0.0007067280021146871,16,0.007239570344175535,0.0,4.3651168448814595,"[-3.3342836,-0.98449601,0.95447439,-1.8754129,-2.062805,0.013136743]",converged
46,42,scene_04_near_singularity,20260529,dls,41088,True,0.0007330350017582532,16,0.009759709358350317,0.0,4.325884941062374,"[-3.333581,-0.99359654,0.97606694,-1.9040728,-2.06794,-0.037796191]",converged
47,42,scene_04_near_singularity,20260529,dls,41089,True,0.0007518349993915763,16,0.008200860636485738,0.0,4.343159617917859,"[-3.3358206,-0.99222877,0.9744467,-1.9150057,-2.0499082,-0.0037654265]",converged
48,42,scene_04_near_singularity,20260529,dls,41090,True,0.0007445000010193326,16,0.007554135004683143,0.0,4.323879698119155,"[-3.3409444,-0.98742255,0.9495872,-1.8564218,-2.0068895,-0.023390351]",converged
49,42,scene_04_near_singularity,20260529,dls,41091,True,0.000843660000100499,16,0.008907815732756258,0.0,4.344117986004665,"[-3.3326185,-0.98782392,0.96165359,-1.876842,-2.0767103,-0.011349887]",converged
0,42,scene_04_near_singularity,20260529,lm,42042,True,0.0008577490007155575,16,0.007958673748522596,0.0,4.318160481584687,"[-3.3416115,-0.99500797,0.97380193,-1.9115341,-2.0025432,0.020051652]",converged
1,42,scene_04_near_singularity,20260529,lm,42043,True,0.0007857609998609405,16,0.008614634713461775,0.0,4.331101176125654,"[-3.3359967,-0.98782542,0.95592345,-1.8638245,-2.0495415,0.038173783]",converged
2,42,scene_04_near_singularity,20260529,lm,42044,True,0.0007234370023070369,16,0.011099777007600705,0.0,4.3041145229825615,"[-3.3335346,-0.99778989,0.9850612,-1.9130015,-2.069796,-0.01609767]",converged
3,42,scene_04_near_singularity,20260529,lm,42045,True,0.000748985999962315,16,0.008538463236398338,0.0,4.345431973619597,"[-3.3338471,-0.98837913,0.96308575,-1.8836341,-2.0680221,0.0018777712]",converged
4,42,scene_04_near_singularity,20260529,lm,42046,True,0.0007288339984370396,16,0.007496343199896304,0.0,4.348513771919152,"[-3.3366949,-0.98710349,0.95747538,-1.8788339,-2.0437805,0.019455199]",converged
5,42,scene_04_near_singularity,20260529,lm,42047,True,0.0007463530018867459,16,0.011237333213202989,0.0,4.303209237024989,"[-3.3326904,-0.99398336,0.97180825,-1.8781186,-2.077063,-0.038049918]",converged
6,42,scene_04_near_singularity,20260529,lm,42048,True,0.0007211900010588579,16,0.008170996333721854,0.0,4.352178437264314,"[-3.3338536,-0.9879751,0.96374158,-1.8890488,-2.0678614,-0.032557027]",converged
7,42,scene_04_near_singularity,20260529,lm,42049,True,0.0007574049996037502,16,0.009077876304470713,0.0,4.321227609250359,"[-3.3363395,-0.98970645,0.95969403,-1.8681321,-2.0465844,-0.0076655954]",converged
8,42,scene_04_near_singularity,20260529,lm,42050,True,0.0007664180011488497,16,0.009922667991041977,0.0,4.29864439798931,"[-3.3382273,-0.9959171,0.97396578,-1.8938438,-2.0306257,-0.018266467]",converged
9,42,scene_04_near_singularity,20260529,lm,42051,True,0.0007645590012543835,16,0.008715740817671885,0.0,4.3194155478833505,"[-3.3379306,-0.98961777,0.95785457,-1.86644,-2.0332908,-0.013368813]",converged
10,42,scene_04_near_singularity,20260529,lm,42052,True,0.0007260180027515162,16,0.008619505806816393,0.0,4.31694029219431,"[-3.3388877,-0.99141393,0.96298238,-1.8794054,-2.0251679,0.0022464902]",converged
11,42,scene_04_near_singularity,20260529,lm,42053,True,0.0008455449969915207,16,0.009293277505431708,0.0,4.3223092025186265,"[-3.3353952,-0.98986056,0.96145688,-1.8706613,-2.054604,0.0092260282]",converged
12,42,scene_04_near_singularity,20260529,lm,42054,True,0.000740481998946052,16,0.011947714677492383,0.0,4.278298726568053,"[-3.3351554,-0.99801591,0.97705351,-1.8827806,-2.0556635,0.0097571055]",converged
13,42,scene_04_near_singularity,20260529,lm,42055,True,0.0007622610028192867,16,0.00876944656174538,0.0,4.3294076107408035,"[-3.3359636,-0.98987588,0.96262263,-1.8788281,-2.049696,-0.0021528877]",converged
14,42,scene_04_near_singularity,20260529,lm,42056,True,0.0007220660008897539,16,0.010266106151201146,0.0,4.303795733479911,"[-3.3359417,-0.99459263,0.97191621,-1.8866895,-2.0496231,-0.0003300603]",converged
15,42,scene_04_near_singularity,20260529,lm,42057,True,0.0007287830012501217,16,0.009793911193533903,0.0,4.297905269237228,"[-3.3388928,-0.99614583,0.97385425,-1.8945771,-2.0252004,-0.026294214]",converged
16,42,scene_04_near_singularity,20260529,lm,42058,True,0.0007227589994727168,16,0.009358002694265776,0.0,4.3376868248675,"[-3.3325103,-0.98895194,0.96405861,-1.8781614,-2.0795964,-0.015980686]",converged
17,42,scene_04_near_singularity,20260529,lm,42059,True,0.0007761259985272773,16,0.01074346324556536,0.0,4.286105565435798,"[-3.3377316,-0.99695783,0.97435042,-1.886687,-2.0342094,0.0055199183]",converged
18,42,scene_04_near_singularity,20260529,lm,42060,True,0.0007941920011944603,16,0.008849576278031526,0.0,4.316335599505048,"[-3.3384456,-0.99322812,0.9692472,-1.8929884,-2.0289719,0.010164163]",converged
19,42,scene_04_near_singularity,20260529,lm,42061,True,0.0007329690015467349,16,0.009282276306042324,0.0,4.321579436347309,"[-3.335812,-0.99158483,0.96650161,-1.8833213,-2.0511354,0.0061958431]",converged
20,42,scene_04_near_singularity,20260529,lm,42062,True,0.0007268650006153621,16,0.00840171038042727,0.0,4.323610488710171,"[-3.3385808,-0.99245632,0.96860904,-1.8958812,-2.0277184,0.0077592995]",converged
21,42,scene_04_near_singularity,20260529,lm,42063,True,0.0008316280000144616,16,0.007572255528069638,0.0,4.343226944872539,"[-3.3372596,-0.98616295,0.95261337,-1.8656658,-2.0389783,0.0046034697]",converged
22,42,scene_04_near_singularity,20260529,lm,42064,True,0.0007031790009932593,16,0.009863565649941305,0.0,4.3166424625734,"[-3.3346306,-0.9911246,0.96444043,-1.8727648,-2.0609981,0.023177567]",converged
23,42,scene_04_near_singularity,20260529,lm,42065,True,0.0008588919990870636,16,0.011014011227658615,0.0,4.279423018681312,"[-3.3381834,-0.99769327,0.97436137,-1.8838327,-2.0307388,0.00019354638]",converged
24,42,scene_04_near_singularity,20260529,lm,42066,True,0.0007247590001497883,16,0.00688666301748999,0.0,4.356570159643046,"[-3.3376249,-0.98884791,0.9652018,-1.90395,-2.0360008,-0.0020271188]",converged
25,42,scene_04_near_singularity,20260529,lm,42067,True,0.0007220139996206854,16,0.01141206359588398,0.0,4.290885589181564,"[-3.3343947,-0.99549595,0.97265483,-1.8774976,-2.0623084,-0.023565755]",converged
26,42,scene_04_near_singularity,20260529,lm,42068,True,0.0007221920022857375,16,0.008375568327851864,0.0,4.362225137306366,"[-3.331154,-0.98451611,0.95612673,-1.869179,-2.0910444,0.001443881]",converged
27,42,scene_04_near_singularity,20260529,lm,42069,True,0.000725768997654086,16,0.008092592588619326,0.0,4.322710248069142,"[-3.3399423,-0.99304271,0.96945262,-1.9003111,-2.016364,-0.060278365]",converged
28,42,scene_04_near_singularity,20260529,lm,42070,True,0.0007348420003836509,16,0.009073706144564778,0.0,4.2951525158087485,"[-3.3418195,-0.99503693,0.96778997,-1.8847653,-2.0008248,0.026650889]",converged
29,42,scene_04_near_singularity,20260529,lm,42071,True,0.0007518940001318697,16,0.008563197534488717,0.0,4.326199075269012,"[-3.3374658,-0.99161393,0.96687189,-1.8906642,-2.0371632,0.0084259699]",converged
30,42,scene_04_near_singularity,20260529,lm,42072,True,0.0007251210008689668,16,0.011294609573335753,0.0,4.286734937362882,"[-3.3355369,-0.99565139,0.97142125,-1.874953,-2.0526307,0.0022805379]",converged
31,42,scene_04_near_singularity,20260529,lm,42073,True,0.0007206650006992277,16,0.008855123699311964,0.0,4.3223995909093285,"[-3.3368406,-0.98941435,0.9590416,-1.8683794,-2.042513,-0.0065036984]",converged
32,42,scene_04_near_singularity,20260529,lm,42074,True,0.0007271079994097818,16,0.008605917640516983,0.0,4.330882761981924,"[-3.3361317,-0.98878861,0.95926614,-1.8720241,-2.0483029,-0.00080410121]",converged
33,42,scene_04_near_singularity,20260529,lm,42075,True,0.0007276130017999094,16,0.00868161249596732,0.0,4.316045478828498,"[-3.3392532,-0.99429082,0.97246646,-1.902246,-2.0223441,-0.0099972119]",converged
34,42,scene_04_near_singularity,20260529,lm,42076,True,0.0007102389972715173,16,0.009018016374936275,0.0,4.320611268252054,"[-3.3367348,-0.99032917,0.9614322,-1.8728207,-2.0434086,-0.0035241489]",converged
35,42,scene_04_near_singularity,20260529,lm,42077,True,0.0009497199971519876,16,0.010841743559846647,0.0,4.294023934245395,"[-3.3357372,-0.99519565,0.9715149,-1.8798234,-2.0508732,-0.018674195]",converged
36,42,scene_04_near_singularity,20260529,lm,42078,True,0.0008588109994889237,16,0.009020493553498274,0.0,4.332287735683765,"[-3.3348391,-0.99163097,0.97055444,-1.8967647,-2.0594655,0.032389535]",converged
37,42,scene_04_near_singularity,20260529,lm,42079,True,0.0007907780018285848,16,0.008929500565664151,0.0,4.32746406613086,"[-3.3360189,-0.99168797,0.96824173,-1.8912859,-2.0494593,-0.019681759]",converged
38,42,scene_04_near_singularity,20260529,lm,42080,True,0.0007534700016549323,16,0.009073867807454157,0.0,4.331962156730388,"[-3.3345103,-0.98994742,0.96458991,-1.8813947,-2.0622219,0.0026308904]",converged
39,42,scene_04_near_singularity,20260529,lm,42081,True,0.0007580839992442634,16,0.007124029751048101,0.0,4.355567683978429,"[-3.3368065,-0.98772178,0.96147098,-1.8926136,-2.0427135,-0.021409966]",converged
40,42,scene_04_near_singularity,20260529,lm,42082,True,0.0007398999987344723,16,0.007799294312113912,0.0,4.346506680572584,"[-3.3361985,-0.98880165,0.9633388,-1.8905773,-2.0480362,0.0072682792]",converged
41,42,scene_04_near_singularity,20260529,lm,42083,True,0.0007164519993239082,16,0.011493289503262357,0.0,4.271241645851819,"[-3.3378708,-0.99703471,0.97025845,-1.8688519,-2.0328367,-0.023580689]",converged
42,42,scene_04_near_singularity,20260529,lm,42084,True,0.0007786700007272884,16,0.006223472641610649,0.0,4.358160622524868,"[-3.3389013,-0.98205625,0.94156342,-1.851573,-2.0251457,0.010332272]",converged
43,42,scene_04_near_singularity,20260529,lm,42085,True,0.0009417850014870055,16,0.008279489963145785,0.0,4.337017347812051,"[-3.3359218,-0.98589842,0.9509314,-1.8550447,-2.0502395,0.0041783023]",converged
44,42,scene_04_near_singularity,20260529,lm,42086,True,0.0008118689984257799,16,0.011899196704654407,0.0,4.266621359643607,"[-3.3374238,-0.99845973,0.9746104,-1.8755808,-2.0364786,0.018260113]",converged
45,42,scene_04_near_singularity,20260529,lm,42087,True,0.0010990800001309253,16,0.009092515834451904,0.0,4.344370890315218,"[-3.3319981,-0.98631886,0.95697055,-1.8634375,-2.0840304,0.043170543]",converged
46,42,scene_04_near_singularity,20260529,lm,42088,True,0.0007704929994361009,17,0.005427812530848022,0.0,4.386965372871758,"[-3.336602,-0.98210868,0.95071804,-1.8834517,-2.0453436,-0.024985562]",converged
47,42,scene_04_near_singularity,20260529,lm,42089,True,0.0009233000018866733,16,0.00930163820808358,0.0,4.329482762040567,"[-3.3344733,-0.99200294,0.97098863,-1.8952798,-2.0627751,-0.0060194463]",converged
48,42,scene_04_near_singularity,20260529,lm,42090,True,0.0007183420020737685,16,0.008923787754497663,0.0,4.317672141019737,"[-3.3377669,-0.99193682,0.96569725,-1.8837154,-2.0347734,0.0021985345]",converged
49,42,scene_04_near_singularity,20260529,lm,42091,True,0.0007424169998557772,16,0.00876044918811549,0.0,4.327654882906348,"[-3.3364858,-0.99125627,0.96673513,-1.8888557,-2.0455694,0.019043905]",converged
0,42,scene_04_near_singularity,20260529,scipy_baseline,43042,True,0.006144962000689702,32,2.5784512693968244e-09,0.0,5.246583489161308,"[-3.2767709,-0.6887867,0.34064074,0.10144594,2.7147999,-0.0059829701]",`gtol` termination condition is satisfied.
1,42,scene_04_near_singularity,20260529,scipy_baseline,43043,True,0.0063548910002282355,34,5.039482105281178e-09,0.0,6.599988593098232,"[-3.2736956,-0.51623353,-0.01561226,-0.3432321,-2.7754276,3.5750054]",`xtol` termination condition is satisfied.
2,42,scene_04_near_singularity,20260529,scipy_baseline,43044,True,0.007947058002173435,39,3.6638411145107034e-16,0.0,5.123137350193241,"[-3.2895039,-0.90540823,1.0426343,-2.5539049,3.7623853,-0.63043101]",`gtol` termination condition is satisfied.
3,42,scene_04_near_singularity,20260529,scipy_baseline,43045,True,0.006160663000628119,30,1.0933659368162648e-09,0.0,5.545402865496405,"[-3.3909804,-0.78949929,1.0606048,-2.074094,1.6164888,0.52948721]",`gtol` termination condition is satisfied.
4,42,scene_04_near_singularity,20260529,scipy_baseline,43046,True,0.0058248149980499875,29,2.426616062095697e-08,0.0,4.953192711037882,"[-3.3904419,-0.94068069,1.1947785,-1.5759158,1.6205396,0.73149318]",`gtol` termination condition is satisfied.
5,42,scene_04_near_singularity,20260529,scipy_baseline,43047,True,0.005702652000763919,29,7.928140328571293e-11,0.0,5.66830789992385,"[-3.2885237,-0.84564581,1.0230289,-1.8620123,2.5337334,0.4699125]",`gtol` termination condition is satisfied.
6,42,scene_04_near_singularity,20260529,scipy_baseline,43048,True,0.007379983999271644,37,4.420559440021321e-11,0.0,6.418014587382692,"[-3.3071681,-0.56158262,0.031125862,-0.62275232,-2.3174174,-1.8943759]",`gtol` termination condition is satisfied.
7,42,scene_04_near_singularity,20260529,scipy_baseline,43049,True,0.005121821999637177,26,4.371910423307855e-09,0.0,4.8499713687818105,"[-3.5009147,-0.97856573,1.1769979,-1.5609393,0.69073142,3.0695879]",`gtol` termination condition is satisfied.
8,42,scene_04_near_singularity,20260529,scipy_baseline,43050,True,0.006278045999351889,34,2.0731032316232695e-09,0.0,4.331693849362964,"[-3.345127,-0.94979194,0.85492924,-0.22678674,-4.3102239,4.2111247]",`gtol` termination condition is satisfied.
9,42,scene_04_near_singularity,20260529,scipy_baseline,43051,True,0.005738824998843484,31,1.6488340699004405e-09,0.0,5.1339791385713305,"[-3.2772087,-0.82250771,0.64014885,-1.1384293,-2.7068186,2.8204077]",`gtol` termination condition is satisfied.
10,42,scene_04_near_singularity,20260529,scipy_baseline,43052,True,0.003725060996657703,19,3.6238515121157075e-09,0.0,4.923658893558044,"[-3.3626548,-0.94593308,1.1767822,-1.4958152,1.8327593,0.65075955]",`gtol` termination condition is satisfied.
11,42,scene_04_near_singularity,20260529,scipy_baseline,43053,True,0.004393496001284802,22,4.885274637497646e-10,0.0,4.983643082424298,"[-3.3664711,-0.93331895,1.1763659,-1.5659961,1.803064,-0.14158777]",`gtol` termination condition is satisfied.
12,42,scene_04_near_singularity,20260529,scipy_baseline,43054,True,0.004761547999805771,27,1.02242766301467e-11,0.0,5.273771001322034,"[-3.2837343,-0.89336818,1.0264231,-1.5716435,2.6008101,0.071321347]",`gtol` termination condition is satisfied.
13,42,scene_04_near_singularity,20260529,scipy_baseline,43055,True,0.005903751000005286,29,6.777377914404084e-15,0.0,5.612730607545186,"[-3.4735883,-0.78334036,1.0381878,-2.247568,0.96449175,2.8984182]",`gtol` termination condition is satisfied.
14,42,scene_04_near_singularity,20260529,scipy_baseline,43056,True,0.009220431998983258,42,1.0764338800388983e-08,0.0,4.703206269655102,"[-3.3571922,0.19315735,-1.1596815,-0.42475994,1.8757167,3.0720213]",`gtol` termination condition is satisfied.
15,42,scene_04_near_singularity,20260529,scipy_baseline,43057,True,0.006200943000294501,29,3.3909391947837557e-10,0.0,4.680811767305447,"[-3.4359672,-1.0066218,1.2089696,-1.2777971,1.2756453,-1.8808402]",`gtol` termination condition is satisfied.
16,42,scene_04_near_singularity,20260529,scipy_baseline,43058,True,0.0058510050002951175,31,2.798578173014719e-13,0.0,4.870765773574793,"[-3.3581277,-0.95600264,1.173335,-1.4288785,1.8683186,-0.53834881]",`gtol` termination condition is satisfied.
17,42,scene_04_near_singularity,20260529,scipy_baseline,43059,True,0.0074605800000426825,37,4.39073555834512e-16,0.0,4.668965881971393,"[-3.3885249,-1.000709,1.1908078,-1.2143505,1.6349695,0.22681886]",`gtol` termination condition is satisfied.
18,42,scene_04_near_singularity,20260529,scipy_baseline,43060,True,0.006317530998785514,34,1.0916254259219612e-08,0.0,5.268503386758168,"[-3.2865224,-0.89392829,1.0355672,-1.5786848,-3.7222625,-0.012789361]",`gtol` termination condition is satisfied.
19,42,scene_04_near_singularity,20260529,scipy_baseline,43061,True,0.006633707998844329,34,9.641490392547121e-11,0.0,5.666051169966013,"[-3.4838077,-0.77557796,1.0204177,-2.3054297,0.86956617,-0.28155737]",`gtol` termination condition is satisfied.
20,42,scene_04_near_singularity,20260529,scipy_baseline,43062,True,0.007403119001537561,36,6.328230093806124e-13,0.0,4.65683534152122,"[-3.3961499,-1.0047376,1.1943443,-1.2045208,1.5776526,1.1970105]",`gtol` termination condition is satisfied.
21,42,scene_04_near_singularity,20260529,scipy_baseline,43063,True,0.006792398002289701,33,2.150487759119536e-09,0.0,5.28220697044548,"[-3.2813379,-0.89244528,1.0179902,-1.568547,2.6373499,-1.1454086]",`gtol` termination condition is satisfied.
22,42,scene_04_near_singularity,20260529,scipy_baseline,43064,True,0.005988553999486612,28,7.653758059114091e-13,0.0,4.6783209000070265,"[-3.3892311,-0.99925358,1.1925905,-1.2289094,1.6296514,1.1276564]",`gtol` termination condition is satisfied.
23,42,scene_04_near_singularity,20260529,scipy_baseline,43065,True,0.004361663999588927,20,7.002647636032767e-11,0.0,5.516942362598822,"[-3.4720791,-0.8092781,1.0728915,-2.1743349,0.97798649,-0.66636438]",`gtol` termination condition is satisfied.
24,42,scene_04_near_singularity,20260529,scipy_baseline,43066,True,0.005061086001660442,27,1.298028948730321e-08,0.0,4.6334719633345625,"[-3.2987194,-0.94626548,0.99416127,-0.95420165,-3.8743198,-2.3375778]",`gtol` termination condition is satisfied.
25,42,scene_04_near_singularity,20260529,scipy_baseline,43067,True,0.00620998900194536,31,4.124666049636393e-09,0.0,6.861446874151573,"[0.21176365,-2.5987739,0.01059246,2.3910898,-0.56610012,3.6698681]",`gtol` termination condition is satisfied.
26,42,scene_04_near_singularity,20260529,scipy_baseline,43068,True,0.0065027649980038404,33,8.933881716165516e-09,0.0,5.030415551906073,"[-3.2815712,0.075861873,-0.74040328,-1.7644721,-3.6494987,3.0484656]",`gtol` termination condition is satisfied.
27,42,scene_04_near_singularity,20260529,scipy_baseline,43069,True,0.00739663900094456,39,7.286662142599413e-09,0.0,5.253008511316274,"[-3.2651933,-0.70957735,0.40804082,-0.34730789,-3.1973247,-5.3514377]",`gtol` termination condition is satisfied.
28,42,scene_04_near_singularity,20260529,scipy_baseline,43070,True,0.003697485000884626,17,5.179503946961414e-09,0.0,5.07084605253821,"[-3.4217166,-0.91279471,1.1878503,-1.7403159,1.3851357,1.4616283]",`gtol` termination condition is satisfied.
29,42,scene_04_near_singularity,20260529,scipy_baseline,43071,True,0.0061280639965843875,31,2.8356173418411627e-12,0.0,6.192354005629171,"[-3.4278505,-0.25959382,0.061147343,2.2090565,-1.3383232,0.6089888]",`gtol` termination condition is satisfied.
30,42,scene_04_near_singularity,20260529,scipy_baseline,43072,True,0.00442268999904627,22,1.2366202948640713e-09,0.0,6.981140483937644,"[-3.2753955,-0.44334929,-0.1703474,-0.31620166,-2.7408387,-3.5415544]",`gtol` termination condition is satisfied.
31,42,scene_04_near_singularity,20260529,scipy_baseline,43073,True,0.005873149999388261,27,6.158025140536827e-09,0.0,6.551646641087037,"[-3.2767741,-0.36749561,-0.32947845,0.45737985,2.7147404,0.021037046]",`gtol` termination condition is satisfied.
32,42,scene_04_near_singularity,20260529,scipy_baseline,43074,True,0.005869472999620484,30,7.380547241848385e-11,0.0,4.979952232147339,"[-3.450803,-0.94143389,1.2022536,-1.6717655,1.1579857,3.2767967]",`gtol` termination condition is satisfied.
33,42,scene_04_near_singularity,20260529,scipy_baseline,43075,True,0.006224767999810865,34,2.4320230226793706e-09,0.0,6.8346766439905196,"[-3.2687785,-0.43001623,-0.1860999,-0.1852889,-2.9007827,-3.6000791]",`xtol` termination condition is satisfied.
34,42,scene_04_near_singularity,20260529,scipy_baseline,43076,True,0.006675390999589581,32,1.1580220921319683e-08,0.0,6.3994127351338275,"[-3.4173337,-0.52181052,0.61120136,-2.5315104,1.4183642,-5.3144937]",`gtol` termination condition is satisfied.
35,42,scene_04_near_singularity,20260529,scipy_baseline,43077,True,0.006177486997330561,27,2.5672042356355204e-11,0.0,5.062976735179094,"[-3.2763968,-0.90469834,0.974519,-1.3481048,-3.5614539,-4.0714845]",`gtol` termination condition is satisfied.
36,42,scene_04_near_singularity,20260529,scipy_baseline,43078,True,0.007847027001844253,36,8.551625401872152e-09,0.0,6.697446372153631,"[-6.1504595,-2.7012659,-0.43938647,-5.2907546,1.3072769,4.9825038]",`xtol` termination condition is satisfied.
37,42,scene_04_near_singularity,20260529,scipy_baseline,43079,True,0.0033824830024968833,17,1.2160053689506148e-09,0.0,4.968781862148033,"[-3.4107223,-0.93810363,1.200951,-1.6208993,1.4682352,0.40855836]",`gtol` termination condition is satisfied.
38,42,scene_04_near_singularity,20260529,scipy_baseline,43080,True,0.005082493000372779,23,5.961935232606429e-09,0.0,4.660201591172215,"[-3.510764,-1.0010518,1.1379046,-1.3252168,0.568278,-0.023764017]",`gtol` termination condition is satisfied.
39,42,scene_04_near_singularity,20260529,scipy_baseline,43081,True,0.007860686997446464,39,2.9865191173833274e-09,0.0,4.670655220270782,"[-3.4552804,-1.009293,1.2034855,-1.2787517,1.1214252,-2.3227224]",`gtol` termination condition is satisfied.
40,42,scene_04_near_singularity,20260529,scipy_baseline,43082,True,0.005237517001660308,27,1.6946569818396142e-12,0.0,4.714181677036456,"[-3.3284554,-0.97007097,1.1132224,-1.1767153,-4.1682885,0.38203324]",`gtol` termination condition is satisfied.
41,42,scene_04_near_singularity,20260529,scipy_baseline,43083,True,0.006631518001086079,35,9.793560388095449e-09,0.0,4.776934872566247,"[-3.2699651,-0.83275536,0.68487411,-0.59546321,-3.4177529,0.28632461]",`gtol` termination condition is satisfied.
42,42,scene_04_near_singularity,20260529,scipy_baseline,43084,True,0.004656214001443004,24,2.1921720420250454e-12,0.0,4.867393949066785,"[-3.4022531,-0.9619967,1.2066039,-1.4945754,1.5318557,-0.40468708]",`gtol` termination condition is satisfied.
43,42,scene_04_near_singularity,20260529,scipy_baseline,43085,True,0.007534923999628518,38,8.896464848297794e-10,0.0,5.2000660867576265,"[-3.3154241,-0.75262822,0.42233182,5.287766,4.0481226,-0.061198118]",`gtol` termination condition is satisfied.
44,42,scene_04_near_singularity,20260529,scipy_baseline,43086,True,0.0062983839998196345,31,9.442649967702203e-13,0.0,4.549585130349377,"[-3.4286777,-1.0268858,1.1827518,-1.0575602,1.3319773,-0.65027964]",`gtol` termination condition is satisfied.
45,42,scene_04_near_singularity,20260529,scipy_baseline,43087,True,0.004987534000974847,26,8.2101973228722e-09,0.0,4.7801512673546,"[-3.4404696,-0.98675944,1.2150009,-1.4220885,1.2404218,-0.7502015]",`gtol` termination condition is satisfied.
46,42,scene_04_near_singularity,20260529,scipy_baseline,43088,True,0.003999317999841878,19,7.500496250229282e-10,0.0,5.478238833158962,"[-3.3284651,-0.84441962,1.081803,-1.868736,2.1148112,1.3565036]",`gtol` termination condition is satisfied.
47,42,scene_04_near_singularity,20260529,scipy_baseline,43089,True,0.004925029999867547,25,1.1776132099902346e-09,0.0,4.808091741090088,"[-3.3707606,-0.97040669,1.1860137,-1.3775672,-4.5132329,-0.71063014]",`gtol` termination condition is satisfied.
48,42,scene_04_near_singularity,20260529,scipy_baseline,43090,True,0.0041492749987810384,22,2.0806058765496002e-10,0.0,4.769072279622852,"[-3.2700764,-0.84264828,0.71116294,-0.64950595,-3.4208432,0.01062072]",`gtol` termination condition is satisfied.
49,42,scene_04_near_singularity,20260529,scipy_baseline,43091,True,0.005823348998092115,30,1.1888108462229559e-08,0.0,4.805875955953901,"[-3.4999084,-0.98552714,1.1764213,-1.5052215,0.70222453,2.127717]",`gtol` termination condition is satisfied.
0,42,scene_05_mixed_maze_passage,20260601,pinv,50042,True,0.0008595610015618149,13,0.006344511298457667,0.0,2.4084856204943597,"[-3.239979,-1.426721,1.5710723,-1.5989506,-2.0851493,-0.0013756516]",converged
1,42,scene_05_mixed_maze_passage,20260601,pinv,50043,True,0.000857386999996379,13,0.007920120137754874,0.0,2.3990037665506994,"[-3.2418411,-1.4293866,1.5714304,-1.590405,-2.0703373,-0.01792962]",converged
2,42,scene_05_mixed_maze_passage,20260601,pinv,50044,True,0.0008542209980078042,13,0.008469123324278878,0.0,2.396407707881841,"[-3.2393001,-1.4283249,1.5703381,-1.5818258,-2.0847715,-0.035497315]",converged
3,42,scene_05_mixed_maze_passage,20260601,pinv,50045,True,0.0008442200014542323,13,0.007723303454284523,0.0,2.396747285263137,"[-3.2442721,-1.4285213,1.5679544,-1.5835887,-2.0557216,-0.014171186]",converged
4,42,scene_05_mixed_maze_passage,20260601,pinv,50046,True,0.0009110960018006153,13,0.006147382153549079,0.0,2.405325291491955,"[-3.2424995,-1.4253164,1.5662338,-1.588533,-2.0697059,-0.01076445]",converged
5,42,scene_05_mixed_maze_passage,20260601,pinv,50047,True,0.0008806420009932481,13,0.00863130039173193,0.0,2.4029433196830197,"[-3.2404355,-1.4348232,1.5838829,-1.6186436,-2.0775012,-0.0014995176]",converged
6,42,scene_05_mixed_maze_passage,20260601,pinv,50048,True,0.0008502250020683277,13,0.007895018731431652,0.0,2.4025172117624405,"[-3.2390037,-1.4296346,1.5750947,-1.5986047,-2.0876332,-0.027456026]",converged
7,42,scene_05_mixed_maze_passage,20260601,pinv,50049,True,0.0008529100014129654,13,0.006263501723288758,0.0,2.410885403283095,"[-3.2416425,-1.4293422,1.5764101,-1.6148935,-2.074607,0.01434938]",converged
8,42,scene_05_mixed_maze_passage,20260601,pinv,50050,True,0.0008968649999587797,13,0.007033390837877897,0.0,2.4080199081208247,"[-3.2469558,-1.4352409,1.5824278,-1.6294569,-2.0405291,-0.004179083]",converged
9,42,scene_05_mixed_maze_passage,20260601,pinv,50051,True,0.0009013180024339817,13,0.005319332186284763,0.0,2.4177684147708263,"[-3.2417726,-1.4295299,1.5787762,-1.6283406,-2.0756637,-0.020790507]",converged
10,42,scene_05_mixed_maze_passage,20260601,pinv,50052,True,0.0008720280020497739,13,0.009139122694499034,0.0,2.3950841763082873,"[-3.2397363,-1.4311988,1.5749181,-1.5898559,-2.0813847,-0.0091406783]",converged
11,42,scene_05_mixed_maze_passage,20260601,pinv,50053,True,0.0008441600002697669,13,0.008519888526200494,0.0,2.3964415770286625,"[-3.2363873,-1.4262861,1.5687013,-1.574541,-2.1031025,-0.018761143]",converged
12,42,scene_05_mixed_maze_passage,20260601,pinv,50054,True,0.0008504430006723851,13,0.008808046845182016,0.0,2.4017327812278078,"[-3.235232,-1.4307821,1.5789589,-1.600242,-2.1101246,0.0066379201]",converged
13,42,scene_05_mixed_maze_passage,20260601,pinv,50055,True,0.0008526140009053051,13,0.0061177038476891085,0.0,2.4035087986528048,"[-3.247343,-1.4275265,1.5668556,-1.5932086,-2.0401538,-0.0083657518]",converged
14,42,scene_05_mixed_maze_passage,20260601,pinv,50056,True,0.0008729410001251381,13,0.005949265564949674,0.0,2.408065674910322,"[-3.2414274,-1.4254746,1.5683844,-1.5948897,-2.0767315,0.0054256214]",converged
15,42,scene_05_mixed_maze_passage,20260601,pinv,50057,True,0.0008811499974399339,13,0.009118538801125906,0.0,2.3954669731614904,"[-3.237013,-1.4292219,1.5730309,-1.5829784,-2.098115,0.0054555319]",converged
16,42,scene_05_mixed_maze_passage,20260601,pinv,50058,True,0.0008855779997247737,13,0.005712393323737857,0.0,2.410508418441418,"[-3.241988,-1.42649,1.5706958,-1.60327,-2.0737178,0.0021642719]",converged
17,42,scene_05_mixed_maze_passage,20260601,pinv,50059,True,0.0008499630021105986,13,0.008445963085373319,0.0,2.398554913483041,"[-3.2355751,-1.4268295,1.5706428,-1.5798697,-2.1086488,0.0010841834]",converged
18,42,scene_05_mixed_maze_passage,20260601,pinv,50060,True,0.0008285270014312118,13,0.008866341837911896,0.0,2.396370418851351,"[-3.2401737,-1.4310684,1.5749926,-1.5922425,-2.0787776,0.014329496]",converged
19,42,scene_05_mixed_maze_passage,20260601,pinv,50061,True,0.0008472510016872548,13,0.00849892781861158,0.0,2.3985008074966436,"[-3.2362104,-1.4275747,1.5713142,-1.5822169,-2.1039323,-0.020708596]",converged
20,42,scene_05_mixed_maze_passage,20260601,pinv,50062,True,0.0009121820003201719,13,0.0065522642681301755,0.0,2.403175245273769,"[-3.2444293,-1.4273366,1.5674703,-1.5907508,-2.0568839,0.014630189]",converged
21,42,scene_05_mixed_maze_passage,20260601,pinv,50063,True,0.0008605709990661126,13,0.008022254792890036,0.0,2.3982870303014114,"[-3.2366176,-1.4252221,1.5670919,-1.5738478,-2.1026662,-0.038901055]",converged
22,42,scene_05_mixed_maze_passage,20260601,pinv,50064,True,0.0008470350003335625,13,0.007806132358586238,0.0,2.3976188577290753,"[-3.2419871,-1.4278429,1.568073,-1.5822576,-2.0690518,-0.0047846268]",converged
23,42,scene_05_mixed_maze_passage,20260601,pinv,50065,True,0.0009354280009574722,13,0.006815643069079388,0.0,2.4040269854010403,"[-3.2451372,-1.4299046,1.5721395,-1.6018866,-2.052487,0.010146636]",converged
24,42,scene_05_mixed_maze_passage,20260601,pinv,50066,True,0.0008557990004192106,13,0.010564477054599007,0.0,2.387437596284796,"[-3.2390838,-1.4324196,1.5750293,-1.5795914,-2.0835366,0.0046904336]",converged
25,42,scene_05_mixed_maze_passage,20260601,pinv,50067,True,0.0008395760014536791,13,0.007543066384616282,0.0,2.404453290925735,"[-3.2416818,-1.4313249,1.5769346,-1.607997,-2.0721438,-0.020470485]",converged
26,42,scene_05_mixed_maze_passage,20260601,pinv,50068,True,0.0008702039995114319,13,0.010275967492165005,0.0,2.3805469533678023,"[-3.2455348,-1.4304634,1.565544,-1.5601617,-2.0434716,-0.00017415083]",converged
27,42,scene_05_mixed_maze_passage,20260601,pinv,50069,True,0.0008462689984298777,13,0.008175784981512222,0.0,2.395907904801924,"[-3.2379275,-1.4252739,1.5662457,-1.5711265,-2.0937295,-0.023409797]",converged
28,42,scene_05_mixed_maze_passage,20260601,pinv,50070,True,0.0008781260003161151,13,0.008604809091315812,0.0,2.3892616211706765,"[-3.2440316,-1.4272151,1.5626422,-1.5633929,-2.0558429,-0.026493486]",converged
29,42,scene_05_mixed_maze_passage,20260601,pinv,50071,True,0.0008530680024705362,13,0.005408365272159988,0.0,2.409568272689956,"[-3.2405685,-1.4230535,1.5646694,-1.5880773,-2.0832027,0.0068825743]",converged
30,42,scene_05_mixed_maze_passage,20260601,pinv,50072,True,0.00117851500181132,13,0.007628403015774586,0.0,2.401050596223519,"[-3.2417691,-1.4293332,1.5724971,-1.5949899,-2.0713223,0.023295708]",converged
31,42,scene_05_mixed_maze_passage,20260601,pinv,50073,True,0.000897960999282077,13,0.007337980070114294,0.0,2.3996088454152398,"[-3.2438964,-1.4283663,1.5682055,-1.5871375,-2.0589601,0.012137584]",converged
32,42,scene_05_mixed_maze_passage,20260601,pinv,50074,True,0.0010451969974383246,13,0.006579310772838247,0.0,2.398124242352402,"[-3.240722,-1.4206044,1.5563647,-1.5575156,-2.0798032,0.019395123]",converged
33,42,scene_05_mixed_maze_passage,20260601,pinv,50075,True,0.0008672919975651894,13,0.010690977319106508,0.0,2.397780028345165,"[-3.2358495,-1.4380124,1.5911885,-1.6209874,-2.1027104,0.0017808061]",converged
34,42,scene_05_mixed_maze_passage,20260601,pinv,50076,True,0.0008615740007371642,13,0.00607829291742295,0.0,2.406635205537735,"[-3.2446399,-1.4276137,1.5694189,-1.5991012,-2.0568311,-0.018602993]",converged
35,42,scene_05_mixed_maze_passage,20260601,pinv,50077,True,0.0011411729974497575,14,0.004344332318069532,0.0,2.424995605872107,"[-3.2376058,-1.4262968,1.578174,-1.6305454,-2.1040699,0.009729367]",converged
36,42,scene_05_mixed_maze_passage,20260601,pinv,50078,True,0.001014977999147959,13,0.00834514317144107,0.0,2.3947575664017435,"[-3.2411261,-1.4278482,1.5675002,-1.5763511,-2.0740501,0.010572613]",converged
37,42,scene_05_mixed_maze_passage,20260601,pinv,50079,True,0.0010839560018212069,13,0.006189921138466906,0.0,2.4029555035502574,"[-3.2479296,-1.4279344,1.5668566,-1.5931771,-2.0364048,-0.0059155868]",converged
38,42,scene_05_mixed_maze_passage,20260601,pinv,50080,True,0.0010376919999544043,13,0.007438403985866686,0.0,2.3995056612211614,"[-3.2404309,-1.4261094,1.5668193,-1.5800152,-2.079684,0.0040720752]",converged
39,42,scene_05_mixed_maze_passage,20260601,pinv,50081,True,0.0009939090014086105,13,0.009576235723291035,0.0,2.3982569611009663,"[-3.2375057,-1.4340096,1.5831112,-1.6075313,-2.0939657,-0.0046082963]",converged
40,42,scene_05_mixed_maze_passage,20260601,pinv,50082,True,0.0009399820010003168,13,0.009244859453369884,0.0,2.3950978642574654,"[-3.2456983,-1.4362505,1.5803067,-1.6077252,-2.044291,-0.0087559242]",converged
41,42,scene_05_mixed_maze_passage,20260601,pinv,50083,True,0.001140962998761097,13,0.009223863589872419,0.0,2.389795226489518,"[-3.2392627,-1.4272184,1.5656133,-1.5640865,-2.0836675,-0.028529187]",converged
42,42,scene_05_mixed_maze_passage,20260601,pinv,50084,True,0.0009644489982747473,13,0.005773556422487073,0.0,2.40911107750473,"[-3.2405078,-1.4246026,1.5672888,-1.5927715,-2.0827883,0.021250544]",converged
43,42,scene_05_mixed_maze_passage,20260601,pinv,50085,True,0.0009462929992878344,13,0.006952179206253298,0.0,2.406814223991076,"[-3.2425271,-1.4306424,1.5764152,-1.6109633,-2.0677276,0.0038998273]",converged
44,42,scene_05_mixed_maze_passage,20260601,pinv,50086,True,0.0008981950013549067,13,0.007421299057732567,0.0,2.395087814088879,"[-3.2405414,-1.4226432,1.5588223,-1.5586971,-2.0785909,-0.014266163]",converged
45,42,scene_05_mixed_maze_passage,20260601,pinv,50087,True,0.0009706470009405166,13,0.008101501717096088,0.0,2.40628831466525,"[-3.2409632,-1.4349159,1.584474,-1.6246112,-2.0754022,0.0064836645]",converged
46,42,scene_05_mixed_maze_passage,20260601,pinv,50088,True,0.00089719000243349,13,0.008147107309647015,0.0,2.406161743615002,"[-3.2418989,-1.4357569,1.585793,-1.628296,-2.0691628,0.023320611]",converged
47,42,scene_05_mixed_maze_passage,20260601,pinv,50089,True,0.0009173840007861145,13,0.0062902450349731215,0.0,2.401482378706428,"[-3.2449287,-1.4250376,1.5627646,-1.5798182,-2.0543528,0.018042416]",converged
48,42,scene_05_mixed_maze_passage,20260601,pinv,50090,True,0.0008889620003174059,13,0.009529398640952808,0.0,2.396147153979131,"[-3.2417178,-1.4354896,1.5820721,-1.6081036,-2.0677911,0.035262462]",converged
49,42,scene_05_mixed_maze_passage,20260601,pinv,50091,True,0.0010502410004846752,13,0.007541938952555452,0.0,2.4013081935797813,"[-3.2428464,-1.4299061,1.5728224,-1.5973037,-2.0646986,-0.0093971312]",converged
0,42,scene_05_mixed_maze_passage,20260601,dls,51042,True,0.0014966840026318096,13,0.008680940093367706,0.0,2.3986147814730834,"[-3.2390037,-1.4308259,1.576427,-1.5949193,-2.0931836,0.0018274355]",converged
1,42,scene_05_mixed_maze_passage,20260601,dls,51043,True,0.0006093909978517331,13,0.009293001409452129,0.0,2.391198591377423,"[-3.2457593,-1.433698,1.5744353,-1.5899462,-2.0507912,0.029897524]",converged
2,42,scene_05_mixed_maze_passage,20260601,dls,51044,True,0.0006211670006450731,13,0.009191891190711312,0.0,2.399061361335414,"[-3.2403089,-1.4348,1.5834776,-1.6115234,-2.0834749,-0.025269443]",converged
3,42,scene_05_mixed_maze_passage,20260601,dls,51045,True,0.0007176129984145518,13,0.008347441105098696,0.0,2.3935987333722846,"[-3.2438622,-1.429116,1.5685069,-1.5789748,-2.0636355,0.047153862]",converged
4,42,scene_05_mixed_maze_passage,20260601,dls,51046,True,0.0007513050004490651,14,0.0050227936520489975,0.0,2.410662719895239,"[-3.2470704,-1.4269459,1.5684144,-1.6041279,-2.0475993,0.0053923181]",converged
5,42,scene_05_mixed_maze_passage,20260601,dls,51047,True,0.0006411409995052963,13,0.008351163554135736,0.0,2.39353814577707,"[-3.2452981,-1.4301902,1.569829,-1.5831603,-2.0552813,0.013384191]",converged
6,42,scene_05_mixed_maze_passage,20260601,dls,51048,True,0.0006324930000118911,13,0.01020910177047217,0.0,2.3955024510358838,"[-3.2382969,-1.4358657,1.5849899,-1.6073007,-2.0952776,-0.018102004]",converged
7,42,scene_05_mixed_maze_passage,20260601,dls,51049,True,0.0006232480009202845,13,0.011879094011966336,0.0,2.3888292440437313,"[-3.2374582,-1.4389033,1.5884123,-1.6044965,-2.0986009,-0.0094069462]",converged
8,42,scene_05_mixed_maze_passage,20260601,dls,51050,True,0.000611793999269139,13,0.008425945804248467,0.0,2.399237027754426,"[-3.2427137,-1.4328566,1.5782265,-1.604077,-2.0704024,-0.0090010991]",converged
9,42,scene_05_mixed_maze_passage,20260601,dls,51051,True,0.000733079003111925,13,0.007655330752753221,0.0,2.3977147129965077,"[-3.2395742,-1.4251884,1.5659144,-1.5733889,-2.0911448,0.048460351]",converged
10,42,scene_05_mixed_maze_passage,20260601,dls,51052,True,0.0007242299980134703,13,0.008763383537617199,0.0,2.4003524971146466,"[-3.2376189,-1.4314202,1.5790547,-1.6005308,-2.1016975,-0.018987085]",converged
11,42,scene_05_mixed_maze_passage,20260601,dls,51053,True,0.000708450999809429,13,0.006986369477544368,0.0,2.401950128135831,"[-3.2424336,-1.4271512,1.5684885,-1.587816,-2.0733747,-0.01743468]",converged
12,42,scene_05_mixed_maze_passage,20260601,dls,51054,True,0.0006197049988259096,13,0.00864804077881653,0.0,2.3926407142150734,"[-3.2483358,-1.4333478,1.573105,-1.5920113,-2.0359269,-0.0059885131]",converged
13,42,scene_05_mixed_maze_passage,20260601,dls,51055,True,0.0006223340024007484,13,0.00638732466944971,0.0,2.4065262165327135,"[-3.2441369,-1.4287482,1.5715403,-1.6017836,-2.0635515,-0.0078106075]",converged
14,42,scene_05_mixed_maze_passage,20260601,dls,51056,True,0.0007066789985401556,13,0.0071955148597547215,0.0,2.395857032670352,"[-3.2477903,-1.4277435,1.5647286,-1.5790105,-2.0407148,0.0054872051]",converged
15,42,scene_05_mixed_maze_passage,20260601,dls,51057,True,0.0006995869989623316,13,0.010692437233557155,0.0,2.386206675741472,"[-3.2392046,-1.4322427,1.5748286,-1.5763094,-2.0894019,0.0087502276]",converged
16,42,scene_05_mixed_maze_passage,20260601,dls,51058,True,0.0006084160013415385,13,0.01013536786577147,0.0,2.3846979120158363,"[-3.2433357,-1.431357,1.5699775,-1.5701939,-2.0638358,0.018166682]",converged
17,42,scene_05_mixed_maze_passage,20260601,dls,51059,True,0.000648860997898737,13,0.009557986845098534,0.0,2.39379762741439,"[-3.2443301,-1.4359272,1.5809278,-1.6046191,-2.0583013,0.0035436038]",converged
18,42,scene_05_mixed_maze_passage,20260601,dls,51060,True,0.0006132550006441306,13,0.009836725359678848,0.0,2.387459848466353,"[-3.2432533,-1.43183,1.5718337,-1.577116,-2.0654224,0.031611283]",converged
19,42,scene_05_mixed_maze_passage,20260601,dls,51061,True,0.0006293029982771259,13,0.0068025667933923175,0.0,2.4007783601116954,"[-3.2442907,-1.42675,1.5663117,-1.5843719,-2.0618551,0.05892193]",converged
20,42,scene_05_mixed_maze_passage,20260601,dls,51062,True,0.0006202330005180556,13,0.009768121564934755,0.0,2.396787440047472,"[-3.2386656,-1.4348277,1.5839308,-1.607396,-2.0931011,0.032347217]",converged
21,42,scene_05_mixed_maze_passage,20260601,dls,51063,True,0.0006276370004343335,13,0.006139087559430073,0.0,2.407904265387361,"[-3.2411448,-1.4261334,1.5695654,-1.5959591,-2.0816494,0.023644965]",converged
22,42,scene_05_mixed_maze_passage,20260601,dls,51064,True,0.0006939539998711552,13,0.007918130781332066,0.0,2.399084375727222,"[-3.2428658,-1.4302004,1.5727774,-1.59294,-2.0713652,0.02515402]",converged
23,42,scene_05_mixed_maze_passage,20260601,dls,51065,True,0.000633644998742966,13,0.006390631648305312,0.0,2.4013311643568795,"[-3.2483685,-1.4281164,1.5661791,-1.5896152,-2.0370029,-0.018383574]",converged
24,42,scene_05_mixed_maze_passage,20260601,dls,51066,True,0.000623151001491351,13,0.010474043071678424,0.0,2.3901807884927404,"[-3.2418208,-1.4360817,1.5812674,-1.5975821,-2.0731864,-0.013631432]",converged
25,42,scene_05_mixed_maze_passage,20260601,dls,51067,True,0.000720500000170432,13,0.009875445492490406,0.0,2.390269979581331,"[-3.2433118,-1.4341924,1.57673,-1.5904917,-2.0648054,0.0020217028]",converged
26,42,scene_05_mixed_maze_passage,20260601,dls,51068,True,0.0006245709992072079,13,0.008286687998915132,0.0,2.396384300493176,"[-3.2399051,-1.4277953,1.569629,-1.5795307,-2.0887078,0.045130329]",converged
27,42,scene_05_mixed_maze_passage,20260601,dls,51069,True,0.0006635890022153035,13,0.009770450748245351,0.0,2.3865811183278116,"[-3.2386342,-1.4271735,1.5658158,-1.5581801,-2.0931862,-0.013636582]",converged
28,42,scene_05_mixed_maze_passage,20260601,dls,51070,True,0.0005871930006833281,13,0.006947332721627371,0.0,2.3979258208431897,"[-3.2464971,-1.427036,1.5645673,-1.5799032,-2.0483961,0.033114498]",converged
29,42,scene_05_mixed_maze_passage,20260601,dls,51071,True,0.0006590310003957711,13,0.010686066423827826,0.0,2.386239822953139,"[-3.2438339,-1.4357861,1.5780263,-1.5886696,-2.0601,-0.034151665]",converged
30,42,scene_05_mixed_maze_passage,20260601,dls,51072,True,0.0007510359973821323,13,0.009806352561128086,0.0,2.392814611628788,"[-3.2466887,-1.4382019,1.5835591,-1.6110708,-2.0443003,-0.0073650838]",converged
31,42,scene_05_mixed_maze_passage,20260601,dls,51073,True,0.0009078420007426757,13,0.00741436312918147,0.0,2.404243898298025,"[-3.2432924,-1.4317247,1.577863,-1.6103439,-2.0683293,-0.0090006481]",converged
32,42,scene_05_mixed_maze_passage,20260601,dls,51074,True,0.0006185130005178507,13,0.007653507862607536,0.0,2.394569428930246,"[-3.2411161,-1.4239588,1.5615408,-1.5626228,-2.0821426,-0.015131393]",converged
33,42,scene_05_mixed_maze_passage,20260601,dls,51075,True,0.0008499190007569268,13,0.009360844581345925,0.0,2.3884421888273977,"[-3.2452439,-1.431596,1.5707677,-1.5787602,-2.0531823,-0.0077749001]",converged
34,42,scene_05_mixed_maze_passage,20260601,dls,51076,True,0.0006044239999027923,13,0.008353678823626674,0.0,2.3942599551996433,"[-3.2418206,-1.428061,1.5683732,-1.5769355,-2.076422,0.047343007]",converged
35,42,scene_05_mixed_maze_passage,20260601,dls,51077,True,0.0006956320030440111,14,0.004809395331824224,0.0,2.409618560067716,"[-3.2417478,-1.4207911,1.5597869,-1.5789827,-2.0806496,0.031526781]",converged
36,42,scene_05_mixed_maze_passage,20260601,dls,51078,True,0.0006186360005813185,13,0.010896685041104155,0.0,2.38485197470871,"[-3.2416611,-1.4341954,1.5761169,-1.5804522,-2.0733745,-0.0032847962]",converged
37,42,scene_05_mixed_maze_passage,20260601,dls,51079,True,0.0006308400006673764,13,0.00761560040319142,0.0,2.398350416391168,"[-3.2461128,-1.4305902,1.5715289,-1.5936406,-2.0507147,0.004854757]",converged
38,42,scene_05_mixed_maze_passage,20260601,dls,51080,True,0.000644242998532718,13,0.006501250486269218,0.0,2.4014350051576,"[-3.2452083,-1.426356,1.5649834,-1.5836319,-2.0567155,-0.032517735]",converged
39,42,scene_05_mixed_maze_passage,20260601,dls,51081,True,0.0007532769996032584,13,0.0075492341505426375,0.0,2.397835479958668,"[-3.2434256,-1.4277792,1.5676467,-1.5820824,-2.0671633,0.013414491]",converged
40,42,scene_05_mixed_maze_passage,20260601,dls,51082,True,0.000700483000400709,13,0.009206421694984519,0.0,2.395439671658907,"[-3.2440544,-1.4351159,1.5799567,-1.6043467,-2.0609821,-0.0034846931]",converged
41,42,scene_05_mixed_maze_passage,20260601,dls,51083,True,0.0006359979997796472,13,0.008303067895189049,0.0,2.397000853384547,"[-3.2435967,-1.4312509,1.5739547,-1.5937963,-2.0652315,-0.0026910555]",converged
42,42,scene_05_mixed_maze_passage,20260601,dls,51084,True,0.0007068719969538506,13,0.008106350322266353,0.0,2.4067732557986705,"[-3.2347092,-1.4302842,1.5815412,-1.6094311,-2.1214211,-0.0031860296]",converged
43,42,scene_05_mixed_maze_passage,20260601,dls,51085,True,0.0006302949987002648,13,0.010212337697513325,0.0,2.3937562862302273,"[-3.2446776,-1.4394561,1.5864887,-1.6158072,-2.0561062,-0.040574344]",converged
44,42,scene_05_mixed_maze_passage,20260601,dls,51086,True,0.0006193900007929187,13,0.009668478957111579,0.0,2.3883103797884844,"[-3.243909,-1.4320998,1.5723939,-1.5801746,-2.0612393,-0.0089645298]",converged
45,42,scene_05_mixed_maze_passage,20260601,dls,51087,True,0.0006407529981515836,13,0.00695837254023497,0.0,2.402962366295021,"[-3.2412769,-1.4268495,1.5692702,-1.5891398,-2.0807119,0.016049666]",converged
46,42,scene_05_mixed_maze_passage,20260601,dls,51088,True,0.0006247970013646409,13,0.00990574881832171,0.0,2.3922041908370355,"[-3.2385706,-1.4321358,1.577004,-1.5876011,-2.0934158,-0.017352715]",converged
47,42,scene_05_mixed_maze_passage,20260601,dls,51089,True,0.0006270339981711004,13,0.007746214767285603,0.0,2.39502658620125,"[-3.2438035,-1.4269523,1.5657125,-1.5749633,-2.0656149,0.0057186498]",converged
48,42,scene_05_mixed_maze_passage,20260601,dls,51090,True,0.0006126590014901012,13,0.009405837036374418,0.0,2.400146777753358,"[-3.2420641,-1.4379702,1.5884644,-1.6248806,-2.073016,-0.0056127577]",converged
49,42,scene_05_mixed_maze_passage,20260601,dls,51091,True,0.0006216740002855659,13,0.007350043815467443,0.0,2.4084711164148485,"[-3.2439939,-1.4349494,1.5843516,-1.6294873,-2.0639914,0.022781514]",converged
0,42,scene_05_mixed_maze_passage,20260601,lm,52042,True,0.0007129580008040648,13,0.009579476992222492,0.0,2.396124674749796,"[-3.2393276,-1.4338643,1.58165,-1.6023743,-2.0914277,0.029318489]",converged
1,42,scene_05_mixed_maze_passage,20260601,lm,52043,True,0.0006876480001665186,13,0.010874385114116416,0.0,2.3924215868694816,"[-3.2351901,-1.4345879,1.5841123,-1.5971702,-2.1147524,-0.014896566]",converged
2,42,scene_05_mixed_maze_passage,20260601,lm,52044,True,0.0006611089993384667,13,0.00980734457991482,0.0,2.386061704118649,"[-3.2392895,-1.4274763,1.5666114,-1.5596106,-2.0908953,0.011890659]",converged
3,42,scene_05_mixed_maze_passage,20260601,lm,52045,True,0.0006527110017486848,13,0.011201039435771803,0.0,2.3867979805500177,"[-3.2408692,-1.4366033,1.581902,-1.5932744,-2.0785853,-0.040368062]",converged
4,42,scene_05_mixed_maze_passage,20260601,lm,52046,True,0.0006224519966053776,13,0.006953204841626739,0.0,2.401501937176995,"[-3.2455283,-1.4290307,1.5700746,-1.5939619,-2.0555279,0.0093339315]",converged
5,42,scene_05_mixed_maze_passage,20260601,lm,52047,True,0.0006327349983621389,13,0.007948067787604726,0.0,2.3999209494982323,"[-3.2361189,-1.4255991,1.5697166,-1.5788234,-2.1129316,0.026193852]",converged
6,42,scene_05_mixed_maze_passage,20260601,lm,52048,True,0.0006292699981713668,13,0.007215439414132211,0.0,2.4040463411875397,"[-3.2462477,-1.4328052,1.5777192,-1.6131678,-2.0508829,0.0097631138]",converged
7,42,scene_05_mixed_maze_passage,20260601,lm,52049,True,0.000730186999135185,13,0.009864490202383261,0.0,2.39428329429186,"[-3.2348395,-1.4304444,1.5771467,-1.5849212,-2.1184104,-0.0025377144]",converged
8,42,scene_05_mixed_maze_passage,20260601,lm,52050,True,0.0008338650004588999,13,0.010554846672522725,0.0,2.3886722275471306,"[-3.2421069,-1.4355933,1.5796355,-1.5925907,-2.0722264,0.027310824]",converged
9,42,scene_05_mixed_maze_passage,20260601,lm,52051,True,0.0006907440001668874,14,0.004962900202199295,0.0,2.4138576311636064,"[-3.2432147,-1.4259624,1.5699322,-1.6063667,-2.0723575,0.019080874]",converged
10,42,scene_05_mixed_maze_passage,20260601,lm,52052,True,0.0006868800010124687,14,0.004862806241575052,0.0,2.4079427614590267,"[-3.2434373,-1.4211429,1.5590739,-1.5775361,-2.0707323,0.0094100934]",converged
11,42,scene_05_mixed_maze_passage,20260601,lm,52053,True,0.0007535570002801251,13,0.007099746653217378,0.0,2.4000703782658284,"[-3.2400777,-1.4244212,1.564596,-1.5743661,-2.0887359,0.0060712041]",converged
12,42,scene_05_mixed_maze_passage,20260601,lm,52054,True,0.0008048199997574557,13,0.010337264429421664,0.0,2.386536147829975,"[-3.2451221,-1.4351495,1.5767922,-1.587784,-2.0543553,-0.040936455]",converged
13,42,scene_05_mixed_maze_passage,20260601,lm,52055,True,0.0007882350000727456,13,0.010090005194331397,0.0,2.3845981910210154,"[-3.2423078,-1.4302225,1.5686285,-1.56575,-2.0719319,-0.02117742]",converged
14,42,scene_05_mixed_maze_passage,20260601,lm,52056,True,0.0006376829987857491,13,0.008152999818102025,0.0,2.404941528052623,"[-3.2416017,-1.4346357,1.5849236,-1.6229685,-2.0793485,0.014759283]",converged
15,42,scene_05_mixed_maze_passage,20260601,lm,52057,True,0.0006532890001835767,13,0.011060625224256885,0.0,2.388470076185566,"[-3.2392835,-1.4358784,1.5822314,-1.5938615,-2.0893615,0.012882403]",converged
16,42,scene_05_mixed_maze_passage,20260601,lm,52058,True,0.0010373090008215513,13,0.0064964458831494945,0.0,2.39890722477692,"[-3.2431412,-1.422725,1.5591182,-1.566106,-2.0698816,0.013607463]",converged
17,42,scene_05_mixed_maze_passage,20260601,lm,52059,True,0.0006358620012179017,13,0.010637454744442205,0.0,2.3841294253868033,"[-3.2466773,-1.4360492,1.5763182,-1.5855536,-2.0445054,-0.031531504]",converged
18,42,scene_05_mixed_maze_passage,20260601,lm,52060,True,0.0006143829996290151,13,0.011970175066498622,0.0,2.383623730796956,"[-3.2415692,-1.4387368,1.5841315,-1.5944669,-2.0735708,-0.0098512546]",converged
19,42,scene_05_mixed_maze_passage,20260601,lm,52061,True,0.0007253999974636827,13,0.007072499663013267,0.0,2.3990955472459516,"[-3.2465888,-1.428661,1.5679322,-1.5880147,-2.0483851,-0.0094027554]",converged
20,42,scene_05_mixed_maze_passage,20260601,lm,52062,True,0.0006269679979595821,13,0.008027247855291289,0.0,2.3930984319899142,"[-3.2414053,-1.4250433,1.5626512,-1.56324,-2.0805548,-0.0039053774]",converged
21,42,scene_05_mixed_maze_passage,20260601,lm,52063,True,0.0029787880012008827,13,0.008604260195550361,0.0,2.3943443009743137,"[-3.2412856,-1.4290218,1.5706224,-1.5807136,-2.0800312,0.0013820968]",converged
22,42,scene_05_mixed_maze_passage,20260601,lm,52064,True,0.0006833619991084561,13,0.008128358596909134,0.0,2.396251210759432,"[-3.2405486,-1.4273416,1.5685529,-1.577826,-2.0859966,-0.0035435186]",converged
23,42,scene_05_mixed_maze_passage,20260601,lm,52065,True,0.0006575359984708484,13,0.006948132251852269,0.0,2.4057962043333334,"[-3.2463296,-1.4327696,1.5778626,-1.6157702,-2.0506196,-0.0081219064]",converged
24,42,scene_05_mixed_maze_passage,20260601,lm,52066,True,0.0006225659999472555,13,0.009272437757880104,0.0,2.400438053785223,"[-3.237366,-1.4338483,1.5844014,-1.6107913,-2.103874,-0.012346714]",converged
25,42,scene_05_mixed_maze_passage,20260601,lm,52067,True,0.0006387630019162316,13,0.008072659063269785,0.0,2.4067017054161197,"[-3.2418947,-1.4357018,1.5867874,-1.629266,-2.0777521,-0.034627415]",converged
26,42,scene_05_mixed_maze_passage,20260601,lm,52068,True,0.0006461379998654593,13,0.010633063868967238,0.0,2.3931862401914974,"[-3.2380162,-1.4361198,1.5854748,-1.6047163,-2.0976031,-0.004879877]",converged
27,42,scene_05_mixed_maze_passage,20260601,lm,52069,True,0.0007427759992424399,13,0.008971793896152313,0.0,2.398428524344064,"[-3.2441536,-1.4361303,1.5831516,-1.6143608,-2.061879,-0.0038178955]",converged
28,42,scene_05_mixed_maze_passage,20260601,lm,52070,True,0.0006307369985734113,13,0.007852881248369468,0.0,2.39102446686418,"[-3.2456968,-1.425851,1.5606649,-1.562176,-2.0540531,-0.0081883253]",converged
29,42,scene_05_mixed_maze_passage,20260601,lm,52071,True,0.0006372969983203802,13,0.011600764160127225,0.0,2.3811062572639003,"[-3.2428034,-1.4358971,1.5780113,-1.5806848,-2.0663535,-0.0444505]",converged
30,42,scene_05_mixed_maze_passage,20260601,lm,52072,True,0.0006145180013845675,13,0.00809178713002009,0.0,2.396680451230441,"[-3.2450074,-1.4309615,1.5723253,-1.5915422,-2.0583221,0.017702621]",converged
31,42,scene_05_mixed_maze_passage,20260601,lm,52073,True,0.0006593880025320686,13,0.010376070112509728,0.0,2.388701335085791,"[-3.244843,-1.4367506,1.5804267,-1.5974242,-2.0557965,-0.016333785]",converged
32,42,scene_05_mixed_maze_passage,20260601,lm,52074,True,0.0006224080025276635,13,0.011606911890247325,0.0,2.3818333328396597,"[-3.2423992,-1.4361604,1.5783529,-1.5816181,-2.0696361,-0.012873465]",converged
33,42,scene_05_mixed_maze_passage,20260601,lm,52075,True,0.000684740996803157,14,0.006009210433009951,0.0,2.4046414437793264,"[-3.2402712,-1.4221995,1.5621223,-1.5751706,-2.0897708,0.0052417009]",converged
34,42,scene_05_mixed_maze_passage,20260601,lm,52076,True,0.00119319599980372,13,0.008101402623726417,0.0,2.396990190628751,"[-3.2434854,-1.4300825,1.5721352,-1.5898025,-2.0672709,-0.0041320934]",converged
35,42,scene_05_mixed_maze_passage,20260601,lm,52077,True,0.0006698779980069958,13,0.007769261114118755,0.0,2.3991796180109937,"[-3.2462019,-1.4320613,1.5745296,-1.6005738,-2.0508169,0.026861328]",converged
36,42,scene_05_mixed_maze_passage,20260601,lm,52078,True,0.0006353259996103588,13,0.007222728273688934,0.0,2.4026312504811544,"[-3.2469042,-1.4323154,1.5755459,-1.6078624,-2.0465411,-0.016573235]",converged
37,42,scene_05_mixed_maze_passage,20260601,lm,52079,True,0.0007333859975915402,13,0.008830440864223578,0.0,2.3859040469952175,"[-3.2489409,-1.4295525,1.5639779,-1.5659675,-2.0333977,-0.015972102]",converged
38,42,scene_05_mixed_maze_passage,20260601,lm,52080,True,0.0006376250021276064,13,0.01000491390669309,0.0,2.38643914614582,"[-3.2440215,-1.4324939,1.5722291,-1.5771779,-2.0622886,-0.027874407]",converged
39,42,scene_05_mixed_maze_passage,20260601,lm,52081,True,0.0008577679982408881,13,0.008338535506142315,0.0,2.393655483654829,"[-3.2443735,-1.4294868,1.5695759,-1.5815348,-2.0618126,0.0041669082]",converged
40,42,scene_05_mixed_maze_passage,20260601,lm,52082,True,0.0006383860018104315,13,0.007245156230516129,0.0,2.3999495879624098,"[-3.2438762,-1.4281164,1.5687363,-1.5873464,-2.0653628,-0.0073374241]",converged
41,42,scene_05_mixed_maze_passage,20260601,lm,52083,True,0.0006561900008819066,13,0.009153263722821495,0.0,2.394954599456601,"[-3.2385708,-1.4301891,1.5742537,-1.5849389,-2.0971248,0.005836899]",converged
42,42,scene_05_mixed_maze_passage,20260601,lm,52084,True,0.0006360860024869908,13,0.010355271631732398,0.0,2.3917894925358754,"[-3.2474863,-1.4408023,1.5870554,-1.6173314,-2.0395772,0.010983861]",converged
43,42,scene_05_mixed_maze_passage,20260601,lm,52085,True,0.000624791002337588,13,0.011234542087925351,0.0,2.3895488131598963,"[-3.2396594,-1.4378449,1.5860361,-1.6034825,-2.0859911,0.0082258527]",converged
44,42,scene_05_mixed_maze_passage,20260601,lm,52086,True,0.0006097880032029934,13,0.009681989185594347,0.0,2.39304916055798,"[-3.2401415,-1.4327937,1.5778524,-1.5920036,-2.085952,0.036676612]",converged
45,42,scene_05_mixed_maze_passage,20260601,lm,52087,True,0.0008604160029790364,14,0.004939108806896749,0.0,2.4207884061434974,"[-3.2423706,-1.430129,1.5806243,-1.63558,-2.0774382,0.023868181]",converged
46,42,scene_05_mixed_maze_passage,20260601,lm,52088,True,0.0006343519999063574,13,0.008017704287270708,0.0,2.391640827604404,"[-3.247624,-1.4287041,1.5651057,-1.5738852,-2.0426876,0.003244937]",converged
47,42,scene_05_mixed_maze_passage,20260601,lm,52089,True,0.0006205459976627026,13,0.007363252449784812,0.0,2.3943172014226928,"[-3.2438175,-1.4243479,1.5603055,-1.5634616,-2.0652783,-0.0003348955]",converged
48,42,scene_05_mixed_maze_passage,20260601,lm,52090,True,0.0006353400021907873,13,0.010623031283362805,0.0,2.3879467031310724,"[-3.2402965,-1.4340139,1.5779261,-1.5858735,-2.0838718,-0.0026994013]",converged
49,42,scene_05_mixed_maze_passage,20260601,lm,52091,True,0.0007756470004096627,13,0.008669710156250092,0.0,2.3913497055327815,"[-3.2491999,-1.433106,1.571941,-1.5887417,-2.0321798,0.0089546828]",converged
0,42,scene_05_mixed_maze_passage,20260601,scipy_baseline,53042,True,0.0055313010016107,30,5.947229456429276e-09,0.0,2.3726605436050674,"[-3.194896,-1.3938313,1.5693303,-0.39747605,-3.8682547,6.2343989]",`gtol` termination condition is satisfied.
1,42,scene_05_mixed_maze_passage,20260601,scipy_baseline,53043,True,0.005801631999929668,31,7.118649564976537e-10,0.0,2.5400949215524586,"[-3.525121,-1.4710961,1.6998069,-1.1544402,-0.086323777,-0.96668752]",`gtol` termination condition is satisfied.
2,42,scene_05_mixed_maze_passage,20260601,scipy_baseline,53044,True,0.007043055000394816,36,4.646277204426375e-12,0.0,2.382438723634031,"[-3.1808198,-1.3898418,1.5863817,-0.54681033,-3.7430062,5.2538314]",`gtol` termination condition is satisfied.
3,42,scene_05_mixed_maze_passage,20260601,scipy_baseline,53045,True,0.004094305000762688,23,7.53255370447248e-11,0.0,2.4417791958499544,"[-3.1817497,-1.3598349,1.5092453,-1.3415133,-2.5312251,0.29793085]",`gtol` termination condition is satisfied.
4,42,scene_05_mixed_maze_passage,20260601,scipy_baseline,53046,True,0.007694329997320892,36,4.295360815397745e-09,0.0,2.7113194436570143,"[-3.5209234,-1.1034818,1.6769321,2.1447086,-0.22264162,0.0068981574]",`gtol` termination condition is satisfied.
5,42,scene_05_mixed_maze_passage,20260601,scipy_baseline,53047,True,0.0071402860012312885,29,7.237483405271725e-09,0.0,2.68022907866408,"[-5.7947324,-3.2782577,1.7037788,-3.6385174,-6.0637178,-5.7025968]",`gtol` termination condition is satisfied.
6,42,scene_05_mixed_maze_passage,20260601,scipy_baseline,53048,True,0.005083867999928771,25,7.667900918107066e-10,0.0,2.4654898520912227,"[-3.1663675,-1.3635332,1.5463067,-1.3627429,-2.6994676,-0.36409818]",`gtol` termination condition is satisfied.
7,42,scene_05_mixed_maze_passage,20260601,scipy_baseline,53049,True,0.005619576000754023,30,2.3518823000981527e-09,0.0,2.4560735032582395,"[-3.1739527,-1.3635129,1.5310812,-1.366581,-2.6104089,-0.088832624]",`gtol` termination condition is satisfied.
8,42,scene_05_mixed_maze_passage,20260601,scipy_baseline,53050,True,0.005752877001214074,31,2.2921341853417976e-09,0.0,2.411527066564029,"[-3.1727254,-1.3244738,1.4492661,-1.112395,-2.6238592,2.2681809]",`gtol` termination condition is satisfied.
9,42,scene_05_mixed_maze_passage,20260601,scipy_baseline,53051,True,0.006084616001317045,29,4.637206467034248e-09,0.0,2.6801670332862777,"[-3.5165507,-1.1339911,1.7376757,-4.054537,-0.30634942,0.14575569]",`gtol` termination condition is satisfied.
10,42,scene_05_mixed_maze_passage,20260601,scipy_baseline,53052,True,0.004716195999208139,25,3.828239950008963e-09,0.0,2.665286657675935,"[-3.3765438,-1.5011255,1.9155364,-1.2198928,1.3365266,-0.02909294]",`gtol` termination condition is satisfied.
11,42,scene_05_mixed_maze_passage,20260601,scipy_baseline,53053,True,0.005172492001292994,26,8.16271887531249e-09,0.0,2.37449887023892,"[-3.1494088,-1.3306527,1.5033429,-0.7684253,-3.2188033,-2.5739754]",`gtol` termination condition is satisfied.
12,42,scene_05_mixed_maze_passage,20260601,scipy_baseline,53054,True,0.006673421001323732,35,3.552007873215145e-10,0.0,2.4667285973910706,"[-3.166019,-1.3639789,1.5482144,-1.3661508,-2.703961,0.30178755]",`gtol` termination condition is satisfied.
13,42,scene_05_mixed_maze_passage,20260601,scipy_baseline,53055,True,0.005355527999199694,29,5.2697744784041495e-11,0.0,2.68309284728201,"[-3.4434618,-1.5172189,1.8869779,-1.1353672,0.95008491,0.10972873]",`gtol` termination condition is satisfied.
14,42,scene_05_mixed_maze_passage,20260601,scipy_baseline,53056,True,0.005240673999651335,27,6.214586175396525e-11,0.0,3.733567061534165,"[-3.2374327,-0.83487972,1.1109248,1.0491063,-2.1118778,-3.9744893]",`gtol` termination condition is satisfied.
15,42,scene_05_mixed_maze_passage,20260601,scipy_baseline,53057,True,0.006041476000973489,32,3.837553786257313e-09,0.0,2.446669208739436,"[-3.1701551,-1.3543824,1.5165665,-1.2967103,-2.6531189,0.23154781]",`gtol` termination condition is satisfied.
16,42,scene_05_mixed_maze_passage,20260601,scipy_baseline,53058,True,0.00704687899997225,37,3.2471525345480208e-09,0.0,2.645459823843006,"[-3.151906,-1.0959517,1.1368996,0.14440338,-2.9585446,-3.5328747]",`gtol` termination condition is satisfied.
17,42,scene_05_mixed_maze_passage,20260601,scipy_baseline,53059,True,0.005447871000797022,29,8.039172569193889e-09,0.0,2.4341328037065493,"[-3.1784481,-1.3506577,1.4943191,-1.2804589,-2.5635701,0.24489002]",`gtol` termination condition is satisfied.
18,42,scene_05_mixed_maze_passage,20260601,scipy_baseline,53060,True,0.005148745000042254,26,2.9619623596629555e-11,0.0,2.4572505437251912,"[-3.1701064,-1.361301,1.5330569,-1.3480719,-2.6536889,0.0098147579]",`gtol` termination condition is satisfied.
19,42,scene_05_mixed_maze_passage,20260601,scipy_baseline,53061,True,0.006995266001467826,32,5.386322134120174e-09,0.0,2.9070354186193508,"[-3.5067431,-1.0400574,1.5604926,1.7168442,-0.4412583,2.2240079]",`gtol` termination condition is satisfied.
20,42,scene_05_mixed_maze_passage,20260601,scipy_baseline,53062,True,0.005946448000031523,31,6.775820625274851e-09,0.0,2.398186222248927,"[-3.1953387,-1.4091038,1.6123133,-0.52945673,-3.8718958,-2.4605124]",`gtol` termination condition is satisfied.
21,42,scene_05_mixed_maze_passage,20260601,scipy_baseline,53063,True,0.014510494998830836,41,1.2098729210248382e-08,0.0,2.703281058473475,"[-5.7899274,-3.2663995,1.6762835,2.357149,-6.2828362,-3.0445386]",`gtol` termination condition is satisfied.
22,42,scene_05_mixed_maze_passage,20260601,scipy_baseline,53064,True,0.004914632998406887,26,2.350776864802174e-09,0.0,2.6862233400189095,"[-3.4524808,-1.4554148,1.958547,-1.6829895,0.8916968,-0.03657973]",`gtol` termination condition is satisfied.
23,42,scene_05_mixed_maze_passage,20260601,scipy_baseline,53065,True,0.0051253550009278115,25,7.760776367423933e-10,0.0,2.693830842167233,"[-3.4821698,-1.5047156,1.8941982,-1.3312776,0.67622686,4.9028727]",`gtol` termination condition is satisfied.
24,42,scene_05_mixed_maze_passage,20260601,scipy_baseline,53066,True,0.0052683829999295995,29,1.1569571654789407e-09,0.0,2.354161703781472,"[-3.1492366,-1.2778916,1.3984246,-0.57191382,-3.0778242,4.1540442]",`gtol` termination condition is satisfied.
25,42,scene_05_mixed_maze_passage,20260601,scipy_baseline,53067,True,0.00634333199923276,28,1.259751806324817e-10,0.0,2.600729351456565,"[-3.2617843,-1.4436925,1.8919058,-1.3858085,-4.3196714,2.3396741]",`gtol` termination condition is satisfied.
26,42,scene_05_mixed_maze_passage,20260601,scipy_baseline,53068,True,0.0074463510027271695,32,2.1006924237881083e-12,0.0,2.46094669382728,"[-3.1692854,-1.3629628,1.5387731,-1.3604735,-2.6633917,-0.14861211]",`gtol` termination condition is satisfied.
27,42,scene_05_mixed_maze_passage,20260601,scipy_baseline,53069,True,0.006051388001651503,30,1.4301694240941023e-08,0.0,2.67864838203955,"[-3.4571428,-1.5187412,1.8713724,-1.0981731,0.8605048,1.1039521]",`gtol` termination condition is satisfied.
28,42,scene_05_mixed_maze_passage,20260601,scipy_baseline,53070,True,0.00684076400284539,30,6.702463070658592e-14,0.0,2.4692280730195044,"[-3.1593216,-1.361556,1.5573925,-1.3314495,-2.8009588,-3.55393]",`gtol` termination condition is satisfied.
29,42,scene_05_mixed_maze_passage,20260601,scipy_baseline,53071,True,0.006496134003100451,28,4.884545920878241e-09,0.0,3.2494070501644163,"[-3.1597017,-0.97627495,1.0183949,0.49444319,-2.7947627,5.6971391]",`xtol` termination condition is satisfied.
30,42,scene_05_mixed_maze_passage,20260601,scipy_baseline,53072,True,0.008211192998714978,26,2.0754396389694646e-09,0.0,2.805718047541693,"[-3.4678044,-1.0550301,1.6618039,1.752955,-0.785985,1.6824153]",`gtol` termination condition is satisfied.
31,42,scene_05_mixed_maze_passage,20260601,scipy_baseline,53073,True,0.005618613999104127,30,3.17216319762134e-09,0.0,2.3392179157298525,"[-3.1554467,-1.3153,1.4586667,-0.43350474,-3.4113558,2.6331454]",`gtol` termination condition is satisfied.
32,42,scene_05_mixed_maze_passage,20260601,scipy_baseline,53074,True,0.0070737519999966025,35,6.009626772029293e-13,0.0,2.5392247194087214,"[-3.1541168,-1.3810879,1.6466811,-1.5904144,-2.9007717,-6.2749885]",`gtol` termination condition is satisfied.
33,42,scene_05_mixed_maze_passage,20260601,scipy_baseline,53075,True,0.006484445999376476,35,6.573910686097097e-13,0.0,2.364840071951469,"[-3.1523187,-1.2651136,1.3713802,-0.61688361,-2.9464756,2.6662458]",`gtol` termination condition is satisfied.
34,42,scene_05_mixed_maze_passage,20260601,scipy_baseline,53076,True,0.006924335997609887,30,5.342442988254252e-13,0.0,2.6702490114240898,"[-3.4513381,-1.5218844,1.8577717,-1.0178791,0.89923064,1.4250104]",`gtol` termination condition is satisfied.
35,42,scene_05_mixed_maze_passage,20260601,scipy_baseline,53077,True,0.00704348200088134,31,1.8867412792434665e-11,0.0,2.8043627281331607,"[-3.476657,-1.0605965,1.6618741,1.7790851,-0.71988539,1.1799838]",`gtol` termination condition is satisfied.
36,42,scene_05_mixed_maze_passage,20260601,scipy_baseline,53078,True,0.005054133001976879,25,3.2565407797610265e-10,0.0,2.465796310043667,"[-3.1680711,-1.3648966,1.5461586,-1.3753913,-2.6780877,0.42393959]",`gtol` termination condition is satisfied.
37,42,scene_05_mixed_maze_passage,20260601,scipy_baseline,53079,True,0.005920711999351624,30,6.795794664861814e-13,0.0,2.64916151473145,"[-3.4661616,-1.5202739,1.8224632,-0.91360113,0.79779352,-0.62592042]",`gtol` termination condition is satisfied.
38,42,scene_05_mixed_maze_passage,20260601,scipy_baseline,53080,True,0.005775799003458815,29,1.7986378670575707e-11,0.0,3.1503169816334324,"[-3.1569094,-0.99221029,1.0331202,0.47079694,-2.8431532,-3.0958597]",`gtol` termination condition is satisfied.
39,42,scene_05_mixed_maze_passage,20260601,scipy_baseline,53081,True,0.006436331001168583,25,2.5693868000526475e-12,0.0,2.6806364589430616,"[-3.4576468,-1.5178666,1.8751151,-1.1179125,0.85708583,0.45165313]",`gtol` termination condition is satisfied.
40,42,scene_05_mixed_maze_passage,20260601,scipy_baseline,53082,True,0.007545462001871783,35,2.0365013188546384e-09,0.0,2.4270472951756554,"[-3.1683095,-1.3384111,1.4844554,-1.1840571,-2.6751686,-4.7179034]",`gtol` termination condition is satisfied.
41,42,scene_05_mixed_maze_passage,20260601,scipy_baseline,53083,True,0.005419206998340087,28,2.1383199004042475e-10,0.0,2.39499287837283,"[-3.1586431,-1.3690913,1.5810254,-0.77963676,-3.4708869,-1.1563451]",`gtol` termination condition is satisfied.
42,42,scene_05_mixed_maze_passage,20260601,scipy_baseline,53084,True,0.007662185998924542,33,4.366230307082191e-09,0.0,2.7975148785972612,"[-3.4928893,-1.070613,1.6591614,1.8394015,-0.5839092,-3.9045761]",`gtol` termination condition is satisfied.
43,42,scene_05_mixed_maze_passage,20260601,scipy_baseline,53085,True,0.004225083997880574,21,2.611748030258437e-12,0.0,2.4520583138874756,"[-3.1504596,-1.355448,1.5640292,-1.184044,-3.0091637,-4.3419871]",`gtol` termination condition is satisfied.
44,42,scene_05_mixed_maze_passage,20260601,scipy_baseline,53086,True,0.008233769000071334,39,6.403438639785083e-09,0.0,2.524735170484405,"[-3.4963549,-1.3023747,1.3787417,0.39056518,0.55130931,-5.4113327]",`gtol` termination condition is satisfied.
45,42,scene_05_mixed_maze_passage,20260601,scipy_baseline,53087,True,0.005349506998754805,25,4.542885743895787e-11,0.0,2.3997971910729747,"[-3.2058836,-1.3367098,1.4321014,-1.2133379,-2.3285106,4.6998012]",`gtol` termination condition is satisfied.
46,42,scene_05_mixed_maze_passage,20260601,scipy_baseline,53088,True,0.00922732300023199,43,1.778809033243849e-09,0.0,2.666352378224518,"[-3.3890412,-1.5143216,1.8930617,-1.0977033,1.2682175,-0.59094702]",`gtol` termination condition is satisfied.
47,42,scene_05_mixed_maze_passage,20260601,scipy_baseline,53089,True,0.006581638001080137,34,1.8252052678922902e-09,0.0,2.6840010624298998,"[-3.4748023,-1.5130617,1.8765441,-1.1945576,0.73411042,4.2174555]",`gtol` termination condition is satisfied.
48,42,scene_05_mixed_maze_passage,20260601,scipy_baseline,53090,True,0.0049459920010122005,22,3.5529804554642417e-10,0.0,2.3925846048903203,"[-3.2066114,-1.3217862,1.4042316,-1.1419196,-2.3230454,4.6262016]",`gtol` termination condition is satisfied.
49,42,scene_05_mixed_maze_passage,20260601,scipy_baseline,53091,True,0.008479015003103996,34,5.9371703482733426e-09,0.0,3.9729008738934293,"[-3.1666871,-0.88145019,1.030703,0.98965564,-2.6953829,-5.6203902]",`gtol` termination condition is satisfied.
0,42,scene_pass_through_maze,20260602,pinv,60042,True,0.0033442740023019724,29,0.010579333390307352,0.024827931884486534,3.247236244255594,"[-3.4082619,-0.94397519,1.5136277,-4.4055043,-1.0577344,-2.6107755]",converged
1,42,scene_pass_through_maze,20260602,pinv,60043,True,0.002790761998767266,29,0.011915104732018891,0.02798420333479281,3.232427862058832,"[-3.4075629,-0.94677786,1.5198364,-4.4056426,-1.0602349,-2.6133256]",converged
2,42,scene_pass_through_maze,20260602,pinv,60044,True,0.0035379719993215986,30,0.004503576639278862,0.010243181411291505,3.3170609254617416,"[-3.4095869,-0.92908112,1.48428,-4.406867,-1.051006,-2.6038102]",converged
3,42,scene_pass_through_maze,20260602,pinv,60045,True,0.0028832870011683553,29,0.008873860195906885,0.02076827777087855,3.266343163490642,"[-3.4085937,-0.93967843,1.5054819,-4.4059804,-1.0558341,-2.6091903]",converged
4,42,scene_pass_through_maze,20260602,pinv,60046,True,0.0036183580014039762,30,0.007497978118106845,0.016904051660066605,3.2823005713741282,"[-3.4089685,-0.93612703,1.4985759,-4.4068688,-1.0541787,-2.6077802]",converged
5,42,scene_pass_through_maze,20260602,pinv,60047,True,0.0028999770001973957,30,0.007428585415988149,0.01687967640716415,3.2829309765129233,"[-3.4091119,-0.93610857,1.4983496,-4.4067695,-1.0540641,-2.6071907]",converged
6,42,scene_pass_through_maze,20260602,pinv,60048,True,0.003297617000498576,30,0.005395851390626696,0.01218250208695855,3.306700591800015,"[-3.4093813,-0.93116903,1.4885111,-4.4069178,-1.0519949,-2.6048685]",converged
7,42,scene_pass_through_maze,20260602,pinv,60049,True,0.002702103000046918,29,0.009079401541142087,0.02126133014956234,3.263867240868249,"[-3.4084923,-0.94001583,1.5064808,-4.406045,-1.056083,-2.6098828]",converged
8,42,scene_pass_through_maze,20260602,pinv,60050,True,0.002866514001652831,29,0.010790838275676576,0.025020216795496125,3.2448470792883426,"[-3.4082192,-0.94424124,1.5144838,-4.4059556,-1.0580154,-2.6109285]",converged
9,42,scene_pass_through_maze,20260602,pinv,60051,True,0.0027603550006460864,30,0.008180458299122896,0.018479384717186787,3.274339025834198,"[-3.4087881,-0.93759928,1.5018184,-4.4070818,-1.055267,-2.6085612]",converged
10,42,scene_pass_through_maze,20260602,pinv,60052,True,0.002740059997449862,29,0.01061948820681933,0.024374885968682047,3.2469330583759977,"[-3.4081819,-0.9436617,1.5135156,-4.4062506,-1.0578611,-2.610835]",converged
11,42,scene_pass_through_maze,20260602,pinv,60053,True,0.0027178479977010284,29,0.010161944065541993,0.023351767466257112,3.2521243801863666,"[-3.4082002,-0.94253141,1.5113231,-4.4063482,-1.0576271,-2.6105229]",converged
12,42,scene_pass_through_maze,20260602,pinv,60054,True,0.0028118640002503525,30,0.005685938841396133,0.013251401288452513,3.3032508822808166,"[-3.4092324,-0.93203223,1.4900725,-4.4065313,-1.0527388,-2.60556]",converged
13,42,scene_pass_through_maze,20260602,pinv,60055,True,0.002694980001251679,29,0.00916786250093337,0.02118110593112791,3.2631642256920044,"[-3.4085332,-0.9402801,1.5067445,-4.406149,-1.0559634,-2.6093991]",converged
14,42,scene_pass_through_maze,20260602,pinv,60056,True,0.002836052000930067,30,0.005639889828300335,0.012901814504007033,3.3037839995661678,"[-3.4093447,-0.93185631,1.4897671,-4.4067661,-1.0524118,-2.6052193]",converged
15,42,scene_pass_through_maze,20260602,pinv,60057,True,0.002794009997160174,29,0.00793742754881596,0.018654877502389595,3.2773246867649832,"[-3.4085822,-0.93739442,1.5008868,-4.4062471,-1.0557022,-2.6081294]",converged
16,42,scene_pass_through_maze,20260602,pinv,60058,True,0.002683612998225726,29,0.011737357654788375,0.027569423156321892,3.234593955059987,"[-3.4076096,-0.9464827,1.5189428,-4.4056769,-1.0603361,-2.6128251]",converged
17,42,scene_pass_through_maze,20260602,pinv,60059,True,0.008051497999986168,30,0.006666293881768279,0.014936471910601892,3.2921162792627645,"[-3.4090525,-0.93411621,1.494496,-4.4069858,-1.0534517,-2.6063967]",converged
18,42,scene_pass_through_maze,20260602,pinv,60060,True,0.002804063999064965,30,0.006417200803111103,0.014573631327388571,3.2946049317610115,"[-3.4092748,-0.93364194,1.493497,-4.4068641,-1.0530118,-2.6060491]",converged
19,42,scene_pass_through_maze,20260602,pinv,60061,True,0.002711829998588655,29,0.011858172939421903,0.028043379514969272,3.232837546402798,"[-3.4078211,-0.94696214,1.5197833,-4.4051957,-1.059563,-2.6130151]",converged
20,42,scene_pass_through_maze,20260602,pinv,60062,True,0.002789774000120815,30,0.006157797849773472,0.014207421206567247,3.2976479343530394,"[-3.4092567,-0.93314114,1.4923371,-4.4066047,-1.052926,-2.6059212]",converged
21,42,scene_pass_through_maze,20260602,pinv,60063,True,0.002769063001323957,30,0.00573455057262938,0.013076308147539248,3.3026741792986036,"[-3.4093759,-0.9321057,1.4902227,-4.4067397,-1.0523152,-2.6051557]",converged
22,42,scene_pass_through_maze,20260602,pinv,60064,True,0.0027735019975807518,30,0.004921274115545821,0.011310392286625611,3.3120721094152317,"[-3.4095951,-0.9302292,1.4863817,-4.4066752,-1.0513382,-2.6040899]",converged
23,42,scene_pass_through_maze,20260602,pinv,60065,True,0.002685944000404561,29,0.009671773892316497,0.022259447322792756,3.2572434299229895,"[-3.4086154,-0.94149945,1.5091646,-4.4062955,-1.0563817,-2.6095585]",converged
24,42,scene_pass_through_maze,20260602,pinv,60066,True,0.002759146002063062,30,0.00498576924745806,0.011286377226119486,3.3114666937360964,"[-3.4094652,-0.93020201,1.486563,-4.4068919,-1.0515379,-2.6044333]",converged
25,42,scene_pass_through_maze,20260602,pinv,60067,True,0.0027373999982955866,29,0.006699010323160963,0.015629729156253172,3.2915271550123277,"[-3.4089869,-0.93444732,1.4949477,-4.406346,-1.0536858,-2.6063138]",converged
26,42,scene_pass_through_maze,20260602,pinv,60068,True,0.0026781050000863615,29,0.010577594165398328,0.024993105205835243,3.247074548898261,"[-3.4079926,-0.94363858,1.5136031,-4.4058986,-1.0587909,-2.6114643]",converged
27,42,scene_pass_through_maze,20260602,pinv,60069,True,0.0026822729996638373,29,0.011073986888098549,0.02580257969743376,3.241800090995418,"[-3.4079993,-0.94491991,1.5158441,-4.4057211,-1.0585444,-2.6118609]",converged
28,42,scene_pass_through_maze,20260602,pinv,60070,True,0.0027644749970932025,29,0.009583932958775536,0.022582622236553468,3.2580909349593634,"[-3.4084548,-0.94139528,1.5089691,-4.4058453,-1.0567893,-2.6102169]",converged
29,42,scene_pass_through_maze,20260602,pinv,60071,True,0.0028433009974833112,30,0.005976252288481664,0.013722680447503974,3.299775075864265,"[-3.4092939,-0.93265587,1.4914157,-4.4067703,-1.0528411,-2.6055429]",converged
30,42,scene_pass_through_maze,20260602,pinv,60072,True,0.0027047229996242095,30,0.004437912968627308,0.010348622222554843,3.317549373566939,"[-3.4096822,-0.92903128,1.4841144,-4.4067996,-1.0511792,-2.6035052]",converged
31,42,scene_pass_through_maze,20260602,pinv,60073,True,0.0027381220024835784,29,0.011769873044035373,0.027668225079947092,3.23436304556427,"[-3.4077022,-0.94677354,1.5191301,-4.4053582,-1.0599271,-2.6122462]",converged
32,42,scene_pass_through_maze,20260602,pinv,60074,True,0.003120165998552693,29,0.00836140713033338,0.01956665853881613,3.272610272008361,"[-3.4085635,-0.93850671,1.5028732,-4.4061458,-1.0559386,-2.6079365]",converged
33,42,scene_pass_through_maze,20260602,pinv,60075,True,0.002866295999410795,30,0.004591381595626809,0.010342797671168203,3.3160286188878416,"[-3.4097032,-0.92937087,1.4846889,-4.4068865,-1.0508169,-2.6034695]",converged
34,42,scene_pass_through_maze,20260602,pinv,60076,True,0.0027624829999695066,30,0.007312940444117956,0.01645049444391373,3.2843669427861086,"[-3.4090223,-0.93562907,1.4976754,-4.4070192,-1.0540529,-2.6073657]",converged
35,42,scene_pass_through_maze,20260602,pinv,60077,True,0.0034764759984682314,29,0.008701726669425546,0.0204122195643186,3.2687112480873632,"[-3.4085025,-0.93938269,1.5045547,-4.4059199,-1.0561187,-2.6085184]",converged
36,42,scene_pass_through_maze,20260602,pinv,60078,True,0.0027509020001161844,30,0.00716634588273289,0.016358855644856105,3.28603792661365,"[-3.4089957,-0.93538958,1.4970729,-4.4067703,-1.0540795,-2.6072375]",converged
37,42,scene_pass_through_maze,20260602,pinv,60079,True,0.002725181999267079,30,0.006413562447883374,0.014801753424329501,3.2949273817444635,"[-3.4089723,-0.93361485,1.4934505,-4.4067115,-1.0537807,-2.6065433]",converged
38,42,scene_pass_through_maze,20260602,pinv,60080,True,0.002625231001729844,29,0.011294159622842291,0.025762677130070195,3.2395768957314246,"[-3.4080888,-0.94534876,1.5166639,-4.4059819,-1.0580097,-2.6116545]",converged
39,42,scene_pass_through_maze,20260602,pinv,60081,True,0.002808834000461502,30,0.004873202188980997,0.01119970900664586,3.3126057177582844,"[-3.4095871,-0.93007376,1.4861415,-4.4067637,-1.0514385,-2.6041094]",converged
40,42,scene_pass_through_maze,20260602,pinv,60082,True,0.002913116000854643,30,0.005268914417047656,0.011770926312096077,3.308178678143142,"[-3.4094956,-0.93087841,1.4878656,-4.4070317,-1.051714,-2.6044997]",converged
41,42,scene_pass_through_maze,20260602,pinv,60083,True,0.002736160000495147,29,0.008661838140878399,0.020136792787001936,3.2690804116050276,"[-3.4085595,-0.93914498,1.5042938,-4.4062396,-1.0560234,-2.6083193]",converged
42,42,scene_pass_through_maze,20260602,pinv,60084,True,0.002748663999227574,30,0.005228502977991147,0.01172577473208377,3.308726316461772,"[-3.4094138,-0.93075067,1.4876573,-4.4069968,-1.0518181,-2.6045485]",converged
43,42,scene_pass_through_maze,20260602,pinv,60085,True,0.002676254000107292,29,0.008848839238107956,0.020127724717353246,3.2670981539975212,"[-3.4086001,-0.93946127,1.505006,-4.4065298,-1.0557658,-2.6084739]",converged
44,42,scene_pass_through_maze,20260602,pinv,60086,True,0.0028593669994734228,30,0.005176061642654456,0.012137681393648413,3.3091709085894583,"[-3.4092399,-0.93068537,1.48759,-4.4067463,-1.052607,-2.6049701]",converged
45,42,scene_pass_through_maze,20260602,pinv,60087,True,0.002720863001741236,29,0.011342034471920483,0.027418432200337114,3.238829377805625,"[-3.4075222,-0.94578233,1.5173999,-4.4049672,-1.060344,-2.6127579]",converged
46,42,scene_pass_through_maze,20260602,pinv,60088,True,0.0027814029999717604,30,0.006807533658402099,0.015275407887952648,3.2904235096254286,"[-3.4091262,-0.93454746,1.4951931,-4.4070285,-1.0536885,-2.6061614]",converged
47,42,scene_pass_through_maze,20260602,pinv,60089,True,0.0027636419981718063,30,0.005787299707107945,0.013408913360192098,3.301932188009002,"[-3.4093652,-0.93231957,1.4906001,-4.4065015,-1.0523706,-2.6053987]",converged
48,42,scene_pass_through_maze,20260602,pinv,60090,True,0.002737992999755079,30,0.005436941532421486,0.011994338060932098,3.3062816775288146,"[-3.4095239,-0.93127611,1.4886226,-4.4070474,-1.0515293,-2.6045933]",converged
49,42,scene_pass_through_maze,20260602,pinv,60091,True,0.002881775002606446,29,0.010524540807757953,0.024843050581826898,3.2478332687799676,"[-3.4080489,-0.94368184,1.5133793,-4.4055353,-1.0581778,-2.6115274]",converged
0,42,scene_pass_through_maze,20260602,dls,61042,True,0.0023286849973374046,30,0.011918716703524523,0.031201848028141504,3.2392876172604534,"[-3.4051038,-0.94916227,1.5191531,-4.4000699,-1.0658045,-2.621733]",converged
1,42,scene_pass_through_maze,20260602,dls,61043,True,0.0022059869988879655,30,0.00794390012483597,0.02104220339791312,3.282444370072215,"[-3.4067673,-0.9390803,1.5003946,-4.4020963,-1.0597394,-2.6140151]",converged
2,42,scene_pass_through_maze,20260602,dls,61044,True,0.0023284210001293104,30,0.010601117114819246,0.028541270302557792,3.253610219865767,"[-3.405461,-0.94607299,1.5131958,-4.3998156,-1.0639929,-2.6200349]",converged
3,42,scene_pass_through_maze,20260602,dls,61045,True,0.002312315999006387,30,0.011733130039234423,0.032045673944755236,3.241827974562765,"[-3.4044644,-0.94877134,1.5184425,-4.3991529,-1.0673111,-2.6227187]",converged
4,42,scene_pass_through_maze,20260602,dls,61046,True,0.0023325469992414583,30,0.00823733967745811,0.02212701761034322,3.2793282508760564,"[-3.4065198,-0.9399155,1.5018781,-4.4015291,-1.0603468,-2.6150264]",converged
5,42,scene_pass_through_maze,20260602,dls,61047,True,0.002224501000455348,31,0.00864598204432857,0.02306519333526478,3.2745200661393477,"[-3.4062729,-0.94059928,1.5037239,-4.4020385,-1.0612697,-2.6164567]",converged
6,42,scene_pass_through_maze,20260602,dls,61048,True,0.002294195001013577,31,0.007283472990965841,0.019265842629924174,3.2894663646607274,"[-3.4069957,-0.93713976,1.4972138,-4.4028741,-1.0587627,-2.6133457]",converged
7,42,scene_pass_through_maze,20260602,dls,61049,True,0.002272614001412876,31,0.008617308494020384,0.022754900780697536,3.2748806016051395,"[-3.4065467,-0.9407551,1.5036071,-4.4018785,-1.0605825,-2.6159022]",converged
8,42,scene_pass_through_maze,20260602,dls,61050,True,0.00220028300100239,30,0.010714183297341903,0.028410823016110042,3.2525063353359918,"[-3.4055923,-0.94637589,1.5135814,-4.400068,-1.0638961,-2.6195805]",converged
9,42,scene_pass_through_maze,20260602,dls,61051,True,0.002221102000476094,31,0.008028550733299441,0.02125368411133889,3.281248431203869,"[-3.4068136,-0.93924626,1.5008338,-4.4022535,-1.0597601,-2.6146543]",converged
10,42,scene_pass_through_maze,20260602,dls,61052,True,0.0023319339998124633,31,0.007103152322662374,0.018505125451615704,3.2910606287593467,"[-3.4073025,-0.9366285,1.4963949,-4.4032482,-1.0578148,-2.6129667]",converged
11,42,scene_pass_through_maze,20260602,dls,61053,True,0.0022481970008811913,31,0.005434886128255038,0.013946317602917412,3.309196633776847,"[-3.408326,-0.93244095,1.4885314,-4.4042515,-1.0545716,-2.6092146]",converged
12,42,scene_pass_through_maze,20260602,dls,61054,True,0.002227279997896403,30,0.007458227289928152,0.019726639746365866,3.287359367732212,"[-3.4071395,-0.93783494,1.4982131,-4.4024077,-1.0584372,-2.613377]",converged
13,42,scene_pass_through_maze,20260602,dls,61055,True,0.0023169079977378715,32,0.00577901684364093,0.015298624896410288,3.305522920716756,"[-3.4078531,-0.93321298,1.4901837,-4.4039097,-1.055823,-2.6108351]",converged
14,42,scene_pass_through_maze,20260602,dls,61056,True,0.0022806039996794425,31,0.006860235625093811,0.01801509812931939,3.2937471032695287,"[-3.4074536,-0.93615613,1.4953202,-4.4031328,-1.0574448,-2.6123871]",converged
15,42,scene_pass_through_maze,20260602,dls,61057,True,0.0022259619981923606,30,0.011350815585221425,0.02978172110318469,3.2454599025598663,"[-3.4054441,-0.94792547,1.5165674,-4.3999445,-1.0644471,-2.6205869]",converged
16,42,scene_pass_through_maze,20260602,dls,61058,True,0.002242954000394093,30,0.010353311368154622,0.02760506673828299,3.256276554066967,"[-3.4057382,-0.94547487,1.5119508,-4.4002133,-1.0634495,-2.6189009]",converged
17,42,scene_pass_through_maze,20260602,dls,61059,True,0.0022523510015162174,31,0.005249309614528867,0.01354765399890402,3.311251606630529,"[-3.4084169,-0.93201577,1.4876964,-4.4041771,-1.0541175,-2.6090573]",converged
18,42,scene_pass_through_maze,20260602,dls,61060,True,0.0023659390026296023,31,0.00816682247091606,0.021207137970127368,3.2795299046268345,"[-3.4069621,-0.93954184,1.5014431,-4.4024988,-1.0593534,-2.61467]",converged
19,42,scene_pass_through_maze,20260602,dls,61061,True,0.0021837220010638703,30,0.011287075532009715,0.030148888707611864,3.246244542247822,"[-3.405288,-0.94787166,1.5163844,-4.399564,-1.064966,-2.6209699]",converged
20,42,scene_pass_through_maze,20260602,dls,61062,True,0.0025543320007272996,31,0.00791633440935692,0.020956845469979602,3.2824464487301213,"[-3.4068645,-0.93894219,1.5003227,-4.4022306,-1.0592953,-2.6147857]",converged
21,42,scene_pass_through_maze,20260602,dls,61063,True,0.002243606999400072,30,0.0081405131391932,0.020849089534037316,3.2799510615886645,"[-3.407156,-0.93963556,1.5013077,-4.4022914,-1.0585983,-2.6138398]",converged
22,42,scene_pass_through_maze,20260602,dls,61064,True,0.0022322940021695103,31,0.005375086918714588,0.013990911345088456,3.3099773056357447,"[-3.4082228,-0.93228811,1.4882644,-4.4041022,-1.0547017,-2.6094178]",converged
23,42,scene_pass_through_maze,20260602,dls,61065,True,0.002283825000631623,31,0.007909786843387362,0.020854102895952256,3.2823956511672745,"[-3.4068773,-0.93884016,1.5002728,-4.4024539,-1.0593425,-2.614649]",converged
24,42,scene_pass_through_maze,20260602,dls,61066,True,0.0021962669998174533,30,0.011949063760681198,0.03187194556169801,3.239374551689771,"[-3.4047543,-0.94933195,1.5193215,-4.3995904,-1.0669154,-2.6219714]",converged
25,42,scene_pass_through_maze,20260602,dls,61067,True,0.002268790001835441,31,0.006932266568213412,0.018235152154047286,3.29296622366682,"[-3.4074012,-0.93634057,1.495667,-4.4030678,-1.0576035,-2.6125674]",converged
26,42,scene_pass_through_maze,20260602,dls,61068,True,0.002213925999967614,30,0.011206712729002912,0.029922759840933556,3.247057340944693,"[-3.4052502,-0.94754686,1.5159545,-4.3998956,-1.06527,-2.6205626]",converged
27,42,scene_pass_through_maze,20260602,dls,61069,True,0.002180570998461917,30,0.0098459674468693,0.025961837329223303,3.2616467785625143,"[-3.4059755,-0.94395748,1.5094309,-4.4010133,-1.0625623,-2.6178491]",converged
28,42,scene_pass_through_maze,20260602,dls,61070,True,0.0022411300014937297,31,0.00531499662083371,0.013563799924781093,3.310487702829458,"[-3.4084643,-0.93217448,1.4879785,-4.404261,-1.0540413,-2.609003]",converged
29,42,scene_pass_through_maze,20260602,dls,61071,True,0.0021504399992409162,30,0.010739209822196867,0.02875992393264392,3.252195799290645,"[-3.4055033,-0.94650499,1.5137982,-4.3998432,-1.0642922,-2.619581]",converged
30,42,scene_pass_through_maze,20260602,dls,61072,True,0.0021696730000257958,30,0.009670508879851637,0.025190739890793405,3.263653983752037,"[-3.4060712,-0.94338804,1.5084402,-4.401502,-1.0623276,-2.6170659]",converged
31,42,scene_pass_through_maze,20260602,dls,61073,True,0.002182557000196539,30,0.011932150773293973,0.032208499074742714,3.2395648484375617,"[-3.4047812,-0.94953661,1.5194221,-4.3990184,-1.0668313,-2.6223003]",converged
32,42,scene_pass_through_maze,20260602,dls,61074,True,0.002344446998904459,31,0.006127777232106001,0.016298331300562432,3.301778586541172,"[-3.4076738,-0.93422038,1.4918842,-4.4034571,-1.0564342,-2.6113315]",converged
33,42,scene_pass_through_maze,20260602,dls,61075,True,0.0021842060014023446,30,0.010567531097673201,0.02830412325227463,3.2541588896380156,"[-3.4052993,-0.9457304,1.5128018,-4.4004796,-1.0648641,-2.6194515]",converged
34,42,scene_pass_through_maze,20260602,dls,61076,True,0.0023173670015239622,30,0.010224581005619467,0.02740542177014461,3.257993039954651,"[-3.4055583,-0.9450548,1.5112542,-4.4001748,-1.063582,-2.6191068]",converged
35,42,scene_pass_through_maze,20260602,dls,61077,True,0.0022868910018587485,31,0.005531505157411209,0.014590800594388206,3.30821599544012,"[-3.4080136,-0.93261302,1.4890247,-4.4040545,-1.0554095,-2.6099367]",converged
36,42,scene_pass_through_maze,20260602,dls,61078,True,0.002256480001960881,30,0.010779212255915062,0.02876326249177341,3.251762787280993,"[-3.4053694,-0.94638852,1.513895,-4.4000876,-1.0643841,-2.6201601]",converged
37,42,scene_pass_through_maze,20260602,dls,61079,True,0.002217929999460466,30,0.009628434927929572,0.02502006879911423,3.263807961171804,"[-3.4064317,-0.94355471,1.5084543,-4.4010695,-1.0610337,-2.6171759]",converged
38,42,scene_pass_through_maze,20260602,dls,61080,True,0.0021695200011890847,30,0.011045289840090865,0.028914693482955448,3.24874234385359,"[-3.4056072,-0.9471208,1.5150712,-4.40034,-1.0641705,-2.6198246]",converged
39,42,scene_pass_through_maze,20260602,dls,61081,True,0.0022804030013503507,31,0.007007236258980114,0.018780975196481545,3.2923184564585792,"[-3.4071807,-0.93657306,1.496071,-4.4026964,-1.0581245,-2.6131198]",converged
40,42,scene_pass_through_maze,20260602,dls,61082,True,0.002531518999603577,30,0.010341197366970688,0.027121978698164947,3.2564060087986304,"[-3.4059655,-0.94545534,1.5117926,-4.4004848,-1.0628708,-2.6182871]",converged
41,42,scene_pass_through_maze,20260602,dls,61083,True,0.0023038930012262426,31,0.005332325323878159,0.013696312095329758,3.3103204431448994,"[-3.4083378,-0.93213463,1.4880463,-4.4042896,-1.0543246,-2.6092313]",converged
42,42,scene_pass_through_maze,20260602,dls,61084,True,0.0022205340028449427,31,0.005332968215226031,0.013973926752361076,3.31037590599354,"[-3.4082297,-0.93219103,1.4881066,-4.4040897,-1.0547312,-2.6093915]",converged
43,42,scene_pass_through_maze,20260602,dls,61085,True,0.002293650002684444,31,0.0054527679126894135,0.014338572775428446,3.30914082901142,"[-3.4081362,-0.93252567,1.4886762,-4.4039135,-1.0549692,-2.609664]",converged
44,42,scene_pass_through_maze,20260602,dls,61086,True,0.0022310770000331104,31,0.0061541114083845175,0.016167704837535216,3.301454922998375,"[-3.4077419,-0.93425821,1.4919596,-4.4036216,-1.0562931,-2.6111695]",converged
45,42,scene_pass_through_maze,20260602,dls,61087,True,0.002205843000410823,30,0.011314393447896393,0.029404490067606377,3.2456398455734945,"[-3.4056864,-0.94785358,1.5163903,-4.4002153,-1.0639798,-2.6201033]",converged
46,42,scene_pass_through_maze,20260602,dls,61088,True,0.0021649209993483964,30,0.010570005233584373,0.02815721201964194,3.2540046917799237,"[-3.4056374,-0.94603989,1.5129511,-4.4000926,-1.0638593,-2.6191982]",converged
47,42,scene_pass_through_maze,20260602,dls,61089,True,0.002166194000892574,30,0.009688766043710868,0.026116021972051612,3.263869303162154,"[-3.4056467,-0.94358368,1.5086711,-4.4006055,-1.06324,-2.6181073]",converged
48,42,scene_pass_through_maze,20260602,dls,61090,True,0.002207378998718923,31,0.00598702741786548,0.015806367389062343,3.303274608889889,"[-3.4078401,-0.93389875,1.4912231,-4.4035506,-1.0559271,-2.6108625]",converged
49,42,scene_pass_through_maze,20260602,dls,61091,True,0.002262739999423502,31,0.00802895801549212,0.021657236133018593,3.281349689919716,"[-3.4064666,-0.93907286,1.5008389,-4.4021729,-1.0605002,-2.615354]",converged
0,42,scene_pass_through_maze,20260602,lm,62042,True,0.0022165160007716622,31,0.007045258854015535,0.019387418899444855,3.293613418657939,"[-3.4067921,-0.93700589,1.4959661,-4.4014695,-1.0584584,-2.6146386]",converged
1,42,scene_pass_through_maze,20260602,lm,62043,True,0.0023320500004047062,32,0.006337874376790578,0.01747202673675219,3.3013897404412957,"[-3.4070863,-0.93507553,1.4925427,-4.4020885,-1.0573859,-2.6133157]",converged
2,42,scene_pass_through_maze,20260602,lm,62044,True,0.002274557999044191,31,0.006049010096324684,0.016887966533411593,3.3046188399754093,"[-3.407163,-0.93440444,1.4912479,-4.401956,-1.0569927,-2.612672]",converged
3,42,scene_pass_through_maze,20260602,lm,62045,True,0.002431508000881877,31,0.007401990567897418,0.0207387680243803,3.2901614935213797,"[-3.4063221,-0.9379329,1.4976204,-4.4008985,-1.0597907,-2.6157259]",converged
4,42,scene_pass_through_maze,20260602,lm,62046,True,0.0022786129993619397,31,0.006530173794997436,0.01822227858391488,3.299428630969229,"[-3.4068496,-0.93560643,1.4934934,-4.4017065,-1.0580618,-2.6137573]",converged
5,42,scene_pass_through_maze,20260602,lm,62047,True,0.0022704579969285987,30,0.010563894545984954,0.029840411187088894,3.257541766838654,"[-3.4043166,-0.94643456,1.5124136,-4.3975295,-1.0659455,-2.6225575]",converged
6,42,scene_pass_through_maze,20260602,lm,62048,True,0.0031366830007755198,31,0.0061614792508259035,0.017299175221047108,3.3035300049589598,"[-3.4070247,-0.93469517,1.4917626,-4.4017873,-1.0573696,-2.6130646]",converged
7,42,scene_pass_through_maze,20260602,lm,62049,True,0.002250118002848467,31,0.007358725360332125,0.02097267496153299,3.290758642914222,"[-3.4062201,-0.93787885,1.497495,-4.4004964,-1.0597442,-2.6163213]",converged
8,42,scene_pass_through_maze,20260602,lm,62050,True,0.0022414159975596704,31,0.005793938441881583,0.016179922332055726,3.3074929699542746,"[-3.4072323,-0.93367328,1.4899744,-4.4022486,-1.0567631,-2.612097]",converged
9,42,scene_pass_through_maze,20260602,lm,62051,True,0.0022835780000605155,31,0.00588471618845993,0.016784288765770556,3.3067669750288875,"[-3.406954,-0.93389324,1.4904119,-4.401872,-1.0573602,-2.6127833]",converged
10,42,scene_pass_through_maze,20260602,lm,62052,True,0.002328628001123434,31,0.006513886863387868,0.0183583130030022,3.2996575683042435,"[-3.4067354,-0.93551076,1.493424,-4.4016426,-1.0582544,-2.6140826]",converged
11,42,scene_pass_through_maze,20260602,lm,62053,True,0.002365381998970406,30,0.011959050572090147,0.035012866120114464,3.2444322361590254,"[-3.4023414,-0.94970775,1.5186213,-4.3958649,-1.071581,-2.6266779]",converged
12,42,scene_pass_through_maze,20260602,lm,62054,True,0.002384947998507414,31,0.010317355502270309,0.02888708294223499,3.2600959948769717,"[-3.4044521,-0.94556971,1.5110831,-4.3983515,-1.0656451,-2.6221555]",converged
13,42,scene_pass_through_maze,20260602,lm,62055,True,0.003014318997884402,31,0.006535968943523863,0.018119618323834522,3.299287242618896,"[-3.406986,-0.93571114,1.4935606,-4.4016184,-1.0576227,-2.6136521]",converged
14,42,scene_pass_through_maze,20260602,lm,62056,True,0.0022573099995497614,31,0.006904654004888282,0.01953074410511305,3.2956096927665164,"[-3.4064772,-0.93659541,1.4952719,-4.4011523,-1.0590484,-2.6149668]",converged
15,42,scene_pass_through_maze,20260602,lm,62057,True,0.0021675859970855527,30,0.01180580419073807,0.03306163573438046,3.244571368948686,"[-3.4037176,-0.94968523,1.5181754,-4.3966427,-1.0679986,-2.6248661]",converged
16,42,scene_pass_through_maze,20260602,lm,62058,True,0.0023172129986051004,31,0.0059222035011385985,0.016108943531423652,3.3058134631338576,"[-3.4075274,-0.9341496,1.4906269,-4.4022748,-1.0561067,-2.6117619]",converged
17,42,scene_pass_through_maze,20260602,lm,62059,True,0.0024973719991976395,31,0.006127668078637084,0.01688097013208067,3.3037347442574068,"[-3.4071846,-0.93455199,1.491545,-4.4021772,-1.0570705,-2.6125939]",converged
18,42,scene_pass_through_maze,20260602,lm,62060,True,0.0022716800012858585,31,0.005856255460017396,0.0162795360249317,3.3067849585302382,"[-3.40731,-0.93394208,1.490301,-4.4021357,-1.0567028,-2.6119194]",converged
19,42,scene_pass_through_maze,20260602,lm,62061,True,0.0022338870003295597,31,0.006435011867247509,0.017690153958064937,3.3004041288922767,"[-3.4070873,-0.93543044,1.4930242,-4.4018599,-1.0574461,-2.613155]",converged
20,42,scene_pass_through_maze,20260602,lm,62062,True,0.00223769899821491,31,0.007615065973758586,0.021258429639725598,3.2878751188098763,"[-3.4062184,-0.938458,1.4986038,-4.400777,-1.0600039,-2.6163318]",converged
21,42,scene_pass_through_maze,20260602,lm,62063,True,0.0023080190003383905,31,0.00649660301140695,0.017869228091331433,3.299516777827076,"[-3.4071549,-0.93564012,1.4934082,-4.4017463,-1.0572049,-2.6134441]",converged
22,42,scene_pass_through_maze,20260602,lm,62064,True,0.0023369219998130575,31,0.007044469550176123,0.019568958181148767,3.293867378217385,"[-3.4066176,-0.93697272,1.4959204,-4.4013457,-1.0588865,-2.6147936]",converged
23,42,scene_pass_through_maze,20260602,lm,62065,True,0.002267996002046857,31,0.00711382588168804,0.019689670536118822,3.292996684630661,"[-3.4066927,-0.9372081,1.4962995,-4.4012224,-1.0585636,-2.6150447]",converged
24,42,scene_pass_through_maze,20260602,lm,62066,True,0.002203940999606857,31,0.011791912419803914,0.03426511494200866,3.2455174897868666,"[-3.4027542,-0.94926494,1.5179394,-4.3964682,-1.0706757,-2.6264558]",converged
25,42,scene_pass_through_maze,20260602,lm,62067,True,0.0022593220019189175,31,0.008921113598221226,0.025571454232604204,3.274755101236731,"[-3.4049627,-0.94184793,1.5046646,-4.3991825,-1.0636718,-2.6198412]",converged
26,42,scene_pass_through_maze,20260602,lm,62068,True,0.002202799998485716,30,0.009874549450855249,0.02749358983473066,3.264503508834549,"[-3.4049777,-0.9446485,1.509159,-4.3984876,-1.0642168,-2.6203893]",converged
27,42,scene_pass_through_maze,20260602,lm,62069,True,0.002386285999818938,32,0.005715919895561081,0.016157614729907312,3.3084176006604165,"[-3.40714,-0.93339422,1.4895898,-4.4022782,-1.056891,-2.6123975]",converged
28,42,scene_pass_through_maze,20260602,lm,62070,True,0.0023358679973171093,31,0.005778041530340944,0.01596711913120405,3.3075392019056418,"[-3.4073809,-0.93368191,1.4899221,-4.4023014,-1.0563593,-2.6118375]",converged
29,42,scene_pass_through_maze,20260602,lm,62071,True,0.0023869090000516735,31,0.0077309761187402525,0.02229391271150771,3.287145087619583,"[-3.4057434,-0.93880392,1.4991867,-4.4000349,-1.0611688,-2.6172668]",converged
30,42,scene_pass_through_maze,20260602,lm,62072,True,0.0024428819997410756,31,0.006322511521520216,0.017287149395079682,3.3014630950799844,"[-3.40723,-0.93512147,1.4925204,-4.401989,-1.0568621,-2.6130439]",converged
31,42,scene_pass_through_maze,20260602,lm,62073,True,0.0023151160021370742,31,0.006726101205295874,0.018895189205560256,3.297376499910439,"[-3.4066685,-0.93612024,1.4944421,-4.4014086,-1.0584822,-2.6144237]",converged
32,42,scene_pass_through_maze,20260602,lm,62074,True,0.0023831399994378444,31,0.0060733229020177686,0.017087780198945468,3.304527659224156,"[-3.4069854,-0.93438588,1.4913086,-4.4019427,-1.0574567,-2.612893]",converged
33,42,scene_pass_through_maze,20260602,lm,62075,True,0.0025045139991561882,31,0.006051843750917018,0.01659901582747051,3.3044705891197865,"[-3.4073049,-0.93438101,1.4912122,-4.402214,-1.0566294,-2.6124413]",converged
34,42,scene_pass_through_maze,20260602,lm,62076,True,0.002509130001271842,31,0.008712139893128199,0.025025386093427113,3.277021347847927,"[-3.4050964,-0.94136258,1.5036857,-4.399309,-1.0634302,-2.6191715]",converged
35,42,scene_pass_through_maze,20260602,lm,62077,True,0.0023093999989214353,31,0.005791719129584625,0.016304819859331212,3.307622951302996,"[-3.4071871,-0.93372136,1.4899865,-4.4020606,-1.0568669,-2.6121566]",converged
36,42,scene_pass_through_maze,20260602,lm,62078,True,0.00249586000063573,31,0.007089568417745967,0.019896422702577708,3.2933379188054572,"[-3.4065304,-0.93711063,1.4962059,-4.4011464,-1.0590957,-2.615132]",converged
37,42,scene_pass_through_maze,20260602,lm,62079,True,0.0022813670002506115,30,0.011620334681029054,0.03307288706671479,3.2467346669677233,"[-3.4034734,-0.94911993,1.5173269,-4.3965224,-1.068494,-2.6251273]",converged
38,42,scene_pass_through_maze,20260602,lm,62080,True,0.002324200002476573,31,0.006392521346235183,0.017484326693338905,3.3007355031335766,"[-3.4071491,-0.93526991,1.4928228,-4.4020311,-1.0572372,-2.6130778]",converged
39,42,scene_pass_through_maze,20260602,lm,62081,True,0.002439136998873437,30,0.01000407781777273,0.028250637633172426,3.2635084506343492,"[-3.4045374,-0.9448608,1.5096986,-4.398218,-1.0653096,-2.6211834]",converged
40,42,scene_pass_through_maze,20260602,lm,62082,True,0.00454804200126091,31,0.01031191715576942,0.03002742533326187,3.2608914260591164,"[-3.4037147,-0.94547669,1.5110708,-4.3975654,-1.0674463,-2.6232242]",converged
41,42,scene_pass_through_maze,20260602,lm,62083,True,0.002384297000389779,31,0.009186548756497746,0.026503290073727672,3.2722336415666016,"[-3.4045674,-0.94241745,1.5058095,-4.3990116,-1.0648646,-2.6205401]",converged
42,42,scene_pass_through_maze,20260602,lm,62084,True,0.0022523539992107544,31,0.006009370779409437,0.016961077039603686,3.305227213646868,"[-3.4069988,-0.93421341,1.4910163,-4.4019406,-1.0573259,-2.6129006]",converged
43,42,scene_pass_through_maze,20260602,lm,62085,True,0.002472525000484893,31,0.00999132960630801,0.0287467902018541,3.2639374671715227,"[-3.404148,-0.94465502,1.5095817,-4.3981385,-1.066294,-2.6220831]",converged
44,42,scene_pass_through_maze,20260602,lm,62086,True,0.002494185002433369,31,0.007372289858012314,0.020596148364946946,3.290328506729198,"[-3.4064092,-0.93784621,1.4975181,-4.4009312,-1.0593673,-2.6158758]",converged
45,42,scene_pass_through_maze,20260602,lm,62087,True,0.0024833290008245967,31,0.007365738492566099,0.020673918779162442,3.2905306810112016,"[-3.4063753,-0.93789205,1.4974939,-4.4007761,-1.0595113,-2.6157789]",converged
46,42,scene_pass_through_maze,20260602,lm,62088,True,0.0022557700031029526,31,0.007498311991070361,0.021322673786492972,3.289372737951077,"[-3.4060807,-0.93819514,1.4980823,-4.4005336,-1.0603539,-2.616346]",converged
47,42,scene_pass_through_maze,20260602,lm,62089,True,0.0025403510007890873,30,0.010807626630475027,0.031120808599023615,3.2555865613439043,"[-3.4037102,-0.94699509,1.5134896,-4.3968765,-1.0674112,-2.6238165]",converged
48,42,scene_pass_through_maze,20260602,lm,62090,True,0.002175427998736268,30,0.011735660039949539,0.03290178417729385,3.2453936644470547,"[-3.4038193,-0.94962969,1.5178714,-4.3965107,-1.0677813,-2.6245803]",converged
49,42,scene_pass_through_maze,20260602,lm,62091,True,0.00228787399828434,31,0.008449801925103162,0.02393575110672279,3.279487175725145,"[-3.4054234,-0.94060172,1.5024629,-4.3997691,-1.0621793,-2.6186062]",converged
0,42,scene_pass_through_maze,20260602,scipy_baseline,63042,True,0.00419554299878655,11,1.0725746632237974e-12,1.446318952210122e-12,2.9554960024953485,"[-3.4106444,-1.3536613,1.6919226,-1.059583,-5.2369956,0.54336803]",`gtol` termination condition is satisfied.
1,42,scene_pass_through_maze,20260602,scipy_baseline,63043,True,0.004369991998828482,11,2.5117549950481146e-13,0.0,2.9554960024995904,"[-3.4106444,-1.3536613,1.6919226,-1.059583,-5.2369956,0.54336803]",`gtol` termination condition is satisfied.
2,42,scene_pass_through_maze,20260602,scipy_baseline,63044,True,0.004252619000908453,11,2.0218580711090992e-12,5.091793291669615e-12,2.955496002490844,"[-3.4106444,-1.3536613,1.6919226,-1.059583,-5.2369956,0.54336803]",`gtol` termination condition is satisfied.
3,42,scene_pass_through_maze,20260602,scipy_baseline,63045,True,0.005490589999681106,11,2.676115230074968e-13,0.0,2.9554960024994514,"[-3.4106444,-1.3536613,1.6919226,-1.059583,-5.2369956,0.54336803]",`gtol` termination condition is satisfied.
4,42,scene_pass_through_maze,20260602,scipy_baseline,63046,True,0.004277839998394484,11,2.0700687367459037e-13,0.0,2.9554960024997494,"[-3.4106444,-1.3536613,1.6919226,-1.059583,-5.2369956,0.54336803]",`gtol` termination condition is satisfied.
5,42,scene_pass_through_maze,20260602,scipy_baseline,63047,True,0.005668623001838569,11,5.991352534040264e-13,2.393764258175058e-12,2.955496002497928,"[-3.4106444,-1.3536613,1.6919226,-1.059583,-5.2369956,0.54336803]",`gtol` termination condition is satisfied.
6,42,scene_pass_through_maze,20260602,scipy_baseline,63048,True,0.004448681000212673,11,4.0591247711334206e-13,0.0,2.9554960024987467,"[-3.4106444,-1.3536613,1.6919226,-1.059583,-5.2369956,0.54336803]",`gtol` termination condition is satisfied.
7,42,scene_pass_through_maze,20260602,scipy_baseline,63049,True,0.0041467900009592995,11,4.0625986075914544e-13,6.101446227583312e-13,2.955496002498762,"[-3.4106444,-1.3536613,1.6919226,-1.059583,-5.2369956,0.54336803]",`gtol` termination condition is satisfied.
8,42,scene_pass_through_maze,20260602,scipy_baseline,63050,True,0.004118103002838325,11,1.2400823133245241e-14,0.0,2.9554960025007686,"[-3.4106444,-1.3536613,1.6919226,-1.059583,-5.2369956,0.54336803]",`gtol` termination condition is satisfied.
9,42,scene_pass_through_maze,20260602,scipy_baseline,63051,True,0.0045436450018314645,11,5.739798690634464e-14,0.0,2.9554960025005346,"[-3.4106444,-1.3536613,1.6919226,-1.059583,-5.2369956,0.54336803]",`gtol` termination condition is satisfied.
10,42,scene_pass_through_maze,20260602,scipy_baseline,63052,True,0.004176103000645526,11,6.45797537001401e-14,0.0,2.9554960025005,"[-3.4106444,-1.3536613,1.6919226,-1.059583,-5.2369956,0.54336803]",`gtol` termination condition is satisfied.
11,42,scene_pass_through_maze,20260602,scipy_baseline,63053,True,0.004639110000425717,11,3.3867356216641493e-13,7.871303785880381e-13,2.9554960024991774,"[-3.4106444,-1.3536613,1.6919226,-1.059583,-5.2369956,0.54336803]",`gtol` termination condition is satisfied.
12,42,scene_pass_through_maze,20260602,scipy_baseline,63054,True,0.004427378000400495,11,4.531616937666074e-14,0.0,2.9554960025005967,"[-3.4106444,-1.3536613,1.6919226,-1.059583,-5.2369956,0.54336803]",`gtol` termination condition is satisfied.
13,42,scene_pass_through_maze,20260602,scipy_baseline,63055,True,0.005182183002034435,11,4.6614462551525186e-14,0.0,2.955496002500586,"[-3.4106444,-1.3536613,1.6919226,-1.059583,-5.2369956,0.54336803]",`gtol` termination condition is satisfied.
14,42,scene_pass_through_maze,20260602,scipy_baseline,63056,True,0.0044536170025821775,11,1.935057599249099e-12,1.856112358475498e-12,2.9554960024911234,"[-3.4106444,-1.3536613,1.6919226,-1.059583,-5.2369956,0.54336803]",`gtol` termination condition is satisfied.
15,42,scene_pass_through_maze,20260602,scipy_baseline,63057,True,0.005047347000072477,11,1.955540387521914e-13,0.0,2.95549600250002,"[-3.4106444,-1.3536613,1.6919226,-1.059583,-5.2369956,0.54336803]",`gtol` termination condition is satisfied.
16,42,scene_pass_through_maze,20260602,scipy_baseline,63058,True,0.004518585999903735,11,3.350350653394046e-13,1.1401842878587968e-12,2.955496002499355,"[-3.4106444,-1.3536613,1.6919226,-1.059583,-5.2369956,0.54336803]",`gtol` termination condition is satisfied.
17,42,scene_pass_through_maze,20260602,scipy_baseline,63059,True,0.004505838998738909,11,5.694032491918947e-14,0.0,2.955496002500533,"[-3.4106444,-1.3536613,1.6919226,-1.059583,-5.2369956,0.54336803]",`gtol` termination condition is satisfied.
18,42,scene_pass_through_maze,20260602,scipy_baseline,63060,True,0.004411628997331718,11,2.0933510669973233e-13,0.0,2.9554960024998156,"[-3.4106444,-1.3536613,1.6919226,-1.059583,-5.2369956,0.54336803]",`gtol` termination condition is satisfied.
19,42,scene_pass_through_maze,20260602,scipy_baseline,63061,True,0.0084094029989501,11,1.8377892105161317e-13,0.0,2.9554960024999892,"[-3.4106444,-1.3536613,1.6919226,-1.059583,-5.2369956,0.54336803]",`gtol` termination condition is satisfied.
20,42,scene_pass_through_maze,20260602,scipy_baseline,63062,True,0.004510956001468003,11,3.8974643083600715e-13,1.0901225538936573e-12,2.955496002498949,"[-3.4106444,-1.3536613,1.6919226,-1.059583,-5.2369956,0.54336803]",`gtol` termination condition is satisfied.
21,42,scene_pass_through_maze,20260602,scipy_baseline,63063,True,0.004462859997147461,11,6.003131795964727e-13,0.0,2.9554960024977235,"[-3.4106444,-1.3536613,1.6919226,-1.059583,-5.2369956,0.54336803]",`gtol` termination condition is satisfied.
22,42,scene_pass_through_maze,20260602,scipy_baseline,63064,True,0.004250602996762609,11,8.693583813979247e-13,4.04227740128051e-12,2.955496002496887,"[-3.4106444,-1.3536613,1.6919226,-1.059583,-5.2369956,0.54336803]",`gtol` termination condition is satisfied.
23,42,scene_pass_through_maze,20260602,scipy_baseline,63065,True,0.004528344998107059,11,6.068750243866513e-13,2.7101358930962557e-12,2.955496002498123,"[-3.4106444,-1.3536613,1.6919226,-1.059583,-5.2369956,0.54336803]",`gtol` termination condition is satisfied.
24,42,scene_pass_through_maze,20260602,scipy_baseline,63066,True,0.004403306000313023,11,1.3015182968465985e-14,0.0,2.955496002500766,"[-3.4106444,-1.3536613,1.6919226,-1.059583,-5.2369956,0.54336803]",`gtol` termination condition is satisfied.
25,42,scene_pass_through_maze,20260602,scipy_baseline,63067,True,0.004179016999842133,11,6.448951140503995e-14,0.0,2.95549600250053,"[-3.4106444,-1.3536613,1.6919226,-1.059583,-5.2369956,0.54336803]",`gtol` termination condition is satisfied.
26,42,scene_pass_through_maze,20260602,scipy_baseline,63068,True,0.004396190000989009,11,1.793242582710188e-13,0.0,2.9554960024999115,"[-3.4106444,-1.3536613,1.6919226,-1.059583,-5.2369956,0.54336803]",`gtol` termination condition is satisfied.
27,42,scene_pass_through_maze,20260602,scipy_baseline,63069,True,0.004247143999236869,11,9.364993869249127e-13,3.271498962668088e-12,2.955496002496192,"[-3.4106444,-1.3536613,1.6919226,-1.059583,-5.2369956,0.54336803]",`gtol` termination condition is satisfied.
28,42,scene_pass_through_maze,20260602,scipy_baseline,63070,True,0.005250329999398673,11,8.432041923860074e-13,2.9926734947468873e-12,2.9554960024966426,"[-3.4106444,-1.3536613,1.6919226,-1.059583,-5.2369956,0.54336803]",`gtol` termination condition is satisfied.
29,42,scene_pass_through_maze,20260602,scipy_baseline,63071,True,0.004203921002044808,11,1.7375433325045252e-13,0.0,2.9554960024999475,"[-3.4106444,-1.3536613,1.6919226,-1.059583,-5.2369956,0.54336803]",`gtol` termination condition is satisfied.
30,42,scene_pass_through_maze,20260602,scipy_baseline,63072,True,0.004248497996741207,11,1.6360358802681891e-13,0.0,2.9554960024999737,"[-3.4106444,-1.3536613,1.6919226,-1.059583,-5.2369956,0.54336803]",`gtol` termination condition is satisfied.
31,42,scene_pass_through_maze,20260602,scipy_baseline,63073,True,0.0046329489996423945,11,1.1613812773406107e-12,4.533157264734598e-12,2.955496002495147,"[-3.4106444,-1.3536613,1.6919226,-1.059583,-5.2369956,0.54336803]",`gtol` termination condition is satisfied.
32,42,scene_pass_through_maze,20260602,scipy_baseline,63074,True,0.004706670999439666,11,6.601648344122995e-14,0.0,2.955496002500494,"[-3.4106444,-1.3536613,1.6919226,-1.059583,-5.2369956,0.54336803]",`gtol` termination condition is satisfied.
33,42,scene_pass_through_maze,20260602,scipy_baseline,63075,True,0.004693448001489742,11,3.8499218519885524e-13,8.034405708415484e-13,2.9554960024989474,"[-3.4106444,-1.3536613,1.6919226,-1.059583,-5.2369956,0.54336803]",`gtol` termination condition is satisfied.
34,42,scene_pass_through_maze,20260602,scipy_baseline,63076,True,0.004319699000916444,11,1.169959970865606e-13,0.0,2.955496002500221,"[-3.4106444,-1.3536613,1.6919226,-1.059583,-5.2369956,0.54336803]",`gtol` termination condition is satisfied.
35,42,scene_pass_through_maze,20260602,scipy_baseline,63077,True,0.004354141998192063,11,2.4779134666108427e-13,0.0,2.955496002499524,"[-3.4106444,-1.3536613,1.6919226,-1.059583,-5.2369956,0.54336803]",`gtol` termination condition is satisfied.
36,42,scene_pass_through_maze,20260602,scipy_baseline,63078,True,0.004529565998382168,11,8.148010817732145e-13,2.3626295926555136e-12,2.9554960024967127,"[-3.4106444,-1.3536613,1.6919226,-1.059583,-5.2369956,0.54336803]",`gtol` termination condition is satisfied.
37,42,scene_pass_through_maze,20260602,scipy_baseline,63079,True,0.00521941499755485,11,7.812546317928648e-13,2.412899662179568e-12,2.9554960024969055,"[-3.4106444,-1.3536613,1.6919226,-1.059583,-5.2369956,0.54336803]",`gtol` termination condition is satisfied.
38,42,scene_pass_through_maze,20260602,scipy_baseline,63080,True,0.004531028997007525,11,1.3650092758789443e-13,0.0,2.955496002500126,"[-3.4106444,-1.3536613,1.6919226,-1.059583,-5.2369956,0.54336803]",`gtol` termination condition is satisfied.
39,42,scene_pass_through_maze,20260602,scipy_baseline,63081,True,0.004624665998562705,11,4.8635630041593265e-14,0.0,2.9554960025005927,"[-3.4106444,-1.3536613,1.6919226,-1.059583,-5.2369956,0.54336803]",`gtol` termination condition is satisfied.
40,42,scene_pass_through_maze,20260602,scipy_baseline,63082,True,0.004390743997646496,11,2.615213111144313e-13,0.0,2.955496002499531,"[-3.4106444,-1.3536613,1.6919226,-1.059583,-5.2369956,0.54336803]",`gtol` termination condition is satisfied.
41,42,scene_pass_through_maze,20260602,scipy_baseline,63083,True,0.005157018000318203,11,1.095543143238944e-13,0.0,2.955496002500313,"[-3.4106444,-1.3536613,1.6919226,-1.059583,-5.2369956,0.54336803]",`gtol` termination condition is satisfied.
42,42,scene_pass_through_maze,20260602,scipy_baseline,63084,True,0.007466074999683769,11,1.025102407953073e-12,2.6955823673439582e-12,2.9554960024956283,"[-3.4106444,-1.3536613,1.6919226,-1.059583,-5.2369956,0.54336803]",`gtol` termination condition is satisfied.
43,42,scene_pass_through_maze,20260602,scipy_baseline,63085,True,0.00607169300201349,11,2.376580925395787e-13,0.0,2.955496002499608,"[-3.4106444,-1.3536613,1.6919226,-1.059583,-5.2369956,0.54336803]",`gtol` termination condition is satisfied.
44,42,scene_pass_through_maze,20260602,scipy_baseline,63086,True,0.0043249730006209575,11,6.63554100540774e-14,0.0,2.9554960025004875,"[-3.4106444,-1.3536613,1.6919226,-1.059583,-5.2369956,0.54336803]",`gtol` termination condition is satisfied.
45,42,scene_pass_through_maze,20260602,scipy_baseline,63087,True,0.004529351001110626,11,1.6297570356695385e-13,0.0,2.9554960024999986,"[-3.4106444,-1.3536613,1.6919226,-1.059583,-5.2369956,0.54336803]",`gtol` termination condition is satisfied.
46,42,scene_pass_through_maze,20260602,scipy_baseline,63088,True,0.00429609799903119,11,2.9156769406192426e-12,3.1549585021547894e-12,2.9554960024863037,"[-3.4106444,-1.3536613,1.6919226,-1.059583,-5.2369956,0.54336803]",`gtol` termination condition is satisfied.
47,42,scene_pass_through_maze,20260602,scipy_baseline,63089,True,0.004179395997198299,11,1.761515538622983e-14,0.0,2.9554960025007446,"[-3.4106444,-1.3536613,1.6919226,-1.059583,-5.2369956,0.54336803]",`gtol` termination condition is satisfied.
48,42,scene_pass_through_maze,20260602,scipy_baseline,63090,True,0.0046006090014998335,11,4.0689852887473035e-13,7.308465766479338e-13,2.9554960024987835,"[-3.4106444,-1.3536613,1.6919226,-1.059583,-5.2369956,0.54336803]",`gtol` termination condition is satisfied.
49,42,scene_pass_through_maze,20260602,scipy_baseline,63091,True,0.004524497999227606,11,3.82574161357508e-12,1.2838302177019813e-11,2.9554960024819446,"[-3.4106444,-1.3536613,1.6919226,-1.059583,-5.2369956,0.54336803]",`gtol` termination condition is satisfied.
