trial_id,global_seed,scene_id,scene_seed,planner,trial_seed,success,planning_time,path_length_joint,path_length_task,smoothness,min_obstacle_distance,min_ground_clearance,collision_checks,num_waypoints,final_error,final_orientation_error,q_start,q_goal,target_position,target_quat_wxyz,message,failure_category,failure_category_cn
0,42,scene_00_no_obstacle,20260525,rrt,42,True,0.0049697489994287025,3.511997631714629,0.8151784334708557,4.22252395657677e-14,inf,0.002999999999999989,149,80,1.1721505415132563e-12,0.0,"[-1.5708,-1.5708,1.5708,-1.5708,-1.5708,0]","[-3.2411051,-1.0356398,1.1025,0.90258716,0.07058072,-0.47616428]","[0.55,0.18,0.44]",,success,success,成功
1,42,scene_00_no_obstacle,20260525,rrt,43,True,0.004902071003016317,3.511997631714629,0.8151784334708557,4.22252395657677e-14,inf,0.002999999999999989,150,80,1.1721505415132563e-12,0.0,"[-1.5708,-1.5708,1.5708,-1.5708,-1.5708,0]","[-3.2411051,-1.0356398,1.1025,0.90258716,0.07058072,-0.47616428]","[0.55,0.18,0.44]",,success,success,成功
2,42,scene_00_no_obstacle,20260525,rrt,44,True,0.011386083999241237,3.511997631714629,0.8151784334708557,4.22252395657677e-14,inf,0.002999999999999989,141,80,1.1721505415132563e-12,0.0,"[-1.5708,-1.5708,1.5708,-1.5708,-1.5708,0]","[-3.2411051,-1.0356398,1.1025,0.90258716,0.07058072,-0.47616428]","[0.55,0.18,0.44]",,success,success,成功
3,42,scene_00_no_obstacle,20260525,rrt,45,True,0.004442187000677222,3.511997631714629,0.8151784334708557,4.22252395657677e-14,inf,0.002999999999999989,135,80,1.1721505415132563e-12,0.0,"[-1.5708,-1.5708,1.5708,-1.5708,-1.5708,0]","[-3.2411051,-1.0356398,1.1025,0.90258716,0.07058072,-0.47616428]","[0.55,0.18,0.44]",,success,success,成功
4,42,scene_00_no_obstacle,20260525,rrt,46,True,0.005787454996607266,3.511997631714629,0.8151784334708557,4.22252395657677e-14,inf,0.002999999999999989,174,80,1.1721505415132563e-12,0.0,"[-1.5708,-1.5708,1.5708,-1.5708,-1.5708,0]","[-3.2411051,-1.0356398,1.1025,0.90258716,0.07058072,-0.47616428]","[0.55,0.18,0.44]",,success,success,成功
5,42,scene_00_no_obstacle,20260525,rrt,47,True,0.008571544000005815,3.511997631714629,0.8151784334708557,4.22252395657677e-14,inf,0.002999999999999989,177,80,1.1721505415132563e-12,0.0,"[-1.5708,-1.5708,1.5708,-1.5708,-1.5708,0]","[-3.2411051,-1.0356398,1.1025,0.90258716,0.07058072,-0.47616428]","[0.55,0.18,0.44]",,success,success,成功
6,42,scene_00_no_obstacle,20260525,rrt,48,True,0.005035797999880742,3.511997631714629,0.8151784334708557,4.22252395657677e-14,inf,0.002999999999999989,155,80,1.1721505415132563e-12,0.0,"[-1.5708,-1.5708,1.5708,-1.5708,-1.5708,0]","[-3.2411051,-1.0356398,1.1025,0.90258716,0.07058072,-0.47616428]","[0.55,0.18,0.44]",,success,success,成功
7,42,scene_00_no_obstacle,20260525,rrt,49,True,0.0063199260002875235,3.511997631714629,0.8151784334708557,4.22252395657677e-14,inf,0.002999999999999989,184,80,1.1721505415132563e-12,0.0,"[-1.5708,-1.5708,1.5708,-1.5708,-1.5708,0]","[-3.2411051,-1.0356398,1.1025,0.90258716,0.07058072,-0.47616428]","[0.55,0.18,0.44]",,success,success,成功
8,42,scene_00_no_obstacle,20260525,rrt,50,True,0.005425792001915397,3.511997631714629,0.8151784334708557,4.22252395657677e-14,inf,0.002999999999999989,159,80,1.1721505415132563e-12,0.0,"[-1.5708,-1.5708,1.5708,-1.5708,-1.5708,0]","[-3.2411051,-1.0356398,1.1025,0.90258716,0.07058072,-0.47616428]","[0.55,0.18,0.44]",,success,success,成功
9,42,scene_00_no_obstacle,20260525,rrt,51,True,0.003646084998763399,3.511997631714629,0.8151784334708557,4.22252395657677e-14,inf,0.002999999999999989,109,80,1.1721505415132563e-12,0.0,"[-1.5708,-1.5708,1.5708,-1.5708,-1.5708,0]","[-3.2411051,-1.0356398,1.1025,0.90258716,0.07058072,-0.47616428]","[0.55,0.18,0.44]",,success,success,成功
10,42,scene_00_no_obstacle,20260525,rrt,52,True,0.00524177900297218,3.511997631714629,0.8151784334708557,4.22252395657677e-14,inf,0.002999999999999989,154,80,1.1721505415132563e-12,0.0,"[-1.5708,-1.5708,1.5708,-1.5708,-1.5708,0]","[-3.2411051,-1.0356398,1.1025,0.90258716,0.07058072,-0.47616428]","[0.55,0.18,0.44]",,success,success,成功
11,42,scene_00_no_obstacle,20260525,rrt,53,True,0.005086860001028981,3.511997631714629,0.8151784334708557,4.22252395657677e-14,inf,0.002999999999999989,140,80,1.1721505415132563e-12,0.0,"[-1.5708,-1.5708,1.5708,-1.5708,-1.5708,0]","[-3.2411051,-1.0356398,1.1025,0.90258716,0.07058072,-0.47616428]","[0.55,0.18,0.44]",,success,success,成功
12,42,scene_00_no_obstacle,20260525,rrt,54,True,0.004548684999463148,3.511997631714629,0.8151784334708557,4.22252395657677e-14,inf,0.002999999999999989,145,80,1.1721505415132563e-12,0.0,"[-1.5708,-1.5708,1.5708,-1.5708,-1.5708,0]","[-3.2411051,-1.0356398,1.1025,0.90258716,0.07058072,-0.47616428]","[0.55,0.18,0.44]",,success,success,成功
13,42,scene_00_no_obstacle,20260525,rrt,55,True,0.005912314998568036,3.511997631714629,0.8151784334708557,4.22252395657677e-14,inf,0.002999999999999989,174,80,1.1721505415132563e-12,0.0,"[-1.5708,-1.5708,1.5708,-1.5708,-1.5708,0]","[-3.2411051,-1.0356398,1.1025,0.90258716,0.07058072,-0.47616428]","[0.55,0.18,0.44]",,success,success,成功
14,42,scene_00_no_obstacle,20260525,rrt,56,True,0.005522511000890518,3.511997631714629,0.8151784334708557,4.22252395657677e-14,inf,0.002999999999999989,169,80,1.1721505415132563e-12,0.0,"[-1.5708,-1.5708,1.5708,-1.5708,-1.5708,0]","[-3.2411051,-1.0356398,1.1025,0.90258716,0.07058072,-0.47616428]","[0.55,0.18,0.44]",,success,success,成功
15,42,scene_00_no_obstacle,20260525,rrt,57,True,0.007880555996962357,3.511997631714629,0.8151784334708557,4.22252395657677e-14,inf,0.002999999999999989,226,80,1.1721505415132563e-12,0.0,"[-1.5708,-1.5708,1.5708,-1.5708,-1.5708,0]","[-3.2411051,-1.0356398,1.1025,0.90258716,0.07058072,-0.47616428]","[0.55,0.18,0.44]",,success,success,成功
16,42,scene_00_no_obstacle,20260525,rrt,58,True,0.007043198998871958,3.511997631714629,0.8151784334708557,4.22252395657677e-14,inf,0.002999999999999989,157,80,1.1721505415132563e-12,0.0,"[-1.5708,-1.5708,1.5708,-1.5708,-1.5708,0]","[-3.2411051,-1.0356398,1.1025,0.90258716,0.07058072,-0.47616428]","[0.55,0.18,0.44]",,success,success,成功
17,42,scene_00_no_obstacle,20260525,rrt,59,True,0.005992852002236759,3.511997631714629,0.8151784334708557,4.22252395657677e-14,inf,0.002999999999999989,174,80,1.1721505415132563e-12,0.0,"[-1.5708,-1.5708,1.5708,-1.5708,-1.5708,0]","[-3.2411051,-1.0356398,1.1025,0.90258716,0.07058072,-0.47616428]","[0.55,0.18,0.44]",,success,success,成功
18,42,scene_00_no_obstacle,20260525,rrt,60,True,0.004987991000234615,3.511997631714629,0.8151784334708557,4.22252395657677e-14,inf,0.002999999999999989,144,80,1.1721505415132563e-12,0.0,"[-1.5708,-1.5708,1.5708,-1.5708,-1.5708,0]","[-3.2411051,-1.0356398,1.1025,0.90258716,0.07058072,-0.47616428]","[0.55,0.18,0.44]",,success,success,成功
19,42,scene_00_no_obstacle,20260525,rrt,61,True,0.004907793998427223,3.511997631714629,0.8151784334708557,4.22252395657677e-14,inf,0.002999999999999989,140,80,1.1721505415132563e-12,0.0,"[-1.5708,-1.5708,1.5708,-1.5708,-1.5708,0]","[-3.2411051,-1.0356398,1.1025,0.90258716,0.07058072,-0.47616428]","[0.55,0.18,0.44]",,success,success,成功
20,42,scene_00_no_obstacle,20260525,rrt,62,True,0.006272421000176109,3.511997631714629,0.8151784334708557,4.22252395657677e-14,inf,0.002999999999999989,180,80,1.1721505415132563e-12,0.0,"[-1.5708,-1.5708,1.5708,-1.5708,-1.5708,0]","[-3.2411051,-1.0356398,1.1025,0.90258716,0.07058072,-0.47616428]","[0.55,0.18,0.44]",,success,success,成功
21,42,scene_00_no_obstacle,20260525,rrt,63,True,0.005781857998954365,3.511997631714629,0.8151784334708557,4.22252395657677e-14,inf,0.002999999999999989,167,80,1.1721505415132563e-12,0.0,"[-1.5708,-1.5708,1.5708,-1.5708,-1.5708,0]","[-3.2411051,-1.0356398,1.1025,0.90258716,0.07058072,-0.47616428]","[0.55,0.18,0.44]",,success,success,成功
22,42,scene_00_no_obstacle,20260525,rrt,64,True,0.00833833499928005,3.511997631714629,0.8151784334708557,4.22252395657677e-14,inf,0.002999999999999989,222,80,1.1721505415132563e-12,0.0,"[-1.5708,-1.5708,1.5708,-1.5708,-1.5708,0]","[-3.2411051,-1.0356398,1.1025,0.90258716,0.07058072,-0.47616428]","[0.55,0.18,0.44]",,success,success,成功
23,42,scene_00_no_obstacle,20260525,rrt,65,True,0.004299436001019785,3.511997631714629,0.8151784334708557,4.22252395657677e-14,inf,0.002999999999999989,130,80,1.1721505415132563e-12,0.0,"[-1.5708,-1.5708,1.5708,-1.5708,-1.5708,0]","[-3.2411051,-1.0356398,1.1025,0.90258716,0.07058072,-0.47616428]","[0.55,0.18,0.44]",,success,success,成功
24,42,scene_00_no_obstacle,20260525,rrt,66,True,0.004873846999544185,3.511997631714629,0.8151784334708557,4.22252395657677e-14,inf,0.002999999999999989,151,80,1.1721505415132563e-12,0.0,"[-1.5708,-1.5708,1.5708,-1.5708,-1.5708,0]","[-3.2411051,-1.0356398,1.1025,0.90258716,0.07058072,-0.47616428]","[0.55,0.18,0.44]",,success,success,成功
25,42,scene_00_no_obstacle,20260525,rrt,67,True,0.005169656000362011,3.511997631714629,0.8151784334708557,4.22252395657677e-14,inf,0.002999999999999989,155,80,1.1721505415132563e-12,0.0,"[-1.5708,-1.5708,1.5708,-1.5708,-1.5708,0]","[-3.2411051,-1.0356398,1.1025,0.90258716,0.07058072,-0.47616428]","[0.55,0.18,0.44]",,success,success,成功
26,42,scene_00_no_obstacle,20260525,rrt,68,True,0.006223281001439318,3.511997631714629,0.8151784334708557,4.22252395657677e-14,inf,0.002999999999999989,187,80,1.1721505415132563e-12,0.0,"[-1.5708,-1.5708,1.5708,-1.5708,-1.5708,0]","[-3.2411051,-1.0356398,1.1025,0.90258716,0.07058072,-0.47616428]","[0.55,0.18,0.44]",,success,success,成功
27,42,scene_00_no_obstacle,20260525,rrt,69,True,0.006457603998569539,3.511997631714629,0.8151784334708557,4.22252395657677e-14,inf,0.002999999999999989,167,80,1.1721505415132563e-12,0.0,"[-1.5708,-1.5708,1.5708,-1.5708,-1.5708,0]","[-3.2411051,-1.0356398,1.1025,0.90258716,0.07058072,-0.47616428]","[0.55,0.18,0.44]",,success,success,成功
28,42,scene_00_no_obstacle,20260525,rrt,70,True,0.012183618997369194,3.511997631714629,0.8151784334708557,4.22252395657677e-14,inf,0.002999999999999989,180,80,1.1721505415132563e-12,0.0,"[-1.5708,-1.5708,1.5708,-1.5708,-1.5708,0]","[-3.2411051,-1.0356398,1.1025,0.90258716,0.07058072,-0.47616428]","[0.55,0.18,0.44]",,success,success,成功
29,42,scene_00_no_obstacle,20260525,rrt,71,True,0.005816092998429667,3.511997631714629,0.8151784334708557,4.22252395657677e-14,inf,0.002999999999999989,176,80,1.1721505415132563e-12,0.0,"[-1.5708,-1.5708,1.5708,-1.5708,-1.5708,0]","[-3.2411051,-1.0356398,1.1025,0.90258716,0.07058072,-0.47616428]","[0.55,0.18,0.44]",,success,success,成功
30,42,scene_00_no_obstacle,20260525,rrt,72,True,0.00536277400169638,3.511997631714629,0.8151784334708557,4.22252395657677e-14,inf,0.002999999999999989,154,80,1.1721505415132563e-12,0.0,"[-1.5708,-1.5708,1.5708,-1.5708,-1.5708,0]","[-3.2411051,-1.0356398,1.1025,0.90258716,0.07058072,-0.47616428]","[0.55,0.18,0.44]",,success,success,成功
31,42,scene_00_no_obstacle,20260525,rrt,73,True,0.004604714002198307,3.511997631714629,0.8151784334708557,4.22252395657677e-14,inf,0.002999999999999989,135,80,1.1721505415132563e-12,0.0,"[-1.5708,-1.5708,1.5708,-1.5708,-1.5708,0]","[-3.2411051,-1.0356398,1.1025,0.90258716,0.07058072,-0.47616428]","[0.55,0.18,0.44]",,success,success,成功
32,42,scene_00_no_obstacle,20260525,rrt,74,True,0.0051946720013802405,3.511997631714629,0.8151784334708557,4.22252395657677e-14,inf,0.002999999999999989,162,80,1.1721505415132563e-12,0.0,"[-1.5708,-1.5708,1.5708,-1.5708,-1.5708,0]","[-3.2411051,-1.0356398,1.1025,0.90258716,0.07058072,-0.47616428]","[0.55,0.18,0.44]",,success,success,成功
33,42,scene_00_no_obstacle,20260525,rrt,75,True,0.005561954003496794,3.511997631714629,0.8151784334708557,4.22252395657677e-14,inf,0.002999999999999989,166,80,1.1721505415132563e-12,0.0,"[-1.5708,-1.5708,1.5708,-1.5708,-1.5708,0]","[-3.2411051,-1.0356398,1.1025,0.90258716,0.07058072,-0.47616428]","[0.55,0.18,0.44]",,success,success,成功
34,42,scene_00_no_obstacle,20260525,rrt,76,True,0.00425008799720672,3.511997631714629,0.8151784334708557,4.22252395657677e-14,inf,0.002999999999999989,129,80,1.1721505415132563e-12,0.0,"[-1.5708,-1.5708,1.5708,-1.5708,-1.5708,0]","[-3.2411051,-1.0356398,1.1025,0.90258716,0.07058072,-0.47616428]","[0.55,0.18,0.44]",,success,success,成功
35,42,scene_00_no_obstacle,20260525,rrt,77,True,0.005338438000762835,3.511997631714629,0.8151784334708557,4.22252395657677e-14,inf,0.002999999999999989,165,80,1.1721505415132563e-12,0.0,"[-1.5708,-1.5708,1.5708,-1.5708,-1.5708,0]","[-3.2411051,-1.0356398,1.1025,0.90258716,0.07058072,-0.47616428]","[0.55,0.18,0.44]",,success,success,成功
36,42,scene_00_no_obstacle,20260525,rrt,78,True,0.005059795999841299,3.511997631714629,0.8151784334708557,4.22252395657677e-14,inf,0.002999999999999989,155,80,1.1721505415132563e-12,0.0,"[-1.5708,-1.5708,1.5708,-1.5708,-1.5708,0]","[-3.2411051,-1.0356398,1.1025,0.90258716,0.07058072,-0.47616428]","[0.55,0.18,0.44]",,success,success,成功
37,42,scene_00_no_obstacle,20260525,rrt,79,True,0.0055310160023509525,3.511997631714629,0.8151784334708557,4.22252395657677e-14,inf,0.002999999999999989,159,80,1.1721505415132563e-12,0.0,"[-1.5708,-1.5708,1.5708,-1.5708,-1.5708,0]","[-3.2411051,-1.0356398,1.1025,0.90258716,0.07058072,-0.47616428]","[0.55,0.18,0.44]",,success,success,成功
38,42,scene_00_no_obstacle,20260525,rrt,80,True,0.005040170999563998,3.511997631714629,0.8151784334708557,4.22252395657677e-14,inf,0.002999999999999989,154,80,1.1721505415132563e-12,0.0,"[-1.5708,-1.5708,1.5708,-1.5708,-1.5708,0]","[-3.2411051,-1.0356398,1.1025,0.90258716,0.07058072,-0.47616428]","[0.55,0.18,0.44]",,success,success,成功
39,42,scene_00_no_obstacle,20260525,rrt,81,True,0.004679932997532887,3.511997631714629,0.8151784334708557,4.22252395657677e-14,inf,0.002999999999999989,135,80,1.1721505415132563e-12,0.0,"[-1.5708,-1.5708,1.5708,-1.5708,-1.5708,0]","[-3.2411051,-1.0356398,1.1025,0.90258716,0.07058072,-0.47616428]","[0.55,0.18,0.44]",,success,success,成功
40,42,scene_00_no_obstacle,20260525,rrt,82,True,0.0061942510001244955,3.511997631714629,0.8151784334708557,4.22252395657677e-14,inf,0.002999999999999989,174,80,1.1721505415132563e-12,0.0,"[-1.5708,-1.5708,1.5708,-1.5708,-1.5708,0]","[-3.2411051,-1.0356398,1.1025,0.90258716,0.07058072,-0.47616428]","[0.55,0.18,0.44]",,success,success,成功
41,42,scene_00_no_obstacle,20260525,rrt,83,True,0.004386417000205256,3.511997631714629,0.8151784334708557,4.22252395657677e-14,inf,0.002999999999999989,135,80,1.1721505415132563e-12,0.0,"[-1.5708,-1.5708,1.5708,-1.5708,-1.5708,0]","[-3.2411051,-1.0356398,1.1025,0.90258716,0.07058072,-0.47616428]","[0.55,0.18,0.44]",,success,success,成功
42,42,scene_00_no_obstacle,20260525,rrt,84,True,0.005459952000819612,3.511997631714629,0.8151784334708557,4.22252395657677e-14,inf,0.002999999999999989,164,80,1.1721505415132563e-12,0.0,"[-1.5708,-1.5708,1.5708,-1.5708,-1.5708,0]","[-3.2411051,-1.0356398,1.1025,0.90258716,0.07058072,-0.47616428]","[0.55,0.18,0.44]",,success,success,成功
43,42,scene_00_no_obstacle,20260525,rrt,85,True,0.0047082840028451756,3.511997631714629,0.8151784334708557,4.22252395657677e-14,inf,0.002999999999999989,139,80,1.1721505415132563e-12,0.0,"[-1.5708,-1.5708,1.5708,-1.5708,-1.5708,0]","[-3.2411051,-1.0356398,1.1025,0.90258716,0.07058072,-0.47616428]","[0.55,0.18,0.44]",,success,success,成功
44,42,scene_00_no_obstacle,20260525,rrt,86,True,0.005551524001930375,3.511997631714629,0.8151784334708557,4.22252395657677e-14,inf,0.002999999999999989,164,80,1.1721505415132563e-12,0.0,"[-1.5708,-1.5708,1.5708,-1.5708,-1.5708,0]","[-3.2411051,-1.0356398,1.1025,0.90258716,0.07058072,-0.47616428]","[0.55,0.18,0.44]",,success,success,成功
45,42,scene_00_no_obstacle,20260525,rrt,87,True,0.005679896003130125,3.511997631714629,0.8151784334708557,4.22252395657677e-14,inf,0.002999999999999989,174,80,1.1721505415132563e-12,0.0,"[-1.5708,-1.5708,1.5708,-1.5708,-1.5708,0]","[-3.2411051,-1.0356398,1.1025,0.90258716,0.07058072,-0.47616428]","[0.55,0.18,0.44]",,success,success,成功
46,42,scene_00_no_obstacle,20260525,rrt,88,True,0.005689386998710688,3.511997631714629,0.8151784334708557,4.22252395657677e-14,inf,0.002999999999999989,175,80,1.1721505415132563e-12,0.0,"[-1.5708,-1.5708,1.5708,-1.5708,-1.5708,0]","[-3.2411051,-1.0356398,1.1025,0.90258716,0.07058072,-0.47616428]","[0.55,0.18,0.44]",,success,success,成功
47,42,scene_00_no_obstacle,20260525,rrt,89,True,0.005318019997503143,3.511997631714629,0.8151784334708557,4.22252395657677e-14,inf,0.002999999999999989,161,80,1.1721505415132563e-12,0.0,"[-1.5708,-1.5708,1.5708,-1.5708,-1.5708,0]","[-3.2411051,-1.0356398,1.1025,0.90258716,0.07058072,-0.47616428]","[0.55,0.18,0.44]",,success,success,成功
48,42,scene_00_no_obstacle,20260525,rrt,90,True,0.007993301998794777,3.511997631714629,0.8151784334708557,4.22252395657677e-14,inf,0.002999999999999989,156,80,1.1721505415132563e-12,0.0,"[-1.5708,-1.5708,1.5708,-1.5708,-1.5708,0]","[-3.2411051,-1.0356398,1.1025,0.90258716,0.07058072,-0.47616428]","[0.55,0.18,0.44]",,success,success,成功
49,42,scene_00_no_obstacle,20260525,rrt,91,True,0.004198957001790404,3.511997631714629,0.8151784334708557,4.22252395657677e-14,inf,0.002999999999999989,135,80,1.1721505415132563e-12,0.0,"[-1.5708,-1.5708,1.5708,-1.5708,-1.5708,0]","[-3.2411051,-1.0356398,1.1025,0.90258716,0.07058072,-0.47616428]","[0.55,0.18,0.44]",,success,success,成功
0,42,scene_00_no_obstacle,20260525,rrt_connect,1042,True,0.0031264700010069646,3.511997631714629,0.8151784334708557,4.22252395657677e-14,inf,0.002999999999999989,92,80,1.1721505415132563e-12,0.0,"[-1.5708,-1.5708,1.5708,-1.5708,-1.5708,0]","[-3.2411051,-1.0356398,1.1025,0.90258716,0.07058072,-0.47616428]","[0.55,0.18,0.44]",,success,success,成功
1,42,scene_00_no_obstacle,20260525,rrt_connect,1043,True,0.0030336729978444055,3.511997631714629,0.8151784334708557,4.22252395657677e-14,inf,0.002999999999999989,92,80,1.1721505415132563e-12,0.0,"[-1.5708,-1.5708,1.5708,-1.5708,-1.5708,0]","[-3.2411051,-1.0356398,1.1025,0.90258716,0.07058072,-0.47616428]","[0.55,0.18,0.44]",,success,success,成功
2,42,scene_00_no_obstacle,20260525,rrt_connect,1044,True,0.003276196999649983,3.511997631714629,0.8151784334708557,4.22252395657677e-14,inf,0.002999999999999989,87,80,1.1721505415132563e-12,0.0,"[-1.5708,-1.5708,1.5708,-1.5708,-1.5708,0]","[-3.2411051,-1.0356398,1.1025,0.90258716,0.07058072,-0.47616428]","[0.55,0.18,0.44]",,success,success,成功
3,42,scene_00_no_obstacle,20260525,rrt_connect,1045,True,0.0035638299996207934,3.511997631714629,0.8151784334708557,4.22252395657677e-14,inf,0.002999999999999989,92,80,1.1721505415132563e-12,0.0,"[-1.5708,-1.5708,1.5708,-1.5708,-1.5708,0]","[-3.2411051,-1.0356398,1.1025,0.90258716,0.07058072,-0.47616428]","[0.55,0.18,0.44]",,success,success,成功
4,42,scene_00_no_obstacle,20260525,rrt_connect,1046,True,0.0031023010014905594,3.511997631714629,0.8151784334708557,4.22252395657677e-14,inf,0.002999999999999989,92,80,1.1721505415132563e-12,0.0,"[-1.5708,-1.5708,1.5708,-1.5708,-1.5708,0]","[-3.2411051,-1.0356398,1.1025,0.90258716,0.07058072,-0.47616428]","[0.55,0.18,0.44]",,success,success,成功
5,42,scene_00_no_obstacle,20260525,rrt_connect,1047,True,0.003619736999098677,3.511997631714629,0.8151784334708557,4.22252395657677e-14,inf,0.002999999999999989,87,80,1.1721505415132563e-12,0.0,"[-1.5708,-1.5708,1.5708,-1.5708,-1.5708,0]","[-3.2411051,-1.0356398,1.1025,0.90258716,0.07058072,-0.47616428]","[0.55,0.18,0.44]",,success,success,成功
6,42,scene_00_no_obstacle,20260525,rrt_connect,1048,True,0.0035486090018821415,3.511997631714629,0.8151784334708557,4.22252395657677e-14,inf,0.002999999999999989,92,80,1.1721505415132563e-12,0.0,"[-1.5708,-1.5708,1.5708,-1.5708,-1.5708,0]","[-3.2411051,-1.0356398,1.1025,0.90258716,0.07058072,-0.47616428]","[0.55,0.18,0.44]",,success,success,成功
7,42,scene_00_no_obstacle,20260525,rrt_connect,1049,True,0.0027964250002696645,3.511997631714629,0.8151784334708557,4.22252395657677e-14,inf,0.002999999999999989,87,80,1.1721505415132563e-12,0.0,"[-1.5708,-1.5708,1.5708,-1.5708,-1.5708,0]","[-3.2411051,-1.0356398,1.1025,0.90258716,0.07058072,-0.47616428]","[0.55,0.18,0.44]",,success,success,成功
8,42,scene_00_no_obstacle,20260525,rrt_connect,1050,True,0.0045950060011819005,3.511997631714629,0.8151784334708557,4.22252395657677e-14,inf,0.002999999999999989,97,80,1.1721505415132563e-12,0.0,"[-1.5708,-1.5708,1.5708,-1.5708,-1.5708,0]","[-3.2411051,-1.0356398,1.1025,0.90258716,0.07058072,-0.47616428]","[0.55,0.18,0.44]",,success,success,成功
9,42,scene_00_no_obstacle,20260525,rrt_connect,1051,True,0.009526918998744804,3.511997631714629,0.8151784334708557,4.22252395657677e-14,inf,0.002999999999999989,92,80,1.1721505415132563e-12,0.0,"[-1.5708,-1.5708,1.5708,-1.5708,-1.5708,0]","[-3.2411051,-1.0356398,1.1025,0.90258716,0.07058072,-0.47616428]","[0.55,0.18,0.44]",,success,success,成功
10,42,scene_00_no_obstacle,20260525,rrt_connect,1052,True,0.002939017998869531,3.511997631714629,0.8151784334708557,4.22252395657677e-14,inf,0.002999999999999989,87,80,1.1721505415132563e-12,0.0,"[-1.5708,-1.5708,1.5708,-1.5708,-1.5708,0]","[-3.2411051,-1.0356398,1.1025,0.90258716,0.07058072,-0.47616428]","[0.55,0.18,0.44]",,success,success,成功
11,42,scene_00_no_obstacle,20260525,rrt_connect,1053,True,0.003933549996872898,3.511997631714629,0.8151784334708557,4.22252395657677e-14,inf,0.002999999999999989,92,80,1.1721505415132563e-12,0.0,"[-1.5708,-1.5708,1.5708,-1.5708,-1.5708,0]","[-3.2411051,-1.0356398,1.1025,0.90258716,0.07058072,-0.47616428]","[0.55,0.18,0.44]",,success,success,成功
12,42,scene_00_no_obstacle,20260525,rrt_connect,1054,True,0.0044958680009585805,3.511997631714629,0.8151784334708557,4.22252395657677e-14,inf,0.002999999999999989,87,80,1.1721505415132563e-12,0.0,"[-1.5708,-1.5708,1.5708,-1.5708,-1.5708,0]","[-3.2411051,-1.0356398,1.1025,0.90258716,0.07058072,-0.47616428]","[0.55,0.18,0.44]",,success,success,成功
13,42,scene_00_no_obstacle,20260525,rrt_connect,1055,True,0.0066666780003288295,3.511997631714629,0.8151784334708557,4.22252395657677e-14,inf,0.002999999999999989,97,80,1.1721505415132563e-12,0.0,"[-1.5708,-1.5708,1.5708,-1.5708,-1.5708,0]","[-3.2411051,-1.0356398,1.1025,0.90258716,0.07058072,-0.47616428]","[0.55,0.18,0.44]",,success,success,成功
14,42,scene_00_no_obstacle,20260525,rrt_connect,1056,True,0.003261923000536626,3.511997631714629,0.8151784334708557,4.22252395657677e-14,inf,0.002999999999999989,92,80,1.1721505415132563e-12,0.0,"[-1.5708,-1.5708,1.5708,-1.5708,-1.5708,0]","[-3.2411051,-1.0356398,1.1025,0.90258716,0.07058072,-0.47616428]","[0.55,0.18,0.44]",,success,success,成功
15,42,scene_00_no_obstacle,20260525,rrt_connect,1057,True,0.009197840001434088,3.511997631714629,0.8151784334708557,4.22252395657677e-14,inf,0.002999999999999989,92,80,1.1721505415132563e-12,0.0,"[-1.5708,-1.5708,1.5708,-1.5708,-1.5708,0]","[-3.2411051,-1.0356398,1.1025,0.90258716,0.07058072,-0.47616428]","[0.55,0.18,0.44]",,success,success,成功
16,42,scene_00_no_obstacle,20260525,rrt_connect,1058,True,0.0030925749997550156,3.511997631714629,0.8151784334708557,4.22252395657677e-14,inf,0.002999999999999989,87,80,1.1721505415132563e-12,0.0,"[-1.5708,-1.5708,1.5708,-1.5708,-1.5708,0]","[-3.2411051,-1.0356398,1.1025,0.90258716,0.07058072,-0.47616428]","[0.55,0.18,0.44]",,success,success,成功
17,42,scene_00_no_obstacle,20260525,rrt_connect,1059,True,0.008735167000850197,3.511997631714629,0.8151784334708557,4.22252395657677e-14,inf,0.002999999999999989,92,80,1.1721505415132563e-12,0.0,"[-1.5708,-1.5708,1.5708,-1.5708,-1.5708,0]","[-3.2411051,-1.0356398,1.1025,0.90258716,0.07058072,-0.47616428]","[0.55,0.18,0.44]",,success,success,成功
18,42,scene_00_no_obstacle,20260525,rrt_connect,1060,True,0.0034788299999490846,3.511997631714629,0.8151784334708557,4.22252395657677e-14,inf,0.002999999999999989,92,80,1.1721505415132563e-12,0.0,"[-1.5708,-1.5708,1.5708,-1.5708,-1.5708,0]","[-3.2411051,-1.0356398,1.1025,0.90258716,0.07058072,-0.47616428]","[0.55,0.18,0.44]",,success,success,成功
19,42,scene_00_no_obstacle,20260525,rrt_connect,1061,True,0.002847914998710621,3.511997631714629,0.8151784334708557,4.22252395657677e-14,inf,0.002999999999999989,97,80,1.1721505415132563e-12,0.0,"[-1.5708,-1.5708,1.5708,-1.5708,-1.5708,0]","[-3.2411051,-1.0356398,1.1025,0.90258716,0.07058072,-0.47616428]","[0.55,0.18,0.44]",,success,success,成功
20,42,scene_00_no_obstacle,20260525,rrt_connect,1062,True,0.0026851299990084954,3.511997631714629,0.8151784334708557,4.22252395657677e-14,inf,0.002999999999999989,92,80,1.1721505415132563e-12,0.0,"[-1.5708,-1.5708,1.5708,-1.5708,-1.5708,0]","[-3.2411051,-1.0356398,1.1025,0.90258716,0.07058072,-0.47616428]","[0.55,0.18,0.44]",,success,success,成功
21,42,scene_00_no_obstacle,20260525,rrt_connect,1063,True,0.0027197539966437034,3.511997631714629,0.8151784334708557,4.22252395657677e-14,inf,0.002999999999999989,92,80,1.1721505415132563e-12,0.0,"[-1.5708,-1.5708,1.5708,-1.5708,-1.5708,0]","[-3.2411051,-1.0356398,1.1025,0.90258716,0.07058072,-0.47616428]","[0.55,0.18,0.44]",,success,success,成功
22,42,scene_00_no_obstacle,20260525,rrt_connect,1064,True,0.0027000759982911404,3.511997631714629,0.8151784334708557,4.22252395657677e-14,inf,0.002999999999999989,92,80,1.1721505415132563e-12,0.0,"[-1.5708,-1.5708,1.5708,-1.5708,-1.5708,0]","[-3.2411051,-1.0356398,1.1025,0.90258716,0.07058072,-0.47616428]","[0.55,0.18,0.44]",,success,success,成功
23,42,scene_00_no_obstacle,20260525,rrt_connect,1065,True,0.003978764001658419,3.511997631714629,0.8151784334708557,4.22252395657677e-14,inf,0.002999999999999989,92,80,1.1721505415132563e-12,0.0,"[-1.5708,-1.5708,1.5708,-1.5708,-1.5708,0]","[-3.2411051,-1.0356398,1.1025,0.90258716,0.07058072,-0.47616428]","[0.55,0.18,0.44]",,success,success,成功
24,42,scene_00_no_obstacle,20260525,rrt_connect,1066,True,0.0027211199994781055,3.511997631714629,0.8151784334708557,4.22252395657677e-14,inf,0.002999999999999989,92,80,1.1721505415132563e-12,0.0,"[-1.5708,-1.5708,1.5708,-1.5708,-1.5708,0]","[-3.2411051,-1.0356398,1.1025,0.90258716,0.07058072,-0.47616428]","[0.55,0.18,0.44]",,success,success,成功
25,42,scene_00_no_obstacle,20260525,rrt_connect,1067,True,0.002720456999668386,3.511997631714629,0.8151784334708557,4.22252395657677e-14,inf,0.002999999999999989,92,80,1.1721505415132563e-12,0.0,"[-1.5708,-1.5708,1.5708,-1.5708,-1.5708,0]","[-3.2411051,-1.0356398,1.1025,0.90258716,0.07058072,-0.47616428]","[0.55,0.18,0.44]",,success,success,成功
26,42,scene_00_no_obstacle,20260525,rrt_connect,1068,True,0.0027070529977208935,3.511997631714629,0.8151784334708557,4.22252395657677e-14,inf,0.002999999999999989,92,80,1.1721505415132563e-12,0.0,"[-1.5708,-1.5708,1.5708,-1.5708,-1.5708,0]","[-3.2411051,-1.0356398,1.1025,0.90258716,0.07058072,-0.47616428]","[0.55,0.18,0.44]",,success,success,成功
27,42,scene_00_no_obstacle,20260525,rrt_connect,1069,True,0.0027238719994784333,3.511997631714629,0.8151784334708557,4.22252395657677e-14,inf,0.002999999999999989,92,80,1.1721505415132563e-12,0.0,"[-1.5708,-1.5708,1.5708,-1.5708,-1.5708,0]","[-3.2411051,-1.0356398,1.1025,0.90258716,0.07058072,-0.47616428]","[0.55,0.18,0.44]",,success,success,成功
28,42,scene_00_no_obstacle,20260525,rrt_connect,1070,True,0.0026523039996391162,3.511997631714629,0.8151784334708557,4.22252395657677e-14,inf,0.002999999999999989,87,80,1.1721505415132563e-12,0.0,"[-1.5708,-1.5708,1.5708,-1.5708,-1.5708,0]","[-3.2411051,-1.0356398,1.1025,0.90258716,0.07058072,-0.47616428]","[0.55,0.18,0.44]",,success,success,成功
29,42,scene_00_no_obstacle,20260525,rrt_connect,1071,True,0.0025982619990827516,3.511997631714629,0.8151784334708557,4.22252395657677e-14,inf,0.002999999999999989,87,80,1.1721505415132563e-12,0.0,"[-1.5708,-1.5708,1.5708,-1.5708,-1.5708,0]","[-3.2411051,-1.0356398,1.1025,0.90258716,0.07058072,-0.47616428]","[0.55,0.18,0.44]",,success,success,成功
30,42,scene_00_no_obstacle,20260525,rrt_connect,1072,True,0.002826938001817325,3.511997631714629,0.8151784334708557,4.22252395657677e-14,inf,0.002999999999999989,92,80,1.1721505415132563e-12,0.0,"[-1.5708,-1.5708,1.5708,-1.5708,-1.5708,0]","[-3.2411051,-1.0356398,1.1025,0.90258716,0.07058072,-0.47616428]","[0.55,0.18,0.44]",,success,success,成功
31,42,scene_00_no_obstacle,20260525,rrt_connect,1073,True,0.0025537769979564473,3.511997631714629,0.8151784334708557,4.22252395657677e-14,inf,0.002999999999999989,87,80,1.1721505415132563e-12,0.0,"[-1.5708,-1.5708,1.5708,-1.5708,-1.5708,0]","[-3.2411051,-1.0356398,1.1025,0.90258716,0.07058072,-0.47616428]","[0.55,0.18,0.44]",,success,success,成功
32,42,scene_00_no_obstacle,20260525,rrt_connect,1074,True,0.002683845999854384,3.511997631714629,0.8151784334708557,4.22252395657677e-14,inf,0.002999999999999989,92,80,1.1721505415132563e-12,0.0,"[-1.5708,-1.5708,1.5708,-1.5708,-1.5708,0]","[-3.2411051,-1.0356398,1.1025,0.90258716,0.07058072,-0.47616428]","[0.55,0.18,0.44]",,success,success,成功
33,42,scene_00_no_obstacle,20260525,rrt_connect,1075,True,0.0027471680004964583,3.511997631714629,0.8151784334708557,4.22252395657677e-14,inf,0.002999999999999989,92,80,1.1721505415132563e-12,0.0,"[-1.5708,-1.5708,1.5708,-1.5708,-1.5708,0]","[-3.2411051,-1.0356398,1.1025,0.90258716,0.07058072,-0.47616428]","[0.55,0.18,0.44]",,success,success,成功
34,42,scene_00_no_obstacle,20260525,rrt_connect,1076,True,0.0031507700005022343,3.511997631714629,0.8151784334708557,4.22252395657677e-14,inf,0.002999999999999989,92,80,1.1721505415132563e-12,0.0,"[-1.5708,-1.5708,1.5708,-1.5708,-1.5708,0]","[-3.2411051,-1.0356398,1.1025,0.90258716,0.07058072,-0.47616428]","[0.55,0.18,0.44]",,success,success,成功
35,42,scene_00_no_obstacle,20260525,rrt_connect,1077,True,0.002711121996981092,3.511997631714629,0.8151784334708557,4.22252395657677e-14,inf,0.002999999999999989,92,80,1.1721505415132563e-12,0.0,"[-1.5708,-1.5708,1.5708,-1.5708,-1.5708,0]","[-3.2411051,-1.0356398,1.1025,0.90258716,0.07058072,-0.47616428]","[0.55,0.18,0.44]",,success,success,成功
36,42,scene_00_no_obstacle,20260525,rrt_connect,1078,True,0.0027023270013160072,3.511997631714629,0.8151784334708557,4.22252395657677e-14,inf,0.002999999999999989,92,80,1.1721505415132563e-12,0.0,"[-1.5708,-1.5708,1.5708,-1.5708,-1.5708,0]","[-3.2411051,-1.0356398,1.1025,0.90258716,0.07058072,-0.47616428]","[0.55,0.18,0.44]",,success,success,成功
37,42,scene_00_no_obstacle,20260525,rrt_connect,1079,True,0.002748293998592999,3.511997631714629,0.8151784334708557,4.22252395657677e-14,inf,0.002999999999999989,92,80,1.1721505415132563e-12,0.0,"[-1.5708,-1.5708,1.5708,-1.5708,-1.5708,0]","[-3.2411051,-1.0356398,1.1025,0.90258716,0.07058072,-0.47616428]","[0.55,0.18,0.44]",,success,success,成功
38,42,scene_00_no_obstacle,20260525,rrt_connect,1080,True,0.0027129650006827433,3.511997631714629,0.8151784334708557,4.22252395657677e-14,inf,0.002999999999999989,92,80,1.1721505415132563e-12,0.0,"[-1.5708,-1.5708,1.5708,-1.5708,-1.5708,0]","[-3.2411051,-1.0356398,1.1025,0.90258716,0.07058072,-0.47616428]","[0.55,0.18,0.44]",,success,success,成功
39,42,scene_00_no_obstacle,20260525,rrt_connect,1081,True,0.0027564269985305145,3.511997631714629,0.8151784334708557,4.22252395657677e-14,inf,0.002999999999999989,92,80,1.1721505415132563e-12,0.0,"[-1.5708,-1.5708,1.5708,-1.5708,-1.5708,0]","[-3.2411051,-1.0356398,1.1025,0.90258716,0.07058072,-0.47616428]","[0.55,0.18,0.44]",,success,success,成功
40,42,scene_00_no_obstacle,20260525,rrt_connect,1082,True,0.002698751999560045,3.511997631714629,0.8151784334708557,4.22252395657677e-14,inf,0.002999999999999989,92,80,1.1721505415132563e-12,0.0,"[-1.5708,-1.5708,1.5708,-1.5708,-1.5708,0]","[-3.2411051,-1.0356398,1.1025,0.90258716,0.07058072,-0.47616428]","[0.55,0.18,0.44]",,success,success,成功
41,42,scene_00_no_obstacle,20260525,rrt_connect,1083,True,0.0027239049995841924,3.511997631714629,0.8151784334708557,4.22252395657677e-14,inf,0.002999999999999989,92,80,1.1721505415132563e-12,0.0,"[-1.5708,-1.5708,1.5708,-1.5708,-1.5708,0]","[-3.2411051,-1.0356398,1.1025,0.90258716,0.07058072,-0.47616428]","[0.55,0.18,0.44]",,success,success,成功
42,42,scene_00_no_obstacle,20260525,rrt_connect,1084,True,0.0027690940005413722,3.511997631714629,0.8151784334708557,4.22252395657677e-14,inf,0.002999999999999989,92,80,1.1721505415132563e-12,0.0,"[-1.5708,-1.5708,1.5708,-1.5708,-1.5708,0]","[-3.2411051,-1.0356398,1.1025,0.90258716,0.07058072,-0.47616428]","[0.55,0.18,0.44]",,success,success,成功
43,42,scene_00_no_obstacle,20260525,rrt_connect,1085,True,0.002839951001078589,3.511997631714629,0.8151784334708557,4.22252395657677e-14,inf,0.002999999999999989,92,80,1.1721505415132563e-12,0.0,"[-1.5708,-1.5708,1.5708,-1.5708,-1.5708,0]","[-3.2411051,-1.0356398,1.1025,0.90258716,0.07058072,-0.47616428]","[0.55,0.18,0.44]",,success,success,成功
44,42,scene_00_no_obstacle,20260525,rrt_connect,1086,True,0.0027232829997956287,3.511997631714629,0.8151784334708557,4.22252395657677e-14,inf,0.002999999999999989,92,80,1.1721505415132563e-12,0.0,"[-1.5708,-1.5708,1.5708,-1.5708,-1.5708,0]","[-3.2411051,-1.0356398,1.1025,0.90258716,0.07058072,-0.47616428]","[0.55,0.18,0.44]",,success,success,成功
45,42,scene_00_no_obstacle,20260525,rrt_connect,1087,True,0.002745770998444641,3.511997631714629,0.8151784334708557,4.22252395657677e-14,inf,0.002999999999999989,92,80,1.1721505415132563e-12,0.0,"[-1.5708,-1.5708,1.5708,-1.5708,-1.5708,0]","[-3.2411051,-1.0356398,1.1025,0.90258716,0.07058072,-0.47616428]","[0.55,0.18,0.44]",,success,success,成功
46,42,scene_00_no_obstacle,20260525,rrt_connect,1088,True,0.002829452001606114,3.511997631714629,0.8151784334708557,4.22252395657677e-14,inf,0.002999999999999989,92,80,1.1721505415132563e-12,0.0,"[-1.5708,-1.5708,1.5708,-1.5708,-1.5708,0]","[-3.2411051,-1.0356398,1.1025,0.90258716,0.07058072,-0.47616428]","[0.55,0.18,0.44]",,success,success,成功
47,42,scene_00_no_obstacle,20260525,rrt_connect,1089,True,0.0027393419986765366,3.511997631714629,0.8151784334708557,4.22252395657677e-14,inf,0.002999999999999989,92,80,1.1721505415132563e-12,0.0,"[-1.5708,-1.5708,1.5708,-1.5708,-1.5708,0]","[-3.2411051,-1.0356398,1.1025,0.90258716,0.07058072,-0.47616428]","[0.55,0.18,0.44]",,success,success,成功
48,42,scene_00_no_obstacle,20260525,rrt_connect,1090,True,0.0029086860013194382,3.511997631714629,0.8151784334708557,4.22252395657677e-14,inf,0.002999999999999989,92,80,1.1721505415132563e-12,0.0,"[-1.5708,-1.5708,1.5708,-1.5708,-1.5708,0]","[-3.2411051,-1.0356398,1.1025,0.90258716,0.07058072,-0.47616428]","[0.55,0.18,0.44]",,success,success,成功
49,42,scene_00_no_obstacle,20260525,rrt_connect,1091,True,0.0027211939996050205,3.511997631714629,0.8151784334708557,4.22252395657677e-14,inf,0.002999999999999989,92,80,1.1721505415132563e-12,0.0,"[-1.5708,-1.5708,1.5708,-1.5708,-1.5708,0]","[-3.2411051,-1.0356398,1.1025,0.90258716,0.07058072,-0.47616428]","[0.55,0.18,0.44]",,success,success,成功
0,42,scene_00_no_obstacle,20260525,prm,2042,True,3.0252875599981053,3.511997631714629,0.8151784334708557,4.22252395657677e-14,inf,0.002999999999999989,122589,80,1.1721505415132563e-12,0.0,"[-1.5708,-1.5708,1.5708,-1.5708,-1.5708,0]","[-3.2411051,-1.0356398,1.1025,0.90258716,0.07058072,-0.47616428]","[0.55,0.18,0.44]",,success,success,成功
1,42,scene_00_no_obstacle,20260525,prm,2043,True,3.0672467459990003,3.511997631714629,0.8151784334708557,4.22252395657677e-14,inf,0.002999999999999989,124867,80,1.1721505415132563e-12,0.0,"[-1.5708,-1.5708,1.5708,-1.5708,-1.5708,0]","[-3.2411051,-1.0356398,1.1025,0.90258716,0.07058072,-0.47616428]","[0.55,0.18,0.44]",,success,success,成功
2,42,scene_00_no_obstacle,20260525,prm,2044,True,3.070599675997073,3.511997631714629,0.8151784334708557,4.22252395657677e-14,inf,0.002999999999999989,125873,80,1.1721505415132563e-12,0.0,"[-1.5708,-1.5708,1.5708,-1.5708,-1.5708,0]","[-3.2411051,-1.0356398,1.1025,0.90258716,0.07058072,-0.47616428]","[0.55,0.18,0.44]",,success,success,成功
3,42,scene_00_no_obstacle,20260525,prm,2045,True,3.3939547599984508,3.511997631714629,0.8151784334708557,4.22252395657677e-14,inf,0.002999999999999989,126248,80,1.1721505415132563e-12,0.0,"[-1.5708,-1.5708,1.5708,-1.5708,-1.5708,0]","[-3.2411051,-1.0356398,1.1025,0.90258716,0.07058072,-0.47616428]","[0.55,0.18,0.44]",,success,success,成功
4,42,scene_00_no_obstacle,20260525,prm,2046,True,3.094315595997614,3.511997631714629,0.8151784334708557,4.22252395657677e-14,inf,0.002999999999999989,130893,80,1.1721505415132563e-12,0.0,"[-1.5708,-1.5708,1.5708,-1.5708,-1.5708,0]","[-3.2411051,-1.0356398,1.1025,0.90258716,0.07058072,-0.47616428]","[0.55,0.18,0.44]",,success,success,成功
5,42,scene_00_no_obstacle,20260525,prm,2047,True,3.0484760770013963,3.511997631714629,0.8151784334708557,4.22252395657677e-14,inf,0.002999999999999989,123588,80,1.1721505415132563e-12,0.0,"[-1.5708,-1.5708,1.5708,-1.5708,-1.5708,0]","[-3.2411051,-1.0356398,1.1025,0.90258716,0.07058072,-0.47616428]","[0.55,0.18,0.44]",,success,success,成功
6,42,scene_00_no_obstacle,20260525,prm,2048,True,2.9525757810006326,3.511997631714629,0.8151784334708557,4.22252395657677e-14,inf,0.002999999999999989,123724,80,1.1721505415132563e-12,0.0,"[-1.5708,-1.5708,1.5708,-1.5708,-1.5708,0]","[-3.2411051,-1.0356398,1.1025,0.90258716,0.07058072,-0.47616428]","[0.55,0.18,0.44]",,success,success,成功
7,42,scene_00_no_obstacle,20260525,prm,2049,True,2.9299680789990816,3.511997631714629,0.8151784334708557,4.22252395657677e-14,inf,0.002999999999999989,121430,80,1.1721505415132563e-12,0.0,"[-1.5708,-1.5708,1.5708,-1.5708,-1.5708,0]","[-3.2411051,-1.0356398,1.1025,0.90258716,0.07058072,-0.47616428]","[0.55,0.18,0.44]",,success,success,成功
8,42,scene_00_no_obstacle,20260525,prm,2050,True,3.154178385997511,3.511997631714629,0.8151784334708557,4.22252395657677e-14,inf,0.002999999999999989,125432,80,1.1721505415132563e-12,0.0,"[-1.5708,-1.5708,1.5708,-1.5708,-1.5708,0]","[-3.2411051,-1.0356398,1.1025,0.90258716,0.07058072,-0.47616428]","[0.55,0.18,0.44]",,success,success,成功
9,42,scene_00_no_obstacle,20260525,prm,2051,True,3.058534329997201,3.511997631714629,0.8151784334708557,4.22252395657677e-14,inf,0.002999999999999989,126334,80,1.1721505415132563e-12,0.0,"[-1.5708,-1.5708,1.5708,-1.5708,-1.5708,0]","[-3.2411051,-1.0356398,1.1025,0.90258716,0.07058072,-0.47616428]","[0.55,0.18,0.44]",,success,success,成功
10,42,scene_00_no_obstacle,20260525,prm,2052,True,2.932586060000176,3.511997631714629,0.8151784334708557,4.22252395657677e-14,inf,0.002999999999999989,122648,80,1.1721505415132563e-12,0.0,"[-1.5708,-1.5708,1.5708,-1.5708,-1.5708,0]","[-3.2411051,-1.0356398,1.1025,0.90258716,0.07058072,-0.47616428]","[0.55,0.18,0.44]",,success,success,成功
11,42,scene_00_no_obstacle,20260525,prm,2053,True,3.0875086920023023,3.511997631714629,0.8151784334708557,4.22252395657677e-14,inf,0.002999999999999989,124261,80,1.1721505415132563e-12,0.0,"[-1.5708,-1.5708,1.5708,-1.5708,-1.5708,0]","[-3.2411051,-1.0356398,1.1025,0.90258716,0.07058072,-0.47616428]","[0.55,0.18,0.44]",,success,success,成功
12,42,scene_00_no_obstacle,20260525,prm,2054,True,3.154331223002373,3.511997631714629,0.8151784334708557,4.22252395657677e-14,inf,0.002999999999999989,128500,80,1.1721505415132563e-12,0.0,"[-1.5708,-1.5708,1.5708,-1.5708,-1.5708,0]","[-3.2411051,-1.0356398,1.1025,0.90258716,0.07058072,-0.47616428]","[0.55,0.18,0.44]",,success,success,成功
13,42,scene_00_no_obstacle,20260525,prm,2055,True,3.324918906997482,3.511997631714629,0.8151784334708557,4.22252395657677e-14,inf,0.002999999999999989,130760,80,1.1721505415132563e-12,0.0,"[-1.5708,-1.5708,1.5708,-1.5708,-1.5708,0]","[-3.2411051,-1.0356398,1.1025,0.90258716,0.07058072,-0.47616428]","[0.55,0.18,0.44]",,success,success,成功
14,42,scene_00_no_obstacle,20260525,prm,2056,True,3.301960914002848,3.511997631714629,0.8151784334708557,4.22252395657677e-14,inf,0.002999999999999989,126921,80,1.1721505415132563e-12,0.0,"[-1.5708,-1.5708,1.5708,-1.5708,-1.5708,0]","[-3.2411051,-1.0356398,1.1025,0.90258716,0.07058072,-0.47616428]","[0.55,0.18,0.44]",,success,success,成功
15,42,scene_00_no_obstacle,20260525,prm,2057,True,2.855079160999594,3.511997631714629,0.8151784334708557,4.22252395657677e-14,inf,0.002999999999999989,121124,80,1.1721505415132563e-12,0.0,"[-1.5708,-1.5708,1.5708,-1.5708,-1.5708,0]","[-3.2411051,-1.0356398,1.1025,0.90258716,0.07058072,-0.47616428]","[0.55,0.18,0.44]",,success,success,成功
16,42,scene_00_no_obstacle,20260525,prm,2058,True,2.9031941939974786,3.511997631714629,0.8151784334708557,4.22252395657677e-14,inf,0.002999999999999989,121182,80,1.1721505415132563e-12,0.0,"[-1.5708,-1.5708,1.5708,-1.5708,-1.5708,0]","[-3.2411051,-1.0356398,1.1025,0.90258716,0.07058072,-0.47616428]","[0.55,0.18,0.44]",,success,success,成功
17,42,scene_00_no_obstacle,20260525,prm,2059,True,3.2011636910028756,3.511997631714629,0.8151784334708557,4.22252395657677e-14,inf,0.002999999999999989,133586,80,1.1721505415132563e-12,0.0,"[-1.5708,-1.5708,1.5708,-1.5708,-1.5708,0]","[-3.2411051,-1.0356398,1.1025,0.90258716,0.07058072,-0.47616428]","[0.55,0.18,0.44]",,success,success,成功
18,42,scene_00_no_obstacle,20260525,prm,2060,True,3.129988714998035,3.511997631714629,0.8151784334708557,4.22252395657677e-14,inf,0.002999999999999989,124359,80,1.1721505415132563e-12,0.0,"[-1.5708,-1.5708,1.5708,-1.5708,-1.5708,0]","[-3.2411051,-1.0356398,1.1025,0.90258716,0.07058072,-0.47616428]","[0.55,0.18,0.44]",,success,success,成功
19,42,scene_00_no_obstacle,20260525,prm,2061,True,3.09047138400274,3.511997631714629,0.8151784334708557,4.22252395657677e-14,inf,0.002999999999999989,126109,80,1.1721505415132563e-12,0.0,"[-1.5708,-1.5708,1.5708,-1.5708,-1.5708,0]","[-3.2411051,-1.0356398,1.1025,0.90258716,0.07058072,-0.47616428]","[0.55,0.18,0.44]",,success,success,成功
20,42,scene_00_no_obstacle,20260525,prm,2062,True,2.9477608220004186,3.511997631714629,0.8151784334708557,4.22252395657677e-14,inf,0.002999999999999989,123181,80,1.1721505415132563e-12,0.0,"[-1.5708,-1.5708,1.5708,-1.5708,-1.5708,0]","[-3.2411051,-1.0356398,1.1025,0.90258716,0.07058072,-0.47616428]","[0.55,0.18,0.44]",,success,success,成功
21,42,scene_00_no_obstacle,20260525,prm,2063,True,2.9898786390003806,3.511997631714629,0.8151784334708557,4.22252395657677e-14,inf,0.002999999999999989,127422,80,1.1721505415132563e-12,0.0,"[-1.5708,-1.5708,1.5708,-1.5708,-1.5708,0]","[-3.2411051,-1.0356398,1.1025,0.90258716,0.07058072,-0.47616428]","[0.55,0.18,0.44]",,success,success,成功
22,42,scene_00_no_obstacle,20260525,prm,2064,True,2.998896943001455,3.511997631714629,0.8151784334708557,4.22252395657677e-14,inf,0.002999999999999989,125114,80,1.1721505415132563e-12,0.0,"[-1.5708,-1.5708,1.5708,-1.5708,-1.5708,0]","[-3.2411051,-1.0356398,1.1025,0.90258716,0.07058072,-0.47616428]","[0.55,0.18,0.44]",,success,success,成功
23,42,scene_00_no_obstacle,20260525,prm,2065,True,2.957521258002089,3.511997631714629,0.8151784334708557,4.22252395657677e-14,inf,0.002999999999999989,119692,80,1.1721505415132563e-12,0.0,"[-1.5708,-1.5708,1.5708,-1.5708,-1.5708,0]","[-3.2411051,-1.0356398,1.1025,0.90258716,0.07058072,-0.47616428]","[0.55,0.18,0.44]",,success,success,成功
24,42,scene_00_no_obstacle,20260525,prm,2066,True,3.074435105001612,3.511997631714629,0.8151784334708557,4.22252395657677e-14,inf,0.002999999999999989,125009,80,1.1721505415132563e-12,0.0,"[-1.5708,-1.5708,1.5708,-1.5708,-1.5708,0]","[-3.2411051,-1.0356398,1.1025,0.90258716,0.07058072,-0.47616428]","[0.55,0.18,0.44]",,success,success,成功
25,42,scene_00_no_obstacle,20260525,prm,2067,True,3.1939339189993916,3.511997631714629,0.8151784334708557,4.22252395657677e-14,inf,0.002999999999999989,130504,80,1.1721505415132563e-12,0.0,"[-1.5708,-1.5708,1.5708,-1.5708,-1.5708,0]","[-3.2411051,-1.0356398,1.1025,0.90258716,0.07058072,-0.47616428]","[0.55,0.18,0.44]",,success,success,成功
26,42,scene_00_no_obstacle,20260525,prm,2068,True,3.0355743629988865,3.511997631714629,0.8151784334708557,4.22252395657677e-14,inf,0.002999999999999989,125260,80,1.1721505415132563e-12,0.0,"[-1.5708,-1.5708,1.5708,-1.5708,-1.5708,0]","[-3.2411051,-1.0356398,1.1025,0.90258716,0.07058072,-0.47616428]","[0.55,0.18,0.44]",,success,success,成功
27,42,scene_00_no_obstacle,20260525,prm,2069,True,3.031950609998603,3.511997631714629,0.8151784334708557,4.22252395657677e-14,inf,0.002999999999999989,125388,80,1.1721505415132563e-12,0.0,"[-1.5708,-1.5708,1.5708,-1.5708,-1.5708,0]","[-3.2411051,-1.0356398,1.1025,0.90258716,0.07058072,-0.47616428]","[0.55,0.18,0.44]",,success,success,成功
28,42,scene_00_no_obstacle,20260525,prm,2070,True,2.9729521440021927,3.511997631714629,0.8151784334708557,4.22252395657677e-14,inf,0.002999999999999989,126580,80,1.1721505415132563e-12,0.0,"[-1.5708,-1.5708,1.5708,-1.5708,-1.5708,0]","[-3.2411051,-1.0356398,1.1025,0.90258716,0.07058072,-0.47616428]","[0.55,0.18,0.44]",,success,success,成功
29,42,scene_00_no_obstacle,20260525,prm,2071,True,3.120009731999744,3.511997631714629,0.8151784334708557,4.22252395657677e-14,inf,0.002999999999999989,130743,80,1.1721505415132563e-12,0.0,"[-1.5708,-1.5708,1.5708,-1.5708,-1.5708,0]","[-3.2411051,-1.0356398,1.1025,0.90258716,0.07058072,-0.47616428]","[0.55,0.18,0.44]",,success,success,成功
30,42,scene_00_no_obstacle,20260525,prm,2072,True,3.0560637969974778,3.511997631714629,0.8151784334708557,4.22252395657677e-14,inf,0.002999999999999989,125228,80,1.1721505415132563e-12,0.0,"[-1.5708,-1.5708,1.5708,-1.5708,-1.5708,0]","[-3.2411051,-1.0356398,1.1025,0.90258716,0.07058072,-0.47616428]","[0.55,0.18,0.44]",,success,success,成功
31,42,scene_00_no_obstacle,20260525,prm,2073,True,3.4708427529985784,3.511997631714629,0.8151784334708557,4.22252395657677e-14,inf,0.002999999999999989,125571,80,1.1721505415132563e-12,0.0,"[-1.5708,-1.5708,1.5708,-1.5708,-1.5708,0]","[-3.2411051,-1.0356398,1.1025,0.90258716,0.07058072,-0.47616428]","[0.55,0.18,0.44]",,success,success,成功
32,42,scene_00_no_obstacle,20260525,prm,2074,True,2.930687552998279,3.511997631714629,0.8151784334708557,4.22252395657677e-14,inf,0.002999999999999989,124095,80,1.1721505415132563e-12,0.0,"[-1.5708,-1.5708,1.5708,-1.5708,-1.5708,0]","[-3.2411051,-1.0356398,1.1025,0.90258716,0.07058072,-0.47616428]","[0.55,0.18,0.44]",,success,success,成功
33,42,scene_00_no_obstacle,20260525,prm,2075,True,3.055342676998407,3.511997631714629,0.8151784334708557,4.22252395657677e-14,inf,0.002999999999999989,125889,80,1.1721505415132563e-12,0.0,"[-1.5708,-1.5708,1.5708,-1.5708,-1.5708,0]","[-3.2411051,-1.0356398,1.1025,0.90258716,0.07058072,-0.47616428]","[0.55,0.18,0.44]",,success,success,成功
34,42,scene_00_no_obstacle,20260525,prm,2076,True,3.0300180269987322,3.511997631714629,0.8151784334708557,4.22252395657677e-14,inf,0.002999999999999989,127031,80,1.1721505415132563e-12,0.0,"[-1.5708,-1.5708,1.5708,-1.5708,-1.5708,0]","[-3.2411051,-1.0356398,1.1025,0.90258716,0.07058072,-0.47616428]","[0.55,0.18,0.44]",,success,success,成功
35,42,scene_00_no_obstacle,20260525,prm,2077,True,3.079556655000488,3.511997631714629,0.8151784334708557,4.22252395657677e-14,inf,0.002999999999999989,130638,80,1.1721505415132563e-12,0.0,"[-1.5708,-1.5708,1.5708,-1.5708,-1.5708,0]","[-3.2411051,-1.0356398,1.1025,0.90258716,0.07058072,-0.47616428]","[0.55,0.18,0.44]",,success,success,成功
36,42,scene_00_no_obstacle,20260525,prm,2078,True,2.9766049630015914,3.511997631714629,0.8151784334708557,4.22252395657677e-14,inf,0.002999999999999989,123575,80,1.1721505415132563e-12,0.0,"[-1.5708,-1.5708,1.5708,-1.5708,-1.5708,0]","[-3.2411051,-1.0356398,1.1025,0.90258716,0.07058072,-0.47616428]","[0.55,0.18,0.44]",,success,success,成功
37,42,scene_00_no_obstacle,20260525,prm,2079,True,3.095220977000281,3.511997631714629,0.8151784334708557,4.22252395657677e-14,inf,0.002999999999999989,127669,80,1.1721505415132563e-12,0.0,"[-1.5708,-1.5708,1.5708,-1.5708,-1.5708,0]","[-3.2411051,-1.0356398,1.1025,0.90258716,0.07058072,-0.47616428]","[0.55,0.18,0.44]",,success,success,成功
38,42,scene_00_no_obstacle,20260525,prm,2080,True,3.0795583610015456,3.511997631714629,0.8151784334708557,4.22252395657677e-14,inf,0.002999999999999989,124603,80,1.1721505415132563e-12,0.0,"[-1.5708,-1.5708,1.5708,-1.5708,-1.5708,0]","[-3.2411051,-1.0356398,1.1025,0.90258716,0.07058072,-0.47616428]","[0.55,0.18,0.44]",,success,success,成功
39,42,scene_00_no_obstacle,20260525,prm,2081,True,3.1710994899985963,3.511997631714629,0.8151784334708557,4.22252395657677e-14,inf,0.002999999999999989,130335,80,1.1721505415132563e-12,0.0,"[-1.5708,-1.5708,1.5708,-1.5708,-1.5708,0]","[-3.2411051,-1.0356398,1.1025,0.90258716,0.07058072,-0.47616428]","[0.55,0.18,0.44]",,success,success,成功
40,42,scene_00_no_obstacle,20260525,prm,2082,True,3.08113161700021,3.511997631714629,0.8151784334708557,4.22252395657677e-14,inf,0.002999999999999989,127890,80,1.1721505415132563e-12,0.0,"[-1.5708,-1.5708,1.5708,-1.5708,-1.5708,0]","[-3.2411051,-1.0356398,1.1025,0.90258716,0.07058072,-0.47616428]","[0.55,0.18,0.44]",,success,success,成功
41,42,scene_00_no_obstacle,20260525,prm,2083,True,2.903122062001785,3.511997631714629,0.8151784334708557,4.22252395657677e-14,inf,0.002999999999999989,119446,80,1.1721505415132563e-12,0.0,"[-1.5708,-1.5708,1.5708,-1.5708,-1.5708,0]","[-3.2411051,-1.0356398,1.1025,0.90258716,0.07058072,-0.47616428]","[0.55,0.18,0.44]",,success,success,成功
42,42,scene_00_no_obstacle,20260525,prm,2084,True,2.8349697930025286,3.511997631714629,0.8151784334708557,4.22252395657677e-14,inf,0.002999999999999989,118557,80,1.1721505415132563e-12,0.0,"[-1.5708,-1.5708,1.5708,-1.5708,-1.5708,0]","[-3.2411051,-1.0356398,1.1025,0.90258716,0.07058072,-0.47616428]","[0.55,0.18,0.44]",,success,success,成功
43,42,scene_00_no_obstacle,20260525,prm,2085,True,2.7697846430019126,3.511997631714629,0.8151784334708557,4.22252395657677e-14,inf,0.002999999999999989,118865,80,1.1721505415132563e-12,0.0,"[-1.5708,-1.5708,1.5708,-1.5708,-1.5708,0]","[-3.2411051,-1.0356398,1.1025,0.90258716,0.07058072,-0.47616428]","[0.55,0.18,0.44]",,success,success,成功
44,42,scene_00_no_obstacle,20260525,prm,2086,True,3.031361173001642,3.511997631714629,0.8151784334708557,4.22252395657677e-14,inf,0.002999999999999989,130793,80,1.1721505415132563e-12,0.0,"[-1.5708,-1.5708,1.5708,-1.5708,-1.5708,0]","[-3.2411051,-1.0356398,1.1025,0.90258716,0.07058072,-0.47616428]","[0.55,0.18,0.44]",,success,success,成功
45,42,scene_00_no_obstacle,20260525,prm,2087,True,3.0225232709999545,3.511997631714629,0.8151784334708557,4.22252395657677e-14,inf,0.002999999999999989,124285,80,1.1721505415132563e-12,0.0,"[-1.5708,-1.5708,1.5708,-1.5708,-1.5708,0]","[-3.2411051,-1.0356398,1.1025,0.90258716,0.07058072,-0.47616428]","[0.55,0.18,0.44]",,success,success,成功
46,42,scene_00_no_obstacle,20260525,prm,2088,True,3.009764989998075,3.511997631714629,0.8151784334708557,4.22252395657677e-14,inf,0.002999999999999989,123293,80,1.1721505415132563e-12,0.0,"[-1.5708,-1.5708,1.5708,-1.5708,-1.5708,0]","[-3.2411051,-1.0356398,1.1025,0.90258716,0.07058072,-0.47616428]","[0.55,0.18,0.44]",,success,success,成功
47,42,scene_00_no_obstacle,20260525,prm,2089,True,3.03176478900059,3.511997631714629,0.8151784334708557,4.22252395657677e-14,inf,0.002999999999999989,125774,80,1.1721505415132563e-12,0.0,"[-1.5708,-1.5708,1.5708,-1.5708,-1.5708,0]","[-3.2411051,-1.0356398,1.1025,0.90258716,0.07058072,-0.47616428]","[0.55,0.18,0.44]",,success,success,成功
48,42,scene_00_no_obstacle,20260525,prm,2090,True,3.050912757000333,3.511997631714629,0.8151784334708557,4.22252395657677e-14,inf,0.002999999999999989,125703,80,1.1721505415132563e-12,0.0,"[-1.5708,-1.5708,1.5708,-1.5708,-1.5708,0]","[-3.2411051,-1.0356398,1.1025,0.90258716,0.07058072,-0.47616428]","[0.55,0.18,0.44]",,success,success,成功
49,42,scene_00_no_obstacle,20260525,prm,2091,True,3.048389142997621,3.511997631714629,0.8151784334708557,4.22252395657677e-14,inf,0.002999999999999989,126051,80,1.1721505415132563e-12,0.0,"[-1.5708,-1.5708,1.5708,-1.5708,-1.5708,0]","[-3.2411051,-1.0356398,1.1025,0.90258716,0.07058072,-0.47616428]","[0.55,0.18,0.44]",,success,success,成功
0,42,scene_00_no_obstacle,20260525,apf,3042,True,0.0053590930001519155,3.511997631714629,0.8151784334708557,4.22252395657677e-14,inf,0.002999999999999989,155,80,1.1721505415132563e-12,0.0,"[-1.5708,-1.5708,1.5708,-1.5708,-1.5708,0]","[-3.2411051,-1.0356398,1.1025,0.90258716,0.07058072,-0.47616428]","[0.55,0.18,0.44]",,success,success,成功
1,42,scene_00_no_obstacle,20260525,apf,3043,True,0.006481198997789761,3.511997631714629,0.8151784334708557,4.22252395657677e-14,inf,0.002999999999999989,155,80,1.1721505415132563e-12,0.0,"[-1.5708,-1.5708,1.5708,-1.5708,-1.5708,0]","[-3.2411051,-1.0356398,1.1025,0.90258716,0.07058072,-0.47616428]","[0.55,0.18,0.44]",,success,success,成功
2,42,scene_00_no_obstacle,20260525,apf,3044,True,0.005375534998165676,3.511997631714629,0.8151784334708557,4.22252395657677e-14,inf,0.002999999999999989,155,80,1.1721505415132563e-12,0.0,"[-1.5708,-1.5708,1.5708,-1.5708,-1.5708,0]","[-3.2411051,-1.0356398,1.1025,0.90258716,0.07058072,-0.47616428]","[0.55,0.18,0.44]",,success,success,成功
3,42,scene_00_no_obstacle,20260525,apf,3045,True,0.005492947999300668,3.511997631714629,0.8151784334708557,4.22252395657677e-14,inf,0.002999999999999989,155,80,1.1721505415132563e-12,0.0,"[-1.5708,-1.5708,1.5708,-1.5708,-1.5708,0]","[-3.2411051,-1.0356398,1.1025,0.90258716,0.07058072,-0.47616428]","[0.55,0.18,0.44]",,success,success,成功
4,42,scene_00_no_obstacle,20260525,apf,3046,True,0.005399118999775965,3.511997631714629,0.8151784334708557,4.22252395657677e-14,inf,0.002999999999999989,155,80,1.1721505415132563e-12,0.0,"[-1.5708,-1.5708,1.5708,-1.5708,-1.5708,0]","[-3.2411051,-1.0356398,1.1025,0.90258716,0.07058072,-0.47616428]","[0.55,0.18,0.44]",,success,success,成功
5,42,scene_00_no_obstacle,20260525,apf,3047,True,0.005900768999708816,3.511997631714629,0.8151784334708557,4.22252395657677e-14,inf,0.002999999999999989,155,80,1.1721505415132563e-12,0.0,"[-1.5708,-1.5708,1.5708,-1.5708,-1.5708,0]","[-3.2411051,-1.0356398,1.1025,0.90258716,0.07058072,-0.47616428]","[0.55,0.18,0.44]",,success,success,成功
6,42,scene_00_no_obstacle,20260525,apf,3048,True,0.0054939580004429445,3.511997631714629,0.8151784334708557,4.22252395657677e-14,inf,0.002999999999999989,155,80,1.1721505415132563e-12,0.0,"[-1.5708,-1.5708,1.5708,-1.5708,-1.5708,0]","[-3.2411051,-1.0356398,1.1025,0.90258716,0.07058072,-0.47616428]","[0.55,0.18,0.44]",,success,success,成功
7,42,scene_00_no_obstacle,20260525,apf,3049,True,0.006295232997217681,3.511997631714629,0.8151784334708557,4.22252395657677e-14,inf,0.002999999999999989,155,80,1.1721505415132563e-12,0.0,"[-1.5708,-1.5708,1.5708,-1.5708,-1.5708,0]","[-3.2411051,-1.0356398,1.1025,0.90258716,0.07058072,-0.47616428]","[0.55,0.18,0.44]",,success,success,成功
8,42,scene_00_no_obstacle,20260525,apf,3050,True,0.005467251998197753,3.511997631714629,0.8151784334708557,4.22252395657677e-14,inf,0.002999999999999989,155,80,1.1721505415132563e-12,0.0,"[-1.5708,-1.5708,1.5708,-1.5708,-1.5708,0]","[-3.2411051,-1.0356398,1.1025,0.90258716,0.07058072,-0.47616428]","[0.55,0.18,0.44]",,success,success,成功
9,42,scene_00_no_obstacle,20260525,apf,3051,True,0.007078602000547107,3.511997631714629,0.8151784334708557,4.22252395657677e-14,inf,0.002999999999999989,155,80,1.1721505415132563e-12,0.0,"[-1.5708,-1.5708,1.5708,-1.5708,-1.5708,0]","[-3.2411051,-1.0356398,1.1025,0.90258716,0.07058072,-0.47616428]","[0.55,0.18,0.44]",,success,success,成功
10,42,scene_00_no_obstacle,20260525,apf,3052,True,0.005589760003203992,3.511997631714629,0.8151784334708557,4.22252395657677e-14,inf,0.002999999999999989,155,80,1.1721505415132563e-12,0.0,"[-1.5708,-1.5708,1.5708,-1.5708,-1.5708,0]","[-3.2411051,-1.0356398,1.1025,0.90258716,0.07058072,-0.47616428]","[0.55,0.18,0.44]",,success,success,成功
11,42,scene_00_no_obstacle,20260525,apf,3053,True,0.005726976000005379,3.511997631714629,0.8151784334708557,4.22252395657677e-14,inf,0.002999999999999989,155,80,1.1721505415132563e-12,0.0,"[-1.5708,-1.5708,1.5708,-1.5708,-1.5708,0]","[-3.2411051,-1.0356398,1.1025,0.90258716,0.07058072,-0.47616428]","[0.55,0.18,0.44]",,success,success,成功
12,42,scene_00_no_obstacle,20260525,apf,3054,True,0.00555086800159188,3.511997631714629,0.8151784334708557,4.22252395657677e-14,inf,0.002999999999999989,155,80,1.1721505415132563e-12,0.0,"[-1.5708,-1.5708,1.5708,-1.5708,-1.5708,0]","[-3.2411051,-1.0356398,1.1025,0.90258716,0.07058072,-0.47616428]","[0.55,0.18,0.44]",,success,success,成功
13,42,scene_00_no_obstacle,20260525,apf,3055,True,0.005468792001920519,3.511997631714629,0.8151784334708557,4.22252395657677e-14,inf,0.002999999999999989,155,80,1.1721505415132563e-12,0.0,"[-1.5708,-1.5708,1.5708,-1.5708,-1.5708,0]","[-3.2411051,-1.0356398,1.1025,0.90258716,0.07058072,-0.47616428]","[0.55,0.18,0.44]",,success,success,成功
14,42,scene_00_no_obstacle,20260525,apf,3056,True,0.005533369996555848,3.511997631714629,0.8151784334708557,4.22252395657677e-14,inf,0.002999999999999989,155,80,1.1721505415132563e-12,0.0,"[-1.5708,-1.5708,1.5708,-1.5708,-1.5708,0]","[-3.2411051,-1.0356398,1.1025,0.90258716,0.07058072,-0.47616428]","[0.55,0.18,0.44]",,success,success,成功
15,42,scene_00_no_obstacle,20260525,apf,3057,True,0.005627514998195693,3.511997631714629,0.8151784334708557,4.22252395657677e-14,inf,0.002999999999999989,155,80,1.1721505415132563e-12,0.0,"[-1.5708,-1.5708,1.5708,-1.5708,-1.5708,0]","[-3.2411051,-1.0356398,1.1025,0.90258716,0.07058072,-0.47616428]","[0.55,0.18,0.44]",,success,success,成功
16,42,scene_00_no_obstacle,20260525,apf,3058,True,0.005464435998874251,3.511997631714629,0.8151784334708557,4.22252395657677e-14,inf,0.002999999999999989,155,80,1.1721505415132563e-12,0.0,"[-1.5708,-1.5708,1.5708,-1.5708,-1.5708,0]","[-3.2411051,-1.0356398,1.1025,0.90258716,0.07058072,-0.47616428]","[0.55,0.18,0.44]",,success,success,成功
17,42,scene_00_no_obstacle,20260525,apf,3059,True,0.0055111520014179405,3.511997631714629,0.8151784334708557,4.22252395657677e-14,inf,0.002999999999999989,155,80,1.1721505415132563e-12,0.0,"[-1.5708,-1.5708,1.5708,-1.5708,-1.5708,0]","[-3.2411051,-1.0356398,1.1025,0.90258716,0.07058072,-0.47616428]","[0.55,0.18,0.44]",,success,success,成功
18,42,scene_00_no_obstacle,20260525,apf,3060,True,0.005411786998593016,3.511997631714629,0.8151784334708557,4.22252395657677e-14,inf,0.002999999999999989,155,80,1.1721505415132563e-12,0.0,"[-1.5708,-1.5708,1.5708,-1.5708,-1.5708,0]","[-3.2411051,-1.0356398,1.1025,0.90258716,0.07058072,-0.47616428]","[0.55,0.18,0.44]",,success,success,成功
19,42,scene_00_no_obstacle,20260525,apf,3061,True,0.0054879700001038145,3.511997631714629,0.8151784334708557,4.22252395657677e-14,inf,0.002999999999999989,155,80,1.1721505415132563e-12,0.0,"[-1.5708,-1.5708,1.5708,-1.5708,-1.5708,0]","[-3.2411051,-1.0356398,1.1025,0.90258716,0.07058072,-0.47616428]","[0.55,0.18,0.44]",,success,success,成功
20,42,scene_00_no_obstacle,20260525,apf,3062,True,0.0055258329994103406,3.511997631714629,0.8151784334708557,4.22252395657677e-14,inf,0.002999999999999989,155,80,1.1721505415132563e-12,0.0,"[-1.5708,-1.5708,1.5708,-1.5708,-1.5708,0]","[-3.2411051,-1.0356398,1.1025,0.90258716,0.07058072,-0.47616428]","[0.55,0.18,0.44]",,success,success,成功
21,42,scene_00_no_obstacle,20260525,apf,3063,True,0.005567736003285972,3.511997631714629,0.8151784334708557,4.22252395657677e-14,inf,0.002999999999999989,155,80,1.1721505415132563e-12,0.0,"[-1.5708,-1.5708,1.5708,-1.5708,-1.5708,0]","[-3.2411051,-1.0356398,1.1025,0.90258716,0.07058072,-0.47616428]","[0.55,0.18,0.44]",,success,success,成功
22,42,scene_00_no_obstacle,20260525,apf,3064,True,0.005478331000631442,3.511997631714629,0.8151784334708557,4.22252395657677e-14,inf,0.002999999999999989,155,80,1.1721505415132563e-12,0.0,"[-1.5708,-1.5708,1.5708,-1.5708,-1.5708,0]","[-3.2411051,-1.0356398,1.1025,0.90258716,0.07058072,-0.47616428]","[0.55,0.18,0.44]",,success,success,成功
23,42,scene_00_no_obstacle,20260525,apf,3065,True,0.005400740999903064,3.511997631714629,0.8151784334708557,4.22252395657677e-14,inf,0.002999999999999989,155,80,1.1721505415132563e-12,0.0,"[-1.5708,-1.5708,1.5708,-1.5708,-1.5708,0]","[-3.2411051,-1.0356398,1.1025,0.90258716,0.07058072,-0.47616428]","[0.55,0.18,0.44]",,success,success,成功
24,42,scene_00_no_obstacle,20260525,apf,3066,True,0.005419405999418814,3.511997631714629,0.8151784334708557,4.22252395657677e-14,inf,0.002999999999999989,155,80,1.1721505415132563e-12,0.0,"[-1.5708,-1.5708,1.5708,-1.5708,-1.5708,0]","[-3.2411051,-1.0356398,1.1025,0.90258716,0.07058072,-0.47616428]","[0.55,0.18,0.44]",,success,success,成功
25,42,scene_00_no_obstacle,20260525,apf,3067,True,0.005391776998294517,3.511997631714629,0.8151784334708557,4.22252395657677e-14,inf,0.002999999999999989,155,80,1.1721505415132563e-12,0.0,"[-1.5708,-1.5708,1.5708,-1.5708,-1.5708,0]","[-3.2411051,-1.0356398,1.1025,0.90258716,0.07058072,-0.47616428]","[0.55,0.18,0.44]",,success,success,成功
26,42,scene_00_no_obstacle,20260525,apf,3068,True,0.005423452999821166,3.511997631714629,0.8151784334708557,4.22252395657677e-14,inf,0.002999999999999989,155,80,1.1721505415132563e-12,0.0,"[-1.5708,-1.5708,1.5708,-1.5708,-1.5708,0]","[-3.2411051,-1.0356398,1.1025,0.90258716,0.07058072,-0.47616428]","[0.55,0.18,0.44]",,success,success,成功
27,42,scene_00_no_obstacle,20260525,apf,3069,True,0.005715964001865359,3.511997631714629,0.8151784334708557,4.22252395657677e-14,inf,0.002999999999999989,155,80,1.1721505415132563e-12,0.0,"[-1.5708,-1.5708,1.5708,-1.5708,-1.5708,0]","[-3.2411051,-1.0356398,1.1025,0.90258716,0.07058072,-0.47616428]","[0.55,0.18,0.44]",,success,success,成功
28,42,scene_00_no_obstacle,20260525,apf,3070,True,0.005600164997304091,3.511997631714629,0.8151784334708557,4.22252395657677e-14,inf,0.002999999999999989,155,80,1.1721505415132563e-12,0.0,"[-1.5708,-1.5708,1.5708,-1.5708,-1.5708,0]","[-3.2411051,-1.0356398,1.1025,0.90258716,0.07058072,-0.47616428]","[0.55,0.18,0.44]",,success,success,成功
29,42,scene_00_no_obstacle,20260525,apf,3071,True,0.005722525998862693,3.511997631714629,0.8151784334708557,4.22252395657677e-14,inf,0.002999999999999989,155,80,1.1721505415132563e-12,0.0,"[-1.5708,-1.5708,1.5708,-1.5708,-1.5708,0]","[-3.2411051,-1.0356398,1.1025,0.90258716,0.07058072,-0.47616428]","[0.55,0.18,0.44]",,success,success,成功
30,42,scene_00_no_obstacle,20260525,apf,3072,True,0.005539612000575289,3.511997631714629,0.8151784334708557,4.22252395657677e-14,inf,0.002999999999999989,155,80,1.1721505415132563e-12,0.0,"[-1.5708,-1.5708,1.5708,-1.5708,-1.5708,0]","[-3.2411051,-1.0356398,1.1025,0.90258716,0.07058072,-0.47616428]","[0.55,0.18,0.44]",,success,success,成功
31,42,scene_00_no_obstacle,20260525,apf,3073,True,0.005382347000704613,3.511997631714629,0.8151784334708557,4.22252395657677e-14,inf,0.002999999999999989,155,80,1.1721505415132563e-12,0.0,"[-1.5708,-1.5708,1.5708,-1.5708,-1.5708,0]","[-3.2411051,-1.0356398,1.1025,0.90258716,0.07058072,-0.47616428]","[0.55,0.18,0.44]",,success,success,成功
32,42,scene_00_no_obstacle,20260525,apf,3074,True,0.005383637999329949,3.511997631714629,0.8151784334708557,4.22252395657677e-14,inf,0.002999999999999989,155,80,1.1721505415132563e-12,0.0,"[-1.5708,-1.5708,1.5708,-1.5708,-1.5708,0]","[-3.2411051,-1.0356398,1.1025,0.90258716,0.07058072,-0.47616428]","[0.55,0.18,0.44]",,success,success,成功
33,42,scene_00_no_obstacle,20260525,apf,3075,True,0.0055052000025170855,3.511997631714629,0.8151784334708557,4.22252395657677e-14,inf,0.002999999999999989,155,80,1.1721505415132563e-12,0.0,"[-1.5708,-1.5708,1.5708,-1.5708,-1.5708,0]","[-3.2411051,-1.0356398,1.1025,0.90258716,0.07058072,-0.47616428]","[0.55,0.18,0.44]",,success,success,成功
34,42,scene_00_no_obstacle,20260525,apf,3076,True,0.005991982998239109,3.511997631714629,0.8151784334708557,4.22252395657677e-14,inf,0.002999999999999989,155,80,1.1721505415132563e-12,0.0,"[-1.5708,-1.5708,1.5708,-1.5708,-1.5708,0]","[-3.2411051,-1.0356398,1.1025,0.90258716,0.07058072,-0.47616428]","[0.55,0.18,0.44]",,success,success,成功
35,42,scene_00_no_obstacle,20260525,apf,3077,True,0.00539114400089602,3.511997631714629,0.8151784334708557,4.22252395657677e-14,inf,0.002999999999999989,155,80,1.1721505415132563e-12,0.0,"[-1.5708,-1.5708,1.5708,-1.5708,-1.5708,0]","[-3.2411051,-1.0356398,1.1025,0.90258716,0.07058072,-0.47616428]","[0.55,0.18,0.44]",,success,success,成功
36,42,scene_00_no_obstacle,20260525,apf,3078,True,0.0053586699978041,3.511997631714629,0.8151784334708557,4.22252395657677e-14,inf,0.002999999999999989,155,80,1.1721505415132563e-12,0.0,"[-1.5708,-1.5708,1.5708,-1.5708,-1.5708,0]","[-3.2411051,-1.0356398,1.1025,0.90258716,0.07058072,-0.47616428]","[0.55,0.18,0.44]",,success,success,成功
37,42,scene_00_no_obstacle,20260525,apf,3079,True,0.005403433999163099,3.511997631714629,0.8151784334708557,4.22252395657677e-14,inf,0.002999999999999989,155,80,1.1721505415132563e-12,0.0,"[-1.5708,-1.5708,1.5708,-1.5708,-1.5708,0]","[-3.2411051,-1.0356398,1.1025,0.90258716,0.07058072,-0.47616428]","[0.55,0.18,0.44]",,success,success,成功
38,42,scene_00_no_obstacle,20260525,apf,3080,True,0.005450500997540075,3.511997631714629,0.8151784334708557,4.22252395657677e-14,inf,0.002999999999999989,155,80,1.1721505415132563e-12,0.0,"[-1.5708,-1.5708,1.5708,-1.5708,-1.5708,0]","[-3.2411051,-1.0356398,1.1025,0.90258716,0.07058072,-0.47616428]","[0.55,0.18,0.44]",,success,success,成功
39,42,scene_00_no_obstacle,20260525,apf,3081,True,0.0056948220008052886,3.511997631714629,0.8151784334708557,4.22252395657677e-14,inf,0.002999999999999989,155,80,1.1721505415132563e-12,0.0,"[-1.5708,-1.5708,1.5708,-1.5708,-1.5708,0]","[-3.2411051,-1.0356398,1.1025,0.90258716,0.07058072,-0.47616428]","[0.55,0.18,0.44]",,success,success,成功
40,42,scene_00_no_obstacle,20260525,apf,3082,True,0.005404110997915268,3.511997631714629,0.8151784334708557,4.22252395657677e-14,inf,0.002999999999999989,155,80,1.1721505415132563e-12,0.0,"[-1.5708,-1.5708,1.5708,-1.5708,-1.5708,0]","[-3.2411051,-1.0356398,1.1025,0.90258716,0.07058072,-0.47616428]","[0.55,0.18,0.44]",,success,success,成功
41,42,scene_00_no_obstacle,20260525,apf,3083,True,0.005405317002441734,3.511997631714629,0.8151784334708557,4.22252395657677e-14,inf,0.002999999999999989,155,80,1.1721505415132563e-12,0.0,"[-1.5708,-1.5708,1.5708,-1.5708,-1.5708,0]","[-3.2411051,-1.0356398,1.1025,0.90258716,0.07058072,-0.47616428]","[0.55,0.18,0.44]",,success,success,成功
42,42,scene_00_no_obstacle,20260525,apf,3084,True,0.005473658002301818,3.511997631714629,0.8151784334708557,4.22252395657677e-14,inf,0.002999999999999989,155,80,1.1721505415132563e-12,0.0,"[-1.5708,-1.5708,1.5708,-1.5708,-1.5708,0]","[-3.2411051,-1.0356398,1.1025,0.90258716,0.07058072,-0.47616428]","[0.55,0.18,0.44]",,success,success,成功
43,42,scene_00_no_obstacle,20260525,apf,3085,True,0.005401166999945417,3.511997631714629,0.8151784334708557,4.22252395657677e-14,inf,0.002999999999999989,155,80,1.1721505415132563e-12,0.0,"[-1.5708,-1.5708,1.5708,-1.5708,-1.5708,0]","[-3.2411051,-1.0356398,1.1025,0.90258716,0.07058072,-0.47616428]","[0.55,0.18,0.44]",,success,success,成功
44,42,scene_00_no_obstacle,20260525,apf,3086,True,0.005556553001952125,3.511997631714629,0.8151784334708557,4.22252395657677e-14,inf,0.002999999999999989,155,80,1.1721505415132563e-12,0.0,"[-1.5708,-1.5708,1.5708,-1.5708,-1.5708,0]","[-3.2411051,-1.0356398,1.1025,0.90258716,0.07058072,-0.47616428]","[0.55,0.18,0.44]",,success,success,成功
45,42,scene_00_no_obstacle,20260525,apf,3087,True,0.00548215200251434,3.511997631714629,0.8151784334708557,4.22252395657677e-14,inf,0.002999999999999989,155,80,1.1721505415132563e-12,0.0,"[-1.5708,-1.5708,1.5708,-1.5708,-1.5708,0]","[-3.2411051,-1.0356398,1.1025,0.90258716,0.07058072,-0.47616428]","[0.55,0.18,0.44]",,success,success,成功
46,42,scene_00_no_obstacle,20260525,apf,3088,True,0.008947031001298456,3.511997631714629,0.8151784334708557,4.22252395657677e-14,inf,0.002999999999999989,155,80,1.1721505415132563e-12,0.0,"[-1.5708,-1.5708,1.5708,-1.5708,-1.5708,0]","[-3.2411051,-1.0356398,1.1025,0.90258716,0.07058072,-0.47616428]","[0.55,0.18,0.44]",,success,success,成功
47,42,scene_00_no_obstacle,20260525,apf,3089,True,0.005488344999321271,3.511997631714629,0.8151784334708557,4.22252395657677e-14,inf,0.002999999999999989,155,80,1.1721505415132563e-12,0.0,"[-1.5708,-1.5708,1.5708,-1.5708,-1.5708,0]","[-3.2411051,-1.0356398,1.1025,0.90258716,0.07058072,-0.47616428]","[0.55,0.18,0.44]",,success,success,成功
48,42,scene_00_no_obstacle,20260525,apf,3090,True,0.005412613001681166,3.511997631714629,0.8151784334708557,4.22252395657677e-14,inf,0.002999999999999989,155,80,1.1721505415132563e-12,0.0,"[-1.5708,-1.5708,1.5708,-1.5708,-1.5708,0]","[-3.2411051,-1.0356398,1.1025,0.90258716,0.07058072,-0.47616428]","[0.55,0.18,0.44]",,success,success,成功
49,42,scene_00_no_obstacle,20260525,apf,3091,True,0.0056103650022123475,3.511997631714629,0.8151784334708557,4.22252395657677e-14,inf,0.002999999999999989,155,80,1.1721505415132563e-12,0.0,"[-1.5708,-1.5708,1.5708,-1.5708,-1.5708,0]","[-3.2411051,-1.0356398,1.1025,0.90258716,0.07058072,-0.47616428]","[0.55,0.18,0.44]",,success,success,成功
0,42,scene_01_single_box,20260526,rrt,10042,True,0.00669299700166448,3.396317238570389,0.7042176292928835,4.246264398462639e-14,0.02927432507745089,0.002999999999999989,162,80,2.273875602096571e-11,0.0,"[-1.5708,-1.5708,1.5708,-1.5708,-1.5708,0]","[-3.1674122,-1.1011656,1.4081904,1.0357216,-0.19727183,-0.24138721]","[0.47,0.22,0.42]",,success,success,成功
1,42,scene_01_single_box,20260526,rrt,10043,True,0.007434200000716373,3.396317238570389,0.7042176292928835,4.246264398462639e-14,0.02927432507745089,0.002999999999999989,179,80,2.273875602096571e-11,0.0,"[-1.5708,-1.5708,1.5708,-1.5708,-1.5708,0]","[-3.1674122,-1.1011656,1.4081904,1.0357216,-0.19727183,-0.24138721]","[0.47,0.22,0.42]",,success,success,成功
2,42,scene_01_single_box,20260526,rrt,10044,True,0.008440926001640037,3.396317238570389,0.7042176292928835,4.246264398462639e-14,0.02927432507745089,0.002999999999999989,202,80,2.273875602096571e-11,0.0,"[-1.5708,-1.5708,1.5708,-1.5708,-1.5708,0]","[-3.1674122,-1.1011656,1.4081904,1.0357216,-0.19727183,-0.24138721]","[0.47,0.22,0.42]",,success,success,成功
3,42,scene_01_single_box,20260526,rrt,10045,True,0.00528776899955119,3.396317238570389,0.7042176292928835,4.246264398462639e-14,0.02927432507745089,0.002999999999999989,130,80,2.273875602096571e-11,0.0,"[-1.5708,-1.5708,1.5708,-1.5708,-1.5708,0]","[-3.1674122,-1.1011656,1.4081904,1.0357216,-0.19727183,-0.24138721]","[0.47,0.22,0.42]",,success,success,成功
4,42,scene_01_single_box,20260526,rrt,10046,True,0.007631692998984363,3.396317238570389,0.7042176292928835,4.246264398462639e-14,0.02927432507745089,0.002999999999999989,179,80,2.273875602096571e-11,0.0,"[-1.5708,-1.5708,1.5708,-1.5708,-1.5708,0]","[-3.1674122,-1.1011656,1.4081904,1.0357216,-0.19727183,-0.24138721]","[0.47,0.22,0.42]",,success,success,成功
5,42,scene_01_single_box,20260526,rrt,10047,True,0.006635940000705887,3.396317238570389,0.7042176292928835,4.246264398462639e-14,0.02927432507745089,0.002999999999999989,160,80,2.273875602096571e-11,0.0,"[-1.5708,-1.5708,1.5708,-1.5708,-1.5708,0]","[-3.1674122,-1.1011656,1.4081904,1.0357216,-0.19727183,-0.24138721]","[0.47,0.22,0.42]",,success,success,成功
6,42,scene_01_single_box,20260526,rrt,10048,True,0.018139615000109188,3.396317238570389,0.7042176292928835,4.246264398462639e-14,0.02927432507745089,0.002999999999999989,190,80,2.273875602096571e-11,0.0,"[-1.5708,-1.5708,1.5708,-1.5708,-1.5708,0]","[-3.1674122,-1.1011656,1.4081904,1.0357216,-0.19727183,-0.24138721]","[0.47,0.22,0.42]",,success,success,成功
7,42,scene_01_single_box,20260526,rrt,10049,True,0.00711511299959966,3.396317238570389,0.7042176292928835,4.246264398462639e-14,0.02927432507745089,0.002999999999999989,171,80,2.273875602096571e-11,0.0,"[-1.5708,-1.5708,1.5708,-1.5708,-1.5708,0]","[-3.1674122,-1.1011656,1.4081904,1.0357216,-0.19727183,-0.24138721]","[0.47,0.22,0.42]",,success,success,成功
8,42,scene_01_single_box,20260526,rrt,10050,True,0.0060291080008028075,3.396317238570389,0.7042176292928835,4.246264398462639e-14,0.02927432507745089,0.002999999999999989,144,80,2.273875602096571e-11,0.0,"[-1.5708,-1.5708,1.5708,-1.5708,-1.5708,0]","[-3.1674122,-1.1011656,1.4081904,1.0357216,-0.19727183,-0.24138721]","[0.47,0.22,0.42]",,success,success,成功
9,42,scene_01_single_box,20260526,rrt,10051,True,0.005886039001779864,3.396317238570389,0.7042176292928835,4.246264398462639e-14,0.02927432507745089,0.002999999999999989,145,80,2.273875602096571e-11,0.0,"[-1.5708,-1.5708,1.5708,-1.5708,-1.5708,0]","[-3.1674122,-1.1011656,1.4081904,1.0357216,-0.19727183,-0.24138721]","[0.47,0.22,0.42]",,success,success,成功
10,42,scene_01_single_box,20260526,rrt,10052,True,0.005274064002151135,3.396317238570389,0.7042176292928835,4.246264398462639e-14,0.02927432507745089,0.002999999999999989,131,80,2.273875602096571e-11,0.0,"[-1.5708,-1.5708,1.5708,-1.5708,-1.5708,0]","[-3.1674122,-1.1011656,1.4081904,1.0357216,-0.19727183,-0.24138721]","[0.47,0.22,0.42]",,success,success,成功
11,42,scene_01_single_box,20260526,rrt,10053,True,0.006920189996890258,3.396317238570389,0.7042176292928835,4.246264398462639e-14,0.02927432507745089,0.002999999999999989,169,80,2.273875602096571e-11,0.0,"[-1.5708,-1.5708,1.5708,-1.5708,-1.5708,0]","[-3.1674122,-1.1011656,1.4081904,1.0357216,-0.19727183,-0.24138721]","[0.47,0.22,0.42]",,success,success,成功
12,42,scene_01_single_box,20260526,rrt,10054,True,0.006300323999312241,3.396317238570389,0.7042176292928835,4.246264398462639e-14,0.02927432507745089,0.002999999999999989,154,80,2.273875602096571e-11,0.0,"[-1.5708,-1.5708,1.5708,-1.5708,-1.5708,0]","[-3.1674122,-1.1011656,1.4081904,1.0357216,-0.19727183,-0.24138721]","[0.47,0.22,0.42]",,success,success,成功
13,42,scene_01_single_box,20260526,rrt,10055,True,0.005489547998877242,3.396317238570389,0.7042176292928835,4.246264398462639e-14,0.02927432507745089,0.002999999999999989,135,80,2.273875602096571e-11,0.0,"[-1.5708,-1.5708,1.5708,-1.5708,-1.5708,0]","[-3.1674122,-1.1011656,1.4081904,1.0357216,-0.19727183,-0.24138721]","[0.47,0.22,0.42]",,success,success,成功
14,42,scene_01_single_box,20260526,rrt,10056,True,0.00822972600144567,3.396317238570389,0.7042176292928835,4.246264398462639e-14,0.02927432507745089,0.002999999999999989,196,80,2.273875602096571e-11,0.0,"[-1.5708,-1.5708,1.5708,-1.5708,-1.5708,0]","[-3.1674122,-1.1011656,1.4081904,1.0357216,-0.19727183,-0.24138721]","[0.47,0.22,0.42]",,success,success,成功
15,42,scene_01_single_box,20260526,rrt,10057,True,0.005864439001015853,3.396317238570389,0.7042176292928835,4.246264398462639e-14,0.02927432507745089,0.002999999999999989,144,80,2.273875602096571e-11,0.0,"[-1.5708,-1.5708,1.5708,-1.5708,-1.5708,0]","[-3.1674122,-1.1011656,1.4081904,1.0357216,-0.19727183,-0.24138721]","[0.47,0.22,0.42]",,success,success,成功
16,42,scene_01_single_box,20260526,rrt,10058,True,0.005424961997050559,3.396317238570389,0.7042176292928835,4.246264398462639e-14,0.02927432507745089,0.002999999999999989,135,80,2.273875602096571e-11,0.0,"[-1.5708,-1.5708,1.5708,-1.5708,-1.5708,0]","[-3.1674122,-1.1011656,1.4081904,1.0357216,-0.19727183,-0.24138721]","[0.47,0.22,0.42]",,success,success,成功
17,42,scene_01_single_box,20260526,rrt,10059,True,0.004792855997948209,3.396317238570389,0.7042176292928835,4.246264398462639e-14,0.02927432507745089,0.002999999999999989,122,80,2.273875602096571e-11,0.0,"[-1.5708,-1.5708,1.5708,-1.5708,-1.5708,0]","[-3.1674122,-1.1011656,1.4081904,1.0357216,-0.19727183,-0.24138721]","[0.47,0.22,0.42]",,success,success,成功
18,42,scene_01_single_box,20260526,rrt,10060,True,0.007827262001228519,3.396317238570389,0.7042176292928835,4.246264398462639e-14,0.02927432507745089,0.002999999999999989,185,80,2.273875602096571e-11,0.0,"[-1.5708,-1.5708,1.5708,-1.5708,-1.5708,0]","[-3.1674122,-1.1011656,1.4081904,1.0357216,-0.19727183,-0.24138721]","[0.47,0.22,0.42]",,success,success,成功
19,42,scene_01_single_box,20260526,rrt,10061,True,0.005769904997578124,3.396317238570389,0.7042176292928835,4.246264398462639e-14,0.02927432507745089,0.002999999999999989,135,80,2.273875602096571e-11,0.0,"[-1.5708,-1.5708,1.5708,-1.5708,-1.5708,0]","[-3.1674122,-1.1011656,1.4081904,1.0357216,-0.19727183,-0.24138721]","[0.47,0.22,0.42]",,success,success,成功
20,42,scene_01_single_box,20260526,rrt,10062,True,0.00827143700007582,3.396317238570389,0.7042176292928835,4.246264398462639e-14,0.02927432507745089,0.002999999999999989,195,80,2.273875602096571e-11,0.0,"[-1.5708,-1.5708,1.5708,-1.5708,-1.5708,0]","[-3.1674122,-1.1011656,1.4081904,1.0357216,-0.19727183,-0.24138721]","[0.47,0.22,0.42]",,success,success,成功
21,42,scene_01_single_box,20260526,rrt,10063,True,0.005834979001519969,3.396317238570389,0.7042176292928835,4.246264398462639e-14,0.02927432507745089,0.002999999999999989,141,80,2.273875602096571e-11,0.0,"[-1.5708,-1.5708,1.5708,-1.5708,-1.5708,0]","[-3.1674122,-1.1011656,1.4081904,1.0357216,-0.19727183,-0.24138721]","[0.47,0.22,0.42]",,success,success,成功
22,42,scene_01_single_box,20260526,rrt,10064,True,0.006531527997140074,3.396317238570389,0.7042176292928835,4.246264398462639e-14,0.02927432507745089,0.002999999999999989,160,80,2.273875602096571e-11,0.0,"[-1.5708,-1.5708,1.5708,-1.5708,-1.5708,0]","[-3.1674122,-1.1011656,1.4081904,1.0357216,-0.19727183,-0.24138721]","[0.47,0.22,0.42]",,success,success,成功
23,42,scene_01_single_box,20260526,rrt,10065,True,0.004214888998831157,3.396317238570389,0.7042176292928835,4.246264398462639e-14,0.02927432507745089,0.002999999999999989,104,80,2.273875602096571e-11,0.0,"[-1.5708,-1.5708,1.5708,-1.5708,-1.5708,0]","[-3.1674122,-1.1011656,1.4081904,1.0357216,-0.19727183,-0.24138721]","[0.47,0.22,0.42]",,success,success,成功
24,42,scene_01_single_box,20260526,rrt,10066,True,0.007657663998543285,3.396317238570389,0.7042176292928835,4.246264398462639e-14,0.02927432507745089,0.002999999999999989,181,80,2.273875602096571e-11,0.0,"[-1.5708,-1.5708,1.5708,-1.5708,-1.5708,0]","[-3.1674122,-1.1011656,1.4081904,1.0357216,-0.19727183,-0.24138721]","[0.47,0.22,0.42]",,success,success,成功
25,42,scene_01_single_box,20260526,rrt,10067,True,0.005552455000724876,3.396317238570389,0.7042176292928835,4.246264398462639e-14,0.02927432507745089,0.002999999999999989,131,80,2.273875602096571e-11,0.0,"[-1.5708,-1.5708,1.5708,-1.5708,-1.5708,0]","[-3.1674122,-1.1011656,1.4081904,1.0357216,-0.19727183,-0.24138721]","[0.47,0.22,0.42]",,success,success,成功
26,42,scene_01_single_box,20260526,rrt,10068,True,0.005235922999418108,3.396317238570389,0.7042176292928835,4.246264398462639e-14,0.02927432507745089,0.002999999999999989,129,80,2.273875602096571e-11,0.0,"[-1.5708,-1.5708,1.5708,-1.5708,-1.5708,0]","[-3.1674122,-1.1011656,1.4081904,1.0357216,-0.19727183,-0.24138721]","[0.47,0.22,0.42]",,success,success,成功
27,42,scene_01_single_box,20260526,rrt,10069,True,0.006621018001169432,3.396317238570389,0.7042176292928835,4.246264398462639e-14,0.02927432507745089,0.002999999999999989,162,80,2.273875602096571e-11,0.0,"[-1.5708,-1.5708,1.5708,-1.5708,-1.5708,0]","[-3.1674122,-1.1011656,1.4081904,1.0357216,-0.19727183,-0.24138721]","[0.47,0.22,0.42]",,success,success,成功
28,42,scene_01_single_box,20260526,rrt,10070,True,0.006494606001069769,3.396317238570389,0.7042176292928835,4.246264398462639e-14,0.02927432507745089,0.002999999999999989,160,80,2.273875602096571e-11,0.0,"[-1.5708,-1.5708,1.5708,-1.5708,-1.5708,0]","[-3.1674122,-1.1011656,1.4081904,1.0357216,-0.19727183,-0.24138721]","[0.47,0.22,0.42]",,success,success,成功
29,42,scene_01_single_box,20260526,rrt,10071,True,0.004444911002792651,3.396317238570389,0.7042176292928835,4.246264398462639e-14,0.02927432507745089,0.002999999999999989,111,80,2.273875602096571e-11,0.0,"[-1.5708,-1.5708,1.5708,-1.5708,-1.5708,0]","[-3.1674122,-1.1011656,1.4081904,1.0357216,-0.19727183,-0.24138721]","[0.47,0.22,0.42]",,success,success,成功
30,42,scene_01_single_box,20260526,rrt,10072,True,0.007289590997970663,3.396317238570389,0.7042176292928835,4.246264398462639e-14,0.02927432507745089,0.002999999999999989,175,80,2.273875602096571e-11,0.0,"[-1.5708,-1.5708,1.5708,-1.5708,-1.5708,0]","[-3.1674122,-1.1011656,1.4081904,1.0357216,-0.19727183,-0.24138721]","[0.47,0.22,0.42]",,success,success,成功
31,42,scene_01_single_box,20260526,rrt,10073,True,0.008061084001383279,3.396317238570389,0.7042176292928835,4.246264398462639e-14,0.02927432507745089,0.002999999999999989,191,80,2.273875602096571e-11,0.0,"[-1.5708,-1.5708,1.5708,-1.5708,-1.5708,0]","[-3.1674122,-1.1011656,1.4081904,1.0357216,-0.19727183,-0.24138721]","[0.47,0.22,0.42]",,success,success,成功
32,42,scene_01_single_box,20260526,rrt,10074,True,0.00847785199948703,3.396317238570389,0.7042176292928835,4.246264398462639e-14,0.02927432507745089,0.002999999999999989,179,80,2.273875602096571e-11,0.0,"[-1.5708,-1.5708,1.5708,-1.5708,-1.5708,0]","[-3.1674122,-1.1011656,1.4081904,1.0357216,-0.19727183,-0.24138721]","[0.47,0.22,0.42]",,success,success,成功
33,42,scene_01_single_box,20260526,rrt,10075,True,0.0051110599997628015,3.396317238570389,0.7042176292928835,4.246264398462639e-14,0.02927432507745089,0.002999999999999989,115,80,2.273875602096571e-11,0.0,"[-1.5708,-1.5708,1.5708,-1.5708,-1.5708,0]","[-3.1674122,-1.1011656,1.4081904,1.0357216,-0.19727183,-0.24138721]","[0.47,0.22,0.42]",,success,success,成功
34,42,scene_01_single_box,20260526,rrt,10076,True,0.00832463199913036,3.396317238570389,0.7042176292928835,4.246264398462639e-14,0.02927432507745089,0.002999999999999989,191,80,2.273875602096571e-11,0.0,"[-1.5708,-1.5708,1.5708,-1.5708,-1.5708,0]","[-3.1674122,-1.1011656,1.4081904,1.0357216,-0.19727183,-0.24138721]","[0.47,0.22,0.42]",,success,success,成功
35,42,scene_01_single_box,20260526,rrt,10077,True,0.005767588001617696,3.396317238570389,0.7042176292928835,4.246264398462639e-14,0.02927432507745089,0.002999999999999989,140,80,2.273875602096571e-11,0.0,"[-1.5708,-1.5708,1.5708,-1.5708,-1.5708,0]","[-3.1674122,-1.1011656,1.4081904,1.0357216,-0.19727183,-0.24138721]","[0.47,0.22,0.42]",,success,success,成功
36,42,scene_01_single_box,20260526,rrt,10078,True,0.006704560000798665,3.396317238570389,0.7042176292928835,4.246264398462639e-14,0.02927432507745089,0.002999999999999989,162,80,2.273875602096571e-11,0.0,"[-1.5708,-1.5708,1.5708,-1.5708,-1.5708,0]","[-3.1674122,-1.1011656,1.4081904,1.0357216,-0.19727183,-0.24138721]","[0.47,0.22,0.42]",,success,success,成功
37,42,scene_01_single_box,20260526,rrt,10079,True,0.00803580600040732,3.396317238570389,0.7042176292928835,4.246264398462639e-14,0.02927432507745089,0.002999999999999989,189,80,2.273875602096571e-11,0.0,"[-1.5708,-1.5708,1.5708,-1.5708,-1.5708,0]","[-3.1674122,-1.1011656,1.4081904,1.0357216,-0.19727183,-0.24138721]","[0.47,0.22,0.42]",,success,success,成功
38,42,scene_01_single_box,20260526,rrt,10080,True,0.005132588998094434,3.396317238570389,0.7042176292928835,4.246264398462639e-14,0.02927432507745089,0.002999999999999989,126,80,2.273875602096571e-11,0.0,"[-1.5708,-1.5708,1.5708,-1.5708,-1.5708,0]","[-3.1674122,-1.1011656,1.4081904,1.0357216,-0.19727183,-0.24138721]","[0.47,0.22,0.42]",,success,success,成功
39,42,scene_01_single_box,20260526,rrt,10081,True,0.008305305000249064,3.396317238570389,0.7042176292928835,4.246264398462639e-14,0.02927432507745089,0.002999999999999989,186,80,2.273875602096571e-11,0.0,"[-1.5708,-1.5708,1.5708,-1.5708,-1.5708,0]","[-3.1674122,-1.1011656,1.4081904,1.0357216,-0.19727183,-0.24138721]","[0.47,0.22,0.42]",,success,success,成功
40,42,scene_01_single_box,20260526,rrt,10082,True,0.006942075000551995,3.396317238570389,0.7042176292928835,4.246264398462639e-14,0.02927432507745089,0.002999999999999989,170,80,2.273875602096571e-11,0.0,"[-1.5708,-1.5708,1.5708,-1.5708,-1.5708,0]","[-3.1674122,-1.1011656,1.4081904,1.0357216,-0.19727183,-0.24138721]","[0.47,0.22,0.42]",,success,success,成功
41,42,scene_01_single_box,20260526,rrt,10083,True,0.005693823000910925,3.396317238570389,0.7042176292928835,4.246264398462639e-14,0.02927432507745089,0.002999999999999989,142,80,2.273875602096571e-11,0.0,"[-1.5708,-1.5708,1.5708,-1.5708,-1.5708,0]","[-3.1674122,-1.1011656,1.4081904,1.0357216,-0.19727183,-0.24138721]","[0.47,0.22,0.42]",,success,success,成功
42,42,scene_01_single_box,20260526,rrt,10084,True,0.006677538000076311,3.396317238570389,0.7042176292928835,4.246264398462639e-14,0.02927432507745089,0.002999999999999989,160,80,2.273875602096571e-11,0.0,"[-1.5708,-1.5708,1.5708,-1.5708,-1.5708,0]","[-3.1674122,-1.1011656,1.4081904,1.0357216,-0.19727183,-0.24138721]","[0.47,0.22,0.42]",,success,success,成功
43,42,scene_01_single_box,20260526,rrt,10085,True,0.005773551001766464,3.396317238570389,0.7042176292928835,4.246264398462639e-14,0.02927432507745089,0.002999999999999989,130,80,2.273875602096571e-11,0.0,"[-1.5708,-1.5708,1.5708,-1.5708,-1.5708,0]","[-3.1674122,-1.1011656,1.4081904,1.0357216,-0.19727183,-0.24138721]","[0.47,0.22,0.42]",,success,success,成功
44,42,scene_01_single_box,20260526,rrt,10086,True,0.0067104169975209516,3.396317238570389,0.7042176292928835,4.246264398462639e-14,0.02927432507745089,0.002999999999999989,164,80,2.273875602096571e-11,0.0,"[-1.5708,-1.5708,1.5708,-1.5708,-1.5708,0]","[-3.1674122,-1.1011656,1.4081904,1.0357216,-0.19727183,-0.24138721]","[0.47,0.22,0.42]",,success,success,成功
45,42,scene_01_single_box,20260526,rrt,10087,True,0.005108178000227781,3.396317238570389,0.7042176292928835,4.246264398462639e-14,0.02927432507745089,0.002999999999999989,127,80,2.273875602096571e-11,0.0,"[-1.5708,-1.5708,1.5708,-1.5708,-1.5708,0]","[-3.1674122,-1.1011656,1.4081904,1.0357216,-0.19727183,-0.24138721]","[0.47,0.22,0.42]",,success,success,成功
46,42,scene_01_single_box,20260526,rrt,10088,True,0.007265802996698767,3.396317238570389,0.7042176292928835,4.246264398462639e-14,0.02927432507745089,0.002999999999999989,175,80,2.273875602096571e-11,0.0,"[-1.5708,-1.5708,1.5708,-1.5708,-1.5708,0]","[-3.1674122,-1.1011656,1.4081904,1.0357216,-0.19727183,-0.24138721]","[0.47,0.22,0.42]",,success,success,成功
47,42,scene_01_single_box,20260526,rrt,10089,True,0.006005392002407461,3.396317238570389,0.7042176292928835,4.246264398462639e-14,0.02927432507745089,0.002999999999999989,147,80,2.273875602096571e-11,0.0,"[-1.5708,-1.5708,1.5708,-1.5708,-1.5708,0]","[-3.1674122,-1.1011656,1.4081904,1.0357216,-0.19727183,-0.24138721]","[0.47,0.22,0.42]",,success,success,成功
48,42,scene_01_single_box,20260526,rrt,10090,True,0.006260088997805724,3.396317238570389,0.7042176292928835,4.246264398462639e-14,0.02927432507745089,0.002999999999999989,149,80,2.273875602096571e-11,0.0,"[-1.5708,-1.5708,1.5708,-1.5708,-1.5708,0]","[-3.1674122,-1.1011656,1.4081904,1.0357216,-0.19727183,-0.24138721]","[0.47,0.22,0.42]",,success,success,成功
49,42,scene_01_single_box,20260526,rrt,10091,True,0.004883782999968389,3.396317238570389,0.7042176292928835,4.246264398462639e-14,0.02927432507745089,0.002999999999999989,121,80,2.273875602096571e-11,0.0,"[-1.5708,-1.5708,1.5708,-1.5708,-1.5708,0]","[-3.1674122,-1.1011656,1.4081904,1.0357216,-0.19727183,-0.24138721]","[0.47,0.22,0.42]",,success,success,成功
0,42,scene_01_single_box,20260526,rrt_connect,11042,True,0.00336690300173359,3.396317238570389,0.7042176292928835,4.246264398462639e-14,0.02927432507745089,0.002999999999999989,87,80,2.273875602096571e-11,0.0,"[-1.5708,-1.5708,1.5708,-1.5708,-1.5708,0]","[-3.1674122,-1.1011656,1.4081904,1.0357216,-0.19727183,-0.24138721]","[0.47,0.22,0.42]",,success,success,成功
1,42,scene_01_single_box,20260526,rrt_connect,11043,True,0.0040081500010273885,3.396317238570389,0.7042176292928835,4.246264398462639e-14,0.02927432507745089,0.002999999999999989,87,80,2.273875602096571e-11,0.0,"[-1.5708,-1.5708,1.5708,-1.5708,-1.5708,0]","[-3.1674122,-1.1011656,1.4081904,1.0357216,-0.19727183,-0.24138721]","[0.47,0.22,0.42]",,success,success,成功
2,42,scene_01_single_box,20260526,rrt_connect,11044,True,0.0033675720005703624,3.396317238570389,0.7042176292928835,4.246264398462639e-14,0.02927432507745089,0.002999999999999989,87,80,2.273875602096571e-11,0.0,"[-1.5708,-1.5708,1.5708,-1.5708,-1.5708,0]","[-3.1674122,-1.1011656,1.4081904,1.0357216,-0.19727183,-0.24138721]","[0.47,0.22,0.42]",,success,success,成功
3,42,scene_01_single_box,20260526,rrt_connect,11045,True,0.0034193499996035825,3.396317238570389,0.7042176292928835,4.246264398462639e-14,0.02927432507745089,0.002999999999999989,87,80,2.273875602096571e-11,0.0,"[-1.5708,-1.5708,1.5708,-1.5708,-1.5708,0]","[-3.1674122,-1.1011656,1.4081904,1.0357216,-0.19727183,-0.24138721]","[0.47,0.22,0.42]",,success,success,成功
4,42,scene_01_single_box,20260526,rrt_connect,11046,True,0.003346153000165941,3.396317238570389,0.7042176292928835,4.246264398462639e-14,0.02927432507745089,0.002999999999999989,87,80,2.273875602096571e-11,0.0,"[-1.5708,-1.5708,1.5708,-1.5708,-1.5708,0]","[-3.1674122,-1.1011656,1.4081904,1.0357216,-0.19727183,-0.24138721]","[0.47,0.22,0.42]",,success,success,成功
5,42,scene_01_single_box,20260526,rrt_connect,11047,True,0.0035958679982286412,3.396317238570389,0.7042176292928835,4.246264398462639e-14,0.02927432507745089,0.002999999999999989,92,80,2.273875602096571e-11,0.0,"[-1.5708,-1.5708,1.5708,-1.5708,-1.5708,0]","[-3.1674122,-1.1011656,1.4081904,1.0357216,-0.19727183,-0.24138721]","[0.47,0.22,0.42]",,success,success,成功
6,42,scene_01_single_box,20260526,rrt_connect,11048,True,0.0033748960013326723,3.396317238570389,0.7042176292928835,4.246264398462639e-14,0.02927432507745089,0.002999999999999989,87,80,2.273875602096571e-11,0.0,"[-1.5708,-1.5708,1.5708,-1.5708,-1.5708,0]","[-3.1674122,-1.1011656,1.4081904,1.0357216,-0.19727183,-0.24138721]","[0.47,0.22,0.42]",,success,success,成功
7,42,scene_01_single_box,20260526,rrt_connect,11049,True,0.003609750001487555,3.396317238570389,0.7042176292928835,4.246264398462639e-14,0.02927432507745089,0.002999999999999989,92,80,2.273875602096571e-11,0.0,"[-1.5708,-1.5708,1.5708,-1.5708,-1.5708,0]","[-3.1674122,-1.1011656,1.4081904,1.0357216,-0.19727183,-0.24138721]","[0.47,0.22,0.42]",,success,success,成功
8,42,scene_01_single_box,20260526,rrt_connect,11050,True,0.0033417869999539107,3.396317238570389,0.7042176292928835,4.246264398462639e-14,0.02927432507745089,0.002999999999999989,87,80,2.273875602096571e-11,0.0,"[-1.5708,-1.5708,1.5708,-1.5708,-1.5708,0]","[-3.1674122,-1.1011656,1.4081904,1.0357216,-0.19727183,-0.24138721]","[0.47,0.22,0.42]",,success,success,成功
9,42,scene_01_single_box,20260526,rrt_connect,11051,True,0.003377887998794904,3.396317238570389,0.7042176292928835,4.246264398462639e-14,0.02927432507745089,0.002999999999999989,87,80,2.273875602096571e-11,0.0,"[-1.5708,-1.5708,1.5708,-1.5708,-1.5708,0]","[-3.1674122,-1.1011656,1.4081904,1.0357216,-0.19727183,-0.24138721]","[0.47,0.22,0.42]",,success,success,成功
10,42,scene_01_single_box,20260526,rrt_connect,11052,True,0.003444492998823989,3.396317238570389,0.7042176292928835,4.246264398462639e-14,0.02927432507745089,0.002999999999999989,87,80,2.273875602096571e-11,0.0,"[-1.5708,-1.5708,1.5708,-1.5708,-1.5708,0]","[-3.1674122,-1.1011656,1.4081904,1.0357216,-0.19727183,-0.24138721]","[0.47,0.22,0.42]",,success,success,成功
11,42,scene_01_single_box,20260526,rrt_connect,11053,True,0.0033412349985155743,3.396317238570389,0.7042176292928835,4.246264398462639e-14,0.02927432507745089,0.002999999999999989,87,80,2.273875602096571e-11,0.0,"[-1.5708,-1.5708,1.5708,-1.5708,-1.5708,0]","[-3.1674122,-1.1011656,1.4081904,1.0357216,-0.19727183,-0.24138721]","[0.47,0.22,0.42]",,success,success,成功
12,42,scene_01_single_box,20260526,rrt_connect,11054,True,0.008094348999293288,3.396317238570389,0.7042176292928835,4.246264398462639e-14,0.02927432507745089,0.002999999999999989,87,80,2.273875602096571e-11,0.0,"[-1.5708,-1.5708,1.5708,-1.5708,-1.5708,0]","[-3.1674122,-1.1011656,1.4081904,1.0357216,-0.19727183,-0.24138721]","[0.47,0.22,0.42]",,success,success,成功
13,42,scene_01_single_box,20260526,rrt_connect,11055,True,0.0034596109981066547,3.396317238570389,0.7042176292928835,4.246264398462639e-14,0.02927432507745089,0.002999999999999989,92,80,2.273875602096571e-11,0.0,"[-1.5708,-1.5708,1.5708,-1.5708,-1.5708,0]","[-3.1674122,-1.1011656,1.4081904,1.0357216,-0.19727183,-0.24138721]","[0.47,0.22,0.42]",,success,success,成功
14,42,scene_01_single_box,20260526,rrt_connect,11056,True,0.0035698959982255474,3.396317238570389,0.7042176292928835,4.246264398462639e-14,0.02927432507745089,0.002999999999999989,87,80,2.273875602096571e-11,0.0,"[-1.5708,-1.5708,1.5708,-1.5708,-1.5708,0]","[-3.1674122,-1.1011656,1.4081904,1.0357216,-0.19727183,-0.24138721]","[0.47,0.22,0.42]",,success,success,成功
15,42,scene_01_single_box,20260526,rrt_connect,11057,True,0.003276997998909792,3.396317238570389,0.7042176292928835,4.246264398462639e-14,0.02927432507745089,0.002999999999999989,87,80,2.273875602096571e-11,0.0,"[-1.5708,-1.5708,1.5708,-1.5708,-1.5708,0]","[-3.1674122,-1.1011656,1.4081904,1.0357216,-0.19727183,-0.24138721]","[0.47,0.22,0.42]",,success,success,成功
16,42,scene_01_single_box,20260526,rrt_connect,11058,True,0.0035769870009971783,3.396317238570389,0.7042176292928835,4.246264398462639e-14,0.02927432507745089,0.002999999999999989,92,80,2.273875602096571e-11,0.0,"[-1.5708,-1.5708,1.5708,-1.5708,-1.5708,0]","[-3.1674122,-1.1011656,1.4081904,1.0357216,-0.19727183,-0.24138721]","[0.47,0.22,0.42]",,success,success,成功
17,42,scene_01_single_box,20260526,rrt_connect,11059,True,0.0033756230004655663,3.396317238570389,0.7042176292928835,4.246264398462639e-14,0.02927432507745089,0.002999999999999989,87,80,2.273875602096571e-11,0.0,"[-1.5708,-1.5708,1.5708,-1.5708,-1.5708,0]","[-3.1674122,-1.1011656,1.4081904,1.0357216,-0.19727183,-0.24138721]","[0.47,0.22,0.42]",,success,success,成功
18,42,scene_01_single_box,20260526,rrt_connect,11060,True,0.0034479470014048275,3.396317238570389,0.7042176292928835,4.246264398462639e-14,0.02927432507745089,0.002999999999999989,87,80,2.273875602096571e-11,0.0,"[-1.5708,-1.5708,1.5708,-1.5708,-1.5708,0]","[-3.1674122,-1.1011656,1.4081904,1.0357216,-0.19727183,-0.24138721]","[0.47,0.22,0.42]",,success,success,成功
19,42,scene_01_single_box,20260526,rrt_connect,11061,True,0.003633513999375282,3.396317238570389,0.7042176292928835,4.246264398462639e-14,0.02927432507745089,0.002999999999999989,92,80,2.273875602096571e-11,0.0,"[-1.5708,-1.5708,1.5708,-1.5708,-1.5708,0]","[-3.1674122,-1.1011656,1.4081904,1.0357216,-0.19727183,-0.24138721]","[0.47,0.22,0.42]",,success,success,成功
20,42,scene_01_single_box,20260526,rrt_connect,11062,True,0.003359777001605835,3.396317238570389,0.7042176292928835,4.246264398462639e-14,0.02927432507745089,0.002999999999999989,87,80,2.273875602096571e-11,0.0,"[-1.5708,-1.5708,1.5708,-1.5708,-1.5708,0]","[-3.1674122,-1.1011656,1.4081904,1.0357216,-0.19727183,-0.24138721]","[0.47,0.22,0.42]",,success,success,成功
21,42,scene_01_single_box,20260526,rrt_connect,11063,True,0.0035422949986241292,3.396317238570389,0.7042176292928835,4.246264398462639e-14,0.02927432507745089,0.002999999999999989,87,80,2.273875602096571e-11,0.0,"[-1.5708,-1.5708,1.5708,-1.5708,-1.5708,0]","[-3.1674122,-1.1011656,1.4081904,1.0357216,-0.19727183,-0.24138721]","[0.47,0.22,0.42]",,success,success,成功
22,42,scene_01_single_box,20260526,rrt_connect,11064,True,0.0035249069987912662,3.396317238570389,0.7042176292928835,4.246264398462639e-14,0.02927432507745089,0.002999999999999989,87,80,2.273875602096571e-11,0.0,"[-1.5708,-1.5708,1.5708,-1.5708,-1.5708,0]","[-3.1674122,-1.1011656,1.4081904,1.0357216,-0.19727183,-0.24138721]","[0.47,0.22,0.42]",,success,success,成功
23,42,scene_01_single_box,20260526,rrt_connect,11065,True,0.0038398090000555385,3.396317238570389,0.7042176292928835,4.246264398462639e-14,0.02927432507745089,0.002999999999999989,87,80,2.273875602096571e-11,0.0,"[-1.5708,-1.5708,1.5708,-1.5708,-1.5708,0]","[-3.1674122,-1.1011656,1.4081904,1.0357216,-0.19727183,-0.24138721]","[0.47,0.22,0.42]",,success,success,成功
24,42,scene_01_single_box,20260526,rrt_connect,11066,True,0.0033469460031483322,3.396317238570389,0.7042176292928835,4.246264398462639e-14,0.02927432507745089,0.002999999999999989,87,80,2.273875602096571e-11,0.0,"[-1.5708,-1.5708,1.5708,-1.5708,-1.5708,0]","[-3.1674122,-1.1011656,1.4081904,1.0357216,-0.19727183,-0.24138721]","[0.47,0.22,0.42]",,success,success,成功
25,42,scene_01_single_box,20260526,rrt_connect,11067,True,0.003573220001271693,3.396317238570389,0.7042176292928835,4.246264398462639e-14,0.02927432507745089,0.002999999999999989,92,80,2.273875602096571e-11,0.0,"[-1.5708,-1.5708,1.5708,-1.5708,-1.5708,0]","[-3.1674122,-1.1011656,1.4081904,1.0357216,-0.19727183,-0.24138721]","[0.47,0.22,0.42]",,success,success,成功
26,42,scene_01_single_box,20260526,rrt_connect,11068,True,0.0033952530029637273,3.396317238570389,0.7042176292928835,4.246264398462639e-14,0.02927432507745089,0.002999999999999989,87,80,2.273875602096571e-11,0.0,"[-1.5708,-1.5708,1.5708,-1.5708,-1.5708,0]","[-3.1674122,-1.1011656,1.4081904,1.0357216,-0.19727183,-0.24138721]","[0.47,0.22,0.42]",,success,success,成功
27,42,scene_01_single_box,20260526,rrt_connect,11069,True,0.0036348520006868057,3.396317238570389,0.7042176292928835,4.246264398462639e-14,0.02927432507745089,0.002999999999999989,87,80,2.273875602096571e-11,0.0,"[-1.5708,-1.5708,1.5708,-1.5708,-1.5708,0]","[-3.1674122,-1.1011656,1.4081904,1.0357216,-0.19727183,-0.24138721]","[0.47,0.22,0.42]",,success,success,成功
28,42,scene_01_single_box,20260526,rrt_connect,11070,True,0.003351884999574395,3.396317238570389,0.7042176292928835,4.246264398462639e-14,0.02927432507745089,0.002999999999999989,87,80,2.273875602096571e-11,0.0,"[-1.5708,-1.5708,1.5708,-1.5708,-1.5708,0]","[-3.1674122,-1.1011656,1.4081904,1.0357216,-0.19727183,-0.24138721]","[0.47,0.22,0.42]",,success,success,成功
29,42,scene_01_single_box,20260526,rrt_connect,11071,True,0.003405040999496123,3.396317238570389,0.7042176292928835,4.246264398462639e-14,0.02927432507745089,0.002999999999999989,87,80,2.273875602096571e-11,0.0,"[-1.5708,-1.5708,1.5708,-1.5708,-1.5708,0]","[-3.1674122,-1.1011656,1.4081904,1.0357216,-0.19727183,-0.24138721]","[0.47,0.22,0.42]",,success,success,成功
30,42,scene_01_single_box,20260526,rrt_connect,11072,True,0.0036200349968567025,3.396317238570389,0.7042176292928835,4.246264398462639e-14,0.02927432507745089,0.002999999999999989,92,80,2.273875602096571e-11,0.0,"[-1.5708,-1.5708,1.5708,-1.5708,-1.5708,0]","[-3.1674122,-1.1011656,1.4081904,1.0357216,-0.19727183,-0.24138721]","[0.47,0.22,0.42]",,success,success,成功
31,42,scene_01_single_box,20260526,rrt_connect,11073,True,0.003356388999236515,3.396317238570389,0.7042176292928835,4.246264398462639e-14,0.02927432507745089,0.002999999999999989,87,80,2.273875602096571e-11,0.0,"[-1.5708,-1.5708,1.5708,-1.5708,-1.5708,0]","[-3.1674122,-1.1011656,1.4081904,1.0357216,-0.19727183,-0.24138721]","[0.47,0.22,0.42]",,success,success,成功
32,42,scene_01_single_box,20260526,rrt_connect,11074,True,0.003392647999135079,3.396317238570389,0.7042176292928835,4.246264398462639e-14,0.02927432507745089,0.002999999999999989,87,80,2.273875602096571e-11,0.0,"[-1.5708,-1.5708,1.5708,-1.5708,-1.5708,0]","[-3.1674122,-1.1011656,1.4081904,1.0357216,-0.19727183,-0.24138721]","[0.47,0.22,0.42]",,success,success,成功
33,42,scene_01_single_box,20260526,rrt_connect,11075,True,0.0034167970006819814,3.396317238570389,0.7042176292928835,4.246264398462639e-14,0.02927432507745089,0.002999999999999989,87,80,2.273875602096571e-11,0.0,"[-1.5708,-1.5708,1.5708,-1.5708,-1.5708,0]","[-3.1674122,-1.1011656,1.4081904,1.0357216,-0.19727183,-0.24138721]","[0.47,0.22,0.42]",,success,success,成功
34,42,scene_01_single_box,20260526,rrt_connect,11076,True,0.003356463999807602,3.396317238570389,0.7042176292928835,4.246264398462639e-14,0.02927432507745089,0.002999999999999989,87,80,2.273875602096571e-11,0.0,"[-1.5708,-1.5708,1.5708,-1.5708,-1.5708,0]","[-3.1674122,-1.1011656,1.4081904,1.0357216,-0.19727183,-0.24138721]","[0.47,0.22,0.42]",,success,success,成功
35,42,scene_01_single_box,20260526,rrt_connect,11077,True,0.005470879001222784,3.396317238570389,0.7042176292928835,4.246264398462639e-14,0.02927432507745089,0.002999999999999989,87,80,2.273875602096571e-11,0.0,"[-1.5708,-1.5708,1.5708,-1.5708,-1.5708,0]","[-3.1674122,-1.1011656,1.4081904,1.0357216,-0.19727183,-0.24138721]","[0.47,0.22,0.42]",,success,success,成功
36,42,scene_01_single_box,20260526,rrt_connect,11078,True,0.0033794289993238635,3.396317238570389,0.7042176292928835,4.246264398462639e-14,0.02927432507745089,0.002999999999999989,87,80,2.273875602096571e-11,0.0,"[-1.5708,-1.5708,1.5708,-1.5708,-1.5708,0]","[-3.1674122,-1.1011656,1.4081904,1.0357216,-0.19727183,-0.24138721]","[0.47,0.22,0.42]",,success,success,成功
37,42,scene_01_single_box,20260526,rrt_connect,11079,True,0.003436228998907609,3.396317238570389,0.7042176292928835,4.246264398462639e-14,0.02927432507745089,0.002999999999999989,87,80,2.273875602096571e-11,0.0,"[-1.5708,-1.5708,1.5708,-1.5708,-1.5708,0]","[-3.1674122,-1.1011656,1.4081904,1.0357216,-0.19727183,-0.24138721]","[0.47,0.22,0.42]",,success,success,成功
38,42,scene_01_single_box,20260526,rrt_connect,11080,True,0.003651430000900291,3.396317238570389,0.7042176292928835,4.246264398462639e-14,0.02927432507745089,0.002999999999999989,92,80,2.273875602096571e-11,0.0,"[-1.5708,-1.5708,1.5708,-1.5708,-1.5708,0]","[-3.1674122,-1.1011656,1.4081904,1.0357216,-0.19727183,-0.24138721]","[0.47,0.22,0.42]",,success,success,成功
39,42,scene_01_single_box,20260526,rrt_connect,11081,True,0.0033709630006342195,3.396317238570389,0.7042176292928835,4.246264398462639e-14,0.02927432507745089,0.002999999999999989,87,80,2.273875602096571e-11,0.0,"[-1.5708,-1.5708,1.5708,-1.5708,-1.5708,0]","[-3.1674122,-1.1011656,1.4081904,1.0357216,-0.19727183,-0.24138721]","[0.47,0.22,0.42]",,success,success,成功
40,42,scene_01_single_box,20260526,rrt_connect,11082,True,0.003337160000228323,3.396317238570389,0.7042176292928835,4.246264398462639e-14,0.02927432507745089,0.002999999999999989,87,80,2.273875602096571e-11,0.0,"[-1.5708,-1.5708,1.5708,-1.5708,-1.5708,0]","[-3.1674122,-1.1011656,1.4081904,1.0357216,-0.19727183,-0.24138721]","[0.47,0.22,0.42]",,success,success,成功
41,42,scene_01_single_box,20260526,rrt_connect,11083,True,0.003577835999749368,3.396317238570389,0.7042176292928835,4.246264398462639e-14,0.02927432507745089,0.002999999999999989,92,80,2.273875602096571e-11,0.0,"[-1.5708,-1.5708,1.5708,-1.5708,-1.5708,0]","[-3.1674122,-1.1011656,1.4081904,1.0357216,-0.19727183,-0.24138721]","[0.47,0.22,0.42]",,success,success,成功
42,42,scene_01_single_box,20260526,rrt_connect,11084,True,0.0035225749998062383,3.396317238570389,0.7042176292928835,4.246264398462639e-14,0.02927432507745089,0.002999999999999989,92,80,2.273875602096571e-11,0.0,"[-1.5708,-1.5708,1.5708,-1.5708,-1.5708,0]","[-3.1674122,-1.1011656,1.4081904,1.0357216,-0.19727183,-0.24138721]","[0.47,0.22,0.42]",,success,success,成功
43,42,scene_01_single_box,20260526,rrt_connect,11085,True,0.003338422997330781,3.396317238570389,0.7042176292928835,4.246264398462639e-14,0.02927432507745089,0.002999999999999989,87,80,2.273875602096571e-11,0.0,"[-1.5708,-1.5708,1.5708,-1.5708,-1.5708,0]","[-3.1674122,-1.1011656,1.4081904,1.0357216,-0.19727183,-0.24138721]","[0.47,0.22,0.42]",,success,success,成功
44,42,scene_01_single_box,20260526,rrt_connect,11086,True,0.003338189002533909,3.396317238570389,0.7042176292928835,4.246264398462639e-14,0.02927432507745089,0.002999999999999989,87,80,2.273875602096571e-11,0.0,"[-1.5708,-1.5708,1.5708,-1.5708,-1.5708,0]","[-3.1674122,-1.1011656,1.4081904,1.0357216,-0.19727183,-0.24138721]","[0.47,0.22,0.42]",,success,success,成功
45,42,scene_01_single_box,20260526,rrt_connect,11087,True,0.0033867210004245862,3.396317238570389,0.7042176292928835,4.246264398462639e-14,0.02927432507745089,0.002999999999999989,87,80,2.273875602096571e-11,0.0,"[-1.5708,-1.5708,1.5708,-1.5708,-1.5708,0]","[-3.1674122,-1.1011656,1.4081904,1.0357216,-0.19727183,-0.24138721]","[0.47,0.22,0.42]",,success,success,成功
46,42,scene_01_single_box,20260526,rrt_connect,11088,True,0.0033668910000415053,3.396317238570389,0.7042176292928835,4.246264398462639e-14,0.02927432507745089,0.002999999999999989,87,80,2.273875602096571e-11,0.0,"[-1.5708,-1.5708,1.5708,-1.5708,-1.5708,0]","[-3.1674122,-1.1011656,1.4081904,1.0357216,-0.19727183,-0.24138721]","[0.47,0.22,0.42]",,success,success,成功
47,42,scene_01_single_box,20260526,rrt_connect,11089,True,0.0034371349975117482,3.396317238570389,0.7042176292928835,4.246264398462639e-14,0.02927432507745089,0.002999999999999989,87,80,2.273875602096571e-11,0.0,"[-1.5708,-1.5708,1.5708,-1.5708,-1.5708,0]","[-3.1674122,-1.1011656,1.4081904,1.0357216,-0.19727183,-0.24138721]","[0.47,0.22,0.42]",,success,success,成功
48,42,scene_01_single_box,20260526,rrt_connect,11090,True,0.0033542179990035947,3.396317238570389,0.7042176292928835,4.246264398462639e-14,0.02927432507745089,0.002999999999999989,87,80,2.273875602096571e-11,0.0,"[-1.5708,-1.5708,1.5708,-1.5708,-1.5708,0]","[-3.1674122,-1.1011656,1.4081904,1.0357216,-0.19727183,-0.24138721]","[0.47,0.22,0.42]",,success,success,成功
49,42,scene_01_single_box,20260526,rrt_connect,11091,True,0.0035309020022396,3.396317238570389,0.7042176292928835,4.246264398462639e-14,0.02927432507745089,0.002999999999999989,87,80,2.273875602096571e-11,0.0,"[-1.5708,-1.5708,1.5708,-1.5708,-1.5708,0]","[-3.1674122,-1.1011656,1.4081904,1.0357216,-0.19727183,-0.24138721]","[0.47,0.22,0.42]",,success,success,成功
0,42,scene_01_single_box,20260526,prm,12042,True,3.640807092000614,3.396317238570389,0.7042176292928835,4.246264398462639e-14,0.02927432507745089,0.002999999999999989,114591,80,2.273875602096571e-11,0.0,"[-1.5708,-1.5708,1.5708,-1.5708,-1.5708,0]","[-3.1674122,-1.1011656,1.4081904,1.0357216,-0.19727183,-0.24138721]","[0.47,0.22,0.42]",,success,success,成功
1,42,scene_01_single_box,20260526,prm,12043,True,3.254221918999974,3.396317238570389,0.7042176292928835,4.246264398462639e-14,0.02927432507745089,0.002999999999999989,102746,80,2.273875602096571e-11,0.0,"[-1.5708,-1.5708,1.5708,-1.5708,-1.5708,0]","[-3.1674122,-1.1011656,1.4081904,1.0357216,-0.19727183,-0.24138721]","[0.47,0.22,0.42]",,success,success,成功
2,42,scene_01_single_box,20260526,prm,12044,True,3.3969916090027255,3.396317238570389,0.7042176292928835,4.246264398462639e-14,0.02927432507745089,0.002999999999999989,106293,80,2.273875602096571e-11,0.0,"[-1.5708,-1.5708,1.5708,-1.5708,-1.5708,0]","[-3.1674122,-1.1011656,1.4081904,1.0357216,-0.19727183,-0.24138721]","[0.47,0.22,0.42]",,success,success,成功
3,42,scene_01_single_box,20260526,prm,12045,True,3.5543836360011483,3.396317238570389,0.7042176292928835,4.246264398462639e-14,0.02927432507745089,0.002999999999999989,111772,80,2.273875602096571e-11,0.0,"[-1.5708,-1.5708,1.5708,-1.5708,-1.5708,0]","[-3.1674122,-1.1011656,1.4081904,1.0357216,-0.19727183,-0.24138721]","[0.47,0.22,0.42]",,success,success,成功
4,42,scene_01_single_box,20260526,prm,12046,True,3.5147760280015063,3.396317238570389,0.7042176292928835,4.246264398462639e-14,0.02927432507745089,0.002999999999999989,111918,80,2.273875602096571e-11,0.0,"[-1.5708,-1.5708,1.5708,-1.5708,-1.5708,0]","[-3.1674122,-1.1011656,1.4081904,1.0357216,-0.19727183,-0.24138721]","[0.47,0.22,0.42]",,success,success,成功
5,42,scene_01_single_box,20260526,prm,12047,True,3.552213754999684,3.396317238570389,0.7042176292928835,4.246264398462639e-14,0.02927432507745089,0.002999999999999989,113017,80,2.273875602096571e-11,0.0,"[-1.5708,-1.5708,1.5708,-1.5708,-1.5708,0]","[-3.1674122,-1.1011656,1.4081904,1.0357216,-0.19727183,-0.24138721]","[0.47,0.22,0.42]",,success,success,成功
6,42,scene_01_single_box,20260526,prm,12048,True,3.475638689000334,3.396317238570389,0.7042176292928835,4.246264398462639e-14,0.02927432507745089,0.002999999999999989,107695,80,2.273875602096571e-11,0.0,"[-1.5708,-1.5708,1.5708,-1.5708,-1.5708,0]","[-3.1674122,-1.1011656,1.4081904,1.0357216,-0.19727183,-0.24138721]","[0.47,0.22,0.42]",,success,success,成功
7,42,scene_01_single_box,20260526,prm,12049,True,3.4388806040005875,3.396317238570389,0.7042176292928835,4.246264398462639e-14,0.02927432507745089,0.002999999999999989,107271,80,2.273875602096571e-11,0.0,"[-1.5708,-1.5708,1.5708,-1.5708,-1.5708,0]","[-3.1674122,-1.1011656,1.4081904,1.0357216,-0.19727183,-0.24138721]","[0.47,0.22,0.42]",,success,success,成功
8,42,scene_01_single_box,20260526,prm,12050,True,3.4894047449997743,3.396317238570389,0.7042176292928835,4.246264398462639e-14,0.02927432507745089,0.002999999999999989,107639,80,2.273875602096571e-11,0.0,"[-1.5708,-1.5708,1.5708,-1.5708,-1.5708,0]","[-3.1674122,-1.1011656,1.4081904,1.0357216,-0.19727183,-0.24138721]","[0.47,0.22,0.42]",,success,success,成功
9,42,scene_01_single_box,20260526,prm,12051,True,3.6114664999986417,3.396317238570389,0.7042176292928835,4.246264398462639e-14,0.02927432507745089,0.002999999999999989,111815,80,2.273875602096571e-11,0.0,"[-1.5708,-1.5708,1.5708,-1.5708,-1.5708,0]","[-3.1674122,-1.1011656,1.4081904,1.0357216,-0.19727183,-0.24138721]","[0.47,0.22,0.42]",,success,success,成功
10,42,scene_01_single_box,20260526,prm,12052,True,3.699830657998973,3.396317238570389,0.7042176292928835,4.246264398462639e-14,0.02927432507745089,0.002999999999999989,115983,80,2.273875602096571e-11,0.0,"[-1.5708,-1.5708,1.5708,-1.5708,-1.5708,0]","[-3.1674122,-1.1011656,1.4081904,1.0357216,-0.19727183,-0.24138721]","[0.47,0.22,0.42]",,success,success,成功
11,42,scene_01_single_box,20260526,prm,12053,True,3.4094681620008487,3.396317238570389,0.7042176292928835,4.246264398462639e-14,0.02927432507745089,0.002999999999999989,108121,80,2.273875602096571e-11,0.0,"[-1.5708,-1.5708,1.5708,-1.5708,-1.5708,0]","[-3.1674122,-1.1011656,1.4081904,1.0357216,-0.19727183,-0.24138721]","[0.47,0.22,0.42]",,success,success,成功
12,42,scene_01_single_box,20260526,prm,12054,True,3.415568558000814,3.396317238570389,0.7042176292928835,4.246264398462639e-14,0.02927432507745089,0.002999999999999989,108307,80,2.273875602096571e-11,0.0,"[-1.5708,-1.5708,1.5708,-1.5708,-1.5708,0]","[-3.1674122,-1.1011656,1.4081904,1.0357216,-0.19727183,-0.24138721]","[0.47,0.22,0.42]",,success,success,成功
13,42,scene_01_single_box,20260526,prm,12055,True,3.439535113997408,3.396317238570389,0.7042176292928835,4.246264398462639e-14,0.02927432507745089,0.002999999999999989,108092,80,2.273875602096571e-11,0.0,"[-1.5708,-1.5708,1.5708,-1.5708,-1.5708,0]","[-3.1674122,-1.1011656,1.4081904,1.0357216,-0.19727183,-0.24138721]","[0.47,0.22,0.42]",,success,success,成功
14,42,scene_01_single_box,20260526,prm,12056,True,3.5280265350011177,3.396317238570389,0.7042176292928835,4.246264398462639e-14,0.02927432507745089,0.002999999999999989,109264,80,2.273875602096571e-11,0.0,"[-1.5708,-1.5708,1.5708,-1.5708,-1.5708,0]","[-3.1674122,-1.1011656,1.4081904,1.0357216,-0.19727183,-0.24138721]","[0.47,0.22,0.42]",,success,success,成功
15,42,scene_01_single_box,20260526,prm,12057,True,3.5166051870000956,3.396317238570389,0.7042176292928835,4.246264398462639e-14,0.02927432507745089,0.002999999999999989,111913,80,2.273875602096571e-11,0.0,"[-1.5708,-1.5708,1.5708,-1.5708,-1.5708,0]","[-3.1674122,-1.1011656,1.4081904,1.0357216,-0.19727183,-0.24138721]","[0.47,0.22,0.42]",,success,success,成功
16,42,scene_01_single_box,20260526,prm,12058,True,3.571553720998054,3.396317238570389,0.7042176292928835,4.246264398462639e-14,0.02927432507745089,0.002999999999999989,109361,80,2.273875602096571e-11,0.0,"[-1.5708,-1.5708,1.5708,-1.5708,-1.5708,0]","[-3.1674122,-1.1011656,1.4081904,1.0357216,-0.19727183,-0.24138721]","[0.47,0.22,0.42]",,success,success,成功
17,42,scene_01_single_box,20260526,prm,12059,True,3.710065363000467,3.396317238570389,0.7042176292928835,4.246264398462639e-14,0.02927432507745089,0.002999999999999989,115007,80,2.273875602096571e-11,0.0,"[-1.5708,-1.5708,1.5708,-1.5708,-1.5708,0]","[-3.1674122,-1.1011656,1.4081904,1.0357216,-0.19727183,-0.24138721]","[0.47,0.22,0.42]",,success,success,成功
18,42,scene_01_single_box,20260526,prm,12060,True,3.4907125940007973,3.396317238570389,0.7042176292928835,4.246264398462639e-14,0.02927432507745089,0.002999999999999989,110664,80,2.273875602096571e-11,0.0,"[-1.5708,-1.5708,1.5708,-1.5708,-1.5708,0]","[-3.1674122,-1.1011656,1.4081904,1.0357216,-0.19727183,-0.24138721]","[0.47,0.22,0.42]",,success,success,成功
19,42,scene_01_single_box,20260526,prm,12061,True,3.9435664439988614,3.396317238570389,0.7042176292928835,4.246264398462639e-14,0.02927432507745089,0.002999999999999989,121460,80,2.273875602096571e-11,0.0,"[-1.5708,-1.5708,1.5708,-1.5708,-1.5708,0]","[-3.1674122,-1.1011656,1.4081904,1.0357216,-0.19727183,-0.24138721]","[0.47,0.22,0.42]",,success,success,成功
20,42,scene_01_single_box,20260526,prm,12062,True,3.7426298930004123,3.396317238570389,0.7042176292928835,4.246264398462639e-14,0.02927432507745089,0.002999999999999989,114733,80,2.273875602096571e-11,0.0,"[-1.5708,-1.5708,1.5708,-1.5708,-1.5708,0]","[-3.1674122,-1.1011656,1.4081904,1.0357216,-0.19727183,-0.24138721]","[0.47,0.22,0.42]",,success,success,成功
21,42,scene_01_single_box,20260526,prm,12063,True,3.5249530020009843,3.396317238570389,0.7042176292928835,4.246264398462639e-14,0.02927432507745089,0.002999999999999989,107932,80,2.273875602096571e-11,0.0,"[-1.5708,-1.5708,1.5708,-1.5708,-1.5708,0]","[-3.1674122,-1.1011656,1.4081904,1.0357216,-0.19727183,-0.24138721]","[0.47,0.22,0.42]",,success,success,成功
22,42,scene_01_single_box,20260526,prm,12064,True,3.5917775870002515,3.396317238570389,0.7042176292928835,4.246264398462639e-14,0.02927432507745089,0.002999999999999989,112609,80,2.273875602096571e-11,0.0,"[-1.5708,-1.5708,1.5708,-1.5708,-1.5708,0]","[-3.1674122,-1.1011656,1.4081904,1.0357216,-0.19727183,-0.24138721]","[0.47,0.22,0.42]",,success,success,成功
23,42,scene_01_single_box,20260526,prm,12065,True,3.50661270099954,3.396317238570389,0.7042176292928835,4.246264398462639e-14,0.02927432507745089,0.002999999999999989,111136,80,2.273875602096571e-11,0.0,"[-1.5708,-1.5708,1.5708,-1.5708,-1.5708,0]","[-3.1674122,-1.1011656,1.4081904,1.0357216,-0.19727183,-0.24138721]","[0.47,0.22,0.42]",,success,success,成功
24,42,scene_01_single_box,20260526,prm,12066,True,3.648711228001048,3.396317238570389,0.7042176292928835,4.246264398462639e-14,0.02927432507745089,0.002999999999999989,114561,80,2.273875602096571e-11,0.0,"[-1.5708,-1.5708,1.5708,-1.5708,-1.5708,0]","[-3.1674122,-1.1011656,1.4081904,1.0357216,-0.19727183,-0.24138721]","[0.47,0.22,0.42]",,success,success,成功
25,42,scene_01_single_box,20260526,prm,12067,True,3.496708323000348,3.396317238570389,0.7042176292928835,4.246264398462639e-14,0.02927432507745089,0.002999999999999989,109749,80,2.273875602096571e-11,0.0,"[-1.5708,-1.5708,1.5708,-1.5708,-1.5708,0]","[-3.1674122,-1.1011656,1.4081904,1.0357216,-0.19727183,-0.24138721]","[0.47,0.22,0.42]",,success,success,成功
26,42,scene_01_single_box,20260526,prm,12068,True,3.5556312640001124,3.396317238570389,0.7042176292928835,4.246264398462639e-14,0.02927432507745089,0.002999999999999989,108879,80,2.273875602096571e-11,0.0,"[-1.5708,-1.5708,1.5708,-1.5708,-1.5708,0]","[-3.1674122,-1.1011656,1.4081904,1.0357216,-0.19727183,-0.24138721]","[0.47,0.22,0.42]",,success,success,成功
27,42,scene_01_single_box,20260526,prm,12069,True,3.7677310569997644,3.396317238570389,0.7042176292928835,4.246264398462639e-14,0.02927432507745089,0.002999999999999989,115913,80,2.273875602096571e-11,0.0,"[-1.5708,-1.5708,1.5708,-1.5708,-1.5708,0]","[-3.1674122,-1.1011656,1.4081904,1.0357216,-0.19727183,-0.24138721]","[0.47,0.22,0.42]",,success,success,成功
28,42,scene_01_single_box,20260526,prm,12070,True,3.7861213549986132,3.396317238570389,0.7042176292928835,4.246264398462639e-14,0.02927432507745089,0.002999999999999989,108828,80,2.273875602096571e-11,0.0,"[-1.5708,-1.5708,1.5708,-1.5708,-1.5708,0]","[-3.1674122,-1.1011656,1.4081904,1.0357216,-0.19727183,-0.24138721]","[0.47,0.22,0.42]",,success,success,成功
29,42,scene_01_single_box,20260526,prm,12071,True,3.5877504989985027,3.396317238570389,0.7042176292928835,4.246264398462639e-14,0.02927432507745089,0.002999999999999989,109712,80,2.273875602096571e-11,0.0,"[-1.5708,-1.5708,1.5708,-1.5708,-1.5708,0]","[-3.1674122,-1.1011656,1.4081904,1.0357216,-0.19727183,-0.24138721]","[0.47,0.22,0.42]",,success,success,成功
30,42,scene_01_single_box,20260526,prm,12072,True,3.4007836599994334,3.396317238570389,0.7042176292928835,4.246264398462639e-14,0.02927432507745089,0.002999999999999989,107241,80,2.273875602096571e-11,0.0,"[-1.5708,-1.5708,1.5708,-1.5708,-1.5708,0]","[-3.1674122,-1.1011656,1.4081904,1.0357216,-0.19727183,-0.24138721]","[0.47,0.22,0.42]",,success,success,成功
31,42,scene_01_single_box,20260526,prm,12073,True,3.6655574870019336,3.396317238570389,0.7042176292928835,4.246264398462639e-14,0.02927432507745089,0.002999999999999989,116363,80,2.273875602096571e-11,0.0,"[-1.5708,-1.5708,1.5708,-1.5708,-1.5708,0]","[-3.1674122,-1.1011656,1.4081904,1.0357216,-0.19727183,-0.24138721]","[0.47,0.22,0.42]",,success,success,成功
32,42,scene_01_single_box,20260526,prm,12074,True,3.6916410230005567,3.396317238570389,0.7042176292928835,4.246264398462639e-14,0.02927432507745089,0.002999999999999989,118207,80,2.273875602096571e-11,0.0,"[-1.5708,-1.5708,1.5708,-1.5708,-1.5708,0]","[-3.1674122,-1.1011656,1.4081904,1.0357216,-0.19727183,-0.24138721]","[0.47,0.22,0.42]",,success,success,成功
33,42,scene_01_single_box,20260526,prm,12075,True,3.5190664019974065,3.396317238570389,0.7042176292928835,4.246264398462639e-14,0.02927432507745089,0.002999999999999989,110270,80,2.273875602096571e-11,0.0,"[-1.5708,-1.5708,1.5708,-1.5708,-1.5708,0]","[-3.1674122,-1.1011656,1.4081904,1.0357216,-0.19727183,-0.24138721]","[0.47,0.22,0.42]",,success,success,成功
34,42,scene_01_single_box,20260526,prm,12076,True,3.5847765489997983,3.396317238570389,0.7042176292928835,4.246264398462639e-14,0.02927432507745089,0.002999999999999989,112808,80,2.273875602096571e-11,0.0,"[-1.5708,-1.5708,1.5708,-1.5708,-1.5708,0]","[-3.1674122,-1.1011656,1.4081904,1.0357216,-0.19727183,-0.24138721]","[0.47,0.22,0.42]",,success,success,成功
35,42,scene_01_single_box,20260526,prm,12077,True,3.6166764900008275,3.396317238570389,0.7042176292928835,4.246264398462639e-14,0.02927432507745089,0.002999999999999989,108447,80,2.273875602096571e-11,0.0,"[-1.5708,-1.5708,1.5708,-1.5708,-1.5708,0]","[-3.1674122,-1.1011656,1.4081904,1.0357216,-0.19727183,-0.24138721]","[0.47,0.22,0.42]",,success,success,成功
36,42,scene_01_single_box,20260526,prm,12078,True,3.655546272999345,3.396317238570389,0.7042176292928835,4.246264398462639e-14,0.02927432507745089,0.002999999999999989,110302,80,2.273875602096571e-11,0.0,"[-1.5708,-1.5708,1.5708,-1.5708,-1.5708,0]","[-3.1674122,-1.1011656,1.4081904,1.0357216,-0.19727183,-0.24138721]","[0.47,0.22,0.42]",,success,success,成功
37,42,scene_01_single_box,20260526,prm,12079,True,3.560064498000429,3.396317238570389,0.7042176292928835,4.246264398462639e-14,0.02927432507745089,0.002999999999999989,112820,80,2.273875602096571e-11,0.0,"[-1.5708,-1.5708,1.5708,-1.5708,-1.5708,0]","[-3.1674122,-1.1011656,1.4081904,1.0357216,-0.19727183,-0.24138721]","[0.47,0.22,0.42]",,success,success,成功
38,42,scene_01_single_box,20260526,prm,12080,True,3.539152497000032,3.396317238570389,0.7042176292928835,4.246264398462639e-14,0.02927432507745089,0.002999999999999989,109892,80,2.273875602096571e-11,0.0,"[-1.5708,-1.5708,1.5708,-1.5708,-1.5708,0]","[-3.1674122,-1.1011656,1.4081904,1.0357216,-0.19727183,-0.24138721]","[0.47,0.22,0.42]",,success,success,成功
39,42,scene_01_single_box,20260526,prm,12081,True,3.5384052679983142,3.396317238570389,0.7042176292928835,4.246264398462639e-14,0.02927432507745089,0.002999999999999989,110373,80,2.273875602096571e-11,0.0,"[-1.5708,-1.5708,1.5708,-1.5708,-1.5708,0]","[-3.1674122,-1.1011656,1.4081904,1.0357216,-0.19727183,-0.24138721]","[0.47,0.22,0.42]",,success,success,成功
40,42,scene_01_single_box,20260526,prm,12082,True,3.5867694959997607,3.396317238570389,0.7042176292928835,4.246264398462639e-14,0.02927432507745089,0.002999999999999989,113562,80,2.273875602096571e-11,0.0,"[-1.5708,-1.5708,1.5708,-1.5708,-1.5708,0]","[-3.1674122,-1.1011656,1.4081904,1.0357216,-0.19727183,-0.24138721]","[0.47,0.22,0.42]",,success,success,成功
41,42,scene_01_single_box,20260526,prm,12083,True,3.524339190000319,3.396317238570389,0.7042176292928835,4.246264398462639e-14,0.02927432507745089,0.002999999999999989,110566,80,2.273875602096571e-11,0.0,"[-1.5708,-1.5708,1.5708,-1.5708,-1.5708,0]","[-3.1674122,-1.1011656,1.4081904,1.0357216,-0.19727183,-0.24138721]","[0.47,0.22,0.42]",,success,success,成功
42,42,scene_01_single_box,20260526,prm,12084,True,3.7820632879993354,3.396317238570389,0.7042176292928835,4.246264398462639e-14,0.02927432507745089,0.002999999999999989,113122,80,2.273875602096571e-11,0.0,"[-1.5708,-1.5708,1.5708,-1.5708,-1.5708,0]","[-3.1674122,-1.1011656,1.4081904,1.0357216,-0.19727183,-0.24138721]","[0.47,0.22,0.42]",,success,success,成功
43,42,scene_01_single_box,20260526,prm,12085,True,3.964600467003038,3.396317238570389,0.7042176292928835,4.246264398462639e-14,0.02927432507745089,0.002999999999999989,115027,80,2.273875602096571e-11,0.0,"[-1.5708,-1.5708,1.5708,-1.5708,-1.5708,0]","[-3.1674122,-1.1011656,1.4081904,1.0357216,-0.19727183,-0.24138721]","[0.47,0.22,0.42]",,success,success,成功
44,42,scene_01_single_box,20260526,prm,12086,True,4.0664660449983785,3.396317238570389,0.7042176292928835,4.246264398462639e-14,0.02927432507745089,0.002999999999999989,116075,80,2.273875602096571e-11,0.0,"[-1.5708,-1.5708,1.5708,-1.5708,-1.5708,0]","[-3.1674122,-1.1011656,1.4081904,1.0357216,-0.19727183,-0.24138721]","[0.47,0.22,0.42]",,success,success,成功
45,42,scene_01_single_box,20260526,prm,12087,True,4.179894418000913,3.396317238570389,0.7042176292928835,4.246264398462639e-14,0.02927432507745089,0.002999999999999989,120244,80,2.273875602096571e-11,0.0,"[-1.5708,-1.5708,1.5708,-1.5708,-1.5708,0]","[-3.1674122,-1.1011656,1.4081904,1.0357216,-0.19727183,-0.24138721]","[0.47,0.22,0.42]",,success,success,成功
46,42,scene_01_single_box,20260526,prm,12088,True,3.8958313779985474,3.396317238570389,0.7042176292928835,4.246264398462639e-14,0.02927432507745089,0.002999999999999989,110610,80,2.273875602096571e-11,0.0,"[-1.5708,-1.5708,1.5708,-1.5708,-1.5708,0]","[-3.1674122,-1.1011656,1.4081904,1.0357216,-0.19727183,-0.24138721]","[0.47,0.22,0.42]",,success,success,成功
47,42,scene_01_single_box,20260526,prm,12089,True,4.132766561000608,3.396317238570389,0.7042176292928835,4.246264398462639e-14,0.02927432507745089,0.002999999999999989,111556,80,2.273875602096571e-11,0.0,"[-1.5708,-1.5708,1.5708,-1.5708,-1.5708,0]","[-3.1674122,-1.1011656,1.4081904,1.0357216,-0.19727183,-0.24138721]","[0.47,0.22,0.42]",,success,success,成功
48,42,scene_01_single_box,20260526,prm,12090,True,4.295239011000376,3.396317238570389,0.7042176292928835,4.246264398462639e-14,0.02927432507745089,0.002999999999999989,111100,80,2.273875602096571e-11,0.0,"[-1.5708,-1.5708,1.5708,-1.5708,-1.5708,0]","[-3.1674122,-1.1011656,1.4081904,1.0357216,-0.19727183,-0.24138721]","[0.47,0.22,0.42]",,success,success,成功
49,42,scene_01_single_box,20260526,prm,12091,True,4.1989686810011335,3.396317238570389,0.7042176292928835,4.246264398462639e-14,0.02927432507745089,0.002999999999999989,115355,80,2.273875602096571e-11,0.0,"[-1.5708,-1.5708,1.5708,-1.5708,-1.5708,0]","[-3.1674122,-1.1011656,1.4081904,1.0357216,-0.19727183,-0.24138721]","[0.47,0.22,0.42]",,success,success,成功
0,42,scene_01_single_box,20260526,apf,13042,False,0.6001114460013923,72.00000000000209,44.24049656598966,137.11506252071655,0.17600022410419272,0.002999999999999989,3202,1601,0.26503108580364954,0.0,"[-1.5708,-1.5708,1.5708,-1.5708,-1.5708,0]","[-3.1674122,-1.1011656,1.4081904,1.0357216,-0.19727183,-0.24138721]","[0.47,0.22,0.42]",,max iterations reached,iteration_limit,迭代上限
1,42,scene_01_single_box,20260526,apf,13043,False,0.6234163150002132,72.00000000000209,44.24049656598966,137.11506252071655,0.17600022410419272,0.002999999999999989,3202,1601,0.26503108580364954,0.0,"[-1.5708,-1.5708,1.5708,-1.5708,-1.5708,0]","[-3.1674122,-1.1011656,1.4081904,1.0357216,-0.19727183,-0.24138721]","[0.47,0.22,0.42]",,max iterations reached,iteration_limit,迭代上限
2,42,scene_01_single_box,20260526,apf,13044,False,0.5547005449989229,72.00000000000209,44.24049656598966,137.11506252071655,0.17600022410419272,0.002999999999999989,3202,1601,0.26503108580364954,0.0,"[-1.5708,-1.5708,1.5708,-1.5708,-1.5708,0]","[-3.1674122,-1.1011656,1.4081904,1.0357216,-0.19727183,-0.24138721]","[0.47,0.22,0.42]",,max iterations reached,iteration_limit,迭代上限
3,42,scene_01_single_box,20260526,apf,13045,False,0.5321878009999637,72.00000000000209,44.24049656598966,137.11506252071655,0.17600022410419272,0.002999999999999989,3202,1601,0.26503108580364954,0.0,"[-1.5708,-1.5708,1.5708,-1.5708,-1.5708,0]","[-3.1674122,-1.1011656,1.4081904,1.0357216,-0.19727183,-0.24138721]","[0.47,0.22,0.42]",,max iterations reached,iteration_limit,迭代上限
4,42,scene_01_single_box,20260526,apf,13046,False,0.5278392239997629,72.00000000000209,44.24049656598966,137.11506252071655,0.17600022410419272,0.002999999999999989,3202,1601,0.26503108580364954,0.0,"[-1.5708,-1.5708,1.5708,-1.5708,-1.5708,0]","[-3.1674122,-1.1011656,1.4081904,1.0357216,-0.19727183,-0.24138721]","[0.47,0.22,0.42]",,max iterations reached,iteration_limit,迭代上限
5,42,scene_01_single_box,20260526,apf,13047,False,0.5297876320000796,72.00000000000209,44.24049656598966,137.11506252071655,0.17600022410419272,0.002999999999999989,3202,1601,0.26503108580364954,0.0,"[-1.5708,-1.5708,1.5708,-1.5708,-1.5708,0]","[-3.1674122,-1.1011656,1.4081904,1.0357216,-0.19727183,-0.24138721]","[0.47,0.22,0.42]",,max iterations reached,iteration_limit,迭代上限
6,42,scene_01_single_box,20260526,apf,13048,False,0.5248387920000823,72.00000000000209,44.24049656598966,137.11506252071655,0.17600022410419272,0.002999999999999989,3202,1601,0.26503108580364954,0.0,"[-1.5708,-1.5708,1.5708,-1.5708,-1.5708,0]","[-3.1674122,-1.1011656,1.4081904,1.0357216,-0.19727183,-0.24138721]","[0.47,0.22,0.42]",,max iterations reached,iteration_limit,迭代上限
7,42,scene_01_single_box,20260526,apf,13049,False,0.5213345080010185,72.00000000000209,44.24049656598966,137.11506252071655,0.17600022410419272,0.002999999999999989,3202,1601,0.26503108580364954,0.0,"[-1.5708,-1.5708,1.5708,-1.5708,-1.5708,0]","[-3.1674122,-1.1011656,1.4081904,1.0357216,-0.19727183,-0.24138721]","[0.47,0.22,0.42]",,max iterations reached,iteration_limit,迭代上限
8,42,scene_01_single_box,20260526,apf,13050,False,0.5191685289973975,72.00000000000209,44.24049656598966,137.11506252071655,0.17600022410419272,0.002999999999999989,3202,1601,0.26503108580364954,0.0,"[-1.5708,-1.5708,1.5708,-1.5708,-1.5708,0]","[-3.1674122,-1.1011656,1.4081904,1.0357216,-0.19727183,-0.24138721]","[0.47,0.22,0.42]",,max iterations reached,iteration_limit,迭代上限
9,42,scene_01_single_box,20260526,apf,13051,False,0.52143753099881,72.00000000000209,44.24049656598966,137.11506252071655,0.17600022410419272,0.002999999999999989,3202,1601,0.26503108580364954,0.0,"[-1.5708,-1.5708,1.5708,-1.5708,-1.5708,0]","[-3.1674122,-1.1011656,1.4081904,1.0357216,-0.19727183,-0.24138721]","[0.47,0.22,0.42]",,max iterations reached,iteration_limit,迭代上限
10,42,scene_01_single_box,20260526,apf,13052,False,0.5191864309999801,72.00000000000209,44.24049656598966,137.11506252071655,0.17600022410419272,0.002999999999999989,3202,1601,0.26503108580364954,0.0,"[-1.5708,-1.5708,1.5708,-1.5708,-1.5708,0]","[-3.1674122,-1.1011656,1.4081904,1.0357216,-0.19727183,-0.24138721]","[0.47,0.22,0.42]",,max iterations reached,iteration_limit,迭代上限
11,42,scene_01_single_box,20260526,apf,13053,False,0.5247651050012792,72.00000000000209,44.24049656598966,137.11506252071655,0.17600022410419272,0.002999999999999989,3202,1601,0.26503108580364954,0.0,"[-1.5708,-1.5708,1.5708,-1.5708,-1.5708,0]","[-3.1674122,-1.1011656,1.4081904,1.0357216,-0.19727183,-0.24138721]","[0.47,0.22,0.42]",,max iterations reached,iteration_limit,迭代上限
12,42,scene_01_single_box,20260526,apf,13054,False,0.5272427749987401,72.00000000000209,44.24049656598966,137.11506252071655,0.17600022410419272,0.002999999999999989,3202,1601,0.26503108580364954,0.0,"[-1.5708,-1.5708,1.5708,-1.5708,-1.5708,0]","[-3.1674122,-1.1011656,1.4081904,1.0357216,-0.19727183,-0.24138721]","[0.47,0.22,0.42]",,max iterations reached,iteration_limit,迭代上限
13,42,scene_01_single_box,20260526,apf,13055,False,0.5294745450009941,72.00000000000209,44.24049656598966,137.11506252071655,0.17600022410419272,0.002999999999999989,3202,1601,0.26503108580364954,0.0,"[-1.5708,-1.5708,1.5708,-1.5708,-1.5708,0]","[-3.1674122,-1.1011656,1.4081904,1.0357216,-0.19727183,-0.24138721]","[0.47,0.22,0.42]",,max iterations reached,iteration_limit,迭代上限
14,42,scene_01_single_box,20260526,apf,13056,False,0.5221013900008984,72.00000000000209,44.24049656598966,137.11506252071655,0.17600022410419272,0.002999999999999989,3202,1601,0.26503108580364954,0.0,"[-1.5708,-1.5708,1.5708,-1.5708,-1.5708,0]","[-3.1674122,-1.1011656,1.4081904,1.0357216,-0.19727183,-0.24138721]","[0.47,0.22,0.42]",,max iterations reached,iteration_limit,迭代上限
15,42,scene_01_single_box,20260526,apf,13057,False,0.5183217720004905,72.00000000000209,44.24049656598966,137.11506252071655,0.17600022410419272,0.002999999999999989,3202,1601,0.26503108580364954,0.0,"[-1.5708,-1.5708,1.5708,-1.5708,-1.5708,0]","[-3.1674122,-1.1011656,1.4081904,1.0357216,-0.19727183,-0.24138721]","[0.47,0.22,0.42]",,max iterations reached,iteration_limit,迭代上限
16,42,scene_01_single_box,20260526,apf,13058,False,0.5334923139998864,72.00000000000209,44.24049656598966,137.11506252071655,0.17600022410419272,0.002999999999999989,3202,1601,0.26503108580364954,0.0,"[-1.5708,-1.5708,1.5708,-1.5708,-1.5708,0]","[-3.1674122,-1.1011656,1.4081904,1.0357216,-0.19727183,-0.24138721]","[0.47,0.22,0.42]",,max iterations reached,iteration_limit,迭代上限
17,42,scene_01_single_box,20260526,apf,13059,False,0.5450577640003758,72.00000000000209,44.24049656598966,137.11506252071655,0.17600022410419272,0.002999999999999989,3202,1601,0.26503108580364954,0.0,"[-1.5708,-1.5708,1.5708,-1.5708,-1.5708,0]","[-3.1674122,-1.1011656,1.4081904,1.0357216,-0.19727183,-0.24138721]","[0.47,0.22,0.42]",,max iterations reached,iteration_limit,迭代上限
18,42,scene_01_single_box,20260526,apf,13060,False,0.5231481880000501,72.00000000000209,44.24049656598966,137.11506252071655,0.17600022410419272,0.002999999999999989,3202,1601,0.26503108580364954,0.0,"[-1.5708,-1.5708,1.5708,-1.5708,-1.5708,0]","[-3.1674122,-1.1011656,1.4081904,1.0357216,-0.19727183,-0.24138721]","[0.47,0.22,0.42]",,max iterations reached,iteration_limit,迭代上限
19,42,scene_01_single_box,20260526,apf,13061,False,0.5211593940002786,72.00000000000209,44.24049656598966,137.11506252071655,0.17600022410419272,0.002999999999999989,3202,1601,0.26503108580364954,0.0,"[-1.5708,-1.5708,1.5708,-1.5708,-1.5708,0]","[-3.1674122,-1.1011656,1.4081904,1.0357216,-0.19727183,-0.24138721]","[0.47,0.22,0.42]",,max iterations reached,iteration_limit,迭代上限
20,42,scene_01_single_box,20260526,apf,13062,False,0.5195831599994563,72.00000000000209,44.24049656598966,137.11506252071655,0.17600022410419272,0.002999999999999989,3202,1601,0.26503108580364954,0.0,"[-1.5708,-1.5708,1.5708,-1.5708,-1.5708,0]","[-3.1674122,-1.1011656,1.4081904,1.0357216,-0.19727183,-0.24138721]","[0.47,0.22,0.42]",,max iterations reached,iteration_limit,迭代上限
21,42,scene_01_single_box,20260526,apf,13063,False,0.5219143240028643,72.00000000000209,44.24049656598966,137.11506252071655,0.17600022410419272,0.002999999999999989,3202,1601,0.26503108580364954,0.0,"[-1.5708,-1.5708,1.5708,-1.5708,-1.5708,0]","[-3.1674122,-1.1011656,1.4081904,1.0357216,-0.19727183,-0.24138721]","[0.47,0.22,0.42]",,max iterations reached,iteration_limit,迭代上限
22,42,scene_01_single_box,20260526,apf,13064,False,0.5175519610020274,72.00000000000209,44.24049656598966,137.11506252071655,0.17600022410419272,0.002999999999999989,3202,1601,0.26503108580364954,0.0,"[-1.5708,-1.5708,1.5708,-1.5708,-1.5708,0]","[-3.1674122,-1.1011656,1.4081904,1.0357216,-0.19727183,-0.24138721]","[0.47,0.22,0.42]",,max iterations reached,iteration_limit,迭代上限
23,42,scene_01_single_box,20260526,apf,13065,False,0.5684579310000117,72.00000000000209,44.24049656598966,137.11506252071655,0.17600022410419272,0.002999999999999989,3202,1601,0.26503108580364954,0.0,"[-1.5708,-1.5708,1.5708,-1.5708,-1.5708,0]","[-3.1674122,-1.1011656,1.4081904,1.0357216,-0.19727183,-0.24138721]","[0.47,0.22,0.42]",,max iterations reached,iteration_limit,迭代上限
24,42,scene_01_single_box,20260526,apf,13066,False,0.6301110140011588,72.00000000000209,44.24049656598966,137.11506252071655,0.17600022410419272,0.002999999999999989,3202,1601,0.26503108580364954,0.0,"[-1.5708,-1.5708,1.5708,-1.5708,-1.5708,0]","[-3.1674122,-1.1011656,1.4081904,1.0357216,-0.19727183,-0.24138721]","[0.47,0.22,0.42]",,max iterations reached,iteration_limit,迭代上限
25,42,scene_01_single_box,20260526,apf,13067,False,0.5210132819993305,72.00000000000209,44.24049656598966,137.11506252071655,0.17600022410419272,0.002999999999999989,3202,1601,0.26503108580364954,0.0,"[-1.5708,-1.5708,1.5708,-1.5708,-1.5708,0]","[-3.1674122,-1.1011656,1.4081904,1.0357216,-0.19727183,-0.24138721]","[0.47,0.22,0.42]",,max iterations reached,iteration_limit,迭代上限
26,42,scene_01_single_box,20260526,apf,13068,False,0.5255025819969887,72.00000000000209,44.24049656598966,137.11506252071655,0.17600022410419272,0.002999999999999989,3202,1601,0.26503108580364954,0.0,"[-1.5708,-1.5708,1.5708,-1.5708,-1.5708,0]","[-3.1674122,-1.1011656,1.4081904,1.0357216,-0.19727183,-0.24138721]","[0.47,0.22,0.42]",,max iterations reached,iteration_limit,迭代上限
27,42,scene_01_single_box,20260526,apf,13069,False,0.5298219670003164,72.00000000000209,44.24049656598966,137.11506252071655,0.17600022410419272,0.002999999999999989,3202,1601,0.26503108580364954,0.0,"[-1.5708,-1.5708,1.5708,-1.5708,-1.5708,0]","[-3.1674122,-1.1011656,1.4081904,1.0357216,-0.19727183,-0.24138721]","[0.47,0.22,0.42]",,max iterations reached,iteration_limit,迭代上限
28,42,scene_01_single_box,20260526,apf,13070,False,0.5372831679997034,72.00000000000209,44.24049656598966,137.11506252071655,0.17600022410419272,0.002999999999999989,3202,1601,0.26503108580364954,0.0,"[-1.5708,-1.5708,1.5708,-1.5708,-1.5708,0]","[-3.1674122,-1.1011656,1.4081904,1.0357216,-0.19727183,-0.24138721]","[0.47,0.22,0.42]",,max iterations reached,iteration_limit,迭代上限
29,42,scene_01_single_box,20260526,apf,13071,False,0.5238712120008131,72.00000000000209,44.24049656598966,137.11506252071655,0.17600022410419272,0.002999999999999989,3202,1601,0.26503108580364954,0.0,"[-1.5708,-1.5708,1.5708,-1.5708,-1.5708,0]","[-3.1674122,-1.1011656,1.4081904,1.0357216,-0.19727183,-0.24138721]","[0.47,0.22,0.42]",,max iterations reached,iteration_limit,迭代上限
30,42,scene_01_single_box,20260526,apf,13072,False,0.5231750149978325,72.00000000000209,44.24049656598966,137.11506252071655,0.17600022410419272,0.002999999999999989,3202,1601,0.26503108580364954,0.0,"[-1.5708,-1.5708,1.5708,-1.5708,-1.5708,0]","[-3.1674122,-1.1011656,1.4081904,1.0357216,-0.19727183,-0.24138721]","[0.47,0.22,0.42]",,max iterations reached,iteration_limit,迭代上限
31,42,scene_01_single_box,20260526,apf,13073,False,0.5217600299984042,72.00000000000209,44.24049656598966,137.11506252071655,0.17600022410419272,0.002999999999999989,3202,1601,0.26503108580364954,0.0,"[-1.5708,-1.5708,1.5708,-1.5708,-1.5708,0]","[-3.1674122,-1.1011656,1.4081904,1.0357216,-0.19727183,-0.24138721]","[0.47,0.22,0.42]",,max iterations reached,iteration_limit,迭代上限
32,42,scene_01_single_box,20260526,apf,13074,False,0.5147516690012708,72.00000000000209,44.24049656598966,137.11506252071655,0.17600022410419272,0.002999999999999989,3202,1601,0.26503108580364954,0.0,"[-1.5708,-1.5708,1.5708,-1.5708,-1.5708,0]","[-3.1674122,-1.1011656,1.4081904,1.0357216,-0.19727183,-0.24138721]","[0.47,0.22,0.42]",,max iterations reached,iteration_limit,迭代上限
33,42,scene_01_single_box,20260526,apf,13075,False,0.5243131070019444,72.00000000000209,44.24049656598966,137.11506252071655,0.17600022410419272,0.002999999999999989,3202,1601,0.26503108580364954,0.0,"[-1.5708,-1.5708,1.5708,-1.5708,-1.5708,0]","[-3.1674122,-1.1011656,1.4081904,1.0357216,-0.19727183,-0.24138721]","[0.47,0.22,0.42]",,max iterations reached,iteration_limit,迭代上限
34,42,scene_01_single_box,20260526,apf,13076,False,0.5690011440019589,72.00000000000209,44.24049656598966,137.11506252071655,0.17600022410419272,0.002999999999999989,3202,1601,0.26503108580364954,0.0,"[-1.5708,-1.5708,1.5708,-1.5708,-1.5708,0]","[-3.1674122,-1.1011656,1.4081904,1.0357216,-0.19727183,-0.24138721]","[0.47,0.22,0.42]",,max iterations reached,iteration_limit,迭代上限
35,42,scene_01_single_box,20260526,apf,13077,False,0.5187199039974075,72.00000000000209,44.24049656598966,137.11506252071655,0.17600022410419272,0.002999999999999989,3202,1601,0.26503108580364954,0.0,"[-1.5708,-1.5708,1.5708,-1.5708,-1.5708,0]","[-3.1674122,-1.1011656,1.4081904,1.0357216,-0.19727183,-0.24138721]","[0.47,0.22,0.42]",,max iterations reached,iteration_limit,迭代上限
36,42,scene_01_single_box,20260526,apf,13078,False,0.5311296389991185,72.00000000000209,44.24049656598966,137.11506252071655,0.17600022410419272,0.002999999999999989,3202,1601,0.26503108580364954,0.0,"[-1.5708,-1.5708,1.5708,-1.5708,-1.5708,0]","[-3.1674122,-1.1011656,1.4081904,1.0357216,-0.19727183,-0.24138721]","[0.47,0.22,0.42]",,max iterations reached,iteration_limit,迭代上限
37,42,scene_01_single_box,20260526,apf,13079,False,0.524305645001732,72.00000000000209,44.24049656598966,137.11506252071655,0.17600022410419272,0.002999999999999989,3202,1601,0.26503108580364954,0.0,"[-1.5708,-1.5708,1.5708,-1.5708,-1.5708,0]","[-3.1674122,-1.1011656,1.4081904,1.0357216,-0.19727183,-0.24138721]","[0.47,0.22,0.42]",,max iterations reached,iteration_limit,迭代上限
38,42,scene_01_single_box,20260526,apf,13080,False,0.5215121850014839,72.00000000000209,44.24049656598966,137.11506252071655,0.17600022410419272,0.002999999999999989,3202,1601,0.26503108580364954,0.0,"[-1.5708,-1.5708,1.5708,-1.5708,-1.5708,0]","[-3.1674122,-1.1011656,1.4081904,1.0357216,-0.19727183,-0.24138721]","[0.47,0.22,0.42]",,max iterations reached,iteration_limit,迭代上限
39,42,scene_01_single_box,20260526,apf,13081,False,0.5193749009995372,72.00000000000209,44.24049656598966,137.11506252071655,0.17600022410419272,0.002999999999999989,3202,1601,0.26503108580364954,0.0,"[-1.5708,-1.5708,1.5708,-1.5708,-1.5708,0]","[-3.1674122,-1.1011656,1.4081904,1.0357216,-0.19727183,-0.24138721]","[0.47,0.22,0.42]",,max iterations reached,iteration_limit,迭代上限
40,42,scene_01_single_box,20260526,apf,13082,False,0.5179763519990956,72.00000000000209,44.24049656598966,137.11506252071655,0.17600022410419272,0.002999999999999989,3202,1601,0.26503108580364954,0.0,"[-1.5708,-1.5708,1.5708,-1.5708,-1.5708,0]","[-3.1674122,-1.1011656,1.4081904,1.0357216,-0.19727183,-0.24138721]","[0.47,0.22,0.42]",,max iterations reached,iteration_limit,迭代上限
41,42,scene_01_single_box,20260526,apf,13083,False,0.5221197149985528,72.00000000000209,44.24049656598966,137.11506252071655,0.17600022410419272,0.002999999999999989,3202,1601,0.26503108580364954,0.0,"[-1.5708,-1.5708,1.5708,-1.5708,-1.5708,0]","[-3.1674122,-1.1011656,1.4081904,1.0357216,-0.19727183,-0.24138721]","[0.47,0.22,0.42]",,max iterations reached,iteration_limit,迭代上限
42,42,scene_01_single_box,20260526,apf,13084,False,0.5252789559999655,72.00000000000209,44.24049656598966,137.11506252071655,0.17600022410419272,0.002999999999999989,3202,1601,0.26503108580364954,0.0,"[-1.5708,-1.5708,1.5708,-1.5708,-1.5708,0]","[-3.1674122,-1.1011656,1.4081904,1.0357216,-0.19727183,-0.24138721]","[0.47,0.22,0.42]",,max iterations reached,iteration_limit,迭代上限
43,42,scene_01_single_box,20260526,apf,13085,False,0.526460703000339,72.00000000000209,44.24049656598966,137.11506252071655,0.17600022410419272,0.002999999999999989,3202,1601,0.26503108580364954,0.0,"[-1.5708,-1.5708,1.5708,-1.5708,-1.5708,0]","[-3.1674122,-1.1011656,1.4081904,1.0357216,-0.19727183,-0.24138721]","[0.47,0.22,0.42]",,max iterations reached,iteration_limit,迭代上限
44,42,scene_01_single_box,20260526,apf,13086,False,0.5179877829978068,72.00000000000209,44.24049656598966,137.11506252071655,0.17600022410419272,0.002999999999999989,3202,1601,0.26503108580364954,0.0,"[-1.5708,-1.5708,1.5708,-1.5708,-1.5708,0]","[-3.1674122,-1.1011656,1.4081904,1.0357216,-0.19727183,-0.24138721]","[0.47,0.22,0.42]",,max iterations reached,iteration_limit,迭代上限
45,42,scene_01_single_box,20260526,apf,13087,False,0.5179807009990327,72.00000000000209,44.24049656598966,137.11506252071655,0.17600022410419272,0.002999999999999989,3202,1601,0.26503108580364954,0.0,"[-1.5708,-1.5708,1.5708,-1.5708,-1.5708,0]","[-3.1674122,-1.1011656,1.4081904,1.0357216,-0.19727183,-0.24138721]","[0.47,0.22,0.42]",,max iterations reached,iteration_limit,迭代上限
46,42,scene_01_single_box,20260526,apf,13088,False,0.5271034879988292,72.00000000000209,44.24049656598966,137.11506252071655,0.17600022410419272,0.002999999999999989,3202,1601,0.26503108580364954,0.0,"[-1.5708,-1.5708,1.5708,-1.5708,-1.5708,0]","[-3.1674122,-1.1011656,1.4081904,1.0357216,-0.19727183,-0.24138721]","[0.47,0.22,0.42]",,max iterations reached,iteration_limit,迭代上限
47,42,scene_01_single_box,20260526,apf,13089,False,0.5262862429990491,72.00000000000209,44.24049656598966,137.11506252071655,0.17600022410419272,0.002999999999999989,3202,1601,0.26503108580364954,0.0,"[-1.5708,-1.5708,1.5708,-1.5708,-1.5708,0]","[-3.1674122,-1.1011656,1.4081904,1.0357216,-0.19727183,-0.24138721]","[0.47,0.22,0.42]",,max iterations reached,iteration_limit,迭代上限
48,42,scene_01_single_box,20260526,apf,13090,False,0.5246923990016512,72.00000000000209,44.24049656598966,137.11506252071655,0.17600022410419272,0.002999999999999989,3202,1601,0.26503108580364954,0.0,"[-1.5708,-1.5708,1.5708,-1.5708,-1.5708,0]","[-3.1674122,-1.1011656,1.4081904,1.0357216,-0.19727183,-0.24138721]","[0.47,0.22,0.42]",,max iterations reached,iteration_limit,迭代上限
49,42,scene_01_single_box,20260526,apf,13091,False,0.5261061860001064,72.00000000000209,44.24049656598966,137.11506252071655,0.17600022410419272,0.002999999999999989,3202,1601,0.26503108580364954,0.0,"[-1.5708,-1.5708,1.5708,-1.5708,-1.5708,0]","[-3.1674122,-1.1011656,1.4081904,1.0357216,-0.19727183,-0.24138721]","[0.47,0.22,0.42]",,max iterations reached,iteration_limit,迭代上限
0,42,scene_02_multi_obstacles,20260527,rrt,20042,True,0.008631323998997686,2.86947417253623,1.2443773430847331,4.759579893054559e-14,0.01875006308124403,0.002999999999999989,145,80,1.2621047352659301e-12,0.0,"[-1.5708,-1.5708,1.5708,-1.5708,-1.5708,0]","[-3.7986184,-1.474549,1.8334416,-2.1224536,-3.2692452,0.058518923]","[0.42,-0.28,0.48]",,success,success,成功
1,42,scene_02_multi_obstacles,20260527,rrt,20043,True,0.008494499998050742,2.86947417253623,1.2443773430847331,4.759579893054559e-14,0.01875006308124403,0.002999999999999989,140,80,1.2621047352659301e-12,0.0,"[-1.5708,-1.5708,1.5708,-1.5708,-1.5708,0]","[-3.7986184,-1.474549,1.8334416,-2.1224536,-3.2692452,0.058518923]","[0.42,-0.28,0.48]",,success,success,成功
2,42,scene_02_multi_obstacles,20260527,rrt,20044,True,0.012258029000804527,2.86947417253623,1.2443773430847331,4.759579893054559e-14,0.01875006308124403,0.002999999999999989,204,80,1.2621047352659301e-12,0.0,"[-1.5708,-1.5708,1.5708,-1.5708,-1.5708,0]","[-3.7986184,-1.474549,1.8334416,-2.1224536,-3.2692452,0.058518923]","[0.42,-0.28,0.48]",,success,success,成功
3,42,scene_02_multi_obstacles,20260527,rrt,20045,True,0.007552725997811649,2.86947417253623,1.2443773430847331,4.759579893054559e-14,0.01875006308124403,0.002999999999999989,125,80,1.2621047352659301e-12,0.0,"[-1.5708,-1.5708,1.5708,-1.5708,-1.5708,0]","[-3.7986184,-1.474549,1.8334416,-2.1224536,-3.2692452,0.058518923]","[0.42,-0.28,0.48]",,success,success,成功
4,42,scene_02_multi_obstacles,20260527,rrt,20046,True,0.011488411997561343,2.86947417253623,1.2443773430847331,4.759579893054559e-14,0.01875006308124403,0.002999999999999989,193,80,1.2621047352659301e-12,0.0,"[-1.5708,-1.5708,1.5708,-1.5708,-1.5708,0]","[-3.7986184,-1.474549,1.8334416,-2.1224536,-3.2692452,0.058518923]","[0.42,-0.28,0.48]",,success,success,成功
5,42,scene_02_multi_obstacles,20260527,rrt,20047,True,0.008401232000323944,2.86947417253623,1.2443773430847331,4.759579893054559e-14,0.01875006308124403,0.002999999999999989,145,80,1.2621047352659301e-12,0.0,"[-1.5708,-1.5708,1.5708,-1.5708,-1.5708,0]","[-3.7986184,-1.474549,1.8334416,-2.1224536,-3.2692452,0.058518923]","[0.42,-0.28,0.48]",,success,success,成功
6,42,scene_02_multi_obstacles,20260527,rrt,20048,True,0.006491744999948423,2.86947417253623,1.2443773430847331,4.759579893054559e-14,0.01875006308124403,0.002999999999999989,111,80,1.2621047352659301e-12,0.0,"[-1.5708,-1.5708,1.5708,-1.5708,-1.5708,0]","[-3.7986184,-1.474549,1.8334416,-2.1224536,-3.2692452,0.058518923]","[0.42,-0.28,0.48]",,success,success,成功
7,42,scene_02_multi_obstacles,20260527,rrt,20049,True,0.007302576999791199,2.86947417253623,1.2443773430847331,4.759579893054559e-14,0.01875006308124403,0.002999999999999989,125,80,1.2621047352659301e-12,0.0,"[-1.5708,-1.5708,1.5708,-1.5708,-1.5708,0]","[-3.7986184,-1.474549,1.8334416,-2.1224536,-3.2692452,0.058518923]","[0.42,-0.28,0.48]",,success,success,成功
8,42,scene_02_multi_obstacles,20260527,rrt,20050,True,0.007171921002736781,2.86947417253623,1.2443773430847331,4.759579893054559e-14,0.01875006308124403,0.002999999999999989,112,80,1.2621047352659301e-12,0.0,"[-1.5708,-1.5708,1.5708,-1.5708,-1.5708,0]","[-3.7986184,-1.474549,1.8334416,-2.1224536,-3.2692452,0.058518923]","[0.42,-0.28,0.48]",,success,success,成功
9,42,scene_02_multi_obstacles,20260527,rrt,20051,True,0.009622637000575196,2.86947417253623,1.2443773430847331,4.759579893054559e-14,0.01875006308124403,0.002999999999999989,144,80,1.2621047352659301e-12,0.0,"[-1.5708,-1.5708,1.5708,-1.5708,-1.5708,0]","[-3.7986184,-1.474549,1.8334416,-2.1224536,-3.2692452,0.058518923]","[0.42,-0.28,0.48]",,success,success,成功
10,42,scene_02_multi_obstacles,20260527,rrt,20052,True,0.0070828280004207045,2.86947417253623,1.2443773430847331,4.759579893054559e-14,0.01875006308124403,0.002999999999999989,121,80,1.2621047352659301e-12,0.0,"[-1.5708,-1.5708,1.5708,-1.5708,-1.5708,0]","[-3.7986184,-1.474549,1.8334416,-2.1224536,-3.2692452,0.058518923]","[0.42,-0.28,0.48]",,success,success,成功
11,42,scene_02_multi_obstacles,20260527,rrt,20053,True,0.791712489000929,2.86947417253623,1.2443773430847331,4.759579893054559e-14,0.01875006308124403,0.002999999999999989,4640,80,1.2621047352659301e-12,0.0,"[-1.5708,-1.5708,1.5708,-1.5708,-1.5708,0]","[-3.7986184,-1.474549,1.8334416,-2.1224536,-3.2692452,0.058518923]","[0.42,-0.28,0.48]",,success,success,成功
12,42,scene_02_multi_obstacles,20260527,rrt,20054,True,0.009818479000387015,2.86947417253623,1.2443773430847331,4.759579893054559e-14,0.01875006308124403,0.002999999999999989,162,80,1.2621047352659301e-12,0.0,"[-1.5708,-1.5708,1.5708,-1.5708,-1.5708,0]","[-3.7986184,-1.474549,1.8334416,-2.1224536,-3.2692452,0.058518923]","[0.42,-0.28,0.48]",,success,success,成功
13,42,scene_02_multi_obstacles,20260527,rrt,20055,True,0.007144297000195365,2.86947417253623,1.2443773430847331,4.759579893054559e-14,0.01875006308124403,0.002999999999999989,120,80,1.2621047352659301e-12,0.0,"[-1.5708,-1.5708,1.5708,-1.5708,-1.5708,0]","[-3.7986184,-1.474549,1.8334416,-2.1224536,-3.2692452,0.058518923]","[0.42,-0.28,0.48]",,success,success,成功
14,42,scene_02_multi_obstacles,20260527,rrt,20056,True,0.0059367590001784265,2.86947417253623,1.2443773430847331,4.759579893054559e-14,0.01875006308124403,0.002999999999999989,101,80,1.2621047352659301e-12,0.0,"[-1.5708,-1.5708,1.5708,-1.5708,-1.5708,0]","[-3.7986184,-1.474549,1.8334416,-2.1224536,-3.2692452,0.058518923]","[0.42,-0.28,0.48]",,success,success,成功
15,42,scene_02_multi_obstacles,20260527,rrt,20057,True,0.006913370998518076,2.86947417253623,1.2443773430847331,4.759579893054559e-14,0.01875006308124403,0.002999999999999989,119,80,1.2621047352659301e-12,0.0,"[-1.5708,-1.5708,1.5708,-1.5708,-1.5708,0]","[-3.7986184,-1.474549,1.8334416,-2.1224536,-3.2692452,0.058518923]","[0.42,-0.28,0.48]",,success,success,成功
16,42,scene_02_multi_obstacles,20260527,rrt,20058,True,0.00947423800243996,2.86947417253623,1.2443773430847331,4.759579893054559e-14,0.01875006308124403,0.002999999999999989,160,80,1.2621047352659301e-12,0.0,"[-1.5708,-1.5708,1.5708,-1.5708,-1.5708,0]","[-3.7986184,-1.474549,1.8334416,-2.1224536,-3.2692452,0.058518923]","[0.42,-0.28,0.48]",,success,success,成功
17,42,scene_02_multi_obstacles,20260527,rrt,20059,True,0.007358527000178583,2.86947417253623,1.2443773430847331,4.759579893054559e-14,0.01875006308124403,0.002999999999999989,126,80,1.2621047352659301e-12,0.0,"[-1.5708,-1.5708,1.5708,-1.5708,-1.5708,0]","[-3.7986184,-1.474549,1.8334416,-2.1224536,-3.2692452,0.058518923]","[0.42,-0.28,0.48]",,success,success,成功
18,42,scene_02_multi_obstacles,20260527,rrt,20060,True,0.010569575999397784,2.86947417253623,1.2443773430847331,4.759579893054559e-14,0.01875006308124403,0.002999999999999989,179,80,1.2621047352659301e-12,0.0,"[-1.5708,-1.5708,1.5708,-1.5708,-1.5708,0]","[-3.7986184,-1.474549,1.8334416,-2.1224536,-3.2692452,0.058518923]","[0.42,-0.28,0.48]",,success,success,成功
19,42,scene_02_multi_obstacles,20260527,rrt,20061,True,0.0067806919978465885,2.86947417253623,1.2443773430847331,4.759579893054559e-14,0.01875006308124403,0.002999999999999989,115,80,1.2621047352659301e-12,0.0,"[-1.5708,-1.5708,1.5708,-1.5708,-1.5708,0]","[-3.7986184,-1.474549,1.8334416,-2.1224536,-3.2692452,0.058518923]","[0.42,-0.28,0.48]",,success,success,成功
20,42,scene_02_multi_obstacles,20260527,rrt,20062,True,0.009670010000263574,2.86947417253623,1.2443773430847331,4.759579893054559e-14,0.01875006308124403,0.002999999999999989,167,80,1.2621047352659301e-12,0.0,"[-1.5708,-1.5708,1.5708,-1.5708,-1.5708,0]","[-3.7986184,-1.474549,1.8334416,-2.1224536,-3.2692452,0.058518923]","[0.42,-0.28,0.48]",,success,success,成功
21,42,scene_02_multi_obstacles,20260527,rrt,20063,True,0.006961553997825831,2.86947417253623,1.2443773430847331,4.759579893054559e-14,0.01875006308124403,0.002999999999999989,120,80,1.2621047352659301e-12,0.0,"[-1.5708,-1.5708,1.5708,-1.5708,-1.5708,0]","[-3.7986184,-1.474549,1.8334416,-2.1224536,-3.2692452,0.058518923]","[0.42,-0.28,0.48]",,success,success,成功
22,42,scene_02_multi_obstacles,20260527,rrt,20064,True,0.008926390997658018,2.86947417253623,1.2443773430847331,4.759579893054559e-14,0.01875006308124403,0.002999999999999989,151,80,1.2621047352659301e-12,0.0,"[-1.5708,-1.5708,1.5708,-1.5708,-1.5708,0]","[-3.7986184,-1.474549,1.8334416,-2.1224536,-3.2692452,0.058518923]","[0.42,-0.28,0.48]",,success,success,成功
23,42,scene_02_multi_obstacles,20260527,rrt,20065,True,0.007039909996819915,2.86947417253623,1.2443773430847331,4.759579893054559e-14,0.01875006308124403,0.002999999999999989,121,80,1.2621047352659301e-12,0.0,"[-1.5708,-1.5708,1.5708,-1.5708,-1.5708,0]","[-3.7986184,-1.474549,1.8334416,-2.1224536,-3.2692452,0.058518923]","[0.42,-0.28,0.48]",,success,success,成功
24,42,scene_02_multi_obstacles,20260527,rrt,20066,True,0.009333833997516194,2.86947417253623,1.2443773430847331,4.759579893054559e-14,0.01875006308124403,0.002999999999999989,154,80,1.2621047352659301e-12,0.0,"[-1.5708,-1.5708,1.5708,-1.5708,-1.5708,0]","[-3.7986184,-1.474549,1.8334416,-2.1224536,-3.2692452,0.058518923]","[0.42,-0.28,0.48]",,success,success,成功
25,42,scene_02_multi_obstacles,20260527,rrt,20067,True,0.007699551002588123,2.86947417253623,1.2443773430847331,4.759579893054559e-14,0.01875006308124403,0.002999999999999989,132,80,1.2621047352659301e-12,0.0,"[-1.5708,-1.5708,1.5708,-1.5708,-1.5708,0]","[-3.7986184,-1.474549,1.8334416,-2.1224536,-3.2692452,0.058518923]","[0.42,-0.28,0.48]",,success,success,成功
26,42,scene_02_multi_obstacles,20260527,rrt,20068,True,0.006694768002489582,2.86947417253623,1.2443773430847331,4.759579893054559e-14,0.01875006308124403,0.002999999999999989,115,80,1.2621047352659301e-12,0.0,"[-1.5708,-1.5708,1.5708,-1.5708,-1.5708,0]","[-3.7986184,-1.474549,1.8334416,-2.1224536,-3.2692452,0.058518923]","[0.42,-0.28,0.48]",,success,success,成功
27,42,scene_02_multi_obstacles,20260527,rrt,20069,True,0.009770565000508213,2.86947417253623,1.2443773430847331,4.759579893054559e-14,0.01875006308124403,0.002999999999999989,166,80,1.2621047352659301e-12,0.0,"[-1.5708,-1.5708,1.5708,-1.5708,-1.5708,0]","[-3.7986184,-1.474549,1.8334416,-2.1224536,-3.2692452,0.058518923]","[0.42,-0.28,0.48]",,success,success,成功
28,42,scene_02_multi_obstacles,20260527,rrt,20070,True,0.009911313001794042,2.86947417253623,1.2443773430847331,4.759579893054559e-14,0.01875006308124403,0.002999999999999989,160,80,1.2621047352659301e-12,0.0,"[-1.5708,-1.5708,1.5708,-1.5708,-1.5708,0]","[-3.7986184,-1.474549,1.8334416,-2.1224536,-3.2692452,0.058518923]","[0.42,-0.28,0.48]",,success,success,成功
29,42,scene_02_multi_obstacles,20260527,rrt,20071,True,0.008993874002044322,2.86947417253623,1.2443773430847331,4.759579893054559e-14,0.01875006308124403,0.002999999999999989,154,80,1.2621047352659301e-12,0.0,"[-1.5708,-1.5708,1.5708,-1.5708,-1.5708,0]","[-3.7986184,-1.474549,1.8334416,-2.1224536,-3.2692452,0.058518923]","[0.42,-0.28,0.48]",,success,success,成功
30,42,scene_02_multi_obstacles,20260527,rrt,20072,True,0.007237765999889234,2.86947417253623,1.2443773430847331,4.759579893054559e-14,0.01875006308124403,0.002999999999999989,120,80,1.2621047352659301e-12,0.0,"[-1.5708,-1.5708,1.5708,-1.5708,-1.5708,0]","[-3.7986184,-1.474549,1.8334416,-2.1224536,-3.2692452,0.058518923]","[0.42,-0.28,0.48]",,success,success,成功
31,42,scene_02_multi_obstacles,20260527,rrt,20073,True,0.006898677998833591,2.86947417253623,1.2443773430847331,4.759579893054559e-14,0.01875006308124403,0.002999999999999989,119,80,1.2621047352659301e-12,0.0,"[-1.5708,-1.5708,1.5708,-1.5708,-1.5708,0]","[-3.7986184,-1.474549,1.8334416,-2.1224536,-3.2692452,0.058518923]","[0.42,-0.28,0.48]",,success,success,成功
32,42,scene_02_multi_obstacles,20260527,rrt,20074,True,0.007049970001389738,2.86947417253623,1.2443773430847331,4.759579893054559e-14,0.01875006308124403,0.002999999999999989,122,80,1.2621047352659301e-12,0.0,"[-1.5708,-1.5708,1.5708,-1.5708,-1.5708,0]","[-3.7986184,-1.474549,1.8334416,-2.1224536,-3.2692452,0.058518923]","[0.42,-0.28,0.48]",,success,success,成功
33,42,scene_02_multi_obstacles,20260527,rrt,20075,True,0.010063476998766419,2.86947417253623,1.2443773430847331,4.759579893054559e-14,0.01875006308124403,0.002999999999999989,169,80,1.2621047352659301e-12,0.0,"[-1.5708,-1.5708,1.5708,-1.5708,-1.5708,0]","[-3.7986184,-1.474549,1.8334416,-2.1224536,-3.2692452,0.058518923]","[0.42,-0.28,0.48]",,success,success,成功
34,42,scene_02_multi_obstacles,20260527,rrt,20076,True,0.011971263000305044,2.86947417253623,1.2443773430847331,4.759579893054559e-14,0.01875006308124403,0.002999999999999989,195,80,1.2621047352659301e-12,0.0,"[-1.5708,-1.5708,1.5708,-1.5708,-1.5708,0]","[-3.7986184,-1.474549,1.8334416,-2.1224536,-3.2692452,0.058518923]","[0.42,-0.28,0.48]",,success,success,成功
35,42,scene_02_multi_obstacles,20260527,rrt,20077,True,0.007567299999209354,2.86947417253623,1.2443773430847331,4.759579893054559e-14,0.01875006308124403,0.002999999999999989,129,80,1.2621047352659301e-12,0.0,"[-1.5708,-1.5708,1.5708,-1.5708,-1.5708,0]","[-3.7986184,-1.474549,1.8334416,-2.1224536,-3.2692452,0.058518923]","[0.42,-0.28,0.48]",,success,success,成功
36,42,scene_02_multi_obstacles,20260527,rrt,20078,True,0.008488610001222696,2.86947417253623,1.2443773430847331,4.759579893054559e-14,0.01875006308124403,0.002999999999999989,144,80,1.2621047352659301e-12,0.0,"[-1.5708,-1.5708,1.5708,-1.5708,-1.5708,0]","[-3.7986184,-1.474549,1.8334416,-2.1224536,-3.2692452,0.058518923]","[0.42,-0.28,0.48]",,success,success,成功
37,42,scene_02_multi_obstacles,20260527,rrt,20079,True,0.008815881999908015,2.86947417253623,1.2443773430847331,4.759579893054559e-14,0.01875006308124403,0.002999999999999989,151,80,1.2621047352659301e-12,0.0,"[-1.5708,-1.5708,1.5708,-1.5708,-1.5708,0]","[-3.7986184,-1.474549,1.8334416,-2.1224536,-3.2692452,0.058518923]","[0.42,-0.28,0.48]",,success,success,成功
38,42,scene_02_multi_obstacles,20260527,rrt,20080,True,0.01008586500029196,2.86947417253623,1.2443773430847331,4.759579893054559e-14,0.01875006308124403,0.002999999999999989,170,80,1.2621047352659301e-12,0.0,"[-1.5708,-1.5708,1.5708,-1.5708,-1.5708,0]","[-3.7986184,-1.474549,1.8334416,-2.1224536,-3.2692452,0.058518923]","[0.42,-0.28,0.48]",,success,success,成功
39,42,scene_02_multi_obstacles,20260527,rrt,20081,True,0.007284600000275532,2.86947417253623,1.2443773430847331,4.759579893054559e-14,0.01875006308124403,0.002999999999999989,125,80,1.2621047352659301e-12,0.0,"[-1.5708,-1.5708,1.5708,-1.5708,-1.5708,0]","[-3.7986184,-1.474549,1.8334416,-2.1224536,-3.2692452,0.058518923]","[0.42,-0.28,0.48]",,success,success,成功
40,42,scene_02_multi_obstacles,20260527,rrt,20082,True,0.005534522999369074,2.86947417253623,1.2443773430847331,4.759579893054559e-14,0.01875006308124403,0.002999999999999989,96,80,1.2621047352659301e-12,0.0,"[-1.5708,-1.5708,1.5708,-1.5708,-1.5708,0]","[-3.7986184,-1.474549,1.8334416,-2.1224536,-3.2692452,0.058518923]","[0.42,-0.28,0.48]",,success,success,成功
41,42,scene_02_multi_obstacles,20260527,rrt,20083,True,0.01031200100260321,2.86947417253623,1.2443773430847331,4.759579893054559e-14,0.01875006308124403,0.002999999999999989,176,80,1.2621047352659301e-12,0.0,"[-1.5708,-1.5708,1.5708,-1.5708,-1.5708,0]","[-3.7986184,-1.474549,1.8334416,-2.1224536,-3.2692452,0.058518923]","[0.42,-0.28,0.48]",,success,success,成功
42,42,scene_02_multi_obstacles,20260527,rrt,20084,True,0.00710930200148141,2.86947417253623,1.2443773430847331,4.759579893054559e-14,0.01875006308124403,0.002999999999999989,122,80,1.2621047352659301e-12,0.0,"[-1.5708,-1.5708,1.5708,-1.5708,-1.5708,0]","[-3.7986184,-1.474549,1.8334416,-2.1224536,-3.2692452,0.058518923]","[0.42,-0.28,0.48]",,success,success,成功
43,42,scene_02_multi_obstacles,20260527,rrt,20085,True,0.005553566999878967,2.86947417253623,1.2443773430847331,4.759579893054559e-14,0.01875006308124403,0.002999999999999989,95,80,1.2621047352659301e-12,0.0,"[-1.5708,-1.5708,1.5708,-1.5708,-1.5708,0]","[-3.7986184,-1.474549,1.8334416,-2.1224536,-3.2692452,0.058518923]","[0.42,-0.28,0.48]",,success,success,成功
44,42,scene_02_multi_obstacles,20260527,rrt,20086,True,0.0077205509987834375,2.86947417253623,1.2443773430847331,4.759579893054559e-14,0.01875006308124403,0.002999999999999989,132,80,1.2621047352659301e-12,0.0,"[-1.5708,-1.5708,1.5708,-1.5708,-1.5708,0]","[-3.7986184,-1.474549,1.8334416,-2.1224536,-3.2692452,0.058518923]","[0.42,-0.28,0.48]",,success,success,成功
45,42,scene_02_multi_obstacles,20260527,rrt,20087,True,0.006199370000103954,2.86947417253623,1.2443773430847331,4.759579893054559e-14,0.01875006308124403,0.002999999999999989,105,80,1.2621047352659301e-12,0.0,"[-1.5708,-1.5708,1.5708,-1.5708,-1.5708,0]","[-3.7986184,-1.474549,1.8334416,-2.1224536,-3.2692452,0.058518923]","[0.42,-0.28,0.48]",,success,success,成功
46,42,scene_02_multi_obstacles,20260527,rrt,20088,True,0.006633904999034712,2.86947417253623,1.2443773430847331,4.759579893054559e-14,0.01875006308124403,0.002999999999999989,114,80,1.2621047352659301e-12,0.0,"[-1.5708,-1.5708,1.5708,-1.5708,-1.5708,0]","[-3.7986184,-1.474549,1.8334416,-2.1224536,-3.2692452,0.058518923]","[0.42,-0.28,0.48]",,success,success,成功
47,42,scene_02_multi_obstacles,20260527,rrt,20089,True,0.009472188001382165,2.86947417253623,1.2443773430847331,4.759579893054559e-14,0.01875006308124403,0.002999999999999989,157,80,1.2621047352659301e-12,0.0,"[-1.5708,-1.5708,1.5708,-1.5708,-1.5708,0]","[-3.7986184,-1.474549,1.8334416,-2.1224536,-3.2692452,0.058518923]","[0.42,-0.28,0.48]",,success,success,成功
48,42,scene_02_multi_obstacles,20260527,rrt,20090,True,0.007279329001903534,2.86947417253623,1.2443773430847331,4.759579893054559e-14,0.01875006308124403,0.002999999999999989,126,80,1.2621047352659301e-12,0.0,"[-1.5708,-1.5708,1.5708,-1.5708,-1.5708,0]","[-3.7986184,-1.474549,1.8334416,-2.1224536,-3.2692452,0.058518923]","[0.42,-0.28,0.48]",,success,success,成功
49,42,scene_02_multi_obstacles,20260527,rrt,20091,True,0.009868342996924184,2.86947417253623,1.2443773430847331,4.759579893054559e-14,0.01875006308124403,0.002999999999999989,145,80,1.2621047352659301e-12,0.0,"[-1.5708,-1.5708,1.5708,-1.5708,-1.5708,0]","[-3.7986184,-1.474549,1.8334416,-2.1224536,-3.2692452,0.058518923]","[0.42,-0.28,0.48]",,success,success,成功
0,42,scene_02_multi_obstacles,20260527,rrt_connect,21042,True,0.004378448000352364,2.86947417253623,1.2443773430847331,4.759579893054559e-14,0.01875006308124403,0.002999999999999989,77,80,1.2621047352659301e-12,0.0,"[-1.5708,-1.5708,1.5708,-1.5708,-1.5708,0]","[-3.7986184,-1.474549,1.8334416,-2.1224536,-3.2692452,0.058518923]","[0.42,-0.28,0.48]",,success,success,成功
1,42,scene_02_multi_obstacles,20260527,rrt_connect,21043,True,0.004679196998040425,2.86947417253623,1.2443773430847331,4.759579893054559e-14,0.01875006308124403,0.002999999999999989,82,80,1.2621047352659301e-12,0.0,"[-1.5708,-1.5708,1.5708,-1.5708,-1.5708,0]","[-3.7986184,-1.474549,1.8334416,-2.1224536,-3.2692452,0.058518923]","[0.42,-0.28,0.48]",,success,success,成功
2,42,scene_02_multi_obstacles,20260527,rrt_connect,21044,True,0.014058916000067256,2.86947417253623,1.2443773430847331,4.759579893054559e-14,0.01875006308124403,0.002999999999999989,77,80,1.2621047352659301e-12,0.0,"[-1.5708,-1.5708,1.5708,-1.5708,-1.5708,0]","[-3.7986184,-1.474549,1.8334416,-2.1224536,-3.2692452,0.058518923]","[0.42,-0.28,0.48]",,success,success,成功
3,42,scene_02_multi_obstacles,20260527,rrt_connect,21045,True,0.004429338001500582,2.86947417253623,1.2443773430847331,4.759579893054559e-14,0.01875006308124403,0.002999999999999989,77,80,1.2621047352659301e-12,0.0,"[-1.5708,-1.5708,1.5708,-1.5708,-1.5708,0]","[-3.7986184,-1.474549,1.8334416,-2.1224536,-3.2692452,0.058518923]","[0.42,-0.28,0.48]",,success,success,成功
4,42,scene_02_multi_obstacles,20260527,rrt_connect,21046,True,0.004515406999416882,2.86947417253623,1.2443773430847331,4.759579893054559e-14,0.01875006308124403,0.002999999999999989,77,80,1.2621047352659301e-12,0.0,"[-1.5708,-1.5708,1.5708,-1.5708,-1.5708,0]","[-3.7986184,-1.474549,1.8334416,-2.1224536,-3.2692452,0.058518923]","[0.42,-0.28,0.48]",,success,success,成功
5,42,scene_02_multi_obstacles,20260527,rrt_connect,21047,True,0.00435876899791765,2.86947417253623,1.2443773430847331,4.759579893054559e-14,0.01875006308124403,0.002999999999999989,77,80,1.2621047352659301e-12,0.0,"[-1.5708,-1.5708,1.5708,-1.5708,-1.5708,0]","[-3.7986184,-1.474549,1.8334416,-2.1224536,-3.2692452,0.058518923]","[0.42,-0.28,0.48]",,success,success,成功
6,42,scene_02_multi_obstacles,20260527,rrt_connect,21048,True,0.0046954809986345936,2.86947417253623,1.2443773430847331,4.759579893054559e-14,0.01875006308124403,0.002999999999999989,82,80,1.2621047352659301e-12,0.0,"[-1.5708,-1.5708,1.5708,-1.5708,-1.5708,0]","[-3.7986184,-1.474549,1.8334416,-2.1224536,-3.2692452,0.058518923]","[0.42,-0.28,0.48]",,success,success,成功
7,42,scene_02_multi_obstacles,20260527,rrt_connect,21049,True,0.004618722003215225,2.86947417253623,1.2443773430847331,4.759579893054559e-14,0.01875006308124403,0.002999999999999989,82,80,1.2621047352659301e-12,0.0,"[-1.5708,-1.5708,1.5708,-1.5708,-1.5708,0]","[-3.7986184,-1.474549,1.8334416,-2.1224536,-3.2692452,0.058518923]","[0.42,-0.28,0.48]",,success,success,成功
8,42,scene_02_multi_obstacles,20260527,rrt_connect,21050,True,0.004430165998201119,2.86947417253623,1.2443773430847331,4.759579893054559e-14,0.01875006308124403,0.002999999999999989,77,80,1.2621047352659301e-12,0.0,"[-1.5708,-1.5708,1.5708,-1.5708,-1.5708,0]","[-3.7986184,-1.474549,1.8334416,-2.1224536,-3.2692452,0.058518923]","[0.42,-0.28,0.48]",,success,success,成功
9,42,scene_02_multi_obstacles,20260527,rrt_connect,21051,True,0.004388556997582782,2.86947417253623,1.2443773430847331,4.759579893054559e-14,0.01875006308124403,0.002999999999999989,77,80,1.2621047352659301e-12,0.0,"[-1.5708,-1.5708,1.5708,-1.5708,-1.5708,0]","[-3.7986184,-1.474549,1.8334416,-2.1224536,-3.2692452,0.058518923]","[0.42,-0.28,0.48]",,success,success,成功
10,42,scene_02_multi_obstacles,20260527,rrt_connect,21052,True,0.004508056001213845,2.86947417253623,1.2443773430847331,4.759579893054559e-14,0.01875006308124403,0.002999999999999989,77,80,1.2621047352659301e-12,0.0,"[-1.5708,-1.5708,1.5708,-1.5708,-1.5708,0]","[-3.7986184,-1.474549,1.8334416,-2.1224536,-3.2692452,0.058518923]","[0.42,-0.28,0.48]",,success,success,成功
11,42,scene_02_multi_obstacles,20260527,rrt_connect,21053,True,0.007148110002162866,2.86947417253623,1.2443773430847331,4.759579893054559e-14,0.01875006308124403,0.002999999999999989,77,80,1.2621047352659301e-12,0.0,"[-1.5708,-1.5708,1.5708,-1.5708,-1.5708,0]","[-3.7986184,-1.474549,1.8334416,-2.1224536,-3.2692452,0.058518923]","[0.42,-0.28,0.48]",,success,success,成功
12,42,scene_02_multi_obstacles,20260527,rrt_connect,21054,True,0.004156418999627931,2.86947417253623,1.2443773430847331,4.759579893054559e-14,0.01875006308124403,0.002999999999999989,72,80,1.2621047352659301e-12,0.0,"[-1.5708,-1.5708,1.5708,-1.5708,-1.5708,0]","[-3.7986184,-1.474549,1.8334416,-2.1224536,-3.2692452,0.058518923]","[0.42,-0.28,0.48]",,success,success,成功
13,42,scene_02_multi_obstacles,20260527,rrt_connect,21055,True,0.004542929000308504,2.86947417253623,1.2443773430847331,4.759579893054559e-14,0.01875006308124403,0.002999999999999989,77,80,1.2621047352659301e-12,0.0,"[-1.5708,-1.5708,1.5708,-1.5708,-1.5708,0]","[-3.7986184,-1.474549,1.8334416,-2.1224536,-3.2692452,0.058518923]","[0.42,-0.28,0.48]",,success,success,成功
14,42,scene_02_multi_obstacles,20260527,rrt_connect,21056,True,0.004462597000383539,2.86947417253623,1.2443773430847331,4.759579893054559e-14,0.01875006308124403,0.002999999999999989,77,80,1.2621047352659301e-12,0.0,"[-1.5708,-1.5708,1.5708,-1.5708,-1.5708,0]","[-3.7986184,-1.474549,1.8334416,-2.1224536,-3.2692452,0.058518923]","[0.42,-0.28,0.48]",,success,success,成功
15,42,scene_02_multi_obstacles,20260527,rrt_connect,21057,True,0.004085205000592396,2.86947417253623,1.2443773430847331,4.759579893054559e-14,0.01875006308124403,0.002999999999999989,72,80,1.2621047352659301e-12,0.0,"[-1.5708,-1.5708,1.5708,-1.5708,-1.5708,0]","[-3.7986184,-1.474549,1.8334416,-2.1224536,-3.2692452,0.058518923]","[0.42,-0.28,0.48]",,success,success,成功
16,42,scene_02_multi_obstacles,20260527,rrt_connect,21058,True,0.004378079000161961,2.86947417253623,1.2443773430847331,4.759579893054559e-14,0.01875006308124403,0.002999999999999989,77,80,1.2621047352659301e-12,0.0,"[-1.5708,-1.5708,1.5708,-1.5708,-1.5708,0]","[-3.7986184,-1.474549,1.8334416,-2.1224536,-3.2692452,0.058518923]","[0.42,-0.28,0.48]",,success,success,成功
17,42,scene_02_multi_obstacles,20260527,rrt_connect,21059,True,0.004703283000708325,2.86947417253623,1.2443773430847331,4.759579893054559e-14,0.01875006308124403,0.002999999999999989,82,80,1.2621047352659301e-12,0.0,"[-1.5708,-1.5708,1.5708,-1.5708,-1.5708,0]","[-3.7986184,-1.474549,1.8334416,-2.1224536,-3.2692452,0.058518923]","[0.42,-0.28,0.48]",,success,success,成功
18,42,scene_02_multi_obstacles,20260527,rrt_connect,21060,True,0.004371696999442065,2.86947417253623,1.2443773430847331,4.759579893054559e-14,0.01875006308124403,0.002999999999999989,77,80,1.2621047352659301e-12,0.0,"[-1.5708,-1.5708,1.5708,-1.5708,-1.5708,0]","[-3.7986184,-1.474549,1.8334416,-2.1224536,-3.2692452,0.058518923]","[0.42,-0.28,0.48]",,success,success,成功
19,42,scene_02_multi_obstacles,20260527,rrt_connect,21061,True,0.004446529997949256,2.86947417253623,1.2443773430847331,4.759579893054559e-14,0.01875006308124403,0.002999999999999989,77,80,1.2621047352659301e-12,0.0,"[-1.5708,-1.5708,1.5708,-1.5708,-1.5708,0]","[-3.7986184,-1.474549,1.8334416,-2.1224536,-3.2692452,0.058518923]","[0.42,-0.28,0.48]",,success,success,成功
20,42,scene_02_multi_obstacles,20260527,rrt_connect,21062,True,0.005078297999716597,2.86947417253623,1.2443773430847331,4.759579893054559e-14,0.01875006308124403,0.002999999999999989,72,80,1.2621047352659301e-12,0.0,"[-1.5708,-1.5708,1.5708,-1.5708,-1.5708,0]","[-3.7986184,-1.474549,1.8334416,-2.1224536,-3.2692452,0.058518923]","[0.42,-0.28,0.48]",,success,success,成功
21,42,scene_02_multi_obstacles,20260527,rrt_connect,21063,True,0.0047405490004166495,2.86947417253623,1.2443773430847331,4.759579893054559e-14,0.01875006308124403,0.002999999999999989,77,80,1.2621047352659301e-12,0.0,"[-1.5708,-1.5708,1.5708,-1.5708,-1.5708,0]","[-3.7986184,-1.474549,1.8334416,-2.1224536,-3.2692452,0.058518923]","[0.42,-0.28,0.48]",,success,success,成功
22,42,scene_02_multi_obstacles,20260527,rrt_connect,21064,True,0.0043848360000993125,2.86947417253623,1.2443773430847331,4.759579893054559e-14,0.01875006308124403,0.002999999999999989,77,80,1.2621047352659301e-12,0.0,"[-1.5708,-1.5708,1.5708,-1.5708,-1.5708,0]","[-3.7986184,-1.474549,1.8334416,-2.1224536,-3.2692452,0.058518923]","[0.42,-0.28,0.48]",,success,success,成功
23,42,scene_02_multi_obstacles,20260527,rrt_connect,21065,True,0.004573094000079436,2.86947417253623,1.2443773430847331,4.759579893054559e-14,0.01875006308124403,0.002999999999999989,77,80,1.2621047352659301e-12,0.0,"[-1.5708,-1.5708,1.5708,-1.5708,-1.5708,0]","[-3.7986184,-1.474549,1.8334416,-2.1224536,-3.2692452,0.058518923]","[0.42,-0.28,0.48]",,success,success,成功
24,42,scene_02_multi_obstacles,20260527,rrt_connect,21066,True,0.004388960998767288,2.86947417253623,1.2443773430847331,4.759579893054559e-14,0.01875006308124403,0.002999999999999989,77,80,1.2621047352659301e-12,0.0,"[-1.5708,-1.5708,1.5708,-1.5708,-1.5708,0]","[-3.7986184,-1.474549,1.8334416,-2.1224536,-3.2692452,0.058518923]","[0.42,-0.28,0.48]",,success,success,成功
25,42,scene_02_multi_obstacles,20260527,rrt_connect,21067,True,0.004427984000358265,2.86947417253623,1.2443773430847331,4.759579893054559e-14,0.01875006308124403,0.002999999999999989,77,80,1.2621047352659301e-12,0.0,"[-1.5708,-1.5708,1.5708,-1.5708,-1.5708,0]","[-3.7986184,-1.474549,1.8334416,-2.1224536,-3.2692452,0.058518923]","[0.42,-0.28,0.48]",,success,success,成功
26,42,scene_02_multi_obstacles,20260527,rrt_connect,21068,True,0.004390113001136342,2.86947417253623,1.2443773430847331,4.759579893054559e-14,0.01875006308124403,0.002999999999999989,77,80,1.2621047352659301e-12,0.0,"[-1.5708,-1.5708,1.5708,-1.5708,-1.5708,0]","[-3.7986184,-1.474549,1.8334416,-2.1224536,-3.2692452,0.058518923]","[0.42,-0.28,0.48]",,success,success,成功
27,42,scene_02_multi_obstacles,20260527,rrt_connect,21069,True,0.0047687289988971315,2.86947417253623,1.2443773430847331,4.759579893054559e-14,0.01875006308124403,0.002999999999999989,82,80,1.2621047352659301e-12,0.0,"[-1.5708,-1.5708,1.5708,-1.5708,-1.5708,0]","[-3.7986184,-1.474549,1.8334416,-2.1224536,-3.2692452,0.058518923]","[0.42,-0.28,0.48]",,success,success,成功
28,42,scene_02_multi_obstacles,20260527,rrt_connect,21070,True,0.004673385999922175,2.86947417253623,1.2443773430847331,4.759579893054559e-14,0.01875006308124403,0.002999999999999989,82,80,1.2621047352659301e-12,0.0,"[-1.5708,-1.5708,1.5708,-1.5708,-1.5708,0]","[-3.7986184,-1.474549,1.8334416,-2.1224536,-3.2692452,0.058518923]","[0.42,-0.28,0.48]",,success,success,成功
29,42,scene_02_multi_obstacles,20260527,rrt_connect,21071,True,0.004459542000404326,2.86947417253623,1.2443773430847331,4.759579893054559e-14,0.01875006308124403,0.002999999999999989,77,80,1.2621047352659301e-12,0.0,"[-1.5708,-1.5708,1.5708,-1.5708,-1.5708,0]","[-3.7986184,-1.474549,1.8334416,-2.1224536,-3.2692452,0.058518923]","[0.42,-0.28,0.48]",,success,success,成功
30,42,scene_02_multi_obstacles,20260527,rrt_connect,21072,True,0.004388147001009202,2.86947417253623,1.2443773430847331,4.759579893054559e-14,0.01875006308124403,0.002999999999999989,77,80,1.2621047352659301e-12,0.0,"[-1.5708,-1.5708,1.5708,-1.5708,-1.5708,0]","[-3.7986184,-1.474549,1.8334416,-2.1224536,-3.2692452,0.058518923]","[0.42,-0.28,0.48]",,success,success,成功
31,42,scene_02_multi_obstacles,20260527,rrt_connect,21073,True,0.004643828000553185,2.86947417253623,1.2443773430847331,4.759579893054559e-14,0.01875006308124403,0.002999999999999989,82,80,1.2621047352659301e-12,0.0,"[-1.5708,-1.5708,1.5708,-1.5708,-1.5708,0]","[-3.7986184,-1.474549,1.8334416,-2.1224536,-3.2692452,0.058518923]","[0.42,-0.28,0.48]",,success,success,成功
32,42,scene_02_multi_obstacles,20260527,rrt_connect,21074,True,0.004109786001208704,2.86947417253623,1.2443773430847331,4.759579893054559e-14,0.01875006308124403,0.002999999999999989,72,80,1.2621047352659301e-12,0.0,"[-1.5708,-1.5708,1.5708,-1.5708,-1.5708,0]","[-3.7986184,-1.474549,1.8334416,-2.1224536,-3.2692452,0.058518923]","[0.42,-0.28,0.48]",,success,success,成功
33,42,scene_02_multi_obstacles,20260527,rrt_connect,21075,True,0.004475330999412108,2.86947417253623,1.2443773430847331,4.759579893054559e-14,0.01875006308124403,0.002999999999999989,77,80,1.2621047352659301e-12,0.0,"[-1.5708,-1.5708,1.5708,-1.5708,-1.5708,0]","[-3.7986184,-1.474549,1.8334416,-2.1224536,-3.2692452,0.058518923]","[0.42,-0.28,0.48]",,success,success,成功
34,42,scene_02_multi_obstacles,20260527,rrt_connect,21076,True,0.004106855998543324,2.86947417253623,1.2443773430847331,4.759579893054559e-14,0.01875006308124403,0.002999999999999989,72,80,1.2621047352659301e-12,0.0,"[-1.5708,-1.5708,1.5708,-1.5708,-1.5708,0]","[-3.7986184,-1.474549,1.8334416,-2.1224536,-3.2692452,0.058518923]","[0.42,-0.28,0.48]",,success,success,成功
35,42,scene_02_multi_obstacles,20260527,rrt_connect,21077,True,0.00444453800082556,2.86947417253623,1.2443773430847331,4.759579893054559e-14,0.01875006308124403,0.002999999999999989,77,80,1.2621047352659301e-12,0.0,"[-1.5708,-1.5708,1.5708,-1.5708,-1.5708,0]","[-3.7986184,-1.474549,1.8334416,-2.1224536,-3.2692452,0.058518923]","[0.42,-0.28,0.48]",,success,success,成功
36,42,scene_02_multi_obstacles,20260527,rrt_connect,21078,True,0.004478909999306779,2.86947417253623,1.2443773430847331,4.759579893054559e-14,0.01875006308124403,0.002999999999999989,77,80,1.2621047352659301e-12,0.0,"[-1.5708,-1.5708,1.5708,-1.5708,-1.5708,0]","[-3.7986184,-1.474549,1.8334416,-2.1224536,-3.2692452,0.058518923]","[0.42,-0.28,0.48]",,success,success,成功
37,42,scene_02_multi_obstacles,20260527,rrt_connect,21079,True,0.004427932002727175,2.86947417253623,1.2443773430847331,4.759579893054559e-14,0.01875006308124403,0.002999999999999989,77,80,1.2621047352659301e-12,0.0,"[-1.5708,-1.5708,1.5708,-1.5708,-1.5708,0]","[-3.7986184,-1.474549,1.8334416,-2.1224536,-3.2692452,0.058518923]","[0.42,-0.28,0.48]",,success,success,成功
38,42,scene_02_multi_obstacles,20260527,rrt_connect,21080,True,0.004936134999297792,2.86947417253623,1.2443773430847331,4.759579893054559e-14,0.01875006308124403,0.002999999999999989,82,80,1.2621047352659301e-12,0.0,"[-1.5708,-1.5708,1.5708,-1.5708,-1.5708,0]","[-3.7986184,-1.474549,1.8334416,-2.1224536,-3.2692452,0.058518923]","[0.42,-0.28,0.48]",,success,success,成功
39,42,scene_02_multi_obstacles,20260527,rrt_connect,21081,True,0.004419386001245584,2.86947417253623,1.2443773430847331,4.759579893054559e-14,0.01875006308124403,0.002999999999999989,77,80,1.2621047352659301e-12,0.0,"[-1.5708,-1.5708,1.5708,-1.5708,-1.5708,0]","[-3.7986184,-1.474549,1.8334416,-2.1224536,-3.2692452,0.058518923]","[0.42,-0.28,0.48]",,success,success,成功
40,42,scene_02_multi_obstacles,20260527,rrt_connect,21082,True,0.004390037000121083,2.86947417253623,1.2443773430847331,4.759579893054559e-14,0.01875006308124403,0.002999999999999989,77,80,1.2621047352659301e-12,0.0,"[-1.5708,-1.5708,1.5708,-1.5708,-1.5708,0]","[-3.7986184,-1.474549,1.8334416,-2.1224536,-3.2692452,0.058518923]","[0.42,-0.28,0.48]",,success,success,成功
41,42,scene_02_multi_obstacles,20260527,rrt_connect,21083,True,0.004638102000171784,2.86947417253623,1.2443773430847331,4.759579893054559e-14,0.01875006308124403,0.002999999999999989,77,80,1.2621047352659301e-12,0.0,"[-1.5708,-1.5708,1.5708,-1.5708,-1.5708,0]","[-3.7986184,-1.474549,1.8334416,-2.1224536,-3.2692452,0.058518923]","[0.42,-0.28,0.48]",,success,success,成功
42,42,scene_02_multi_obstacles,20260527,rrt_connect,21084,True,0.004643271997338161,2.86947417253623,1.2443773430847331,4.759579893054559e-14,0.01875006308124403,0.002999999999999989,77,80,1.2621047352659301e-12,0.0,"[-1.5708,-1.5708,1.5708,-1.5708,-1.5708,0]","[-3.7986184,-1.474549,1.8334416,-2.1224536,-3.2692452,0.058518923]","[0.42,-0.28,0.48]",,success,success,成功
43,42,scene_02_multi_obstacles,20260527,rrt_connect,21085,True,0.0047526019989163615,2.86947417253623,1.2443773430847331,4.759579893054559e-14,0.01875006308124403,0.002999999999999989,82,80,1.2621047352659301e-12,0.0,"[-1.5708,-1.5708,1.5708,-1.5708,-1.5708,0]","[-3.7986184,-1.474549,1.8334416,-2.1224536,-3.2692452,0.058518923]","[0.42,-0.28,0.48]",,success,success,成功
44,42,scene_02_multi_obstacles,20260527,rrt_connect,21086,True,0.004396969001390971,2.86947417253623,1.2443773430847331,4.759579893054559e-14,0.01875006308124403,0.002999999999999989,77,80,1.2621047352659301e-12,0.0,"[-1.5708,-1.5708,1.5708,-1.5708,-1.5708,0]","[-3.7986184,-1.474549,1.8334416,-2.1224536,-3.2692452,0.058518923]","[0.42,-0.28,0.48]",,success,success,成功
45,42,scene_02_multi_obstacles,20260527,rrt_connect,21087,True,0.004400515997986076,2.86947417253623,1.2443773430847331,4.759579893054559e-14,0.01875006308124403,0.002999999999999989,77,80,1.2621047352659301e-12,0.0,"[-1.5708,-1.5708,1.5708,-1.5708,-1.5708,0]","[-3.7986184,-1.474549,1.8334416,-2.1224536,-3.2692452,0.058518923]","[0.42,-0.28,0.48]",,success,success,成功
46,42,scene_02_multi_obstacles,20260527,rrt_connect,21088,True,0.004125925002881559,2.86947417253623,1.2443773430847331,4.759579893054559e-14,0.01875006308124403,0.002999999999999989,72,80,1.2621047352659301e-12,0.0,"[-1.5708,-1.5708,1.5708,-1.5708,-1.5708,0]","[-3.7986184,-1.474549,1.8334416,-2.1224536,-3.2692452,0.058518923]","[0.42,-0.28,0.48]",,success,success,成功
47,42,scene_02_multi_obstacles,20260527,rrt_connect,21089,True,0.0042278969995095395,2.86947417253623,1.2443773430847331,4.759579893054559e-14,0.01875006308124403,0.002999999999999989,72,80,1.2621047352659301e-12,0.0,"[-1.5708,-1.5708,1.5708,-1.5708,-1.5708,0]","[-3.7986184,-1.474549,1.8334416,-2.1224536,-3.2692452,0.058518923]","[0.42,-0.28,0.48]",,success,success,成功
48,42,scene_02_multi_obstacles,20260527,rrt_connect,21090,True,0.004429863998666406,2.86947417253623,1.2443773430847331,4.759579893054559e-14,0.01875006308124403,0.002999999999999989,77,80,1.2621047352659301e-12,0.0,"[-1.5708,-1.5708,1.5708,-1.5708,-1.5708,0]","[-3.7986184,-1.474549,1.8334416,-2.1224536,-3.2692452,0.058518923]","[0.42,-0.28,0.48]",,success,success,成功
49,42,scene_02_multi_obstacles,20260527,rrt_connect,21091,True,0.004442011999344686,2.86947417253623,1.2443773430847331,4.759579893054559e-14,0.01875006308124403,0.002999999999999989,77,80,1.2621047352659301e-12,0.0,"[-1.5708,-1.5708,1.5708,-1.5708,-1.5708,0]","[-3.7986184,-1.474549,1.8334416,-2.1224536,-3.2692452,0.058518923]","[0.42,-0.28,0.48]",,success,success,成功
0,42,scene_02_multi_obstacles,20260527,prm,22042,True,5.155997649999335,2.86947417253623,1.2443773430847331,4.759579893054559e-14,0.01875006308124403,0.002999999999999989,105278,80,1.2621047352659301e-12,0.0,"[-1.5708,-1.5708,1.5708,-1.5708,-1.5708,0]","[-3.7986184,-1.474549,1.8334416,-2.1224536,-3.2692452,0.058518923]","[0.42,-0.28,0.48]",,success,success,成功
1,42,scene_02_multi_obstacles,20260527,prm,22043,True,5.106405075999646,2.86947417253623,1.2443773430847331,4.759579893054559e-14,0.01875006308124403,0.002999999999999989,106254,80,1.2621047352659301e-12,0.0,"[-1.5708,-1.5708,1.5708,-1.5708,-1.5708,0]","[-3.7986184,-1.474549,1.8334416,-2.1224536,-3.2692452,0.058518923]","[0.42,-0.28,0.48]",,success,success,成功
2,42,scene_02_multi_obstacles,20260527,prm,22044,True,5.386737265998818,2.86947417253623,1.2443773430847331,4.759579893054559e-14,0.01875006308124403,0.002999999999999989,112011,80,1.2621047352659301e-12,0.0,"[-1.5708,-1.5708,1.5708,-1.5708,-1.5708,0]","[-3.7986184,-1.474549,1.8334416,-2.1224536,-3.2692452,0.058518923]","[0.42,-0.28,0.48]",,success,success,成功
3,42,scene_02_multi_obstacles,20260527,prm,22045,True,5.237288386000728,2.86947417253623,1.2443773430847331,4.759579893054559e-14,0.01875006308124403,0.002999999999999989,108807,80,1.2621047352659301e-12,0.0,"[-1.5708,-1.5708,1.5708,-1.5708,-1.5708,0]","[-3.7986184,-1.474549,1.8334416,-2.1224536,-3.2692452,0.058518923]","[0.42,-0.28,0.48]",,success,success,成功
4,42,scene_02_multi_obstacles,20260527,prm,22046,True,5.176955746999738,2.86947417253623,1.2443773430847331,4.759579893054559e-14,0.01875006308124403,0.002999999999999989,107488,80,1.2621047352659301e-12,0.0,"[-1.5708,-1.5708,1.5708,-1.5708,-1.5708,0]","[-3.7986184,-1.474549,1.8334416,-2.1224536,-3.2692452,0.058518923]","[0.42,-0.28,0.48]",,success,success,成功
5,42,scene_02_multi_obstacles,20260527,prm,22047,True,4.925351491001493,2.86947417253623,1.2443773430847331,4.759579893054559e-14,0.01875006308124403,0.002999999999999989,102584,80,1.2621047352659301e-12,0.0,"[-1.5708,-1.5708,1.5708,-1.5708,-1.5708,0]","[-3.7986184,-1.474549,1.8334416,-2.1224536,-3.2692452,0.058518923]","[0.42,-0.28,0.48]",,success,success,成功
6,42,scene_02_multi_obstacles,20260527,prm,22048,True,5.0173042729984445,2.86947417253623,1.2443773430847331,4.759579893054559e-14,0.01875006308124403,0.002999999999999989,105388,80,1.2621047352659301e-12,0.0,"[-1.5708,-1.5708,1.5708,-1.5708,-1.5708,0]","[-3.7986184,-1.474549,1.8334416,-2.1224536,-3.2692452,0.058518923]","[0.42,-0.28,0.48]",,success,success,成功
7,42,scene_02_multi_obstacles,20260527,prm,22049,True,5.173048305998236,2.86947417253623,1.2443773430847331,4.759579893054559e-14,0.01875006308124403,0.002999999999999989,106233,80,1.2621047352659301e-12,0.0,"[-1.5708,-1.5708,1.5708,-1.5708,-1.5708,0]","[-3.7986184,-1.474549,1.8334416,-2.1224536,-3.2692452,0.058518923]","[0.42,-0.28,0.48]",,success,success,成功
8,42,scene_02_multi_obstacles,20260527,prm,22050,True,5.01789460800137,2.86947417253623,1.2443773430847331,4.759579893054559e-14,0.01875006308124403,0.002999999999999989,103963,80,1.2621047352659301e-12,0.0,"[-1.5708,-1.5708,1.5708,-1.5708,-1.5708,0]","[-3.7986184,-1.474549,1.8334416,-2.1224536,-3.2692452,0.058518923]","[0.42,-0.28,0.48]",,success,success,成功
9,42,scene_02_multi_obstacles,20260527,prm,22051,True,5.2735167489991,2.86947417253623,1.2443773430847331,4.759579893054559e-14,0.01875006308124403,0.002999999999999989,105880,80,1.2621047352659301e-12,0.0,"[-1.5708,-1.5708,1.5708,-1.5708,-1.5708,0]","[-3.7986184,-1.474549,1.8334416,-2.1224536,-3.2692452,0.058518923]","[0.42,-0.28,0.48]",,success,success,成功
10,42,scene_02_multi_obstacles,20260527,prm,22052,True,5.005229460002738,2.86947417253623,1.2443773430847331,4.759579893054559e-14,0.01875006308124403,0.002999999999999989,97684,80,1.2621047352659301e-12,0.0,"[-1.5708,-1.5708,1.5708,-1.5708,-1.5708,0]","[-3.7986184,-1.474549,1.8334416,-2.1224536,-3.2692452,0.058518923]","[0.42,-0.28,0.48]",,success,success,成功
11,42,scene_02_multi_obstacles,20260527,prm,22053,True,5.145519982001133,2.86947417253623,1.2443773430847331,4.759579893054559e-14,0.01875006308124403,0.002999999999999989,103376,80,1.2621047352659301e-12,0.0,"[-1.5708,-1.5708,1.5708,-1.5708,-1.5708,0]","[-3.7986184,-1.474549,1.8334416,-2.1224536,-3.2692452,0.058518923]","[0.42,-0.28,0.48]",,success,success,成功
12,42,scene_02_multi_obstacles,20260527,prm,22054,True,5.255867758998647,2.86947417253623,1.2443773430847331,4.759579893054559e-14,0.01875006308124403,0.002999999999999989,105367,80,1.2621047352659301e-12,0.0,"[-1.5708,-1.5708,1.5708,-1.5708,-1.5708,0]","[-3.7986184,-1.474549,1.8334416,-2.1224536,-3.2692452,0.058518923]","[0.42,-0.28,0.48]",,success,success,成功
13,42,scene_02_multi_obstacles,20260527,prm,22055,True,5.598951310999837,2.86947417253623,1.2443773430847331,4.759579893054559e-14,0.01875006308124403,0.002999999999999989,109898,80,1.2621047352659301e-12,0.0,"[-1.5708,-1.5708,1.5708,-1.5708,-1.5708,0]","[-3.7986184,-1.474549,1.8334416,-2.1224536,-3.2692452,0.058518923]","[0.42,-0.28,0.48]",,success,success,成功
14,42,scene_02_multi_obstacles,20260527,prm,22056,True,5.100425008000457,2.86947417253623,1.2443773430847331,4.759579893054559e-14,0.01875006308124403,0.002999999999999989,105469,80,1.2621047352659301e-12,0.0,"[-1.5708,-1.5708,1.5708,-1.5708,-1.5708,0]","[-3.7986184,-1.474549,1.8334416,-2.1224536,-3.2692452,0.058518923]","[0.42,-0.28,0.48]",,success,success,成功
15,42,scene_02_multi_obstacles,20260527,prm,22057,True,5.260375105997809,2.86947417253623,1.2443773430847331,4.759579893054559e-14,0.01875006308124403,0.002999999999999989,108534,80,1.2621047352659301e-12,0.0,"[-1.5708,-1.5708,1.5708,-1.5708,-1.5708,0]","[-3.7986184,-1.474549,1.8334416,-2.1224536,-3.2692452,0.058518923]","[0.42,-0.28,0.48]",,success,success,成功
16,42,scene_02_multi_obstacles,20260527,prm,22058,True,4.8984496489974845,2.86947417253623,1.2443773430847331,4.759579893054559e-14,0.01875006308124403,0.002999999999999989,100897,80,1.2621047352659301e-12,0.0,"[-1.5708,-1.5708,1.5708,-1.5708,-1.5708,0]","[-3.7986184,-1.474549,1.8334416,-2.1224536,-3.2692452,0.058518923]","[0.42,-0.28,0.48]",,success,success,成功
17,42,scene_02_multi_obstacles,20260527,prm,22059,True,5.192787841002428,2.86947417253623,1.2443773430847331,4.759579893054559e-14,0.01875006308124403,0.002999999999999989,107989,80,1.2621047352659301e-12,0.0,"[-1.5708,-1.5708,1.5708,-1.5708,-1.5708,0]","[-3.7986184,-1.474549,1.8334416,-2.1224536,-3.2692452,0.058518923]","[0.42,-0.28,0.48]",,success,success,成功
18,42,scene_02_multi_obstacles,20260527,prm,22060,True,4.977562959000352,2.86947417253623,1.2443773430847331,4.759579893054559e-14,0.01875006308124403,0.002999999999999989,102808,80,1.2621047352659301e-12,0.0,"[-1.5708,-1.5708,1.5708,-1.5708,-1.5708,0]","[-3.7986184,-1.474549,1.8334416,-2.1224536,-3.2692452,0.058518923]","[0.42,-0.28,0.48]",,success,success,成功
19,42,scene_02_multi_obstacles,20260527,prm,22061,True,5.278049779997673,2.86947417253623,1.2443773430847331,4.759579893054559e-14,0.01875006308124403,0.002999999999999989,110206,80,1.2621047352659301e-12,0.0,"[-1.5708,-1.5708,1.5708,-1.5708,-1.5708,0]","[-3.7986184,-1.474549,1.8334416,-2.1224536,-3.2692452,0.058518923]","[0.42,-0.28,0.48]",,success,success,成功
20,42,scene_02_multi_obstacles,20260527,prm,22062,True,5.201540087000467,2.86947417253623,1.2443773430847331,4.759579893054559e-14,0.01875006308124403,0.002999999999999989,107264,80,1.2621047352659301e-12,0.0,"[-1.5708,-1.5708,1.5708,-1.5708,-1.5708,0]","[-3.7986184,-1.474549,1.8334416,-2.1224536,-3.2692452,0.058518923]","[0.42,-0.28,0.48]",,success,success,成功
21,42,scene_02_multi_obstacles,20260527,prm,22063,True,4.801384710997809,2.86947417253623,1.2443773430847331,4.759579893054559e-14,0.01875006308124403,0.002999999999999989,99406,80,1.2621047352659301e-12,0.0,"[-1.5708,-1.5708,1.5708,-1.5708,-1.5708,0]","[-3.7986184,-1.474549,1.8334416,-2.1224536,-3.2692452,0.058518923]","[0.42,-0.28,0.48]",,success,success,成功
22,42,scene_02_multi_obstacles,20260527,prm,22064,True,4.900510038998618,2.86947417253623,1.2443773430847331,4.759579893054559e-14,0.01875006308124403,0.002999999999999989,101014,80,1.2621047352659301e-12,0.0,"[-1.5708,-1.5708,1.5708,-1.5708,-1.5708,0]","[-3.7986184,-1.474549,1.8334416,-2.1224536,-3.2692452,0.058518923]","[0.42,-0.28,0.48]",,success,success,成功
23,42,scene_02_multi_obstacles,20260527,prm,22065,True,5.261442259001342,2.86947417253623,1.2443773430847331,4.759579893054559e-14,0.01875006308124403,0.002999999999999989,107835,80,1.2621047352659301e-12,0.0,"[-1.5708,-1.5708,1.5708,-1.5708,-1.5708,0]","[-3.7986184,-1.474549,1.8334416,-2.1224536,-3.2692452,0.058518923]","[0.42,-0.28,0.48]",,success,success,成功
24,42,scene_02_multi_obstacles,20260527,prm,22066,True,5.360558211003081,2.86947417253623,1.2443773430847331,4.759579893054559e-14,0.01875006308124403,0.002999999999999989,110159,80,1.2621047352659301e-12,0.0,"[-1.5708,-1.5708,1.5708,-1.5708,-1.5708,0]","[-3.7986184,-1.474549,1.8334416,-2.1224536,-3.2692452,0.058518923]","[0.42,-0.28,0.48]",,success,success,成功
25,42,scene_02_multi_obstacles,20260527,prm,22067,True,5.012989565999305,2.86947417253623,1.2443773430847331,4.759579893054559e-14,0.01875006308124403,0.002999999999999989,104810,80,1.2621047352659301e-12,0.0,"[-1.5708,-1.5708,1.5708,-1.5708,-1.5708,0]","[-3.7986184,-1.474549,1.8334416,-2.1224536,-3.2692452,0.058518923]","[0.42,-0.28,0.48]",,success,success,成功
26,42,scene_02_multi_obstacles,20260527,prm,22068,True,5.3960225750015525,2.86947417253623,1.2443773430847331,4.759579893054559e-14,0.01875006308124403,0.002999999999999989,110645,80,1.2621047352659301e-12,0.0,"[-1.5708,-1.5708,1.5708,-1.5708,-1.5708,0]","[-3.7986184,-1.474549,1.8334416,-2.1224536,-3.2692452,0.058518923]","[0.42,-0.28,0.48]",,success,success,成功
27,42,scene_02_multi_obstacles,20260527,prm,22069,True,5.167519168000581,2.86947417253623,1.2443773430847331,4.759579893054559e-14,0.01875006308124403,0.002999999999999989,106479,80,1.2621047352659301e-12,0.0,"[-1.5708,-1.5708,1.5708,-1.5708,-1.5708,0]","[-3.7986184,-1.474549,1.8334416,-2.1224536,-3.2692452,0.058518923]","[0.42,-0.28,0.48]",,success,success,成功
28,42,scene_02_multi_obstacles,20260527,prm,22070,True,4.937078917999315,2.86947417253623,1.2443773430847331,4.759579893054559e-14,0.01875006308124403,0.002999999999999989,102183,80,1.2621047352659301e-12,0.0,"[-1.5708,-1.5708,1.5708,-1.5708,-1.5708,0]","[-3.7986184,-1.474549,1.8334416,-2.1224536,-3.2692452,0.058518923]","[0.42,-0.28,0.48]",,success,success,成功
29,42,scene_02_multi_obstacles,20260527,prm,22071,True,5.412678827000491,2.86947417253623,1.2443773430847331,4.759579893054559e-14,0.01875006308124403,0.002999999999999989,110963,80,1.2621047352659301e-12,0.0,"[-1.5708,-1.5708,1.5708,-1.5708,-1.5708,0]","[-3.7986184,-1.474549,1.8334416,-2.1224536,-3.2692452,0.058518923]","[0.42,-0.28,0.48]",,success,success,成功
30,42,scene_02_multi_obstacles,20260527,prm,22072,True,4.891602621999482,2.86947417253623,1.2443773430847331,4.759579893054559e-14,0.01875006308124403,0.002999999999999989,101050,80,1.2621047352659301e-12,0.0,"[-1.5708,-1.5708,1.5708,-1.5708,-1.5708,0]","[-3.7986184,-1.474549,1.8334416,-2.1224536,-3.2692452,0.058518923]","[0.42,-0.28,0.48]",,success,success,成功
31,42,scene_02_multi_obstacles,20260527,prm,22073,True,5.13382770500175,2.86947417253623,1.2443773430847331,4.759579893054559e-14,0.01875006308124403,0.002999999999999989,106255,80,1.2621047352659301e-12,0.0,"[-1.5708,-1.5708,1.5708,-1.5708,-1.5708,0]","[-3.7986184,-1.474549,1.8334416,-2.1224536,-3.2692452,0.058518923]","[0.42,-0.28,0.48]",,success,success,成功
32,42,scene_02_multi_obstacles,20260527,prm,22074,True,5.127744860998064,2.86947417253623,1.2443773430847331,4.759579893054559e-14,0.01875006308124403,0.002999999999999989,106159,80,1.2621047352659301e-12,0.0,"[-1.5708,-1.5708,1.5708,-1.5708,-1.5708,0]","[-3.7986184,-1.474549,1.8334416,-2.1224536,-3.2692452,0.058518923]","[0.42,-0.28,0.48]",,success,success,成功
33,42,scene_02_multi_obstacles,20260527,prm,22075,True,5.191093708999688,2.86947417253623,1.2443773430847331,4.759579893054559e-14,0.01875006308124403,0.002999999999999989,106199,80,1.2621047352659301e-12,0.0,"[-1.5708,-1.5708,1.5708,-1.5708,-1.5708,0]","[-3.7986184,-1.474549,1.8334416,-2.1224536,-3.2692452,0.058518923]","[0.42,-0.28,0.48]",,success,success,成功
34,42,scene_02_multi_obstacles,20260527,prm,22076,True,5.42299305999768,2.86947417253623,1.2443773430847331,4.759579893054559e-14,0.01875006308124403,0.002999999999999989,111685,80,1.2621047352659301e-12,0.0,"[-1.5708,-1.5708,1.5708,-1.5708,-1.5708,0]","[-3.7986184,-1.474549,1.8334416,-2.1224536,-3.2692452,0.058518923]","[0.42,-0.28,0.48]",,success,success,成功
35,42,scene_02_multi_obstacles,20260527,prm,22077,True,4.898508004000178,2.86947417253623,1.2443773430847331,4.759579893054559e-14,0.01875006308124403,0.002999999999999989,102006,80,1.2621047352659301e-12,0.0,"[-1.5708,-1.5708,1.5708,-1.5708,-1.5708,0]","[-3.7986184,-1.474549,1.8334416,-2.1224536,-3.2692452,0.058518923]","[0.42,-0.28,0.48]",,success,success,成功
36,42,scene_02_multi_obstacles,20260527,prm,22078,True,5.876771267998265,2.86947417253623,1.2443773430847331,4.759579893054559e-14,0.01875006308124403,0.002999999999999989,111900,80,1.2621047352659301e-12,0.0,"[-1.5708,-1.5708,1.5708,-1.5708,-1.5708,0]","[-3.7986184,-1.474549,1.8334416,-2.1224536,-3.2692452,0.058518923]","[0.42,-0.28,0.48]",,success,success,成功
37,42,scene_02_multi_obstacles,20260527,prm,22079,True,5.023559237000882,2.86947417253623,1.2443773430847331,4.759579893054559e-14,0.01875006308124403,0.002999999999999989,102037,80,1.2621047352659301e-12,0.0,"[-1.5708,-1.5708,1.5708,-1.5708,-1.5708,0]","[-3.7986184,-1.474549,1.8334416,-2.1224536,-3.2692452,0.058518923]","[0.42,-0.28,0.48]",,success,success,成功
38,42,scene_02_multi_obstacles,20260527,prm,22080,True,5.186361514002783,2.86947417253623,1.2443773430847331,4.759579893054559e-14,0.01875006308124403,0.002999999999999989,104317,80,1.2621047352659301e-12,0.0,"[-1.5708,-1.5708,1.5708,-1.5708,-1.5708,0]","[-3.7986184,-1.474549,1.8334416,-2.1224536,-3.2692452,0.058518923]","[0.42,-0.28,0.48]",,success,success,成功
39,42,scene_02_multi_obstacles,20260527,prm,22081,True,5.246869833004894,2.86947417253623,1.2443773430847331,4.759579893054559e-14,0.01875006308124403,0.002999999999999989,107866,80,1.2621047352659301e-12,0.0,"[-1.5708,-1.5708,1.5708,-1.5708,-1.5708,0]","[-3.7986184,-1.474549,1.8334416,-2.1224536,-3.2692452,0.058518923]","[0.42,-0.28,0.48]",,success,success,成功
40,42,scene_02_multi_obstacles,20260527,prm,22082,True,4.889174940995872,2.86947417253623,1.2443773430847331,4.759579893054559e-14,0.01875006308124403,0.002999999999999989,100917,80,1.2621047352659301e-12,0.0,"[-1.5708,-1.5708,1.5708,-1.5708,-1.5708,0]","[-3.7986184,-1.474549,1.8334416,-2.1224536,-3.2692452,0.058518923]","[0.42,-0.28,0.48]",,success,success,成功
41,42,scene_02_multi_obstacles,20260527,prm,22083,True,5.380945393997536,2.86947417253623,1.2443773430847331,4.759579893054559e-14,0.01875006308124403,0.002999999999999989,109697,80,1.2621047352659301e-12,0.0,"[-1.5708,-1.5708,1.5708,-1.5708,-1.5708,0]","[-3.7986184,-1.474549,1.8334416,-2.1224536,-3.2692452,0.058518923]","[0.42,-0.28,0.48]",,success,success,成功
42,42,scene_02_multi_obstacles,20260527,prm,22084,True,5.27379546299926,2.86947417253623,1.2443773430847331,4.759579893054559e-14,0.01875006308124403,0.002999999999999989,108775,80,1.2621047352659301e-12,0.0,"[-1.5708,-1.5708,1.5708,-1.5708,-1.5708,0]","[-3.7986184,-1.474549,1.8334416,-2.1224536,-3.2692452,0.058518923]","[0.42,-0.28,0.48]",,success,success,成功
43,42,scene_02_multi_obstacles,20260527,prm,22085,True,5.131225463999726,2.86947417253623,1.2443773430847331,4.759579893054559e-14,0.01875006308124403,0.002999999999999989,105464,80,1.2621047352659301e-12,0.0,"[-1.5708,-1.5708,1.5708,-1.5708,-1.5708,0]","[-3.7986184,-1.474549,1.8334416,-2.1224536,-3.2692452,0.058518923]","[0.42,-0.28,0.48]",,success,success,成功
44,42,scene_02_multi_obstacles,20260527,prm,22086,True,4.744193508995522,2.86947417253623,1.2443773430847331,4.759579893054559e-14,0.01875006308124403,0.002999999999999989,98221,80,1.2621047352659301e-12,0.0,"[-1.5708,-1.5708,1.5708,-1.5708,-1.5708,0]","[-3.7986184,-1.474549,1.8334416,-2.1224536,-3.2692452,0.058518923]","[0.42,-0.28,0.48]",,success,success,成功
45,42,scene_02_multi_obstacles,20260527,prm,22087,True,5.567414987002849,2.86947417253623,1.2443773430847331,4.759579893054559e-14,0.01875006308124403,0.002999999999999989,113210,80,1.2621047352659301e-12,0.0,"[-1.5708,-1.5708,1.5708,-1.5708,-1.5708,0]","[-3.7986184,-1.474549,1.8334416,-2.1224536,-3.2692452,0.058518923]","[0.42,-0.28,0.48]",,success,success,成功
46,42,scene_02_multi_obstacles,20260527,prm,22088,True,5.13278558300226,2.86947417253623,1.2443773430847331,4.759579893054559e-14,0.01875006308124403,0.002999999999999989,104778,80,1.2621047352659301e-12,0.0,"[-1.5708,-1.5708,1.5708,-1.5708,-1.5708,0]","[-3.7986184,-1.474549,1.8334416,-2.1224536,-3.2692452,0.058518923]","[0.42,-0.28,0.48]",,success,success,成功
47,42,scene_02_multi_obstacles,20260527,prm,22089,True,5.349897555002826,2.86947417253623,1.2443773430847331,4.759579893054559e-14,0.01875006308124403,0.002999999999999989,109410,80,1.2621047352659301e-12,0.0,"[-1.5708,-1.5708,1.5708,-1.5708,-1.5708,0]","[-3.7986184,-1.474549,1.8334416,-2.1224536,-3.2692452,0.058518923]","[0.42,-0.28,0.48]",,success,success,成功
48,42,scene_02_multi_obstacles,20260527,prm,22090,True,5.103691266005626,2.86947417253623,1.2443773430847331,4.759579893054559e-14,0.01875006308124403,0.002999999999999989,104328,80,1.2621047352659301e-12,0.0,"[-1.5708,-1.5708,1.5708,-1.5708,-1.5708,0]","[-3.7986184,-1.474549,1.8334416,-2.1224536,-3.2692452,0.058518923]","[0.42,-0.28,0.48]",,success,success,成功
49,42,scene_02_multi_obstacles,20260527,prm,22091,True,5.2218655179967755,2.86947417253623,1.2443773430847331,4.759579893054559e-14,0.01875006308124403,0.002999999999999989,107645,80,1.2621047352659301e-12,0.0,"[-1.5708,-1.5708,1.5708,-1.5708,-1.5708,0]","[-3.7986184,-1.474549,1.8334416,-2.1224536,-3.2692452,0.058518923]","[0.42,-0.28,0.48]",,success,success,成功
0,42,scene_02_multi_obstacles,20260527,apf,23042,False,0.9775681000028271,72.00000000000188,49.800621945064776,139.90556641381266,0.12759384669104148,0.002999999999999989,3202,1601,0.4229129714448529,0.0,"[-1.5708,-1.5708,1.5708,-1.5708,-1.5708,0]","[-3.7986184,-1.474549,1.8334416,-2.1224536,-3.2692452,0.058518923]","[0.42,-0.28,0.48]",,max iterations reached,iteration_limit,迭代上限
1,42,scene_02_multi_obstacles,20260527,apf,23043,False,0.97721260599792,72.00000000000188,49.800621945064776,139.90556641381266,0.12759384669104148,0.002999999999999989,3202,1601,0.4229129714448529,0.0,"[-1.5708,-1.5708,1.5708,-1.5708,-1.5708,0]","[-3.7986184,-1.474549,1.8334416,-2.1224536,-3.2692452,0.058518923]","[0.42,-0.28,0.48]",,max iterations reached,iteration_limit,迭代上限
2,42,scene_02_multi_obstacles,20260527,apf,23044,False,0.9751643700001296,72.00000000000188,49.800621945064776,139.90556641381266,0.12759384669104148,0.002999999999999989,3202,1601,0.4229129714448529,0.0,"[-1.5708,-1.5708,1.5708,-1.5708,-1.5708,0]","[-3.7986184,-1.474549,1.8334416,-2.1224536,-3.2692452,0.058518923]","[0.42,-0.28,0.48]",,max iterations reached,iteration_limit,迭代上限
3,42,scene_02_multi_obstacles,20260527,apf,23045,False,0.9822322749969317,72.00000000000188,49.800621945064776,139.90556641381266,0.12759384669104148,0.002999999999999989,3202,1601,0.4229129714448529,0.0,"[-1.5708,-1.5708,1.5708,-1.5708,-1.5708,0]","[-3.7986184,-1.474549,1.8334416,-2.1224536,-3.2692452,0.058518923]","[0.42,-0.28,0.48]",,max iterations reached,iteration_limit,迭代上限
4,42,scene_02_multi_obstacles,20260527,apf,23046,False,0.9835618819997762,72.00000000000188,49.800621945064776,139.90556641381266,0.12759384669104148,0.002999999999999989,3202,1601,0.4229129714448529,0.0,"[-1.5708,-1.5708,1.5708,-1.5708,-1.5708,0]","[-3.7986184,-1.474549,1.8334416,-2.1224536,-3.2692452,0.058518923]","[0.42,-0.28,0.48]",,max iterations reached,iteration_limit,迭代上限
5,42,scene_02_multi_obstacles,20260527,apf,23047,False,0.9816903379978612,72.00000000000188,49.800621945064776,139.90556641381266,0.12759384669104148,0.002999999999999989,3202,1601,0.4229129714448529,0.0,"[-1.5708,-1.5708,1.5708,-1.5708,-1.5708,0]","[-3.7986184,-1.474549,1.8334416,-2.1224536,-3.2692452,0.058518923]","[0.42,-0.28,0.48]",,max iterations reached,iteration_limit,迭代上限
6,42,scene_02_multi_obstacles,20260527,apf,23048,False,0.9884204100017087,72.00000000000188,49.800621945064776,139.90556641381266,0.12759384669104148,0.002999999999999989,3202,1601,0.4229129714448529,0.0,"[-1.5708,-1.5708,1.5708,-1.5708,-1.5708,0]","[-3.7986184,-1.474549,1.8334416,-2.1224536,-3.2692452,0.058518923]","[0.42,-0.28,0.48]",,max iterations reached,iteration_limit,迭代上限
7,42,scene_02_multi_obstacles,20260527,apf,23049,False,0.9896085939981276,72.00000000000188,49.800621945064776,139.90556641381266,0.12759384669104148,0.002999999999999989,3202,1601,0.4229129714448529,0.0,"[-1.5708,-1.5708,1.5708,-1.5708,-1.5708,0]","[-3.7986184,-1.474549,1.8334416,-2.1224536,-3.2692452,0.058518923]","[0.42,-0.28,0.48]",,max iterations reached,iteration_limit,迭代上限
8,42,scene_02_multi_obstacles,20260527,apf,23050,False,0.9778753380014678,72.00000000000188,49.800621945064776,139.90556641381266,0.12759384669104148,0.002999999999999989,3202,1601,0.4229129714448529,0.0,"[-1.5708,-1.5708,1.5708,-1.5708,-1.5708,0]","[-3.7986184,-1.474549,1.8334416,-2.1224536,-3.2692452,0.058518923]","[0.42,-0.28,0.48]",,max iterations reached,iteration_limit,迭代上限
9,42,scene_02_multi_obstacles,20260527,apf,23051,False,1.020562860998325,72.00000000000188,49.800621945064776,139.90556641381266,0.12759384669104148,0.002999999999999989,3202,1601,0.4229129714448529,0.0,"[-1.5708,-1.5708,1.5708,-1.5708,-1.5708,0]","[-3.7986184,-1.474549,1.8334416,-2.1224536,-3.2692452,0.058518923]","[0.42,-0.28,0.48]",,max iterations reached,iteration_limit,迭代上限
10,42,scene_02_multi_obstacles,20260527,apf,23052,False,0.9883569890007493,72.00000000000188,49.800621945064776,139.90556641381266,0.12759384669104148,0.002999999999999989,3202,1601,0.4229129714448529,0.0,"[-1.5708,-1.5708,1.5708,-1.5708,-1.5708,0]","[-3.7986184,-1.474549,1.8334416,-2.1224536,-3.2692452,0.058518923]","[0.42,-0.28,0.48]",,max iterations reached,iteration_limit,迭代上限
11,42,scene_02_multi_obstacles,20260527,apf,23053,False,1.006670203001704,72.00000000000188,49.800621945064776,139.90556641381266,0.12759384669104148,0.002999999999999989,3202,1601,0.4229129714448529,0.0,"[-1.5708,-1.5708,1.5708,-1.5708,-1.5708,0]","[-3.7986184,-1.474549,1.8334416,-2.1224536,-3.2692452,0.058518923]","[0.42,-0.28,0.48]",,max iterations reached,iteration_limit,迭代上限
12,42,scene_02_multi_obstacles,20260527,apf,23054,False,0.9895215350043145,72.00000000000188,49.800621945064776,139.90556641381266,0.12759384669104148,0.002999999999999989,3202,1601,0.4229129714448529,0.0,"[-1.5708,-1.5708,1.5708,-1.5708,-1.5708,0]","[-3.7986184,-1.474549,1.8334416,-2.1224536,-3.2692452,0.058518923]","[0.42,-0.28,0.48]",,max iterations reached,iteration_limit,迭代上限
13,42,scene_02_multi_obstacles,20260527,apf,23055,False,1.0351682969994727,72.00000000000188,49.800621945064776,139.90556641381266,0.12759384669104148,0.002999999999999989,3202,1601,0.4229129714448529,0.0,"[-1.5708,-1.5708,1.5708,-1.5708,-1.5708,0]","[-3.7986184,-1.474549,1.8334416,-2.1224536,-3.2692452,0.058518923]","[0.42,-0.28,0.48]",,max iterations reached,iteration_limit,迭代上限
14,42,scene_02_multi_obstacles,20260527,apf,23056,False,1.0935985190008068,72.00000000000188,49.800621945064776,139.90556641381266,0.12759384669104148,0.002999999999999989,3202,1601,0.4229129714448529,0.0,"[-1.5708,-1.5708,1.5708,-1.5708,-1.5708,0]","[-3.7986184,-1.474549,1.8334416,-2.1224536,-3.2692452,0.058518923]","[0.42,-0.28,0.48]",,max iterations reached,iteration_limit,迭代上限
15,42,scene_02_multi_obstacles,20260527,apf,23057,False,0.9756193289940711,72.00000000000188,49.800621945064776,139.90556641381266,0.12759384669104148,0.002999999999999989,3202,1601,0.4229129714448529,0.0,"[-1.5708,-1.5708,1.5708,-1.5708,-1.5708,0]","[-3.7986184,-1.474549,1.8334416,-2.1224536,-3.2692452,0.058518923]","[0.42,-0.28,0.48]",,max iterations reached,iteration_limit,迭代上限
16,42,scene_02_multi_obstacles,20260527,apf,23058,False,0.9803226650037686,72.00000000000188,49.800621945064776,139.90556641381266,0.12759384669104148,0.002999999999999989,3202,1601,0.4229129714448529,0.0,"[-1.5708,-1.5708,1.5708,-1.5708,-1.5708,0]","[-3.7986184,-1.474549,1.8334416,-2.1224536,-3.2692452,0.058518923]","[0.42,-0.28,0.48]",,max iterations reached,iteration_limit,迭代上限
17,42,scene_02_multi_obstacles,20260527,apf,23059,False,0.9841831000012462,72.00000000000188,49.800621945064776,139.90556641381266,0.12759384669104148,0.002999999999999989,3202,1601,0.4229129714448529,0.0,"[-1.5708,-1.5708,1.5708,-1.5708,-1.5708,0]","[-3.7986184,-1.474549,1.8334416,-2.1224536,-3.2692452,0.058518923]","[0.42,-0.28,0.48]",,max iterations reached,iteration_limit,迭代上限
18,42,scene_02_multi_obstacles,20260527,apf,23060,False,0.988988855999196,72.00000000000188,49.800621945064776,139.90556641381266,0.12759384669104148,0.002999999999999989,3202,1601,0.4229129714448529,0.0,"[-1.5708,-1.5708,1.5708,-1.5708,-1.5708,0]","[-3.7986184,-1.474549,1.8334416,-2.1224536,-3.2692452,0.058518923]","[0.42,-0.28,0.48]",,max iterations reached,iteration_limit,迭代上限
19,42,scene_02_multi_obstacles,20260527,apf,23061,False,0.9829781820008066,72.00000000000188,49.800621945064776,139.90556641381266,0.12759384669104148,0.002999999999999989,3202,1601,0.4229129714448529,0.0,"[-1.5708,-1.5708,1.5708,-1.5708,-1.5708,0]","[-3.7986184,-1.474549,1.8334416,-2.1224536,-3.2692452,0.058518923]","[0.42,-0.28,0.48]",,max iterations reached,iteration_limit,迭代上限
20,42,scene_02_multi_obstacles,20260527,apf,23062,False,0.9872624810013804,72.00000000000188,49.800621945064776,139.90556641381266,0.12759384669104148,0.002999999999999989,3202,1601,0.4229129714448529,0.0,"[-1.5708,-1.5708,1.5708,-1.5708,-1.5708,0]","[-3.7986184,-1.474549,1.8334416,-2.1224536,-3.2692452,0.058518923]","[0.42,-0.28,0.48]",,max iterations reached,iteration_limit,迭代上限
21,42,scene_02_multi_obstacles,20260527,apf,23063,False,0.9906622929993318,72.00000000000188,49.800621945064776,139.90556641381266,0.12759384669104148,0.002999999999999989,3202,1601,0.4229129714448529,0.0,"[-1.5708,-1.5708,1.5708,-1.5708,-1.5708,0]","[-3.7986184,-1.474549,1.8334416,-2.1224536,-3.2692452,0.058518923]","[0.42,-0.28,0.48]",,max iterations reached,iteration_limit,迭代上限
22,42,scene_02_multi_obstacles,20260527,apf,23064,False,0.9815463779959828,72.00000000000188,49.800621945064776,139.90556641381266,0.12759384669104148,0.002999999999999989,3202,1601,0.4229129714448529,0.0,"[-1.5708,-1.5708,1.5708,-1.5708,-1.5708,0]","[-3.7986184,-1.474549,1.8334416,-2.1224536,-3.2692452,0.058518923]","[0.42,-0.28,0.48]",,max iterations reached,iteration_limit,迭代上限
23,42,scene_02_multi_obstacles,20260527,apf,23065,False,1.000294842000585,72.00000000000188,49.800621945064776,139.90556641381266,0.12759384669104148,0.002999999999999989,3202,1601,0.4229129714448529,0.0,"[-1.5708,-1.5708,1.5708,-1.5708,-1.5708,0]","[-3.7986184,-1.474549,1.8334416,-2.1224536,-3.2692452,0.058518923]","[0.42,-0.28,0.48]",,max iterations reached,iteration_limit,迭代上限
24,42,scene_02_multi_obstacles,20260527,apf,23066,False,0.9853220359946135,72.00000000000188,49.800621945064776,139.90556641381266,0.12759384669104148,0.002999999999999989,3202,1601,0.4229129714448529,0.0,"[-1.5708,-1.5708,1.5708,-1.5708,-1.5708,0]","[-3.7986184,-1.474549,1.8334416,-2.1224536,-3.2692452,0.058518923]","[0.42,-0.28,0.48]",,max iterations reached,iteration_limit,迭代上限
25,42,scene_02_multi_obstacles,20260527,apf,23067,False,0.9937590839981567,72.00000000000188,49.800621945064776,139.90556641381266,0.12759384669104148,0.002999999999999989,3202,1601,0.4229129714448529,0.0,"[-1.5708,-1.5708,1.5708,-1.5708,-1.5708,0]","[-3.7986184,-1.474549,1.8334416,-2.1224536,-3.2692452,0.058518923]","[0.42,-0.28,0.48]",,max iterations reached,iteration_limit,迭代上限
26,42,scene_02_multi_obstacles,20260527,apf,23068,False,0.9873512650010525,72.00000000000188,49.800621945064776,139.90556641381266,0.12759384669104148,0.002999999999999989,3202,1601,0.4229129714448529,0.0,"[-1.5708,-1.5708,1.5708,-1.5708,-1.5708,0]","[-3.7986184,-1.474549,1.8334416,-2.1224536,-3.2692452,0.058518923]","[0.42,-0.28,0.48]",,max iterations reached,iteration_limit,迭代上限
27,42,scene_02_multi_obstacles,20260527,apf,23069,False,0.9832227250008145,72.00000000000188,49.800621945064776,139.90556641381266,0.12759384669104148,0.002999999999999989,3202,1601,0.4229129714448529,0.0,"[-1.5708,-1.5708,1.5708,-1.5708,-1.5708,0]","[-3.7986184,-1.474549,1.8334416,-2.1224536,-3.2692452,0.058518923]","[0.42,-0.28,0.48]",,max iterations reached,iteration_limit,迭代上限
28,42,scene_02_multi_obstacles,20260527,apf,23070,False,0.9790437180054141,72.00000000000188,49.800621945064776,139.90556641381266,0.12759384669104148,0.002999999999999989,3202,1601,0.4229129714448529,0.0,"[-1.5708,-1.5708,1.5708,-1.5708,-1.5708,0]","[-3.7986184,-1.474549,1.8334416,-2.1224536,-3.2692452,0.058518923]","[0.42,-0.28,0.48]",,max iterations reached,iteration_limit,迭代上限
29,42,scene_02_multi_obstacles,20260527,apf,23071,False,0.9796667539994814,72.00000000000188,49.800621945064776,139.90556641381266,0.12759384669104148,0.002999999999999989,3202,1601,0.4229129714448529,0.0,"[-1.5708,-1.5708,1.5708,-1.5708,-1.5708,0]","[-3.7986184,-1.474549,1.8334416,-2.1224536,-3.2692452,0.058518923]","[0.42,-0.28,0.48]",,max iterations reached,iteration_limit,迭代上限
30,42,scene_02_multi_obstacles,20260527,apf,23072,False,0.9907480870024301,72.00000000000188,49.800621945064776,139.90556641381266,0.12759384669104148,0.002999999999999989,3202,1601,0.4229129714448529,0.0,"[-1.5708,-1.5708,1.5708,-1.5708,-1.5708,0]","[-3.7986184,-1.474549,1.8334416,-2.1224536,-3.2692452,0.058518923]","[0.42,-0.28,0.48]",,max iterations reached,iteration_limit,迭代上限
31,42,scene_02_multi_obstacles,20260527,apf,23073,False,0.9831544569969992,72.00000000000188,49.800621945064776,139.90556641381266,0.12759384669104148,0.002999999999999989,3202,1601,0.4229129714448529,0.0,"[-1.5708,-1.5708,1.5708,-1.5708,-1.5708,0]","[-3.7986184,-1.474549,1.8334416,-2.1224536,-3.2692452,0.058518923]","[0.42,-0.28,0.48]",,max iterations reached,iteration_limit,迭代上限
32,42,scene_02_multi_obstacles,20260527,apf,23074,False,0.9805860799970105,72.00000000000188,49.800621945064776,139.90556641381266,0.12759384669104148,0.002999999999999989,3202,1601,0.4229129714448529,0.0,"[-1.5708,-1.5708,1.5708,-1.5708,-1.5708,0]","[-3.7986184,-1.474549,1.8334416,-2.1224536,-3.2692452,0.058518923]","[0.42,-0.28,0.48]",,max iterations reached,iteration_limit,迭代上限
33,42,scene_02_multi_obstacles,20260527,apf,23075,False,0.9928590659983456,72.00000000000188,49.800621945064776,139.90556641381266,0.12759384669104148,0.002999999999999989,3202,1601,0.4229129714448529,0.0,"[-1.5708,-1.5708,1.5708,-1.5708,-1.5708,0]","[-3.7986184,-1.474549,1.8334416,-2.1224536,-3.2692452,0.058518923]","[0.42,-0.28,0.48]",,max iterations reached,iteration_limit,迭代上限
34,42,scene_02_multi_obstacles,20260527,apf,23076,False,0.9866314250029973,72.00000000000188,49.800621945064776,139.90556641381266,0.12759384669104148,0.002999999999999989,3202,1601,0.4229129714448529,0.0,"[-1.5708,-1.5708,1.5708,-1.5708,-1.5708,0]","[-3.7986184,-1.474549,1.8334416,-2.1224536,-3.2692452,0.058518923]","[0.42,-0.28,0.48]",,max iterations reached,iteration_limit,迭代上限
35,42,scene_02_multi_obstacles,20260527,apf,23077,False,0.977457291999599,72.00000000000188,49.800621945064776,139.90556641381266,0.12759384669104148,0.002999999999999989,3202,1601,0.4229129714448529,0.0,"[-1.5708,-1.5708,1.5708,-1.5708,-1.5708,0]","[-3.7986184,-1.474549,1.8334416,-2.1224536,-3.2692452,0.058518923]","[0.42,-0.28,0.48]",,max iterations reached,iteration_limit,迭代上限
36,42,scene_02_multi_obstacles,20260527,apf,23078,False,0.9822621689963853,72.00000000000188,49.800621945064776,139.90556641381266,0.12759384669104148,0.002999999999999989,3202,1601,0.4229129714448529,0.0,"[-1.5708,-1.5708,1.5708,-1.5708,-1.5708,0]","[-3.7986184,-1.474549,1.8334416,-2.1224536,-3.2692452,0.058518923]","[0.42,-0.28,0.48]",,max iterations reached,iteration_limit,迭代上限
37,42,scene_02_multi_obstacles,20260527,apf,23079,False,0.9847115479933564,72.00000000000188,49.800621945064776,139.90556641381266,0.12759384669104148,0.002999999999999989,3202,1601,0.4229129714448529,0.0,"[-1.5708,-1.5708,1.5708,-1.5708,-1.5708,0]","[-3.7986184,-1.474549,1.8334416,-2.1224536,-3.2692452,0.058518923]","[0.42,-0.28,0.48]",,max iterations reached,iteration_limit,迭代上限
38,42,scene_02_multi_obstacles,20260527,apf,23080,False,0.9845797480011242,72.00000000000188,49.800621945064776,139.90556641381266,0.12759384669104148,0.002999999999999989,3202,1601,0.4229129714448529,0.0,"[-1.5708,-1.5708,1.5708,-1.5708,-1.5708,0]","[-3.7986184,-1.474549,1.8334416,-2.1224536,-3.2692452,0.058518923]","[0.42,-0.28,0.48]",,max iterations reached,iteration_limit,迭代上限
39,42,scene_02_multi_obstacles,20260527,apf,23081,False,0.9835048870008904,72.00000000000188,49.800621945064776,139.90556641381266,0.12759384669104148,0.002999999999999989,3202,1601,0.4229129714448529,0.0,"[-1.5708,-1.5708,1.5708,-1.5708,-1.5708,0]","[-3.7986184,-1.474549,1.8334416,-2.1224536,-3.2692452,0.058518923]","[0.42,-0.28,0.48]",,max iterations reached,iteration_limit,迭代上限
40,42,scene_02_multi_obstacles,20260527,apf,23082,False,0.9831186549999984,72.00000000000188,49.800621945064776,139.90556641381266,0.12759384669104148,0.002999999999999989,3202,1601,0.4229129714448529,0.0,"[-1.5708,-1.5708,1.5708,-1.5708,-1.5708,0]","[-3.7986184,-1.474549,1.8334416,-2.1224536,-3.2692452,0.058518923]","[0.42,-0.28,0.48]",,max iterations reached,iteration_limit,迭代上限
41,42,scene_02_multi_obstacles,20260527,apf,23083,False,0.9743107699978282,72.00000000000188,49.800621945064776,139.90556641381266,0.12759384669104148,0.002999999999999989,3202,1601,0.4229129714448529,0.0,"[-1.5708,-1.5708,1.5708,-1.5708,-1.5708,0]","[-3.7986184,-1.474549,1.8334416,-2.1224536,-3.2692452,0.058518923]","[0.42,-0.28,0.48]",,max iterations reached,iteration_limit,迭代上限
42,42,scene_02_multi_obstacles,20260527,apf,23084,False,0.9770086409989744,72.00000000000188,49.800621945064776,139.90556641381266,0.12759384669104148,0.002999999999999989,3202,1601,0.4229129714448529,0.0,"[-1.5708,-1.5708,1.5708,-1.5708,-1.5708,0]","[-3.7986184,-1.474549,1.8334416,-2.1224536,-3.2692452,0.058518923]","[0.42,-0.28,0.48]",,max iterations reached,iteration_limit,迭代上限
43,42,scene_02_multi_obstacles,20260527,apf,23085,False,0.9817514710011892,72.00000000000188,49.800621945064776,139.90556641381266,0.12759384669104148,0.002999999999999989,3202,1601,0.4229129714448529,0.0,"[-1.5708,-1.5708,1.5708,-1.5708,-1.5708,0]","[-3.7986184,-1.474549,1.8334416,-2.1224536,-3.2692452,0.058518923]","[0.42,-0.28,0.48]",,max iterations reached,iteration_limit,迭代上限
44,42,scene_02_multi_obstacles,20260527,apf,23086,False,0.9839036929988652,72.00000000000188,49.800621945064776,139.90556641381266,0.12759384669104148,0.002999999999999989,3202,1601,0.4229129714448529,0.0,"[-1.5708,-1.5708,1.5708,-1.5708,-1.5708,0]","[-3.7986184,-1.474549,1.8334416,-2.1224536,-3.2692452,0.058518923]","[0.42,-0.28,0.48]",,max iterations reached,iteration_limit,迭代上限
45,42,scene_02_multi_obstacles,20260527,apf,23087,False,0.9918433499988168,72.00000000000188,49.800621945064776,139.90556641381266,0.12759384669104148,0.002999999999999989,3202,1601,0.4229129714448529,0.0,"[-1.5708,-1.5708,1.5708,-1.5708,-1.5708,0]","[-3.7986184,-1.474549,1.8334416,-2.1224536,-3.2692452,0.058518923]","[0.42,-0.28,0.48]",,max iterations reached,iteration_limit,迭代上限
46,42,scene_02_multi_obstacles,20260527,apf,23088,False,0.9861624710028991,72.00000000000188,49.800621945064776,139.90556641381266,0.12759384669104148,0.002999999999999989,3202,1601,0.4229129714448529,0.0,"[-1.5708,-1.5708,1.5708,-1.5708,-1.5708,0]","[-3.7986184,-1.474549,1.8334416,-2.1224536,-3.2692452,0.058518923]","[0.42,-0.28,0.48]",,max iterations reached,iteration_limit,迭代上限
47,42,scene_02_multi_obstacles,20260527,apf,23089,False,0.9912652700004401,72.00000000000188,49.800621945064776,139.90556641381266,0.12759384669104148,0.002999999999999989,3202,1601,0.4229129714448529,0.0,"[-1.5708,-1.5708,1.5708,-1.5708,-1.5708,0]","[-3.7986184,-1.474549,1.8334416,-2.1224536,-3.2692452,0.058518923]","[0.42,-0.28,0.48]",,max iterations reached,iteration_limit,迭代上限
48,42,scene_02_multi_obstacles,20260527,apf,23090,False,1.000685514001816,72.00000000000188,49.800621945064776,139.90556641381266,0.12759384669104148,0.002999999999999989,3202,1601,0.4229129714448529,0.0,"[-1.5708,-1.5708,1.5708,-1.5708,-1.5708,0]","[-3.7986184,-1.474549,1.8334416,-2.1224536,-3.2692452,0.058518923]","[0.42,-0.28,0.48]",,max iterations reached,iteration_limit,迭代上限
49,42,scene_02_multi_obstacles,20260527,apf,23091,False,1.3393339769972954,72.00000000000188,49.800621945064776,139.90556641381266,0.12759384669104148,0.002999999999999989,3202,1601,0.4229129714448529,0.0,"[-1.5708,-1.5708,1.5708,-1.5708,-1.5708,0]","[-3.7986184,-1.474549,1.8334416,-2.1224536,-3.2692452,0.058518923]","[0.42,-0.28,0.48]",,max iterations reached,iteration_limit,迭代上限
0,42,scene_03_narrow_passage,20260528,rrt,30042,True,0.010673671997210477,3.3332678710279597,1.0444719385046126,0.018210103373640558,0.007591616167029351,0.002999999999999989,181,80,1.3563615151437045e-09,0.0,"[-1.5708,-1.5708,1.5708,-1.5708,-1.5708,0]","[-3.3941324,-1.3320287,1.7412634,-1.3129422,1.1562085,0.059607844]","[0.62,0.02,0.43]",,success,success,成功
1,42,scene_03_narrow_passage,20260528,rrt,30043,True,0.006390960996213835,3.310532144898265,1.042855392694015,0.007236979002827227,0.015513809529223002,0.002999999999999989,116,80,1.3563614176506333e-09,0.0,"[-1.5708,-1.5708,1.5708,-1.5708,-1.5708,0]","[-3.3941324,-1.3320287,1.7412634,-1.3129422,1.1562085,0.059607844]","[0.62,0.02,0.43]",,success,success,成功
2,42,scene_03_narrow_passage,20260528,rrt,30044,True,0.009476225000980776,3.403478865837645,1.135203275668393,0.031755690695121054,0.025592668323389293,0.002999999999999989,169,80,1.3563615295690948e-09,0.0,"[-1.5708,-1.5708,1.5708,-1.5708,-1.5708,0]","[-3.3941324,-1.3320287,1.7412634,-1.3129422,1.1562085,0.059607844]","[0.62,0.02,0.43]",,success,success,成功
3,42,scene_03_narrow_passage,20260528,rrt,30045,True,0.009787579998373985,3.332107783991443,1.0440583649703388,0.015349682452560317,0.017824479372242415,0.002999999999999989,170,80,1.3563615129717414e-09,0.0,"[-1.5708,-1.5708,1.5708,-1.5708,-1.5708,0]","[-3.3941324,-1.3320287,1.7412634,-1.3129422,1.1562085,0.059607844]","[0.62,0.02,0.43]",,success,success,成功
4,42,scene_03_narrow_passage,20260528,rrt,30046,True,0.00976138400437776,3.3692865103721954,1.1121698752611233,0.023562508562514763,0.013462464419091644,0.002999999999999989,168,80,1.3563615118637874e-09,0.0,"[-1.5708,-1.5708,1.5708,-1.5708,-1.5708,0]","[-3.3941324,-1.3320287,1.7412634,-1.3129422,1.1562085,0.059607844]","[0.62,0.02,0.43]",,success,success,成功
5,42,scene_03_narrow_passage,20260528,rrt,30047,True,0.011140583999804221,3.370781148223492,1.0512572437279815,0.02570390731063299,0.01570505869563739,0.002999999999999989,190,80,1.3563615122331053e-09,0.0,"[-1.5708,-1.5708,1.5708,-1.5708,-1.5708,0]","[-3.3941324,-1.3320287,1.7412634,-1.3129422,1.1562085,0.059607844]","[0.62,0.02,0.43]",,success,success,成功
6,42,scene_03_narrow_passage,20260528,rrt,30048,True,0.05127969800378196,3.426788988693475,1.131439850600195,0.03713932621606654,0.025592668323389293,0.002999999999999989,707,80,1.3563613828687962e-09,0.0,"[-1.5708,-1.5708,1.5708,-1.5708,-1.5708,0]","[-3.3941324,-1.3320287,1.7412634,-1.3129422,1.1562085,0.059607844]","[0.62,0.02,0.43]",,success,success,成功
7,42,scene_03_narrow_passage,20260528,rrt,30049,True,0.009702554998511914,3.3363327534538367,1.072296975812814,0.01725185658404344,0.013673405209756267,0.0030000000000000027,172,80,1.3563615295690948e-09,0.0,"[-1.5708,-1.5708,1.5708,-1.5708,-1.5708,0]","[-3.3941324,-1.3320287,1.7412634,-1.3129422,1.1562085,0.059607844]","[0.62,0.02,0.43]",,success,success,成功
8,42,scene_03_narrow_passage,20260528,rrt,30050,True,0.012895578998723067,3.3288436483923154,1.0948005613518423,0.01570377719962593,0.025592668323389474,0.002999999999999989,227,80,1.3563615129717414e-09,0.0,"[-1.5708,-1.5708,1.5708,-1.5708,-1.5708,0]","[-3.3941324,-1.3320287,1.7412634,-1.3129422,1.1562085,0.059607844]","[0.62,0.02,0.43]",,success,success,成功
9,42,scene_03_narrow_passage,20260528,rrt,30051,True,0.01262995800061617,3.3980940806454005,1.087408070629806,0.028731589264892554,0.01660450237441534,0.0030000000000000027,198,80,1.3563614339226201e-09,0.0,"[-1.5708,-1.5708,1.5708,-1.5708,-1.5708,0]","[-3.3941324,-1.3320287,1.7412634,-1.3129422,1.1562085,0.059607844]","[0.62,0.02,0.43]",,success,success,成功
10,42,scene_03_narrow_passage,20260528,rrt,30052,True,0.006612962002691347,3.378834137920529,1.0280607115357645,0.027005644379025938,0.025592668323389293,0.002999999999999989,117,80,1.35636141580404e-09,0.0,"[-1.5708,-1.5708,1.5708,-1.5708,-1.5708,0]","[-3.3941324,-1.3320287,1.7412634,-1.3129422,1.1562085,0.059607844]","[0.62,0.02,0.43]",,success,success,成功
11,42,scene_03_narrow_passage,20260528,rrt,30053,True,0.022585243001230992,3.3294314441687543,1.093322912192267,0.01501716793001608,0.025592668323389293,0.002999999999999989,376,80,1.3563615151437045e-09,0.0,"[-1.5708,-1.5708,1.5708,-1.5708,-1.5708,0]","[-3.3941324,-1.3320287,1.7412634,-1.3129422,1.1562085,0.059607844]","[0.62,0.02,0.43]",,success,success,成功
12,42,scene_03_narrow_passage,20260528,rrt,30054,True,0.008765833001234569,3.3158154347242954,1.0928155616034159,0.009656992778641408,0.000861370046422956,0.002999999999999989,156,80,1.3563615151437045e-09,0.0,"[-1.5708,-1.5708,1.5708,-1.5708,-1.5708,0]","[-3.3941324,-1.3320287,1.7412634,-1.3129422,1.1562085,0.059607844]","[0.62,0.02,0.43]",,success,success,成功
13,42,scene_03_narrow_passage,20260528,rrt,30055,True,0.01093128100183094,3.3188424837007413,1.0715447666806917,0.010838292810543174,0.009034673942031494,0.002999999999999989,192,80,1.3563616226303432e-09,0.0,"[-1.5708,-1.5708,1.5708,-1.5708,-1.5708,0]","[-3.3941324,-1.3320287,1.7412634,-1.3129422,1.1562085,0.059607844]","[0.62,0.02,0.43]",,success,success,成功
14,42,scene_03_narrow_passage,20260528,rrt,30056,True,0.008710246002010535,3.3814749534531314,1.1381358296071624,0.02532257432017274,0.0075710463226891025,0.002999999999999989,156,80,1.3563615089092436e-09,0.0,"[-1.5708,-1.5708,1.5708,-1.5708,-1.5708,0]","[-3.3941324,-1.3320287,1.7412634,-1.3129422,1.1562085,0.059607844]","[0.62,0.02,0.43]",,success,success,成功
15,42,scene_03_narrow_passage,20260528,rrt,30057,True,0.010444154999277089,3.3364588650975304,1.0846149339288045,0.017481273292507364,0.006552546324918411,0.002999999999999989,174,80,1.35636141580404e-09,0.0,"[-1.5708,-1.5708,1.5708,-1.5708,-1.5708,0]","[-3.3941324,-1.3320287,1.7412634,-1.3129422,1.1562085,0.059607844]","[0.62,0.02,0.43]",,success,success,成功
16,42,scene_03_narrow_passage,20260528,rrt,30058,True,0.011847340007079765,3.342400514676971,1.029023916259057,0.020474558481531777,0.023936973539522864,0.002999999999999989,204,80,1.3563615591146214e-09,0.0,"[-1.5708,-1.5708,1.5708,-1.5708,-1.5708,0]","[-3.3941324,-1.3320287,1.7412634,-1.3129422,1.1562085,0.059607844]","[0.62,0.02,0.43]",,success,success,成功
17,42,scene_03_narrow_passage,20260528,rrt,30059,True,0.009072319997358136,3.3909413853639108,1.1249305589559186,0.02999316789857952,0.02559266832338928,0.002999999999999989,161,80,1.356361296107923e-09,0.0,"[-1.5708,-1.5708,1.5708,-1.5708,-1.5708,0]","[-3.3941324,-1.3320287,1.7412634,-1.3129422,1.1562085,0.059607844]","[0.62,0.02,0.43]",,success,success,成功
18,42,scene_03_narrow_passage,20260528,rrt,30060,True,0.012749208995955996,3.316269856446608,1.0415282131178771,0.011719094965380119,0.014146701269690053,0.002999999999999989,211,80,1.3563615129717414e-09,0.0,"[-1.5708,-1.5708,1.5708,-1.5708,-1.5708,0]","[-3.3941324,-1.3320287,1.7412634,-1.3129422,1.1562085,0.059607844]","[0.62,0.02,0.43]",,success,success,成功
19,42,scene_03_narrow_passage,20260528,rrt,30061,True,0.010331632998713758,3.388807963151886,1.0924249031204931,0.030788102726453773,0.02120608787621176,0.002999999999999989,172,80,1.3563615151437045e-09,0.0,"[-1.5708,-1.5708,1.5708,-1.5708,-1.5708,0]","[-3.3941324,-1.3320287,1.7412634,-1.3129422,1.1562085,0.059607844]","[0.62,0.02,0.43]",,success,success,成功
20,42,scene_03_narrow_passage,20260528,rrt,30062,True,0.03279303599993,3.332292931657157,1.0530443889648022,0.018099228850054848,0.025592668323389293,0.002999999999999989,463,80,1.3563615151437045e-09,0.0,"[-1.5708,-1.5708,1.5708,-1.5708,-1.5708,0]","[-3.3941324,-1.3320287,1.7412634,-1.3129422,1.1562085,0.059607844]","[0.62,0.02,0.43]",,success,success,成功
21,42,scene_03_narrow_passage,20260528,rrt,30063,True,0.00863638400187483,3.313369114793031,1.0690223257256546,0.010121623488337589,0.01789872088288498,0.002999999999999989,154,80,1.35636141580404e-09,0.0,"[-1.5708,-1.5708,1.5708,-1.5708,-1.5708,0]","[-3.3941324,-1.3320287,1.7412634,-1.3129422,1.1562085,0.059607844]","[0.62,0.02,0.43]",,success,success,成功
22,42,scene_03_narrow_passage,20260528,rrt,30064,True,0.009070615000382531,3.3504925704090383,1.0865013695868824,0.019307291805142412,0.017864978203673047,0.0030000000000000027,161,80,1.3563614224957228e-09,0.0,"[-1.5708,-1.5708,1.5708,-1.5708,-1.5708,0]","[-3.3941324,-1.3320287,1.7412634,-1.3129422,1.1562085,0.059607844]","[0.62,0.02,0.43]",,success,success,成功
23,42,scene_03_narrow_passage,20260528,rrt,30065,True,0.011739107998437248,3.4188395402663985,1.1209148271948166,0.03146064666303538,0.007550176830188736,0.002999999999999989,200,80,1.3563615151437045e-09,0.0,"[-1.5708,-1.5708,1.5708,-1.5708,-1.5708,0]","[-3.3941324,-1.3320287,1.7412634,-1.3129422,1.1562085,0.059607844]","[0.62,0.02,0.43]",,success,success,成功
24,42,scene_03_narrow_passage,20260528,rrt,30066,False,0.9849105559987947,0.0,nan,0.0,nan,nan,5248,0,nan,0.0,"[-1.5708,-1.5708,1.5708,-1.5708,-1.5708,0]","[-3.3941324,-1.3320287,1.7412634,-1.3129422,1.1562085,0.059607844]","[0.62,0.02,0.43]",,max iterations reached,iteration_limit,迭代上限
25,42,scene_03_narrow_passage,20260528,rrt,30067,True,0.01633991300332127,3.3316545342407555,1.084859830014749,0.01756259396468658,0.022414181847906327,0.002999999999999989,274,80,1.3563612868529947e-09,0.0,"[-1.5708,-1.5708,1.5708,-1.5708,-1.5708,0]","[-3.3941324,-1.3320287,1.7412634,-1.3129422,1.1562085,0.059607844]","[0.62,0.02,0.43]",,success,success,成功
26,42,scene_03_narrow_passage,20260528,rrt,30068,True,0.01589928699831944,3.344141679331739,1.075891597033356,0.019686046866188824,0.005067700931009174,0.002999999999999989,185,80,1.3563615591146214e-09,0.0,"[-1.5708,-1.5708,1.5708,-1.5708,-1.5708,0]","[-3.3941324,-1.3320287,1.7412634,-1.3129422,1.1562085,0.059607844]","[0.62,0.02,0.43]",,success,success,成功
27,42,scene_03_narrow_passage,20260528,rrt,30069,True,0.026851917995372787,3.333866310760117,1.0615605350420958,0.01829711773437219,0.020865176711130883,0.0030000000000000027,385,80,1.3563612868529947e-09,0.0,"[-1.5708,-1.5708,1.5708,-1.5708,-1.5708,0]","[-3.3941324,-1.3320287,1.7412634,-1.3129422,1.1562085,0.059607844]","[0.62,0.02,0.43]",,success,success,成功
28,42,scene_03_narrow_passage,20260528,rrt,30070,True,0.01037873700261116,3.354449450831717,1.1082347970052209,0.022933449509214627,0.003608677645261432,0.002999999999999989,166,80,1.3563615151437045e-09,0.0,"[-1.5708,-1.5708,1.5708,-1.5708,-1.5708,0]","[-3.3941324,-1.3320287,1.7412634,-1.3129422,1.1562085,0.059607844]","[0.62,0.02,0.43]",,success,success,成功
29,42,scene_03_narrow_passage,20260528,rrt,30071,True,0.007642923999810591,3.325331121559112,1.0612732879786988,0.014987012667636348,0.02356002887950239,0.002999999999999989,129,80,1.3563615151437045e-09,0.0,"[-1.5708,-1.5708,1.5708,-1.5708,-1.5708,0]","[-3.3941324,-1.3320287,1.7412634,-1.3129422,1.1562085,0.059607844]","[0.62,0.02,0.43]",,success,success,成功
30,42,scene_03_narrow_passage,20260528,rrt,30072,True,0.01335666399972979,3.3542400208993253,1.0571246926457674,0.0227707148090845,0.025592668323389238,0.002999999999999989,196,80,1.3563613686261992e-09,0.0,"[-1.5708,-1.5708,1.5708,-1.5708,-1.5708,0]","[-3.3941324,-1.3320287,1.7412634,-1.3129422,1.1562085,0.059607844]","[0.62,0.02,0.43]",,success,success,成功
31,42,scene_03_narrow_passage,20260528,rrt,30073,True,0.015167083001870196,3.7925725806781925,1.028686232773859,0.08178925911889921,0.01718271224984689,0.002999999999999989,261,80,1.3563614301635893e-09,0.0,"[-1.5708,-1.5708,1.5708,-1.5708,-1.5708,0]","[-3.3941324,-1.3320287,1.7412634,-1.3129422,1.1562085,0.059607844]","[0.62,0.02,0.43]",,success,success,成功
32,42,scene_03_narrow_passage,20260528,rrt,30074,True,0.008349678995728027,3.3302406621501777,1.0675500605591168,0.016478926311103453,0.019546639742153885,0.002999999999999989,150,80,1.3563615151437045e-09,0.0,"[-1.5708,-1.5708,1.5708,-1.5708,-1.5708,0]","[-3.3941324,-1.3320287,1.7412634,-1.3129422,1.1562085,0.059607844]","[0.62,0.02,0.43]",,success,success,成功
33,42,scene_03_narrow_passage,20260528,rrt,30075,False,1.0801472029997967,0.0,nan,0.0,nan,nan,7573,0,nan,0.0,"[-1.5708,-1.5708,1.5708,-1.5708,-1.5708,0]","[-3.3941324,-1.3320287,1.7412634,-1.3129422,1.1562085,0.059607844]","[0.62,0.02,0.43]",,max iterations reached,iteration_limit,迭代上限
34,42,scene_03_narrow_passage,20260528,rrt,30076,True,0.016464863998407964,3.3777280761647024,1.0807146487306363,0.026698835003101964,0.0012243021633801601,0.002999999999999989,240,80,1.3563614443514697e-09,0.0,"[-1.5708,-1.5708,1.5708,-1.5708,-1.5708,0]","[-3.3941324,-1.3320287,1.7412634,-1.3129422,1.1562085,0.059607844]","[0.62,0.02,0.43]",,success,success,成功
35,42,scene_03_narrow_passage,20260528,rrt,30077,True,0.014976729995396454,3.376257522025225,1.094164525214996,0.028034694033539732,0.020947473552339266,0.002999999999999989,216,80,1.356361487400887e-09,0.0,"[-1.5708,-1.5708,1.5708,-1.5708,-1.5708,0]","[-3.3941324,-1.3320287,1.7412634,-1.3129422,1.1562085,0.059607844]","[0.62,0.02,0.43]",,success,success,成功
36,42,scene_03_narrow_passage,20260528,rrt,30078,True,0.008022702000744175,3.307537199596322,1.047343321242816,0.0060059480570005255,0.020142144924716374,0.002999999999999989,144,80,1.3563612207520444e-09,0.0,"[-1.5708,-1.5708,1.5708,-1.5708,-1.5708,0]","[-3.3941324,-1.3320287,1.7412634,-1.3129422,1.1562085,0.059607844]","[0.62,0.02,0.43]",,success,success,成功
37,42,scene_03_narrow_passage,20260528,rrt,30079,True,0.014462631006608717,3.3928260919863784,1.0799868661434027,0.03174650712969949,0.021244711576976764,0.002999999999999989,249,80,1.35636141580404e-09,0.0,"[-1.5708,-1.5708,1.5708,-1.5708,-1.5708,0]","[-3.3941324,-1.3320287,1.7412634,-1.3129422,1.1562085,0.059607844]","[0.62,0.02,0.43]",,success,success,成功
38,42,scene_03_narrow_passage,20260528,rrt,30080,True,0.015117733004444744,3.5242318751224433,1.078115102701984,0.04898120968796391,0.01425520322764643,0.002999999999999989,258,80,1.3563614339226201e-09,0.0,"[-1.5708,-1.5708,1.5708,-1.5708,-1.5708,0]","[-3.3941324,-1.3320287,1.7412634,-1.3129422,1.1562085,0.059607844]","[0.62,0.02,0.43]",,success,success,成功
39,42,scene_03_narrow_passage,20260528,rrt,30081,True,0.011788946998422034,3.3738331085556608,1.0603922409684714,0.027826954488093514,0.025592668323389293,0.002999999999999989,201,80,1.3563615151437045e-09,0.0,"[-1.5708,-1.5708,1.5708,-1.5708,-1.5708,0]","[-3.3941324,-1.3320287,1.7412634,-1.3129422,1.1562085,0.059607844]","[0.62,0.02,0.43]",,success,success,成功
40,42,scene_03_narrow_passage,20260528,rrt,30082,True,0.018565427002613433,3.388652316775114,1.1003846719990562,0.029495339961509638,0.022631131178678966,0.002999999999999989,322,80,1.3563615151437045e-09,0.0,"[-1.5708,-1.5708,1.5708,-1.5708,-1.5708,0]","[-3.3941324,-1.3320287,1.7412634,-1.3129422,1.1562085,0.059607844]","[0.62,0.02,0.43]",,success,success,成功
41,42,scene_03_narrow_passage,20260528,rrt,30083,True,0.01528567000059411,3.4147199452175108,1.13264183624328,0.033662445463803,0.010976914730981537,0.0030000000000000027,259,80,1.3563615151437045e-09,0.0,"[-1.5708,-1.5708,1.5708,-1.5708,-1.5708,0]","[-3.3941324,-1.3320287,1.7412634,-1.3129422,1.1562085,0.059607844]","[0.62,0.02,0.43]",,success,success,成功
42,42,scene_03_narrow_passage,20260528,rrt,30084,True,0.007861477999540512,3.3254192444719894,1.0713046750351554,0.01541221174937747,0.00994795632064574,0.002999999999999989,141,80,1.3563615295690948e-09,0.0,"[-1.5708,-1.5708,1.5708,-1.5708,-1.5708,0]","[-3.3941324,-1.3320287,1.7412634,-1.3129422,1.1562085,0.059607844]","[0.62,0.02,0.43]",,success,success,成功
43,42,scene_03_narrow_passage,20260528,rrt,30085,True,0.0404839839975466,3.314180400676207,1.0721299944826164,0.010500997933184352,0.012741150442090773,0.002999999999999989,605,80,1.356361380652884e-09,0.0,"[-1.5708,-1.5708,1.5708,-1.5708,-1.5708,0]","[-3.3941324,-1.3320287,1.7412634,-1.3129422,1.1562085,0.059607844]","[0.62,0.02,0.43]",,success,success,成功
44,42,scene_03_narrow_passage,20260528,rrt,30086,True,0.006108217996370513,3.3074656707186096,1.0535346857477936,0.00598910917691586,0.008494362573472046,0.002999999999999989,112,80,1.3563615151437045e-09,0.0,"[-1.5708,-1.5708,1.5708,-1.5708,-1.5708,0]","[-3.3941324,-1.3320287,1.7412634,-1.3129422,1.1562085,0.059607844]","[0.62,0.02,0.43]",,success,success,成功
45,42,scene_03_narrow_passage,20260528,rrt,30087,True,0.008982719999039546,3.5238311813240446,1.1975113188502322,0.04977973499555233,0.012954879161151796,0.0030000000000000027,161,80,1.3563613729851473e-09,0.0,"[-1.5708,-1.5708,1.5708,-1.5708,-1.5708,0]","[-3.3941324,-1.3320287,1.7412634,-1.3129422,1.1562085,0.059607844]","[0.62,0.02,0.43]",,success,success,成功
46,42,scene_03_narrow_passage,20260528,rrt,30088,True,0.006639829000050668,3.3066742164802574,1.042888931656027,0.005105443322652918,0.004587038689871981,0.0030000000000000027,120,80,1.356361522182722e-09,0.0,"[-1.5708,-1.5708,1.5708,-1.5708,-1.5708,0]","[-3.3941324,-1.3320287,1.7412634,-1.3129422,1.1562085,0.059607844]","[0.62,0.02,0.43]",,success,success,成功
47,42,scene_03_narrow_passage,20260528,rrt,30089,False,0.9954962659976445,0.0,nan,0.0,nan,nan,5968,0,nan,0.0,"[-1.5708,-1.5708,1.5708,-1.5708,-1.5708,0]","[-3.3941324,-1.3320287,1.7412634,-1.3129422,1.1562085,0.059607844]","[0.62,0.02,0.43]",,max iterations reached,iteration_limit,迭代上限
48,42,scene_03_narrow_passage,20260528,rrt,30090,True,0.007812377996742725,3.4190661105582536,1.1460527318719123,0.030614233618809498,0.02559266832338907,0.002999999999999989,141,80,1.3563615591146214e-09,0.0,"[-1.5708,-1.5708,1.5708,-1.5708,-1.5708,0]","[-3.3941324,-1.3320287,1.7412634,-1.3129422,1.1562085,0.059607844]","[0.62,0.02,0.43]",,success,success,成功
49,42,scene_03_narrow_passage,20260528,rrt,30091,True,0.053602432999468874,3.4234406450289634,1.0896092163461257,0.03735294741879316,0.01373127636617081,0.002999999999999989,759,80,1.3563615151437045e-09,0.0,"[-1.5708,-1.5708,1.5708,-1.5708,-1.5708,0]","[-3.3941324,-1.3320287,1.7412634,-1.3129422,1.1562085,0.059607844]","[0.62,0.02,0.43]",,success,success,成功
0,42,scene_03_narrow_passage,20260528,rrt_connect,31042,True,0.004731467997771688,3.5510894485546327,0.9721964090121435,3.409159932898455,0.025592668323389293,0.0030000000000000027,87,3,1.3563615151437045e-09,0.0,"[-1.5708,-1.5708,1.5708,-1.5708,-1.5708,0]","[-3.3941324,-1.3320287,1.7412634,-1.3129422,1.1562085,0.059607844]","[0.62,0.02,0.43]",,success,success,成功
1,42,scene_03_narrow_passage,20260528,rrt_connect,31043,True,0.005146818999492098,3.3074405329563974,1.0561107632252382,0.005154038261594572,0.016614041199705394,0.002999999999999989,92,80,1.3563613167678413e-09,0.0,"[-1.5708,-1.5708,1.5708,-1.5708,-1.5708,0]","[-3.3941324,-1.3320287,1.7412634,-1.3129422,1.1562085,0.059607844]","[0.62,0.02,0.43]",,success,success,成功
2,42,scene_03_narrow_passage,20260528,rrt_connect,31044,True,0.015053556999191642,3.360752779285056,1.0142807069054318,0.021883309721710875,0.00458430815962995,0.002999999999999989,274,80,1.3563615151437045e-09,0.0,"[-1.5708,-1.5708,1.5708,-1.5708,-1.5708,0]","[-3.3941324,-1.3320287,1.7412634,-1.3129422,1.1562085,0.059607844]","[0.62,0.02,0.43]",,success,success,成功
3,42,scene_03_narrow_passage,20260528,rrt_connect,31045,True,0.004502912997850217,3.6034047795139594,1.2840563433745693,0.060926463184383446,0.025592668323389058,0.002999999999999989,82,80,1.3563613833769874e-09,0.0,"[-1.5708,-1.5708,1.5708,-1.5708,-1.5708,0]","[-3.3941324,-1.3320287,1.7412634,-1.3129422,1.1562085,0.059607844]","[0.62,0.02,0.43]",,success,success,成功
4,42,scene_03_narrow_passage,20260528,rrt_connect,31046,True,0.004674957002862357,3.3846526417071474,1.0556320068431109,0.028968316029814374,0.023082261687482654,0.002999999999999989,82,80,1.3563614220824578e-09,0.0,"[-1.5708,-1.5708,1.5708,-1.5708,-1.5708,0]","[-3.3941324,-1.3320287,1.7412634,-1.3129422,1.1562085,0.059607844]","[0.62,0.02,0.43]",,success,success,成功
5,42,scene_03_narrow_passage,20260528,rrt_connect,31047,True,0.006165168997540604,3.3385041918204457,1.0665657334255894,0.018281753654372405,0.025592668323389266,0.002999999999999989,115,80,1.3563613449458566e-09,0.0,"[-1.5708,-1.5708,1.5708,-1.5708,-1.5708,0]","[-3.3941324,-1.3320287,1.7412634,-1.3129422,1.1562085,0.059607844]","[0.62,0.02,0.43]",,success,success,成功
6,42,scene_03_narrow_passage,20260528,rrt_connect,31048,True,0.00474873700295575,3.886622059460702,1.1950192890236953,0.091711317237823,0.020410223023538267,0.002999999999999989,87,80,1.3563613987714584e-09,0.0,"[-1.5708,-1.5708,1.5708,-1.5708,-1.5708,0]","[-3.3941324,-1.3320287,1.7412634,-1.3129422,1.1562085,0.059607844]","[0.62,0.02,0.43]",,success,success,成功
7,42,scene_03_narrow_passage,20260528,rrt_connect,31049,True,0.007832365998183377,3.3377956525060495,1.0732031374637876,0.017350080056580904,0.02559266832338928,0.002999999999999989,142,80,1.3563612868529947e-09,0.0,"[-1.5708,-1.5708,1.5708,-1.5708,-1.5708,0]","[-3.3941324,-1.3320287,1.7412634,-1.3129422,1.1562085,0.059607844]","[0.62,0.02,0.43]",,success,success,成功
8,42,scene_03_narrow_passage,20260528,rrt_connect,31050,True,0.005291832996590529,3.369391168246612,1.1148173291767365,0.025269213129243278,0.017009822082907584,0.002999999999999989,98,80,1.3563614080263852e-09,0.0,"[-1.5708,-1.5708,1.5708,-1.5708,-1.5708,0]","[-3.3941324,-1.3320287,1.7412634,-1.3129422,1.1562085,0.059607844]","[0.62,0.02,0.43]",,success,success,成功
9,42,scene_03_narrow_passage,20260528,rrt_connect,31051,True,0.004690729998401366,3.512165576195384,0.9215398192858992,3.332214289615722,0.025592668323389293,0.0030000000000000027,87,3,1.3563615151437045e-09,0.0,"[-1.5708,-1.5708,1.5708,-1.5708,-1.5708,0]","[-3.3941324,-1.3320287,1.7412634,-1.3129422,1.1562085,0.059607844]","[0.62,0.02,0.43]",,success,success,成功
10,42,scene_03_narrow_passage,20260528,rrt_connect,31052,True,0.006468979001510888,3.3403008476232174,1.0411232814766036,0.017761724907350798,0.025592668323389293,0.002999999999999989,111,80,1.35636141580404e-09,0.0,"[-1.5708,-1.5708,1.5708,-1.5708,-1.5708,0]","[-3.3941324,-1.3320287,1.7412634,-1.3129422,1.1562085,0.059607844]","[0.62,0.02,0.43]",,success,success,成功
11,42,scene_03_narrow_passage,20260528,rrt_connect,31053,True,0.0046978129976196215,3.428626664717887,0.9631002088129615,3.163989687705462,0.025592668323389293,0.0030000000000000027,87,3,1.3563615151437045e-09,0.0,"[-1.5708,-1.5708,1.5708,-1.5708,-1.5708,0]","[-3.3941324,-1.3320287,1.7412634,-1.3129422,1.1562085,0.059607844]","[0.62,0.02,0.43]",,success,success,成功
12,42,scene_03_narrow_passage,20260528,rrt_connect,31054,True,0.00506972200673772,3.312942201054117,1.0605017093178748,0.008377039967638179,0.008284094218635803,0.002999999999999989,95,80,1.35636141580404e-09,0.0,"[-1.5708,-1.5708,1.5708,-1.5708,-1.5708,0]","[-3.3941324,-1.3320287,1.7412634,-1.3129422,1.1562085,0.059607844]","[0.62,0.02,0.43]",,success,success,成功
13,42,scene_03_narrow_passage,20260528,rrt_connect,31055,True,0.005049347004387528,3.313699789867296,1.0334554893505032,0.008730167438807845,0.019428641187836326,0.002999999999999989,94,80,1.3563615151437045e-09,0.0,"[-1.5708,-1.5708,1.5708,-1.5708,-1.5708,0]","[-3.3941324,-1.3320287,1.7412634,-1.3129422,1.1562085,0.059607844]","[0.62,0.02,0.43]",,success,success,成功
14,42,scene_03_narrow_passage,20260528,rrt_connect,31056,True,0.00586565399862593,3.5766781503700735,0.9939223042321856,3.4592891070312604,0.025592668323389293,0.0030000000000000027,109,3,1.3563615151437045e-09,0.0,"[-1.5708,-1.5708,1.5708,-1.5708,-1.5708,0]","[-3.3941324,-1.3320287,1.7412634,-1.3129422,1.1562085,0.059607844]","[0.62,0.02,0.43]",,success,success,成功
15,42,scene_03_narrow_passage,20260528,rrt_connect,31057,True,0.004725370999949519,3.3075700947652473,1.0452251924531941,0.00537506622570854,0.01813839363473284,0.002999999999999989,87,80,1.356361522182722e-09,0.0,"[-1.5708,-1.5708,1.5708,-1.5708,-1.5708,0]","[-3.3941324,-1.3320287,1.7412634,-1.3129422,1.1562085,0.059607844]","[0.62,0.02,0.43]",,success,success,成功
16,42,scene_03_narrow_passage,20260528,rrt_connect,31058,True,0.008741397999983747,3.3322422754952186,1.058106315681687,0.015481483259126492,0.02315348951471919,0.002999999999999989,163,80,1.356361423885158e-09,0.0,"[-1.5708,-1.5708,1.5708,-1.5708,-1.5708,0]","[-3.3941324,-1.3320287,1.7412634,-1.3129422,1.1562085,0.059607844]","[0.62,0.02,0.43]",,success,success,成功
17,42,scene_03_narrow_passage,20260528,rrt_connect,31059,True,0.006291611003689468,3.8353598720706614,1.076914392779311,0.08641740882307719,0.008706864451383321,0.002999999999999989,117,80,1.3563613523542043e-09,0.0,"[-1.5708,-1.5708,1.5708,-1.5708,-1.5708,0]","[-3.3941324,-1.3320287,1.7412634,-1.3129422,1.1562085,0.059607844]","[0.62,0.02,0.43]",,success,success,成功
18,42,scene_03_narrow_passage,20260528,rrt_connect,31060,True,0.005300828997860663,4.037228122084603,1.575739259489274,0.10792510481185319,0.025592668323389474,0.002999999999999989,97,80,1.3563615085399257e-09,0.0,"[-1.5708,-1.5708,1.5708,-1.5708,-1.5708,0]","[-3.3941324,-1.3320287,1.7412634,-1.3129422,1.1562085,0.059607844]","[0.62,0.02,0.43]",,success,success,成功
19,42,scene_03_narrow_passage,20260528,rrt_connect,31061,True,0.004684986000938807,3.318553492478315,1.0862313124673932,0.010918288418169818,0.002329872597265331,0.002999999999999989,87,80,1.3563614480446481e-09,0.0,"[-1.5708,-1.5708,1.5708,-1.5708,-1.5708,0]","[-3.3941324,-1.3320287,1.7412634,-1.3129422,1.1562085,0.059607844]","[0.62,0.02,0.43]",,success,success,成功
20,42,scene_03_narrow_passage,20260528,rrt_connect,31062,True,0.004944166001223493,3.350980412793286,1.1008622523639533,0.022002246991896207,0.02559266832338928,0.002999999999999989,82,80,1.356361296107923e-09,0.0,"[-1.5708,-1.5708,1.5708,-1.5708,-1.5708,0]","[-3.3941324,-1.3320287,1.7412634,-1.3129422,1.1562085,0.059607844]","[0.62,0.02,0.43]",,success,success,成功
21,42,scene_03_narrow_passage,20260528,rrt_connect,31063,True,0.006620466003369074,4.116094059880055,1.3329538789344153,0.11711545639496866,0.021226708697901636,0.002999999999999989,122,80,1.356361487400887e-09,0.0,"[-1.5708,-1.5708,1.5708,-1.5708,-1.5708,0]","[-3.3941324,-1.3320287,1.7412634,-1.3129422,1.1562085,0.059607844]","[0.62,0.02,0.43]",,success,success,成功
22,42,scene_03_narrow_passage,20260528,rrt_connect,31064,True,0.006703505998302717,3.312888653998924,1.064687215120733,0.008351520228018857,0.0154563302137967,0.002999999999999989,94,80,1.3563614531052647e-09,0.0,"[-1.5708,-1.5708,1.5708,-1.5708,-1.5708,0]","[-3.3941324,-1.3320287,1.7412634,-1.3129422,1.1562085,0.059607844]","[0.62,0.02,0.43]",,success,success,成功
23,42,scene_03_narrow_passage,20260528,rrt_connect,31065,True,0.007113993997336365,3.326426939753871,1.08176845032904,0.013671209427352218,0.024186576671652173,0.002999999999999989,123,80,1.3563614844463382e-09,0.0,"[-1.5708,-1.5708,1.5708,-1.5708,-1.5708,0]","[-3.3941324,-1.3320287,1.7412634,-1.3129422,1.1562085,0.059607844]","[0.62,0.02,0.43]",,success,success,成功
24,42,scene_03_narrow_passage,20260528,rrt_connect,31066,True,0.005715248997148592,3.3055395294690797,1.0476038685268338,0.0038902929973846524,0.00828990171438558,0.002999999999999989,107,80,1.3563614439161911e-09,0.0,"[-1.5708,-1.5708,1.5708,-1.5708,-1.5708,0]","[-3.3941324,-1.3320287,1.7412634,-1.3129422,1.1562085,0.059607844]","[0.62,0.02,0.43]",,success,success,成功
25,42,scene_03_narrow_passage,20260528,rrt_connect,31067,True,0.012556528999994043,3.541940727760389,1.0317463247316487,3.3911511495919933,0.025592668323389293,0.0030000000000000027,226,3,1.3563615151437045e-09,0.0,"[-1.5708,-1.5708,1.5708,-1.5708,-1.5708,0]","[-3.3941324,-1.3320287,1.7412634,-1.3129422,1.1562085,0.059607844]","[0.62,0.02,0.43]",,success,success,成功
26,42,scene_03_narrow_passage,20260528,rrt_connect,31068,True,0.004689006003900431,4.101738546157295,1.1535313269693976,0.11537194892644066,0.01709126871546171,0.002999999999999989,87,80,1.3563616965600069e-09,0.0,"[-1.5708,-1.5708,1.5708,-1.5708,-1.5708,0]","[-3.3941324,-1.3320287,1.7412634,-1.3129422,1.1562085,0.059607844]","[0.62,0.02,0.43]",,success,success,成功
27,42,scene_03_narrow_passage,20260528,rrt_connect,31069,True,0.004425316001288593,3.3194689826764088,1.0939862291735793,0.011449011501290188,0.0002450348810413977,0.002999999999999989,82,80,1.356361411002899e-09,0.0,"[-1.5708,-1.5708,1.5708,-1.5708,-1.5708,0]","[-3.3941324,-1.3320287,1.7412634,-1.3129422,1.1562085,0.059607844]","[0.62,0.02,0.43]",,success,success,成功
28,42,scene_03_narrow_passage,20260528,rrt_connect,31070,True,0.0064652799992472865,3.316567517948842,1.033963268172009,0.009954971503219744,0.003496063190060808,0.002999999999999989,121,80,1.3563613917983488e-09,0.0,"[-1.5708,-1.5708,1.5708,-1.5708,-1.5708,0]","[-3.3941324,-1.3320287,1.7412634,-1.3129422,1.1562085,0.059607844]","[0.62,0.02,0.43]",,success,success,成功
29,42,scene_03_narrow_passage,20260528,rrt_connect,31071,True,0.005065669000032358,3.3316586560145685,1.0303306797514038,0.015098724014659413,0.025592668323389293,0.002999999999999989,94,80,1.35636141580404e-09,0.0,"[-1.5708,-1.5708,1.5708,-1.5708,-1.5708,0]","[-3.3941324,-1.3320287,1.7412634,-1.3129422,1.1562085,0.059607844]","[0.62,0.02,0.43]",,success,success,成功
30,42,scene_03_narrow_passage,20260528,rrt_connect,31072,True,0.005780554994998965,3.342225650549348,1.0437045337783155,0.017775781792105923,0.017034722569175646,0.002999999999999989,106,80,1.3563613523542043e-09,0.0,"[-1.5708,-1.5708,1.5708,-1.5708,-1.5708,0]","[-3.3941324,-1.3320287,1.7412634,-1.3129422,1.1562085,0.059607844]","[0.62,0.02,0.43]",,success,success,成功
31,42,scene_03_narrow_passage,20260528,rrt_connect,31073,True,0.005974106999929063,3.3058554509467304,1.0512084522150433,0.003988525857234202,0.004898727494664752,0.002999999999999989,111,80,1.3563614479786972e-09,0.0,"[-1.5708,-1.5708,1.5708,-1.5708,-1.5708,0]","[-3.3941324,-1.3320287,1.7412634,-1.3129422,1.1562085,0.059607844]","[0.62,0.02,0.43]",,success,success,成功
32,42,scene_03_narrow_passage,20260528,rrt_connect,31074,True,0.005487867005285807,3.3094101465033616,1.0721864974668407,0.0065296658451180056,0.00023086660425643973,0.002999999999999989,100,80,1.3563613167678413e-09,0.0,"[-1.5708,-1.5708,1.5708,-1.5708,-1.5708,0]","[-3.3941324,-1.3320287,1.7412634,-1.3129422,1.1562085,0.059607844]","[0.62,0.02,0.43]",,success,success,成功
33,42,scene_03_narrow_passage,20260528,rrt_connect,31075,True,0.00489797299815109,3.674693434511001,1.385406992414656,0.06852281022375226,0.0082060719353335,0.002999999999999989,87,80,1.3563612851892394e-09,0.0,"[-1.5708,-1.5708,1.5708,-1.5708,-1.5708,0]","[-3.3941324,-1.3320287,1.7412634,-1.3129422,1.1562085,0.059607844]","[0.62,0.02,0.43]",,success,success,成功
34,42,scene_03_narrow_passage,20260528,rrt_connect,31076,True,0.004693067996413447,3.924017397300173,1.5440056942791898,0.0956637097773269,0.025592668323389127,0.002999999999999989,87,80,1.3563617038258813e-09,0.0,"[-1.5708,-1.5708,1.5708,-1.5708,-1.5708,0]","[-3.3941324,-1.3320287,1.7412634,-1.3129422,1.1562085,0.059607844]","[0.62,0.02,0.43]",,success,success,成功
35,42,scene_03_narrow_passage,20260528,rrt_connect,31077,True,0.004664997002691962,3.3056172397227845,1.0495318587010702,0.0039956641482541385,0.005669776113366651,0.002999999999999989,87,80,1.35636141580404e-09,0.0,"[-1.5708,-1.5708,1.5708,-1.5708,-1.5708,0]","[-3.3941324,-1.3320287,1.7412634,-1.3129422,1.1562085,0.059607844]","[0.62,0.02,0.43]",,success,success,成功
36,42,scene_03_narrow_passage,20260528,rrt_connect,31078,True,0.0051324559972272255,3.3193850864950254,1.0449666385888414,0.011105205798311929,0.025592668323389266,0.002999999999999989,89,80,1.3563613449458566e-09,0.0,"[-1.5708,-1.5708,1.5708,-1.5708,-1.5708,0]","[-3.3941324,-1.3320287,1.7412634,-1.3129422,1.1562085,0.059607844]","[0.62,0.02,0.43]",,success,success,成功
37,42,scene_03_narrow_passage,20260528,rrt_connect,31079,True,0.004919718005112372,3.3195185382757564,1.0466211497967217,0.011467528377754528,0.025592668323389293,0.002999999999999989,92,80,1.3563615295690948e-09,0.0,"[-1.5708,-1.5708,1.5708,-1.5708,-1.5708,0]","[-3.3941324,-1.3320287,1.7412634,-1.3129422,1.1562085,0.059607844]","[0.62,0.02,0.43]",,success,success,成功
38,42,scene_03_narrow_passage,20260528,rrt_connect,31080,True,0.004515031003393233,3.338819458747634,1.0375272086313363,0.018179075487992812,0.025592668323389293,0.002999999999999989,82,80,1.3563615188368918e-09,0.0,"[-1.5708,-1.5708,1.5708,-1.5708,-1.5708,0]","[-3.3941324,-1.3320287,1.7412634,-1.3129422,1.1562085,0.059607844]","[0.62,0.02,0.43]",,success,success,成功
39,42,scene_03_narrow_passage,20260528,rrt_connect,31081,True,0.01229958900512429,3.4068579234173515,1.1252979716940719,0.030050847927512087,0.009918587893782319,0.002999999999999989,218,80,1.3563612868529947e-09,0.0,"[-1.5708,-1.5708,1.5708,-1.5708,-1.5708,0]","[-3.3941324,-1.3320287,1.7412634,-1.3129422,1.1562085,0.059607844]","[0.62,0.02,0.43]",,success,success,成功
40,42,scene_03_narrow_passage,20260528,rrt_connect,31082,True,0.005210390001593623,3.3361073884422754,1.113491254918749,0.016344132398031945,0.008797018365116684,0.002999999999999989,96,80,1.3563614224957228e-09,0.0,"[-1.5708,-1.5708,1.5708,-1.5708,-1.5708,0]","[-3.3941324,-1.3320287,1.7412634,-1.3129422,1.1562085,0.059607844]","[0.62,0.02,0.43]",,success,success,成功
41,42,scene_03_narrow_passage,20260528,rrt_connect,31083,True,0.004699805998825468,3.3081140484459723,1.05172764103795,0.0057033771340059426,0.007864297779764842,0.002999999999999989,87,80,1.35636141580404e-09,0.0,"[-1.5708,-1.5708,1.5708,-1.5708,-1.5708,0]","[-3.3941324,-1.3320287,1.7412634,-1.3129422,1.1562085,0.059607844]","[0.62,0.02,0.43]",,success,success,成功
42,42,scene_03_narrow_passage,20260528,rrt_connect,31084,True,0.010829038998053875,3.3228603256649785,1.0690674473186546,0.012803366421475152,0.02035721315949411,0.002999999999999989,192,80,1.3563614339226201e-09,0.0,"[-1.5708,-1.5708,1.5708,-1.5708,-1.5708,0]","[-3.3941324,-1.3320287,1.7412634,-1.3129422,1.1562085,0.059607844]","[0.62,0.02,0.43]",,success,success,成功
43,42,scene_03_narrow_passage,20260528,rrt_connect,31085,True,0.006099648999224883,3.3273707819169203,1.0462691636814956,0.014044075198982984,0.007959044009116956,0.002999999999999989,111,80,1.3563614176506333e-09,0.0,"[-1.5708,-1.5708,1.5708,-1.5708,-1.5708,0]","[-3.3941324,-1.3320287,1.7412634,-1.3129422,1.1562085,0.059607844]","[0.62,0.02,0.43]",,success,success,成功
44,42,scene_03_narrow_passage,20260528,rrt_connect,31086,True,0.005006746003346052,3.3196416449574135,1.036974554900374,0.011157921809463405,0.002177169635053336,0.002999999999999989,92,80,1.3563612868529947e-09,0.0,"[-1.5708,-1.5708,1.5708,-1.5708,-1.5708,0]","[-3.3941324,-1.3320287,1.7412634,-1.3129422,1.1562085,0.059607844]","[0.62,0.02,0.43]",,success,success,成功
45,42,scene_03_narrow_passage,20260528,rrt_connect,31087,True,0.005261414997221436,3.34725784579417,1.1048532476966022,0.019331864735370952,0.005857809282636205,0.002999999999999989,92,80,1.3563615295690948e-09,0.0,"[-1.5708,-1.5708,1.5708,-1.5708,-1.5708,0]","[-3.3941324,-1.3320287,1.7412634,-1.3129422,1.1562085,0.059607844]","[0.62,0.02,0.43]",,success,success,成功
46,42,scene_03_narrow_passage,20260528,rrt_connect,31088,True,0.012557313006254844,3.368600973595398,1.0932160692648274,0.023234247248716377,0.005005041462399572,0.002999999999999989,227,80,1.3563612259883727e-09,0.0,"[-1.5708,-1.5708,1.5708,-1.5708,-1.5708,0]","[-3.3941324,-1.3320287,1.7412634,-1.3129422,1.1562085,0.059607844]","[0.62,0.02,0.43]",,success,success,成功
47,42,scene_03_narrow_passage,20260528,rrt_connect,31089,True,0.005918240000028163,4.05136008290033,1.0647060117314835,0.10951426021406402,0.022283605360630107,0.002999999999999989,110,80,1.3563615118637874e-09,0.0,"[-1.5708,-1.5708,1.5708,-1.5708,-1.5708,0]","[-3.3941324,-1.3320287,1.7412634,-1.3129422,1.1562085,0.059607844]","[0.62,0.02,0.43]",,success,success,成功
48,42,scene_03_narrow_passage,20260528,rrt_connect,31090,True,0.004697726995800622,3.3128323801010917,1.0404178559696415,0.00833364831512405,0.018286604654219774,0.002999999999999989,87,80,1.356361513297111e-09,0.0,"[-1.5708,-1.5708,1.5708,-1.5708,-1.5708,0]","[-3.3941324,-1.3320287,1.7412634,-1.3129422,1.1562085,0.059607844]","[0.62,0.02,0.43]",,success,success,成功
49,42,scene_03_narrow_passage,20260528,rrt_connect,31091,True,0.004596041995682754,3.324411162690137,1.0654155835951165,0.013472770506015906,0.011058156072205262,0.002999999999999989,82,80,1.3563613449458566e-09,0.0,"[-1.5708,-1.5708,1.5708,-1.5708,-1.5708,0]","[-3.3941324,-1.3320287,1.7412634,-1.3129422,1.1562085,0.059607844]","[0.62,0.02,0.43]",,success,success,成功
0,42,scene_03_narrow_passage,20260528,prm,32042,True,5.139031077000254,8.325063746527336,1.4435709920120228,0.2872404339555373,0.025592668323389516,0.002999999999999989,109680,80,1.356361730943558e-09,0.0,"[-1.5708,-1.5708,1.5708,-1.5708,-1.5708,0]","[-3.3941324,-1.3320287,1.7412634,-1.3129422,1.1562085,0.059607844]","[0.62,0.02,0.43]",,success,success,成功
1,42,scene_03_narrow_passage,20260528,prm,32043,True,5.045813957003702,11.583551376742626,4.964733427618648,0.6871307130920928,0.02559266832338928,0.002999999999999989,106719,80,1.3563612883302698e-09,0.0,"[-1.5708,-1.5708,1.5708,-1.5708,-1.5708,0]","[-3.3941324,-1.3320287,1.7412634,-1.3129422,1.1562085,0.059607844]","[0.62,0.02,0.43]",,success,success,成功
2,42,scene_03_narrow_passage,20260528,prm,32044,True,5.374180939004873,8.340426473973672,2.3362512064526815,0.28262574194622736,0.01980759225010388,0.002999999999999989,111045,80,1.35636141580404e-09,0.0,"[-1.5708,-1.5708,1.5708,-1.5708,-1.5708,0]","[-3.3941324,-1.3320287,1.7412634,-1.3129422,1.1562085,0.059607844]","[0.62,0.02,0.43]",,success,success,成功
3,42,scene_03_narrow_passage,20260528,prm,32045,True,5.192480379999324,6.626391834363286,1.7448974850558863,0.21154049995717197,0.012465195408330784,0.002999999999999989,110750,80,1.3563617741098354e-09,0.0,"[-1.5708,-1.5708,1.5708,-1.5708,-1.5708,0]","[-3.3941324,-1.3320287,1.7412634,-1.3129422,1.1562085,0.059607844]","[0.62,0.02,0.43]",,success,success,成功
4,42,scene_03_narrow_passage,20260528,prm,32046,True,5.039114340004744,10.812139656445517,2.2345422475903995,0.3877893506622588,0.0192837483220758,0.002999999999999989,104921,80,1.356361257380491e-09,0.0,"[-1.5708,-1.5708,1.5708,-1.5708,-1.5708,0]","[-3.3941324,-1.3320287,1.7412634,-1.3129422,1.1562085,0.059607844]","[0.62,0.02,0.43]",,success,success,成功
5,42,scene_03_narrow_passage,20260528,prm,32047,True,5.189271623996319,8.466041815071721,1.022811706829314,0.2944950487417315,0.02559266832338932,0.002999999999999989,104622,80,1.356361421713139e-09,0.0,"[-1.5708,-1.5708,1.5708,-1.5708,-1.5708,0]","[-3.3941324,-1.3320287,1.7412634,-1.3129422,1.1562085,0.059607844]","[0.62,0.02,0.43]",,success,success,成功
6,42,scene_03_narrow_passage,20260528,prm,32048,True,5.105282126001839,7.119521682606228,1.9975994618655666,0.23171543019297242,0.01848023248203315,0.002999999999999989,109192,80,1.3563613743744675e-09,0.0,"[-1.5708,-1.5708,1.5708,-1.5708,-1.5708,0]","[-3.3941324,-1.3320287,1.7412634,-1.3129422,1.1562085,0.059607844]","[0.62,0.02,0.43]",,success,success,成功
7,42,scene_03_narrow_passage,20260528,prm,32049,True,4.995955323000089,8.973522361701276,1.3935240375272517,0.31100114829337716,0.017142340511459526,0.0030000000000000027,108813,80,1.3563614020733823e-09,0.0,"[-1.5708,-1.5708,1.5708,-1.5708,-1.5708,0]","[-3.3941324,-1.3320287,1.7412634,-1.3129422,1.1562085,0.059607844]","[0.62,0.02,0.43]",,success,success,成功
8,42,scene_03_narrow_passage,20260528,prm,32050,True,5.235838672000682,7.1449922741239495,1.7226522357230072,0.24024993123061641,0.025592668323389474,0.002999999999999989,112085,80,1.3563615144490136e-09,0.0,"[-1.5708,-1.5708,1.5708,-1.5708,-1.5708,0]","[-3.3941324,-1.3320287,1.7412634,-1.3129422,1.1562085,0.059607844]","[0.62,0.02,0.43]",,success,success,成功
9,42,scene_03_narrow_passage,20260528,prm,32051,True,5.188716020995344,9.17253732430703,2.913585935363277,0.3167155589653387,0.011890134630460875,0.002999999999999989,111958,80,1.3563614287521586e-09,0.0,"[-1.5708,-1.5708,1.5708,-1.5708,-1.5708,0]","[-3.3941324,-1.3320287,1.7412634,-1.3129422,1.1562085,0.059607844]","[0.62,0.02,0.43]",,success,success,成功
10,42,scene_03_narrow_passage,20260528,prm,32052,True,5.098333668000123,7.0911499738498325,1.260085428782983,0.2379492512518551,0.025592668323389224,0.002999999999999989,109996,80,1.356361232288763e-09,0.0,"[-1.5708,-1.5708,1.5708,-1.5708,-1.5708,0]","[-3.3941324,-1.3320287,1.7412634,-1.3129422,1.1562085,0.059607844]","[0.62,0.02,0.43]",,success,success,成功
11,42,scene_03_narrow_passage,20260528,prm,32053,True,5.268878040005802,7.192418511000677,2.7685453301173064,0.23583949039063676,0.0255926683233895,0.0030000000000000027,105805,80,1.3563614874448274e-09,0.0,"[-1.5708,-1.5708,1.5708,-1.5708,-1.5708,0]","[-3.3941324,-1.3320287,1.7412634,-1.3129422,1.1562085,0.059607844]","[0.62,0.02,0.43]",,success,success,成功
12,42,scene_03_narrow_passage,20260528,prm,32054,True,5.148286697003641,7.676535697986553,1.5483565475925702,0.25514931674857105,0.022538619167025424,0.002999999999999989,111095,80,1.3563615513808646e-09,0.0,"[-1.5708,-1.5708,1.5708,-1.5708,-1.5708,0]","[-3.3941324,-1.3320287,1.7412634,-1.3129422,1.1562085,0.059607844]","[0.62,0.02,0.43]",,success,success,成功
13,42,scene_03_narrow_passage,20260528,prm,32055,True,4.891419549996499,7.003413195842008,1.3714866972957689,0.22901314517560573,0.02559266832338928,0.002999999999999989,104845,80,1.3563612924147369e-09,0.0,"[-1.5708,-1.5708,1.5708,-1.5708,-1.5708,0]","[-3.3941324,-1.3320287,1.7412634,-1.3129422,1.1562085,0.059607844]","[0.62,0.02,0.43]",,success,success,成功
14,42,scene_03_narrow_passage,20260528,prm,32056,True,5.411245354996936,7.245668682526022,2.5778295799835824,0.2419067865805549,0.02559266832338932,0.002999999999999989,114688,80,1.3563615240293149e-09,0.0,"[-1.5708,-1.5708,1.5708,-1.5708,-1.5708,0]","[-3.3941324,-1.3320287,1.7412634,-1.3129422,1.1562085,0.059607844]","[0.62,0.02,0.43]",,success,success,成功
15,42,scene_03_narrow_passage,20260528,prm,32057,True,5.085739658999955,4.836661614766167,1.1453291808001467,0.1268203671135293,0.025592668323389293,0.002999999999999989,109841,80,1.356361514774386e-09,0.0,"[-1.5708,-1.5708,1.5708,-1.5708,-1.5708,0]","[-3.3941324,-1.3320287,1.7412634,-1.3129422,1.1562085,0.059607844]","[0.62,0.02,0.43]",,success,success,成功
16,42,scene_03_narrow_passage,20260528,prm,32058,True,4.973794133999036,9.970464362039053,3.6221349171761066,0.34912997190571915,0.021342101607098256,0.002999999999999989,108296,80,1.3563615133410594e-09,0.0,"[-1.5708,-1.5708,1.5708,-1.5708,-1.5708,0]","[-3.3941324,-1.3320287,1.7412634,-1.3129422,1.1562085,0.059607844]","[0.62,0.02,0.43]",,success,success,成功
17,42,scene_03_narrow_passage,20260528,prm,32059,True,5.060403408002458,8.186580204446829,4.116058913474011,0.27667811279086624,0.02320918173073539,0.002999999999999989,109436,80,1.3563615309039048e-09,0.0,"[-1.5708,-1.5708,1.5708,-1.5708,-1.5708,0]","[-3.3941324,-1.3320287,1.7412634,-1.3129422,1.1562085,0.059607844]","[0.62,0.02,0.43]",,success,success,成功
18,42,scene_03_narrow_passage,20260528,prm,32060,True,5.0017096849987865,10.39921029833914,3.4042848090176827,0.36649897564269696,0.025592668323389516,0.002999999999999989,108555,80,1.356361489313405e-09,0.0,"[-1.5708,-1.5708,1.5708,-1.5708,-1.5708,0]","[-3.3941324,-1.3320287,1.7412634,-1.3129422,1.1562085,0.059607844]","[0.62,0.02,0.43]",,success,success,成功
19,42,scene_03_narrow_passage,20260528,prm,32061,True,5.232645332005632,10.306161581930255,1.9761152030480862,0.3637024782232793,0.018048662263141987,0.002999999999999989,112702,80,1.3563614531052647e-09,0.0,"[-1.5708,-1.5708,1.5708,-1.5708,-1.5708,0]","[-3.3941324,-1.3320287,1.7412634,-1.3129422,1.1562085,0.059607844]","[0.62,0.02,0.43]",,success,success,成功
20,42,scene_03_narrow_passage,20260528,prm,32062,True,5.130770599003881,7.678987520886052,1.0714160823109338,0.25741949271450937,0.025592668323389002,0.002999999999999989,110830,80,1.356361410011885e-09,0.0,"[-1.5708,-1.5708,1.5708,-1.5708,-1.5708,0]","[-3.3941324,-1.3320287,1.7412634,-1.3129422,1.1562085,0.059607844]","[0.62,0.02,0.43]",,success,success,成功
21,42,scene_03_narrow_passage,20260528,prm,32063,True,4.814953090004565,9.05191166208556,1.1396571014176218,0.3121241351677613,0.025592668323389266,0.002999999999999989,104960,80,1.3563613442072193e-09,0.0,"[-1.5708,-1.5708,1.5708,-1.5708,-1.5708,0]","[-3.3941324,-1.3320287,1.7412634,-1.3129422,1.1562085,0.059607844]","[0.62,0.02,0.43]",,success,success,成功
22,42,scene_03_narrow_passage,20260528,prm,32064,True,5.332698840000376,4.481369799657285,1.4986837169699658,0.11664118684247755,0.02198724378585798,0.002999999999999989,115488,80,1.3563613538314783e-09,0.0,"[-1.5708,-1.5708,1.5708,-1.5708,-1.5708,0]","[-3.3941324,-1.3320287,1.7412634,-1.3129422,1.1562085,0.059607844]","[0.62,0.02,0.43]",,success,success,成功
23,42,scene_03_narrow_passage,20260528,prm,32065,True,5.1149949110040325,7.284951510555396,3.9281461073415778,0.239056857177491,0.024251665252784015,0.002999999999999989,111780,80,1.356361448348016e-09,0.0,"[-1.5708,-1.5708,1.5708,-1.5708,-1.5708,0]","[-3.3941324,-1.3320287,1.7412634,-1.3129422,1.1562085,0.059607844]","[0.62,0.02,0.43]",,success,success,成功
24,42,scene_03_narrow_passage,20260528,prm,32066,True,5.488086199002282,11.358551703926958,2.4859203962176717,0.4053307895191694,0.025592668323389058,0.002999999999999989,119441,80,1.3563613693209035e-09,0.0,"[-1.5708,-1.5708,1.5708,-1.5708,-1.5708,0]","[-3.3941324,-1.3320287,1.7412634,-1.3129422,1.1562085,0.059607844]","[0.62,0.02,0.43]",,success,success,成功
25,42,scene_03_narrow_passage,20260528,prm,32067,True,5.135978904996591,11.348841128784931,4.820098180274149,0.4065804935837206,0.016057102725747646,0.002999999999999989,110430,80,1.3563613171371607e-09,0.0,"[-1.5708,-1.5708,1.5708,-1.5708,-1.5708,0]","[-3.3941324,-1.3320287,1.7412634,-1.3129422,1.1562085,0.059607844]","[0.62,0.02,0.43]",,success,success,成功
26,42,scene_03_narrow_passage,20260528,prm,32068,True,5.138632097005029,7.957945041336354,2.4545137602785907,0.2671067422205286,0.025592668323389405,0.002999999999999989,110971,80,1.3563615943756726e-09,0.0,"[-1.5708,-1.5708,1.5708,-1.5708,-1.5708,0]","[-3.3941324,-1.3320287,1.7412634,-1.3129422,1.1562085,0.059607844]","[0.62,0.02,0.43]",,success,success,成功
27,42,scene_03_narrow_passage,20260528,prm,32069,True,4.872903315001167,7.199656913116352,1.549160207921848,6.642129704993273,0.025592668323389293,0.0030000000000000027,106331,3,1.3563615151437045e-09,0.0,"[-1.5708,-1.5708,1.5708,-1.5708,-1.5708,0]","[-3.3941324,-1.3320287,1.7412634,-1.3129422,1.1562085,0.059607844]","[0.62,0.02,0.43]",,success,success,成功
28,42,scene_03_narrow_passage,20260528,prm,32070,True,5.019739123003092,10.542206236474884,1.442465196521898,0.37495353445861873,0.021449340739245128,0.002999999999999989,106847,80,1.3563615092346066e-09,0.0,"[-1.5708,-1.5708,1.5708,-1.5708,-1.5708,0]","[-3.3941324,-1.3320287,1.7412634,-1.3129422,1.1562085,0.059607844]","[0.62,0.02,0.43]",,success,success,成功
29,42,scene_03_narrow_passage,20260528,prm,32071,True,4.827151800003776,10.445208370245117,3.4655214519051825,0.3682835299669463,0.0205899609017857,0.002999999999999989,105269,80,1.3563613953527873e-09,0.0,"[-1.5708,-1.5708,1.5708,-1.5708,-1.5708,0]","[-3.3941324,-1.3320287,1.7412634,-1.3129422,1.1562085,0.059607844]","[0.62,0.02,0.43]",,success,success,成功
30,42,scene_03_narrow_passage,20260528,prm,32072,True,5.250796874002845,8.977031965286333,3.5087649183989753,0.31297613319249773,0.025592668323389002,0.002999999999999989,113928,80,1.3563613859622221e-09,0.0,"[-1.5708,-1.5708,1.5708,-1.5708,-1.5708,0]","[-3.3941324,-1.3320287,1.7412634,-1.3129422,1.1562085,0.059607844]","[0.62,0.02,0.43]",,success,success,成功
31,42,scene_03_narrow_passage,20260528,prm,32073,True,5.1444873939981335,8.081265341823748,2.888333003099242,0.2745695029684693,0.022725768093439118,0.002999999999999989,111277,80,1.356361424623797e-09,0.0,"[-1.5708,-1.5708,1.5708,-1.5708,-1.5708,0]","[-3.3941324,-1.3320287,1.7412634,-1.3129422,1.1562085,0.059607844]","[0.62,0.02,0.43]",,success,success,成功
32,42,scene_03_narrow_passage,20260528,prm,32074,True,5.015479093002796,9.323659287417687,4.137740927455574,0.3322180707782386,0.010580531764841854,0.002999999999999989,108271,80,1.3563615092785614e-09,0.0,"[-1.5708,-1.5708,1.5708,-1.5708,-1.5708,0]","[-3.3941324,-1.3320287,1.7412634,-1.3129422,1.1562085,0.059607844]","[0.62,0.02,0.43]",,success,success,成功
33,42,scene_03_narrow_passage,20260528,prm,32075,True,5.215360246998898,5.096121408039388,1.1570172732896873,0.14073711859392515,0.0037227085970583038,0.002999999999999989,111976,80,1.3563614870315684e-09,0.0,"[-1.5708,-1.5708,1.5708,-1.5708,-1.5708,0]","[-3.3941324,-1.3320287,1.7412634,-1.3129422,1.1562085,0.059607844]","[0.62,0.02,0.43]",,success,success,成功
34,42,scene_03_narrow_passage,20260528,prm,32076,True,4.976790921995416,8.214894574998294,4.254077057922662,0.27743105969633114,0.024335871494696036,0.002999999999999989,103808,80,1.356361513297111e-09,0.0,"[-1.5708,-1.5708,1.5708,-1.5708,-1.5708,0]","[-3.3941324,-1.3320287,1.7412634,-1.3129422,1.1562085,0.059607844]","[0.62,0.02,0.43]",,success,success,成功
35,42,scene_03_narrow_passage,20260528,prm,32077,True,5.06673724900611,7.9591668447190695,1.9143334043073854,0.2685612172477781,0.009564158671193285,0.002999999999999989,109211,80,1.356361488139524e-09,0.0,"[-1.5708,-1.5708,1.5708,-1.5708,-1.5708,0]","[-3.3941324,-1.3320287,1.7412634,-1.3129422,1.1562085,0.059607844]","[0.62,0.02,0.43]",,success,success,成功
36,42,scene_03_narrow_passage,20260528,prm,32078,True,5.086121799002285,9.875485922588501,4.12596092232732,0.34818820744326323,0.0255926683233891,0.002999999999999989,110053,80,1.3563609295673743e-09,0.0,"[-1.5708,-1.5708,1.5708,-1.5708,-1.5708,0]","[-3.3941324,-1.3320287,1.7412634,-1.3129422,1.1562085,0.059607844]","[0.62,0.02,0.43]",,success,success,成功
37,42,scene_03_narrow_passage,20260528,prm,32079,True,4.819782314996701,12.336234433443273,1.9819329251307092,0.4452695496490635,0.02559266832338939,0.002999999999999989,103355,80,1.356361354636107e-09,0.0,"[-1.5708,-1.5708,1.5708,-1.5708,-1.5708,0]","[-3.3941324,-1.3320287,1.7412634,-1.3129422,1.1562085,0.059607844]","[0.62,0.02,0.43]",,success,success,成功
38,42,scene_03_narrow_passage,20260528,prm,32080,True,5.228831309999805,8.32778907861623,2.6642059452509614,0.28210775645538827,0.025592668323389474,0.002999999999999989,113930,80,1.3563615100171975e-09,0.0,"[-1.5708,-1.5708,1.5708,-1.5708,-1.5708,0]","[-3.3941324,-1.3320287,1.7412634,-1.3129422,1.1562085,0.059607844]","[0.62,0.02,0.43]",,success,success,成功
39,42,scene_03_narrow_passage,20260528,prm,32081,True,5.1618006940043415,10.039199411454964,3.4659150713428453,0.35307688825047767,0.025592668323389058,0.002999999999999989,110896,80,1.3563613730140958e-09,0.0,"[-1.5708,-1.5708,1.5708,-1.5708,-1.5708,0]","[-3.3941324,-1.3320287,1.7412634,-1.3129422,1.1562085,0.059607844]","[0.62,0.02,0.43]",,success,success,成功
40,42,scene_03_narrow_passage,20260528,prm,32082,True,5.126117577994592,8.058993993832992,1.5253886994083383,0.2709471145053774,0.007913674415042801,0.0030000000000000027,110693,80,1.3563611985490078e-09,0.0,"[-1.5708,-1.5708,1.5708,-1.5708,-1.5708,0]","[-3.3941324,-1.3320287,1.7412634,-1.3129422,1.1562085,0.059607844]","[0.62,0.02,0.43]",,success,success,成功
41,42,scene_03_narrow_passage,20260528,prm,32083,True,5.131200534000527,8.486354988916204,1.6995307957829466,0.288520184400833,0.025592668323389293,0.002999999999999989,110054,80,1.3563613824994774e-09,0.0,"[-1.5708,-1.5708,1.5708,-1.5708,-1.5708,0]","[-3.3941324,-1.3320287,1.7412634,-1.3129422,1.1562085,0.059607844]","[0.62,0.02,0.43]",,success,success,成功
42,42,scene_03_narrow_passage,20260528,prm,32084,True,5.185353993001627,9.209520503874003,0.9748956684669088,8.60889354895022,0.025592668323389293,0.0030000000000000027,112056,3,1.3563615151437045e-09,0.0,"[-1.5708,-1.5708,1.5708,-1.5708,-1.5708,0]","[-3.3941324,-1.3320287,1.7412634,-1.3129422,1.1562085,0.059607844]","[0.62,0.02,0.43]",,success,success,成功
43,42,scene_03_narrow_passage,20260528,prm,32085,True,5.195144340999832,8.929898434089962,2.2374469050539583,0.30884628342426024,0.012047790973011972,0.002999999999999989,111954,80,1.3563615151437045e-09,0.0,"[-1.5708,-1.5708,1.5708,-1.5708,-1.5708,0]","[-3.3941324,-1.3320287,1.7412634,-1.3129422,1.1562085,0.059607844]","[0.62,0.02,0.43]",,success,success,成功
44,42,scene_03_narrow_passage,20260528,prm,32086,True,5.02580993900483,6.026323114575441,1.102742373235452,0.19804678613032495,0.025592668323389238,0.002999999999999989,108830,80,1.3563613623477846e-09,0.0,"[-1.5708,-1.5708,1.5708,-1.5708,-1.5708,0]","[-3.3941324,-1.3320287,1.7412634,-1.3129422,1.1562085,0.059607844]","[0.62,0.02,0.43]",,success,success,成功
45,42,scene_03_narrow_passage,20260528,prm,32087,True,4.8182148900014,7.800877605859796,2.2903006781753312,7.112267036098108,0.025592668323389293,0.0030000000000000027,104468,3,1.3563615151437045e-09,0.0,"[-1.5708,-1.5708,1.5708,-1.5708,-1.5708,0]","[-3.3941324,-1.3320287,1.7412634,-1.3129422,1.1562085,0.059607844]","[0.62,0.02,0.43]",,success,success,成功
46,42,scene_03_narrow_passage,20260528,prm,32088,True,5.307055919998675,8.897708015948794,3.7858076087014165,0.30734799052307465,0.0026654126458851776,0.002999999999999989,113625,80,1.356361580319587e-09,0.0,"[-1.5708,-1.5708,1.5708,-1.5708,-1.5708,0]","[-3.3941324,-1.3320287,1.7412634,-1.3129422,1.1562085,0.059607844]","[0.62,0.02,0.43]",,success,success,成功
47,42,scene_03_narrow_passage,20260528,prm,32089,True,5.05064324200066,4.150502887609029,1.039723888578128,0.09497316052178015,0.025592668323389266,0.002999999999999989,109699,80,1.3563614232123803e-09,0.0,"[-1.5708,-1.5708,1.5708,-1.5708,-1.5708,0]","[-3.3941324,-1.3320287,1.7412634,-1.3129422,1.1562085,0.059607844]","[0.62,0.02,0.43]",,success,success,成功
48,42,scene_03_narrow_passage,20260528,prm,32090,True,5.132551431001048,7.002574990364201,1.1384368144251906,0.22628419099203614,0.01616424290051475,0.002999999999999989,110797,80,1.3563613653023323e-09,0.0,"[-1.5708,-1.5708,1.5708,-1.5708,-1.5708,0]","[-3.3941324,-1.3320287,1.7412634,-1.3129422,1.1562085,0.059607844]","[0.62,0.02,0.43]",,success,success,成功
49,42,scene_03_narrow_passage,20260528,prm,32091,True,5.1941379030031385,9.73013121790639,1.4637291448011291,9.221331271146877,0.025592668323389293,0.0030000000000000027,113699,3,1.3563615151437045e-09,0.0,"[-1.5708,-1.5708,1.5708,-1.5708,-1.5708,0]","[-3.3941324,-1.3320287,1.7412634,-1.3129422,1.1562085,0.059607844]","[0.62,0.02,0.43]",,success,success,成功
0,42,scene_03_narrow_passage,20260528,apf,33042,False,0.9134665000019595,72.0000000000018,51.61892421333635,139.3443358934599,0.13750066301318256,0.002999999999999989,3202,1601,0.5700096109923453,0.0,"[-1.5708,-1.5708,1.5708,-1.5708,-1.5708,0]","[-3.3941324,-1.3320287,1.7412634,-1.3129422,1.1562085,0.059607844]","[0.62,0.02,0.43]",,max iterations reached,iteration_limit,迭代上限
1,42,scene_03_narrow_passage,20260528,apf,33043,False,0.9031870809994871,72.0000000000018,51.61892421333635,139.3443358934599,0.13750066301318256,0.002999999999999989,3202,1601,0.5700096109923453,0.0,"[-1.5708,-1.5708,1.5708,-1.5708,-1.5708,0]","[-3.3941324,-1.3320287,1.7412634,-1.3129422,1.1562085,0.059607844]","[0.62,0.02,0.43]",,max iterations reached,iteration_limit,迭代上限
2,42,scene_03_narrow_passage,20260528,apf,33044,False,0.912265220998961,72.0000000000018,51.61892421333635,139.3443358934599,0.13750066301318256,0.002999999999999989,3202,1601,0.5700096109923453,0.0,"[-1.5708,-1.5708,1.5708,-1.5708,-1.5708,0]","[-3.3941324,-1.3320287,1.7412634,-1.3129422,1.1562085,0.059607844]","[0.62,0.02,0.43]",,max iterations reached,iteration_limit,迭代上限
3,42,scene_03_narrow_passage,20260528,apf,33045,False,0.9170242030013469,72.0000000000018,51.61892421333635,139.3443358934599,0.13750066301318256,0.002999999999999989,3202,1601,0.5700096109923453,0.0,"[-1.5708,-1.5708,1.5708,-1.5708,-1.5708,0]","[-3.3941324,-1.3320287,1.7412634,-1.3129422,1.1562085,0.059607844]","[0.62,0.02,0.43]",,max iterations reached,iteration_limit,迭代上限
4,42,scene_03_narrow_passage,20260528,apf,33046,False,0.9369749370016507,72.0000000000018,51.61892421333635,139.3443358934599,0.13750066301318256,0.002999999999999989,3202,1601,0.5700096109923453,0.0,"[-1.5708,-1.5708,1.5708,-1.5708,-1.5708,0]","[-3.3941324,-1.3320287,1.7412634,-1.3129422,1.1562085,0.059607844]","[0.62,0.02,0.43]",,max iterations reached,iteration_limit,迭代上限
5,42,scene_03_narrow_passage,20260528,apf,33047,False,0.9175169989975984,72.0000000000018,51.61892421333635,139.3443358934599,0.13750066301318256,0.002999999999999989,3202,1601,0.5700096109923453,0.0,"[-1.5708,-1.5708,1.5708,-1.5708,-1.5708,0]","[-3.3941324,-1.3320287,1.7412634,-1.3129422,1.1562085,0.059607844]","[0.62,0.02,0.43]",,max iterations reached,iteration_limit,迭代上限
6,42,scene_03_narrow_passage,20260528,apf,33048,False,0.9058205330002238,72.0000000000018,51.61892421333635,139.3443358934599,0.13750066301318256,0.002999999999999989,3202,1601,0.5700096109923453,0.0,"[-1.5708,-1.5708,1.5708,-1.5708,-1.5708,0]","[-3.3941324,-1.3320287,1.7412634,-1.3129422,1.1562085,0.059607844]","[0.62,0.02,0.43]",,max iterations reached,iteration_limit,迭代上限
7,42,scene_03_narrow_passage,20260528,apf,33049,False,0.9035527509986423,72.0000000000018,51.61892421333635,139.3443358934599,0.13750066301318256,0.002999999999999989,3202,1601,0.5700096109923453,0.0,"[-1.5708,-1.5708,1.5708,-1.5708,-1.5708,0]","[-3.3941324,-1.3320287,1.7412634,-1.3129422,1.1562085,0.059607844]","[0.62,0.02,0.43]",,max iterations reached,iteration_limit,迭代上限
8,42,scene_03_narrow_passage,20260528,apf,33050,False,0.9417399480007589,72.0000000000018,51.61892421333635,139.3443358934599,0.13750066301318256,0.002999999999999989,3202,1601,0.5700096109923453,0.0,"[-1.5708,-1.5708,1.5708,-1.5708,-1.5708,0]","[-3.3941324,-1.3320287,1.7412634,-1.3129422,1.1562085,0.059607844]","[0.62,0.02,0.43]",,max iterations reached,iteration_limit,迭代上限
9,42,scene_03_narrow_passage,20260528,apf,33051,False,0.909838100997149,72.0000000000018,51.61892421333635,139.3443358934599,0.13750066301318256,0.002999999999999989,3202,1601,0.5700096109923453,0.0,"[-1.5708,-1.5708,1.5708,-1.5708,-1.5708,0]","[-3.3941324,-1.3320287,1.7412634,-1.3129422,1.1562085,0.059607844]","[0.62,0.02,0.43]",,max iterations reached,iteration_limit,迭代上限
10,42,scene_03_narrow_passage,20260528,apf,33052,False,0.9049593890013057,72.0000000000018,51.61892421333635,139.3443358934599,0.13750066301318256,0.002999999999999989,3202,1601,0.5700096109923453,0.0,"[-1.5708,-1.5708,1.5708,-1.5708,-1.5708,0]","[-3.3941324,-1.3320287,1.7412634,-1.3129422,1.1562085,0.059607844]","[0.62,0.02,0.43]",,max iterations reached,iteration_limit,迭代上限
11,42,scene_03_narrow_passage,20260528,apf,33053,False,0.9048359310036176,72.0000000000018,51.61892421333635,139.3443358934599,0.13750066301318256,0.002999999999999989,3202,1601,0.5700096109923453,0.0,"[-1.5708,-1.5708,1.5708,-1.5708,-1.5708,0]","[-3.3941324,-1.3320287,1.7412634,-1.3129422,1.1562085,0.059607844]","[0.62,0.02,0.43]",,max iterations reached,iteration_limit,迭代上限
12,42,scene_03_narrow_passage,20260528,apf,33054,False,0.9044937130020116,72.0000000000018,51.61892421333635,139.3443358934599,0.13750066301318256,0.002999999999999989,3202,1601,0.5700096109923453,0.0,"[-1.5708,-1.5708,1.5708,-1.5708,-1.5708,0]","[-3.3941324,-1.3320287,1.7412634,-1.3129422,1.1562085,0.059607844]","[0.62,0.02,0.43]",,max iterations reached,iteration_limit,迭代上限
13,42,scene_03_narrow_passage,20260528,apf,33055,False,0.9155231879994972,72.0000000000018,51.61892421333635,139.3443358934599,0.13750066301318256,0.002999999999999989,3202,1601,0.5700096109923453,0.0,"[-1.5708,-1.5708,1.5708,-1.5708,-1.5708,0]","[-3.3941324,-1.3320287,1.7412634,-1.3129422,1.1562085,0.059607844]","[0.62,0.02,0.43]",,max iterations reached,iteration_limit,迭代上限
14,42,scene_03_narrow_passage,20260528,apf,33056,False,0.9141316180030117,72.0000000000018,51.61892421333635,139.3443358934599,0.13750066301318256,0.002999999999999989,3202,1601,0.5700096109923453,0.0,"[-1.5708,-1.5708,1.5708,-1.5708,-1.5708,0]","[-3.3941324,-1.3320287,1.7412634,-1.3129422,1.1562085,0.059607844]","[0.62,0.02,0.43]",,max iterations reached,iteration_limit,迭代上限
15,42,scene_03_narrow_passage,20260528,apf,33057,False,0.9019624520005891,72.0000000000018,51.61892421333635,139.3443358934599,0.13750066301318256,0.002999999999999989,3202,1601,0.5700096109923453,0.0,"[-1.5708,-1.5708,1.5708,-1.5708,-1.5708,0]","[-3.3941324,-1.3320287,1.7412634,-1.3129422,1.1562085,0.059607844]","[0.62,0.02,0.43]",,max iterations reached,iteration_limit,迭代上限
16,42,scene_03_narrow_passage,20260528,apf,33058,False,0.9062297150012455,72.0000000000018,51.61892421333635,139.3443358934599,0.13750066301318256,0.002999999999999989,3202,1601,0.5700096109923453,0.0,"[-1.5708,-1.5708,1.5708,-1.5708,-1.5708,0]","[-3.3941324,-1.3320287,1.7412634,-1.3129422,1.1562085,0.059607844]","[0.62,0.02,0.43]",,max iterations reached,iteration_limit,迭代上限
17,42,scene_03_narrow_passage,20260528,apf,33059,False,0.9083949899941217,72.0000000000018,51.61892421333635,139.3443358934599,0.13750066301318256,0.002999999999999989,3202,1601,0.5700096109923453,0.0,"[-1.5708,-1.5708,1.5708,-1.5708,-1.5708,0]","[-3.3941324,-1.3320287,1.7412634,-1.3129422,1.1562085,0.059607844]","[0.62,0.02,0.43]",,max iterations reached,iteration_limit,迭代上限
18,42,scene_03_narrow_passage,20260528,apf,33060,False,0.9166584839986172,72.0000000000018,51.61892421333635,139.3443358934599,0.13750066301318256,0.002999999999999989,3202,1601,0.5700096109923453,0.0,"[-1.5708,-1.5708,1.5708,-1.5708,-1.5708,0]","[-3.3941324,-1.3320287,1.7412634,-1.3129422,1.1562085,0.059607844]","[0.62,0.02,0.43]",,max iterations reached,iteration_limit,迭代上限
19,42,scene_03_narrow_passage,20260528,apf,33061,False,0.9136566000015591,72.0000000000018,51.61892421333635,139.3443358934599,0.13750066301318256,0.002999999999999989,3202,1601,0.5700096109923453,0.0,"[-1.5708,-1.5708,1.5708,-1.5708,-1.5708,0]","[-3.3941324,-1.3320287,1.7412634,-1.3129422,1.1562085,0.059607844]","[0.62,0.02,0.43]",,max iterations reached,iteration_limit,迭代上限
20,42,scene_03_narrow_passage,20260528,apf,33062,False,0.9092008770021494,72.0000000000018,51.61892421333635,139.3443358934599,0.13750066301318256,0.002999999999999989,3202,1601,0.5700096109923453,0.0,"[-1.5708,-1.5708,1.5708,-1.5708,-1.5708,0]","[-3.3941324,-1.3320287,1.7412634,-1.3129422,1.1562085,0.059607844]","[0.62,0.02,0.43]",,max iterations reached,iteration_limit,迭代上限
21,42,scene_03_narrow_passage,20260528,apf,33063,False,0.9307485129975248,72.0000000000018,51.61892421333635,139.3443358934599,0.13750066301318256,0.002999999999999989,3202,1601,0.5700096109923453,0.0,"[-1.5708,-1.5708,1.5708,-1.5708,-1.5708,0]","[-3.3941324,-1.3320287,1.7412634,-1.3129422,1.1562085,0.059607844]","[0.62,0.02,0.43]",,max iterations reached,iteration_limit,迭代上限
22,42,scene_03_narrow_passage,20260528,apf,33064,False,0.9268063619965687,72.0000000000018,51.61892421333635,139.3443358934599,0.13750066301318256,0.002999999999999989,3202,1601,0.5700096109923453,0.0,"[-1.5708,-1.5708,1.5708,-1.5708,-1.5708,0]","[-3.3941324,-1.3320287,1.7412634,-1.3129422,1.1562085,0.059607844]","[0.62,0.02,0.43]",,max iterations reached,iteration_limit,迭代上限
23,42,scene_03_narrow_passage,20260528,apf,33065,False,0.9321220690035261,72.0000000000018,51.61892421333635,139.3443358934599,0.13750066301318256,0.002999999999999989,3202,1601,0.5700096109923453,0.0,"[-1.5708,-1.5708,1.5708,-1.5708,-1.5708,0]","[-3.3941324,-1.3320287,1.7412634,-1.3129422,1.1562085,0.059607844]","[0.62,0.02,0.43]",,max iterations reached,iteration_limit,迭代上限
24,42,scene_03_narrow_passage,20260528,apf,33066,False,0.9484287109953584,72.0000000000018,51.61892421333635,139.3443358934599,0.13750066301318256,0.002999999999999989,3202,1601,0.5700096109923453,0.0,"[-1.5708,-1.5708,1.5708,-1.5708,-1.5708,0]","[-3.3941324,-1.3320287,1.7412634,-1.3129422,1.1562085,0.059607844]","[0.62,0.02,0.43]",,max iterations reached,iteration_limit,迭代上限
25,42,scene_03_narrow_passage,20260528,apf,33067,False,0.9297171329963021,72.0000000000018,51.61892421333635,139.3443358934599,0.13750066301318256,0.002999999999999989,3202,1601,0.5700096109923453,0.0,"[-1.5708,-1.5708,1.5708,-1.5708,-1.5708,0]","[-3.3941324,-1.3320287,1.7412634,-1.3129422,1.1562085,0.059607844]","[0.62,0.02,0.43]",,max iterations reached,iteration_limit,迭代上限
26,42,scene_03_narrow_passage,20260528,apf,33068,False,0.9350988340011099,72.0000000000018,51.61892421333635,139.3443358934599,0.13750066301318256,0.002999999999999989,3202,1601,0.5700096109923453,0.0,"[-1.5708,-1.5708,1.5708,-1.5708,-1.5708,0]","[-3.3941324,-1.3320287,1.7412634,-1.3129422,1.1562085,0.059607844]","[0.62,0.02,0.43]",,max iterations reached,iteration_limit,迭代上限
27,42,scene_03_narrow_passage,20260528,apf,33069,False,0.9894569010066334,72.0000000000018,51.61892421333635,139.3443358934599,0.13750066301318256,0.002999999999999989,3202,1601,0.5700096109923453,0.0,"[-1.5708,-1.5708,1.5708,-1.5708,-1.5708,0]","[-3.3941324,-1.3320287,1.7412634,-1.3129422,1.1562085,0.059607844]","[0.62,0.02,0.43]",,max iterations reached,iteration_limit,迭代上限
28,42,scene_03_narrow_passage,20260528,apf,33070,False,0.920290752001165,72.0000000000018,51.61892421333635,139.3443358934599,0.13750066301318256,0.002999999999999989,3202,1601,0.5700096109923453,0.0,"[-1.5708,-1.5708,1.5708,-1.5708,-1.5708,0]","[-3.3941324,-1.3320287,1.7412634,-1.3129422,1.1562085,0.059607844]","[0.62,0.02,0.43]",,max iterations reached,iteration_limit,迭代上限
29,42,scene_03_narrow_passage,20260528,apf,33071,False,0.9106285840025521,72.0000000000018,51.61892421333635,139.3443358934599,0.13750066301318256,0.002999999999999989,3202,1601,0.5700096109923453,0.0,"[-1.5708,-1.5708,1.5708,-1.5708,-1.5708,0]","[-3.3941324,-1.3320287,1.7412634,-1.3129422,1.1562085,0.059607844]","[0.62,0.02,0.43]",,max iterations reached,iteration_limit,迭代上限
30,42,scene_03_narrow_passage,20260528,apf,33072,False,0.9173535950030782,72.0000000000018,51.61892421333635,139.3443358934599,0.13750066301318256,0.002999999999999989,3202,1601,0.5700096109923453,0.0,"[-1.5708,-1.5708,1.5708,-1.5708,-1.5708,0]","[-3.3941324,-1.3320287,1.7412634,-1.3129422,1.1562085,0.059607844]","[0.62,0.02,0.43]",,max iterations reached,iteration_limit,迭代上限
31,42,scene_03_narrow_passage,20260528,apf,33073,False,0.9189658079994842,72.0000000000018,51.61892421333635,139.3443358934599,0.13750066301318256,0.002999999999999989,3202,1601,0.5700096109923453,0.0,"[-1.5708,-1.5708,1.5708,-1.5708,-1.5708,0]","[-3.3941324,-1.3320287,1.7412634,-1.3129422,1.1562085,0.059607844]","[0.62,0.02,0.43]",,max iterations reached,iteration_limit,迭代上限
32,42,scene_03_narrow_passage,20260528,apf,33074,False,0.9081879130026209,72.0000000000018,51.61892421333635,139.3443358934599,0.13750066301318256,0.002999999999999989,3202,1601,0.5700096109923453,0.0,"[-1.5708,-1.5708,1.5708,-1.5708,-1.5708,0]","[-3.3941324,-1.3320287,1.7412634,-1.3129422,1.1562085,0.059607844]","[0.62,0.02,0.43]",,max iterations reached,iteration_limit,迭代上限
33,42,scene_03_narrow_passage,20260528,apf,33075,False,0.9694211710011587,72.0000000000018,51.61892421333635,139.3443358934599,0.13750066301318256,0.002999999999999989,3202,1601,0.5700096109923453,0.0,"[-1.5708,-1.5708,1.5708,-1.5708,-1.5708,0]","[-3.3941324,-1.3320287,1.7412634,-1.3129422,1.1562085,0.059607844]","[0.62,0.02,0.43]",,max iterations reached,iteration_limit,迭代上限
34,42,scene_03_narrow_passage,20260528,apf,33076,False,0.9120284160017036,72.0000000000018,51.61892421333635,139.3443358934599,0.13750066301318256,0.002999999999999989,3202,1601,0.5700096109923453,0.0,"[-1.5708,-1.5708,1.5708,-1.5708,-1.5708,0]","[-3.3941324,-1.3320287,1.7412634,-1.3129422,1.1562085,0.059607844]","[0.62,0.02,0.43]",,max iterations reached,iteration_limit,迭代上限
35,42,scene_03_narrow_passage,20260528,apf,33077,False,0.9123858189996099,72.0000000000018,51.61892421333635,139.3443358934599,0.13750066301318256,0.002999999999999989,3202,1601,0.5700096109923453,0.0,"[-1.5708,-1.5708,1.5708,-1.5708,-1.5708,0]","[-3.3941324,-1.3320287,1.7412634,-1.3129422,1.1562085,0.059607844]","[0.62,0.02,0.43]",,max iterations reached,iteration_limit,迭代上限
36,42,scene_03_narrow_passage,20260528,apf,33078,False,0.9024151570047252,72.0000000000018,51.61892421333635,139.3443358934599,0.13750066301318256,0.002999999999999989,3202,1601,0.5700096109923453,0.0,"[-1.5708,-1.5708,1.5708,-1.5708,-1.5708,0]","[-3.3941324,-1.3320287,1.7412634,-1.3129422,1.1562085,0.059607844]","[0.62,0.02,0.43]",,max iterations reached,iteration_limit,迭代上限
37,42,scene_03_narrow_passage,20260528,apf,33079,False,0.9085387739978614,72.0000000000018,51.61892421333635,139.3443358934599,0.13750066301318256,0.002999999999999989,3202,1601,0.5700096109923453,0.0,"[-1.5708,-1.5708,1.5708,-1.5708,-1.5708,0]","[-3.3941324,-1.3320287,1.7412634,-1.3129422,1.1562085,0.059607844]","[0.62,0.02,0.43]",,max iterations reached,iteration_limit,迭代上限
38,42,scene_03_narrow_passage,20260528,apf,33080,False,0.9138685130019439,72.0000000000018,51.61892421333635,139.3443358934599,0.13750066301318256,0.002999999999999989,3202,1601,0.5700096109923453,0.0,"[-1.5708,-1.5708,1.5708,-1.5708,-1.5708,0]","[-3.3941324,-1.3320287,1.7412634,-1.3129422,1.1562085,0.059607844]","[0.62,0.02,0.43]",,max iterations reached,iteration_limit,迭代上限
39,42,scene_03_narrow_passage,20260528,apf,33081,False,0.9072971770001459,72.0000000000018,51.61892421333635,139.3443358934599,0.13750066301318256,0.002999999999999989,3202,1601,0.5700096109923453,0.0,"[-1.5708,-1.5708,1.5708,-1.5708,-1.5708,0]","[-3.3941324,-1.3320287,1.7412634,-1.3129422,1.1562085,0.059607844]","[0.62,0.02,0.43]",,max iterations reached,iteration_limit,迭代上限
40,42,scene_03_narrow_passage,20260528,apf,33082,False,0.9473574010044103,72.0000000000018,51.61892421333635,139.3443358934599,0.13750066301318256,0.002999999999999989,3202,1601,0.5700096109923453,0.0,"[-1.5708,-1.5708,1.5708,-1.5708,-1.5708,0]","[-3.3941324,-1.3320287,1.7412634,-1.3129422,1.1562085,0.059607844]","[0.62,0.02,0.43]",,max iterations reached,iteration_limit,迭代上限
41,42,scene_03_narrow_passage,20260528,apf,33083,False,0.9091071579969139,72.0000000000018,51.61892421333635,139.3443358934599,0.13750066301318256,0.002999999999999989,3202,1601,0.5700096109923453,0.0,"[-1.5708,-1.5708,1.5708,-1.5708,-1.5708,0]","[-3.3941324,-1.3320287,1.7412634,-1.3129422,1.1562085,0.059607844]","[0.62,0.02,0.43]",,max iterations reached,iteration_limit,迭代上限
42,42,scene_03_narrow_passage,20260528,apf,33084,False,0.9120349770018947,72.0000000000018,51.61892421333635,139.3443358934599,0.13750066301318256,0.002999999999999989,3202,1601,0.5700096109923453,0.0,"[-1.5708,-1.5708,1.5708,-1.5708,-1.5708,0]","[-3.3941324,-1.3320287,1.7412634,-1.3129422,1.1562085,0.059607844]","[0.62,0.02,0.43]",,max iterations reached,iteration_limit,迭代上限
43,42,scene_03_narrow_passage,20260528,apf,33085,False,0.9151641080025001,72.0000000000018,51.61892421333635,139.3443358934599,0.13750066301318256,0.002999999999999989,3202,1601,0.5700096109923453,0.0,"[-1.5708,-1.5708,1.5708,-1.5708,-1.5708,0]","[-3.3941324,-1.3320287,1.7412634,-1.3129422,1.1562085,0.059607844]","[0.62,0.02,0.43]",,max iterations reached,iteration_limit,迭代上限
44,42,scene_03_narrow_passage,20260528,apf,33086,False,0.9109880019968841,72.0000000000018,51.61892421333635,139.3443358934599,0.13750066301318256,0.002999999999999989,3202,1601,0.5700096109923453,0.0,"[-1.5708,-1.5708,1.5708,-1.5708,-1.5708,0]","[-3.3941324,-1.3320287,1.7412634,-1.3129422,1.1562085,0.059607844]","[0.62,0.02,0.43]",,max iterations reached,iteration_limit,迭代上限
45,42,scene_03_narrow_passage,20260528,apf,33087,False,0.9001975670034881,72.0000000000018,51.61892421333635,139.3443358934599,0.13750066301318256,0.002999999999999989,3202,1601,0.5700096109923453,0.0,"[-1.5708,-1.5708,1.5708,-1.5708,-1.5708,0]","[-3.3941324,-1.3320287,1.7412634,-1.3129422,1.1562085,0.059607844]","[0.62,0.02,0.43]",,max iterations reached,iteration_limit,迭代上限
46,42,scene_03_narrow_passage,20260528,apf,33088,False,0.9098966689998633,72.0000000000018,51.61892421333635,139.3443358934599,0.13750066301318256,0.002999999999999989,3202,1601,0.5700096109923453,0.0,"[-1.5708,-1.5708,1.5708,-1.5708,-1.5708,0]","[-3.3941324,-1.3320287,1.7412634,-1.3129422,1.1562085,0.059607844]","[0.62,0.02,0.43]",,max iterations reached,iteration_limit,迭代上限
47,42,scene_03_narrow_passage,20260528,apf,33089,False,0.9071834889982711,72.0000000000018,51.61892421333635,139.3443358934599,0.13750066301318256,0.002999999999999989,3202,1601,0.5700096109923453,0.0,"[-1.5708,-1.5708,1.5708,-1.5708,-1.5708,0]","[-3.3941324,-1.3320287,1.7412634,-1.3129422,1.1562085,0.059607844]","[0.62,0.02,0.43]",,max iterations reached,iteration_limit,迭代上限
48,42,scene_03_narrow_passage,20260528,apf,33090,False,0.9355510809982661,72.0000000000018,51.61892421333635,139.3443358934599,0.13750066301318256,0.002999999999999989,3202,1601,0.5700096109923453,0.0,"[-1.5708,-1.5708,1.5708,-1.5708,-1.5708,0]","[-3.3941324,-1.3320287,1.7412634,-1.3129422,1.1562085,0.059607844]","[0.62,0.02,0.43]",,max iterations reached,iteration_limit,迭代上限
49,42,scene_03_narrow_passage,20260528,apf,33091,False,0.915694748997339,72.0000000000018,51.61892421333635,139.3443358934599,0.13750066301318256,0.002999999999999989,3202,1601,0.5700096109923453,0.0,"[-1.5708,-1.5708,1.5708,-1.5708,-1.5708,0]","[-3.3941324,-1.3320287,1.7412634,-1.3129422,1.1562085,0.059607844]","[0.62,0.02,0.43]",,max iterations reached,iteration_limit,迭代上限
0,42,scene_04_near_singularity,20260529,rrt,40042,True,0.011161638001794927,3.8326388960254376,1.3161699691995135,4.0934926664832923e-14,0.01993175472938819,0.002999999999999989,226,80,2.212113038394986e-13,0.0,"[-1.5708,-1.5708,1.5708,-1.5708,-1.5708,0]","[-3.4286702,-0.88978202,1.1705446,-1.834286,1.3320352,-1.455188]","[0.76,-0.06,0.48]",,success,success,成功
1,42,scene_04_near_singularity,20260529,rrt,40043,True,0.012020129004667979,3.8326388960254376,1.3161699691995135,4.0934926664832923e-14,0.01993175472938819,0.002999999999999989,241,80,2.212113038394986e-13,0.0,"[-1.5708,-1.5708,1.5708,-1.5708,-1.5708,0]","[-3.4286702,-0.88978202,1.1705446,-1.834286,1.3320352,-1.455188]","[0.76,-0.06,0.48]",,success,success,成功
2,42,scene_04_near_singularity,20260529,rrt,40044,True,0.0070583880005870014,3.8326388960254376,1.3161699691995135,4.0934926664832923e-14,0.01993175472938819,0.002999999999999989,151,80,2.212113038394986e-13,0.0,"[-1.5708,-1.5708,1.5708,-1.5708,-1.5708,0]","[-3.4286702,-0.88978202,1.1705446,-1.834286,1.3320352,-1.455188]","[0.76,-0.06,0.48]",,success,success,成功
3,42,scene_04_near_singularity,20260529,rrt,40045,True,0.008586814998125192,3.8326388960254376,1.3161699691995135,4.0934926664832923e-14,0.01993175472938819,0.002999999999999989,181,80,2.212113038394986e-13,0.0,"[-1.5708,-1.5708,1.5708,-1.5708,-1.5708,0]","[-3.4286702,-0.88978202,1.1705446,-1.834286,1.3320352,-1.455188]","[0.76,-0.06,0.48]",,success,success,成功
4,42,scene_04_near_singularity,20260529,rrt,40046,True,0.012088468996807933,3.8326388960254376,1.3161699691995135,4.0934926664832923e-14,0.01993175472938819,0.002999999999999989,244,80,2.212113038394986e-13,0.0,"[-1.5708,-1.5708,1.5708,-1.5708,-1.5708,0]","[-3.4286702,-0.88978202,1.1705446,-1.834286,1.3320352,-1.455188]","[0.76,-0.06,0.48]",,success,success,成功
5,42,scene_04_near_singularity,20260529,rrt,40047,True,0.010641964996466413,3.8326388960254376,1.3161699691995135,4.0934926664832923e-14,0.01993175472938819,0.002999999999999989,220,80,2.212113038394986e-13,0.0,"[-1.5708,-1.5708,1.5708,-1.5708,-1.5708,0]","[-3.4286702,-0.88978202,1.1705446,-1.834286,1.3320352,-1.455188]","[0.76,-0.06,0.48]",,success,success,成功
6,42,scene_04_near_singularity,20260529,rrt,40048,True,0.006605397997191176,3.8326388960254376,1.3161699691995135,4.0934926664832923e-14,0.01993175472938819,0.002999999999999989,141,80,2.212113038394986e-13,0.0,"[-1.5708,-1.5708,1.5708,-1.5708,-1.5708,0]","[-3.4286702,-0.88978202,1.1705446,-1.834286,1.3320352,-1.455188]","[0.76,-0.06,0.48]",,success,success,成功
7,42,scene_04_near_singularity,20260529,rrt,40049,True,0.006816938002884854,3.8326388960254376,1.3161699691995135,4.0934926664832923e-14,0.01993175472938819,0.002999999999999989,145,80,2.212113038394986e-13,0.0,"[-1.5708,-1.5708,1.5708,-1.5708,-1.5708,0]","[-3.4286702,-0.88978202,1.1705446,-1.834286,1.3320352,-1.455188]","[0.76,-0.06,0.48]",,success,success,成功
8,42,scene_04_near_singularity,20260529,rrt,40050,True,0.017284785004449077,3.8326388960254376,1.3161699691995135,4.0934926664832923e-14,0.01993175472938819,0.002999999999999989,337,80,2.212113038394986e-13,0.0,"[-1.5708,-1.5708,1.5708,-1.5708,-1.5708,0]","[-3.4286702,-0.88978202,1.1705446,-1.834286,1.3320352,-1.455188]","[0.76,-0.06,0.48]",,success,success,成功
9,42,scene_04_near_singularity,20260529,rrt,40051,True,0.007996394000656437,3.8326388960254376,1.3161699691995135,4.0934926664832923e-14,0.01993175472938819,0.002999999999999989,161,80,2.212113038394986e-13,0.0,"[-1.5708,-1.5708,1.5708,-1.5708,-1.5708,0]","[-3.4286702,-0.88978202,1.1705446,-1.834286,1.3320352,-1.455188]","[0.76,-0.06,0.48]",,success,success,成功
10,42,scene_04_near_singularity,20260529,rrt,40052,True,0.008818387002975214,3.8326388960254376,1.3161699691995135,4.0934926664832923e-14,0.01993175472938819,0.002999999999999989,183,80,2.212113038394986e-13,0.0,"[-1.5708,-1.5708,1.5708,-1.5708,-1.5708,0]","[-3.4286702,-0.88978202,1.1705446,-1.834286,1.3320352,-1.455188]","[0.76,-0.06,0.48]",,success,success,成功
11,42,scene_04_near_singularity,20260529,rrt,40053,True,0.008280570997158065,3.8326388960254376,1.3161699691995135,4.0934926664832923e-14,0.01993175472938819,0.002999999999999989,174,80,2.212113038394986e-13,0.0,"[-1.5708,-1.5708,1.5708,-1.5708,-1.5708,0]","[-3.4286702,-0.88978202,1.1705446,-1.834286,1.3320352,-1.455188]","[0.76,-0.06,0.48]",,success,success,成功
12,42,scene_04_near_singularity,20260529,rrt,40054,True,0.040792440995574,3.8326388960254376,1.3161699691995135,4.0934926664832923e-14,0.01993175472938819,0.002999999999999989,557,80,2.212113038394986e-13,0.0,"[-1.5708,-1.5708,1.5708,-1.5708,-1.5708,0]","[-3.4286702,-0.88978202,1.1705446,-1.834286,1.3320352,-1.455188]","[0.76,-0.06,0.48]",,success,success,成功
13,42,scene_04_near_singularity,20260529,rrt,40055,True,0.009719895002490375,3.8326388960254376,1.3161699691995135,4.0934926664832923e-14,0.01993175472938819,0.002999999999999989,201,80,2.212113038394986e-13,0.0,"[-1.5708,-1.5708,1.5708,-1.5708,-1.5708,0]","[-3.4286702,-0.88978202,1.1705446,-1.834286,1.3320352,-1.455188]","[0.76,-0.06,0.48]",,success,success,成功
14,42,scene_04_near_singularity,20260529,rrt,40056,True,0.013237936000223272,3.8326388960254376,1.3161699691995135,4.0934926664832923e-14,0.01993175472938819,0.002999999999999989,266,80,2.212113038394986e-13,0.0,"[-1.5708,-1.5708,1.5708,-1.5708,-1.5708,0]","[-3.4286702,-0.88978202,1.1705446,-1.834286,1.3320352,-1.455188]","[0.76,-0.06,0.48]",,success,success,成功
15,42,scene_04_near_singularity,20260529,rrt,40057,True,0.00882099899899913,3.8326388960254376,1.3161699691995135,4.0934926664832923e-14,0.01993175472938819,0.002999999999999989,180,80,2.212113038394986e-13,0.0,"[-1.5708,-1.5708,1.5708,-1.5708,-1.5708,0]","[-3.4286702,-0.88978202,1.1705446,-1.834286,1.3320352,-1.455188]","[0.76,-0.06,0.48]",,success,success,成功
16,42,scene_04_near_singularity,20260529,rrt,40058,True,0.00969565000559669,3.8326388960254376,1.3161699691995135,4.0934926664832923e-14,0.01993175472938819,0.002999999999999989,201,80,2.212113038394986e-13,0.0,"[-1.5708,-1.5708,1.5708,-1.5708,-1.5708,0]","[-3.4286702,-0.88978202,1.1705446,-1.834286,1.3320352,-1.455188]","[0.76,-0.06,0.48]",,success,success,成功
17,42,scene_04_near_singularity,20260529,rrt,40059,True,0.008700163001776673,3.8326388960254376,1.3161699691995135,4.0934926664832923e-14,0.01993175472938819,0.002999999999999989,181,80,2.212113038394986e-13,0.0,"[-1.5708,-1.5708,1.5708,-1.5708,-1.5708,0]","[-3.4286702,-0.88978202,1.1705446,-1.834286,1.3320352,-1.455188]","[0.76,-0.06,0.48]",,success,success,成功
18,42,scene_04_near_singularity,20260529,rrt,40060,True,0.010925294998742174,3.8326388960254376,1.3161699691995135,4.0934926664832923e-14,0.01993175472938819,0.002999999999999989,219,80,2.212113038394986e-13,0.0,"[-1.5708,-1.5708,1.5708,-1.5708,-1.5708,0]","[-3.4286702,-0.88978202,1.1705446,-1.834286,1.3320352,-1.455188]","[0.76,-0.06,0.48]",,success,success,成功
19,42,scene_04_near_singularity,20260529,rrt,40061,True,0.01239553500636248,3.8326388960254376,1.3161699691995135,4.0934926664832923e-14,0.01993175472938819,0.002999999999999989,247,80,2.212113038394986e-13,0.0,"[-1.5708,-1.5708,1.5708,-1.5708,-1.5708,0]","[-3.4286702,-0.88978202,1.1705446,-1.834286,1.3320352,-1.455188]","[0.76,-0.06,0.48]",,success,success,成功
20,42,scene_04_near_singularity,20260529,rrt,40062,True,0.010198873998888303,3.8326388960254376,1.3161699691995135,4.0934926664832923e-14,0.01993175472938819,0.002999999999999989,211,80,2.212113038394986e-13,0.0,"[-1.5708,-1.5708,1.5708,-1.5708,-1.5708,0]","[-3.4286702,-0.88978202,1.1705446,-1.834286,1.3320352,-1.455188]","[0.76,-0.06,0.48]",,success,success,成功
21,42,scene_04_near_singularity,20260529,rrt,40063,True,0.009753902006195858,3.8326388960254376,1.3161699691995135,4.0934926664832923e-14,0.01993175472938819,0.002999999999999989,203,80,2.212113038394986e-13,0.0,"[-1.5708,-1.5708,1.5708,-1.5708,-1.5708,0]","[-3.4286702,-0.88978202,1.1705446,-1.834286,1.3320352,-1.455188]","[0.76,-0.06,0.48]",,success,success,成功
22,42,scene_04_near_singularity,20260529,rrt,40064,True,0.006991882000875194,3.8326388960254376,1.3161699691995135,4.0934926664832923e-14,0.01993175472938819,0.002999999999999989,147,80,2.212113038394986e-13,0.0,"[-1.5708,-1.5708,1.5708,-1.5708,-1.5708,0]","[-3.4286702,-0.88978202,1.1705446,-1.834286,1.3320352,-1.455188]","[0.76,-0.06,0.48]",,success,success,成功
23,42,scene_04_near_singularity,20260529,rrt,40065,True,0.019584190005843993,3.8326388960254376,1.3161699691995135,4.0934926664832923e-14,0.01993175472938819,0.002999999999999989,376,80,2.212113038394986e-13,0.0,"[-1.5708,-1.5708,1.5708,-1.5708,-1.5708,0]","[-3.4286702,-0.88978202,1.1705446,-1.834286,1.3320352,-1.455188]","[0.76,-0.06,0.48]",,success,success,成功
24,42,scene_04_near_singularity,20260529,rrt,40066,True,0.008095619996311143,3.8326388960254376,1.3161699691995135,4.0934926664832923e-14,0.01993175472938819,0.002999999999999989,172,80,2.212113038394986e-13,0.0,"[-1.5708,-1.5708,1.5708,-1.5708,-1.5708,0]","[-3.4286702,-0.88978202,1.1705446,-1.834286,1.3320352,-1.455188]","[0.76,-0.06,0.48]",,success,success,成功
25,42,scene_04_near_singularity,20260529,rrt,40067,True,0.008633991004899144,3.8326388960254376,1.3161699691995135,4.0934926664832923e-14,0.01993175472938819,0.002999999999999989,182,80,2.212113038394986e-13,0.0,"[-1.5708,-1.5708,1.5708,-1.5708,-1.5708,0]","[-3.4286702,-0.88978202,1.1705446,-1.834286,1.3320352,-1.455188]","[0.76,-0.06,0.48]",,success,success,成功
26,42,scene_04_near_singularity,20260529,rrt,40068,True,0.011283615000138525,3.8326388960254376,1.3161699691995135,4.0934926664832923e-14,0.01993175472938819,0.002999999999999989,222,80,2.212113038394986e-13,0.0,"[-1.5708,-1.5708,1.5708,-1.5708,-1.5708,0]","[-3.4286702,-0.88978202,1.1705446,-1.834286,1.3320352,-1.455188]","[0.76,-0.06,0.48]",,success,success,成功
27,42,scene_04_near_singularity,20260529,rrt,40069,True,0.007243931999255437,3.8326388960254376,1.3161699691995135,4.0934926664832923e-14,0.01993175472938819,0.002999999999999989,154,80,2.212113038394986e-13,0.0,"[-1.5708,-1.5708,1.5708,-1.5708,-1.5708,0]","[-3.4286702,-0.88978202,1.1705446,-1.834286,1.3320352,-1.455188]","[0.76,-0.06,0.48]",,success,success,成功
28,42,scene_04_near_singularity,20260529,rrt,40070,True,0.007274103998497594,3.8326388960254376,1.3161699691995135,4.0934926664832923e-14,0.01993175472938819,0.002999999999999989,151,80,2.212113038394986e-13,0.0,"[-1.5708,-1.5708,1.5708,-1.5708,-1.5708,0]","[-3.4286702,-0.88978202,1.1705446,-1.834286,1.3320352,-1.455188]","[0.76,-0.06,0.48]",,success,success,成功
29,42,scene_04_near_singularity,20260529,rrt,40071,True,0.9318965970014688,3.8326388960254376,1.3161699691995135,4.0934926664832923e-14,0.01993175472938819,0.002999999999999989,5753,80,2.212113038394986e-13,0.0,"[-1.5708,-1.5708,1.5708,-1.5708,-1.5708,0]","[-3.4286702,-0.88978202,1.1705446,-1.834286,1.3320352,-1.455188]","[0.76,-0.06,0.48]",,success,success,成功
30,42,scene_04_near_singularity,20260529,rrt,40072,True,0.007618994000949897,3.8326388960254376,1.3161699691995135,4.0934926664832923e-14,0.01993175472938819,0.002999999999999989,161,80,2.212113038394986e-13,0.0,"[-1.5708,-1.5708,1.5708,-1.5708,-1.5708,0]","[-3.4286702,-0.88978202,1.1705446,-1.834286,1.3320352,-1.455188]","[0.76,-0.06,0.48]",,success,success,成功
31,42,scene_04_near_singularity,20260529,rrt,40073,True,0.009293374001572374,3.8326388960254376,1.3161699691995135,4.0934926664832923e-14,0.01993175472938819,0.002999999999999989,185,80,2.212113038394986e-13,0.0,"[-1.5708,-1.5708,1.5708,-1.5708,-1.5708,0]","[-3.4286702,-0.88978202,1.1705446,-1.834286,1.3320352,-1.455188]","[0.76,-0.06,0.48]",,success,success,成功
32,42,scene_04_near_singularity,20260529,rrt,40074,True,0.011227410002902616,3.8326388960254376,1.3161699691995135,4.0934926664832923e-14,0.01993175472938819,0.002999999999999989,202,80,2.212113038394986e-13,0.0,"[-1.5708,-1.5708,1.5708,-1.5708,-1.5708,0]","[-3.4286702,-0.88978202,1.1705446,-1.834286,1.3320352,-1.455188]","[0.76,-0.06,0.48]",,success,success,成功
33,42,scene_04_near_singularity,20260529,rrt,40075,True,0.0061969160014996305,3.8326388960254376,1.3161699691995135,4.0934926664832923e-14,0.01993175472938819,0.002999999999999989,132,80,2.212113038394986e-13,0.0,"[-1.5708,-1.5708,1.5708,-1.5708,-1.5708,0]","[-3.4286702,-0.88978202,1.1705446,-1.834286,1.3320352,-1.455188]","[0.76,-0.06,0.48]",,success,success,成功
34,42,scene_04_near_singularity,20260529,rrt,40076,True,0.00982420700165676,3.8326388960254376,1.3161699691995135,4.0934926664832923e-14,0.01993175472938819,0.002999999999999989,187,80,2.212113038394986e-13,0.0,"[-1.5708,-1.5708,1.5708,-1.5708,-1.5708,0]","[-3.4286702,-0.88978202,1.1705446,-1.834286,1.3320352,-1.455188]","[0.76,-0.06,0.48]",,success,success,成功
35,42,scene_04_near_singularity,20260529,rrt,40077,True,0.007555666998086963,3.8326388960254376,1.3161699691995135,4.0934926664832923e-14,0.01993175472938819,0.002999999999999989,157,80,2.212113038394986e-13,0.0,"[-1.5708,-1.5708,1.5708,-1.5708,-1.5708,0]","[-3.4286702,-0.88978202,1.1705446,-1.834286,1.3320352,-1.455188]","[0.76,-0.06,0.48]",,success,success,成功
36,42,scene_04_near_singularity,20260529,rrt,40078,True,0.008420789999945555,3.8326388960254376,1.3161699691995135,4.0934926664832923e-14,0.01993175472938819,0.002999999999999989,177,80,2.212113038394986e-13,0.0,"[-1.5708,-1.5708,1.5708,-1.5708,-1.5708,0]","[-3.4286702,-0.88978202,1.1705446,-1.834286,1.3320352,-1.455188]","[0.76,-0.06,0.48]",,success,success,成功
37,42,scene_04_near_singularity,20260529,rrt,40079,True,0.010064726004202385,3.8326388960254376,1.3161699691995135,4.0934926664832923e-14,0.01993175472938819,0.002999999999999989,205,80,2.212113038394986e-13,0.0,"[-1.5708,-1.5708,1.5708,-1.5708,-1.5708,0]","[-3.4286702,-0.88978202,1.1705446,-1.834286,1.3320352,-1.455188]","[0.76,-0.06,0.48]",,success,success,成功
38,42,scene_04_near_singularity,20260529,rrt,40080,True,0.010462448000907898,3.8326388960254376,1.3161699691995135,4.0934926664832923e-14,0.01993175472938819,0.002999999999999989,195,80,2.212113038394986e-13,0.0,"[-1.5708,-1.5708,1.5708,-1.5708,-1.5708,0]","[-3.4286702,-0.88978202,1.1705446,-1.834286,1.3320352,-1.455188]","[0.76,-0.06,0.48]",,success,success,成功
39,42,scene_04_near_singularity,20260529,rrt,40081,True,0.009833579002588522,3.8326388960254376,1.3161699691995135,4.0934926664832923e-14,0.01993175472938819,0.002999999999999989,201,80,2.212113038394986e-13,0.0,"[-1.5708,-1.5708,1.5708,-1.5708,-1.5708,0]","[-3.4286702,-0.88978202,1.1705446,-1.834286,1.3320352,-1.455188]","[0.76,-0.06,0.48]",,success,success,成功
40,42,scene_04_near_singularity,20260529,rrt,40082,True,0.006913295997946989,3.8326388960254376,1.3161699691995135,4.0934926664832923e-14,0.01993175472938819,0.002999999999999989,127,80,2.212113038394986e-13,0.0,"[-1.5708,-1.5708,1.5708,-1.5708,-1.5708,0]","[-3.4286702,-0.88978202,1.1705446,-1.834286,1.3320352,-1.455188]","[0.76,-0.06,0.48]",,success,success,成功
41,42,scene_04_near_singularity,20260529,rrt,40083,True,0.008934855999541469,3.8326388960254376,1.3161699691995135,4.0934926664832923e-14,0.01993175472938819,0.002999999999999989,185,80,2.212113038394986e-13,0.0,"[-1.5708,-1.5708,1.5708,-1.5708,-1.5708,0]","[-3.4286702,-0.88978202,1.1705446,-1.834286,1.3320352,-1.455188]","[0.76,-0.06,0.48]",,success,success,成功
42,42,scene_04_near_singularity,20260529,rrt,40084,True,0.011114134002127685,3.8326388960254376,1.3161699691995135,4.0934926664832923e-14,0.01993175472938819,0.002999999999999989,229,80,2.212113038394986e-13,0.0,"[-1.5708,-1.5708,1.5708,-1.5708,-1.5708,0]","[-3.4286702,-0.88978202,1.1705446,-1.834286,1.3320352,-1.455188]","[0.76,-0.06,0.48]",,success,success,成功
43,42,scene_04_near_singularity,20260529,rrt,40085,True,0.01141844000085257,3.8326388960254376,1.3161699691995135,4.0934926664832923e-14,0.01993175472938819,0.002999999999999989,231,80,2.212113038394986e-13,0.0,"[-1.5708,-1.5708,1.5708,-1.5708,-1.5708,0]","[-3.4286702,-0.88978202,1.1705446,-1.834286,1.3320352,-1.455188]","[0.76,-0.06,0.48]",,success,success,成功
44,42,scene_04_near_singularity,20260529,rrt,40086,True,0.008619915002782363,3.8326388960254376,1.3161699691995135,4.0934926664832923e-14,0.01993175472938819,0.002999999999999989,182,80,2.212113038394986e-13,0.0,"[-1.5708,-1.5708,1.5708,-1.5708,-1.5708,0]","[-3.4286702,-0.88978202,1.1705446,-1.834286,1.3320352,-1.455188]","[0.76,-0.06,0.48]",,success,success,成功
45,42,scene_04_near_singularity,20260529,rrt,40087,True,0.008116073004202917,3.8326388960254376,1.3161699691995135,4.0934926664832923e-14,0.01993175472938819,0.002999999999999989,171,80,2.212113038394986e-13,0.0,"[-1.5708,-1.5708,1.5708,-1.5708,-1.5708,0]","[-3.4286702,-0.88978202,1.1705446,-1.834286,1.3320352,-1.455188]","[0.76,-0.06,0.48]",,success,success,成功
46,42,scene_04_near_singularity,20260529,rrt,40088,False,0.9277063120025559,0.0,nan,0.0,nan,nan,6058,0,nan,0.0,"[-1.5708,-1.5708,1.5708,-1.5708,-1.5708,0]","[-3.4286702,-0.88978202,1.1705446,-1.834286,1.3320352,-1.455188]","[0.76,-0.06,0.48]",,max iterations reached,iteration_limit,迭代上限
47,42,scene_04_near_singularity,20260529,rrt,40089,True,0.00794540900096763,3.8326388960254376,1.3161699691995135,4.0934926664832923e-14,0.01993175472938819,0.002999999999999989,166,80,2.212113038394986e-13,0.0,"[-1.5708,-1.5708,1.5708,-1.5708,-1.5708,0]","[-3.4286702,-0.88978202,1.1705446,-1.834286,1.3320352,-1.455188]","[0.76,-0.06,0.48]",,success,success,成功
48,42,scene_04_near_singularity,20260529,rrt,40090,True,0.021565303002716973,3.8326388960254376,1.3161699691995135,4.0934926664832923e-14,0.01993175472938819,0.002999999999999989,406,80,2.212113038394986e-13,0.0,"[-1.5708,-1.5708,1.5708,-1.5708,-1.5708,0]","[-3.4286702,-0.88978202,1.1705446,-1.834286,1.3320352,-1.455188]","[0.76,-0.06,0.48]",,success,success,成功
49,42,scene_04_near_singularity,20260529,rrt,40091,True,0.008430496003711596,3.8326388960254376,1.3161699691995135,4.0934926664832923e-14,0.01993175472938819,0.002999999999999989,176,80,2.212113038394986e-13,0.0,"[-1.5708,-1.5708,1.5708,-1.5708,-1.5708,0]","[-3.4286702,-0.88978202,1.1705446,-1.834286,1.3320352,-1.455188]","[0.76,-0.06,0.48]",,success,success,成功
0,42,scene_04_near_singularity,20260529,rrt_connect,41042,True,0.004551532998448238,3.8326388960254376,1.3161699691995135,4.0934926664832923e-14,0.01993175472938819,0.002999999999999989,102,80,2.212113038394986e-13,0.0,"[-1.5708,-1.5708,1.5708,-1.5708,-1.5708,0]","[-3.4286702,-0.88978202,1.1705446,-1.834286,1.3320352,-1.455188]","[0.76,-0.06,0.48]",,success,success,成功
1,42,scene_04_near_singularity,20260529,rrt_connect,41043,True,0.0045944759986014105,3.8326388960254376,1.3161699691995135,4.0934926664832923e-14,0.01993175472938819,0.002999999999999989,102,80,2.212113038394986e-13,0.0,"[-1.5708,-1.5708,1.5708,-1.5708,-1.5708,0]","[-3.4286702,-0.88978202,1.1705446,-1.834286,1.3320352,-1.455188]","[0.76,-0.06,0.48]",,success,success,成功
2,42,scene_04_near_singularity,20260529,rrt_connect,41044,True,0.004358868995041121,3.8326388960254376,1.3161699691995135,4.0934926664832923e-14,0.01993175472938819,0.002999999999999989,97,80,2.212113038394986e-13,0.0,"[-1.5708,-1.5708,1.5708,-1.5708,-1.5708,0]","[-3.4286702,-0.88978202,1.1705446,-1.834286,1.3320352,-1.455188]","[0.76,-0.06,0.48]",,success,success,成功
3,42,scene_04_near_singularity,20260529,rrt_connect,41045,True,0.004374945005110931,3.8326388960254376,1.3161699691995135,4.0934926664832923e-14,0.01993175472938819,0.002999999999999989,97,80,2.212113038394986e-13,0.0,"[-1.5708,-1.5708,1.5708,-1.5708,-1.5708,0]","[-3.4286702,-0.88978202,1.1705446,-1.834286,1.3320352,-1.455188]","[0.76,-0.06,0.48]",,success,success,成功
4,42,scene_04_near_singularity,20260529,rrt_connect,41046,True,0.0045562250015791506,3.8326388960254376,1.3161699691995135,4.0934926664832923e-14,0.01993175472938819,0.002999999999999989,102,80,2.212113038394986e-13,0.0,"[-1.5708,-1.5708,1.5708,-1.5708,-1.5708,0]","[-3.4286702,-0.88978202,1.1705446,-1.834286,1.3320352,-1.455188]","[0.76,-0.06,0.48]",,success,success,成功
5,42,scene_04_near_singularity,20260529,rrt_connect,41047,True,0.004608322000422049,3.8326388960254376,1.3161699691995135,4.0934926664832923e-14,0.01993175472938819,0.002999999999999989,102,80,2.212113038394986e-13,0.0,"[-1.5708,-1.5708,1.5708,-1.5708,-1.5708,0]","[-3.4286702,-0.88978202,1.1705446,-1.834286,1.3320352,-1.455188]","[0.76,-0.06,0.48]",,success,success,成功
6,42,scene_04_near_singularity,20260529,rrt_connect,41048,True,0.004582247995131183,3.8326388960254376,1.3161699691995135,4.0934926664832923e-14,0.01993175472938819,0.002999999999999989,102,80,2.212113038394986e-13,0.0,"[-1.5708,-1.5708,1.5708,-1.5708,-1.5708,0]","[-3.4286702,-0.88978202,1.1705446,-1.834286,1.3320352,-1.455188]","[0.76,-0.06,0.48]",,success,success,成功
7,42,scene_04_near_singularity,20260529,rrt_connect,41049,True,0.004560434004815761,3.8326388960254376,1.3161699691995135,4.0934926664832923e-14,0.01993175472938819,0.002999999999999989,97,80,2.212113038394986e-13,0.0,"[-1.5708,-1.5708,1.5708,-1.5708,-1.5708,0]","[-3.4286702,-0.88978202,1.1705446,-1.834286,1.3320352,-1.455188]","[0.76,-0.06,0.48]",,success,success,成功
8,42,scene_04_near_singularity,20260529,rrt_connect,41050,True,0.0046150679991114885,3.8326388960254376,1.3161699691995135,4.0934926664832923e-14,0.01993175472938819,0.002999999999999989,102,80,2.212113038394986e-13,0.0,"[-1.5708,-1.5708,1.5708,-1.5708,-1.5708,0]","[-3.4286702,-0.88978202,1.1705446,-1.834286,1.3320352,-1.455188]","[0.76,-0.06,0.48]",,success,success,成功
9,42,scene_04_near_singularity,20260529,rrt_connect,41051,True,0.004551944999548141,3.8326388960254376,1.3161699691995135,4.0934926664832923e-14,0.01993175472938819,0.002999999999999989,102,80,2.212113038394986e-13,0.0,"[-1.5708,-1.5708,1.5708,-1.5708,-1.5708,0]","[-3.4286702,-0.88978202,1.1705446,-1.834286,1.3320352,-1.455188]","[0.76,-0.06,0.48]",,success,success,成功
10,42,scene_04_near_singularity,20260529,rrt_connect,41052,True,0.00445765900076367,3.8326388960254376,1.3161699691995135,4.0934926664832923e-14,0.01993175472938819,0.002999999999999989,97,80,2.212113038394986e-13,0.0,"[-1.5708,-1.5708,1.5708,-1.5708,-1.5708,0]","[-3.4286702,-0.88978202,1.1705446,-1.834286,1.3320352,-1.455188]","[0.76,-0.06,0.48]",,success,success,成功
11,42,scene_04_near_singularity,20260529,rrt_connect,41053,True,0.004337307000241708,3.8326388960254376,1.3161699691995135,4.0934926664832923e-14,0.01993175472938819,0.002999999999999989,97,80,2.212113038394986e-13,0.0,"[-1.5708,-1.5708,1.5708,-1.5708,-1.5708,0]","[-3.4286702,-0.88978202,1.1705446,-1.834286,1.3320352,-1.455188]","[0.76,-0.06,0.48]",,success,success,成功
12,42,scene_04_near_singularity,20260529,rrt_connect,41054,True,0.004633293996448629,3.8326388960254376,1.3161699691995135,4.0934926664832923e-14,0.01993175472938819,0.002999999999999989,97,80,2.212113038394986e-13,0.0,"[-1.5708,-1.5708,1.5708,-1.5708,-1.5708,0]","[-3.4286702,-0.88978202,1.1705446,-1.834286,1.3320352,-1.455188]","[0.76,-0.06,0.48]",,success,success,成功
13,42,scene_04_near_singularity,20260529,rrt_connect,41055,True,0.004517278001003433,3.8326388960254376,1.3161699691995135,4.0934926664832923e-14,0.01993175472938819,0.002999999999999989,97,80,2.212113038394986e-13,0.0,"[-1.5708,-1.5708,1.5708,-1.5708,-1.5708,0]","[-3.4286702,-0.88978202,1.1705446,-1.834286,1.3320352,-1.455188]","[0.76,-0.06,0.48]",,success,success,成功
14,42,scene_04_near_singularity,20260529,rrt_connect,41056,True,0.00459420500556007,3.8326388960254376,1.3161699691995135,4.0934926664832923e-14,0.01993175472938819,0.002999999999999989,102,80,2.212113038394986e-13,0.0,"[-1.5708,-1.5708,1.5708,-1.5708,-1.5708,0]","[-3.4286702,-0.88978202,1.1705446,-1.834286,1.3320352,-1.455188]","[0.76,-0.06,0.48]",,success,success,成功
15,42,scene_04_near_singularity,20260529,rrt_connect,41057,True,0.004341976004070602,3.8326388960254376,1.3161699691995135,4.0934926664832923e-14,0.01993175472938819,0.002999999999999989,97,80,2.212113038394986e-13,0.0,"[-1.5708,-1.5708,1.5708,-1.5708,-1.5708,0]","[-3.4286702,-0.88978202,1.1705446,-1.834286,1.3320352,-1.455188]","[0.76,-0.06,0.48]",,success,success,成功
16,42,scene_04_near_singularity,20260529,rrt_connect,41058,True,0.004653215000871569,3.8326388960254376,1.3161699691995135,4.0934926664832923e-14,0.01993175472938819,0.002999999999999989,102,80,2.212113038394986e-13,0.0,"[-1.5708,-1.5708,1.5708,-1.5708,-1.5708,0]","[-3.4286702,-0.88978202,1.1705446,-1.834286,1.3320352,-1.455188]","[0.76,-0.06,0.48]",,success,success,成功
17,42,scene_04_near_singularity,20260529,rrt_connect,41059,True,0.0050914599996758625,3.8326388960254376,1.3161699691995135,4.0934926664832923e-14,0.01993175472938819,0.002999999999999989,113,80,2.212113038394986e-13,0.0,"[-1.5708,-1.5708,1.5708,-1.5708,-1.5708,0]","[-3.4286702,-0.88978202,1.1705446,-1.834286,1.3320352,-1.455188]","[0.76,-0.06,0.48]",,success,success,成功
18,42,scene_04_near_singularity,20260529,rrt_connect,41060,True,0.004458018003788311,3.8326388960254376,1.3161699691995135,4.0934926664832923e-14,0.01993175472938819,0.002999999999999989,97,80,2.212113038394986e-13,0.0,"[-1.5708,-1.5708,1.5708,-1.5708,-1.5708,0]","[-3.4286702,-0.88978202,1.1705446,-1.834286,1.3320352,-1.455188]","[0.76,-0.06,0.48]",,success,success,成功
19,42,scene_04_near_singularity,20260529,rrt_connect,41061,True,0.004371588998765219,3.8326388960254376,1.3161699691995135,4.0934926664832923e-14,0.01993175472938819,0.002999999999999989,97,80,2.212113038394986e-13,0.0,"[-1.5708,-1.5708,1.5708,-1.5708,-1.5708,0]","[-3.4286702,-0.88978202,1.1705446,-1.834286,1.3320352,-1.455188]","[0.76,-0.06,0.48]",,success,success,成功
20,42,scene_04_near_singularity,20260529,rrt_connect,41062,True,0.004773363994900137,3.8326388960254376,1.3161699691995135,4.0934926664832923e-14,0.01993175472938819,0.002999999999999989,102,80,2.212113038394986e-13,0.0,"[-1.5708,-1.5708,1.5708,-1.5708,-1.5708,0]","[-3.4286702,-0.88978202,1.1705446,-1.834286,1.3320352,-1.455188]","[0.76,-0.06,0.48]",,success,success,成功
21,42,scene_04_near_singularity,20260529,rrt_connect,41063,True,0.004346114998043049,3.8326388960254376,1.3161699691995135,4.0934926664832923e-14,0.01993175472938819,0.002999999999999989,97,80,2.212113038394986e-13,0.0,"[-1.5708,-1.5708,1.5708,-1.5708,-1.5708,0]","[-3.4286702,-0.88978202,1.1705446,-1.834286,1.3320352,-1.455188]","[0.76,-0.06,0.48]",,success,success,成功
22,42,scene_04_near_singularity,20260529,rrt_connect,41064,True,0.004352700998424552,3.8326388960254376,1.3161699691995135,4.0934926664832923e-14,0.01993175472938819,0.002999999999999989,97,80,2.212113038394986e-13,0.0,"[-1.5708,-1.5708,1.5708,-1.5708,-1.5708,0]","[-3.4286702,-0.88978202,1.1705446,-1.834286,1.3320352,-1.455188]","[0.76,-0.06,0.48]",,success,success,成功
23,42,scene_04_near_singularity,20260529,rrt_connect,41065,True,0.004312591001507826,3.8326388960254376,1.3161699691995135,4.0934926664832923e-14,0.01993175472938819,0.002999999999999989,97,80,2.212113038394986e-13,0.0,"[-1.5708,-1.5708,1.5708,-1.5708,-1.5708,0]","[-3.4286702,-0.88978202,1.1705446,-1.834286,1.3320352,-1.455188]","[0.76,-0.06,0.48]",,success,success,成功
24,42,scene_04_near_singularity,20260529,rrt_connect,41066,True,0.004360286999144591,3.8326388960254376,1.3161699691995135,4.0934926664832923e-14,0.01993175472938819,0.002999999999999989,97,80,2.212113038394986e-13,0.0,"[-1.5708,-1.5708,1.5708,-1.5708,-1.5708,0]","[-3.4286702,-0.88978202,1.1705446,-1.834286,1.3320352,-1.455188]","[0.76,-0.06,0.48]",,success,success,成功
25,42,scene_04_near_singularity,20260529,rrt_connect,41067,True,0.007023819001915399,3.8326388960254376,1.3161699691995135,4.0934926664832923e-14,0.01993175472938819,0.002999999999999989,102,80,2.212113038394986e-13,0.0,"[-1.5708,-1.5708,1.5708,-1.5708,-1.5708,0]","[-3.4286702,-0.88978202,1.1705446,-1.834286,1.3320352,-1.455188]","[0.76,-0.06,0.48]",,success,success,成功
26,42,scene_04_near_singularity,20260529,rrt_connect,41068,True,0.004993643000489101,3.8326388960254376,1.3161699691995135,4.0934926664832923e-14,0.01993175472938819,0.002999999999999989,97,80,2.212113038394986e-13,0.0,"[-1.5708,-1.5708,1.5708,-1.5708,-1.5708,0]","[-3.4286702,-0.88978202,1.1705446,-1.834286,1.3320352,-1.455188]","[0.76,-0.06,0.48]",,success,success,成功
27,42,scene_04_near_singularity,20260529,rrt_connect,41069,True,0.004348828995716758,3.8326388960254376,1.3161699691995135,4.0934926664832923e-14,0.01993175472938819,0.002999999999999989,97,80,2.212113038394986e-13,0.0,"[-1.5708,-1.5708,1.5708,-1.5708,-1.5708,0]","[-3.4286702,-0.88978202,1.1705446,-1.834286,1.3320352,-1.455188]","[0.76,-0.06,0.48]",,success,success,成功
28,42,scene_04_near_singularity,20260529,rrt_connect,41070,True,0.004363093001302332,3.8326388960254376,1.3161699691995135,4.0934926664832923e-14,0.01993175472938819,0.002999999999999989,97,80,2.212113038394986e-13,0.0,"[-1.5708,-1.5708,1.5708,-1.5708,-1.5708,0]","[-3.4286702,-0.88978202,1.1705446,-1.834286,1.3320352,-1.455188]","[0.76,-0.06,0.48]",,success,success,成功
29,42,scene_04_near_singularity,20260529,rrt_connect,41071,True,0.0044017620020895265,3.8326388960254376,1.3161699691995135,4.0934926664832923e-14,0.01993175472938819,0.002999999999999989,97,80,2.212113038394986e-13,0.0,"[-1.5708,-1.5708,1.5708,-1.5708,-1.5708,0]","[-3.4286702,-0.88978202,1.1705446,-1.834286,1.3320352,-1.455188]","[0.76,-0.06,0.48]",,success,success,成功
30,42,scene_04_near_singularity,20260529,rrt_connect,41072,True,0.004563353999401443,3.8326388960254376,1.3161699691995135,4.0934926664832923e-14,0.01993175472938819,0.002999999999999989,102,80,2.212113038394986e-13,0.0,"[-1.5708,-1.5708,1.5708,-1.5708,-1.5708,0]","[-3.4286702,-0.88978202,1.1705446,-1.834286,1.3320352,-1.455188]","[0.76,-0.06,0.48]",,success,success,成功
31,42,scene_04_near_singularity,20260529,rrt_connect,41073,True,0.004557676998956595,3.8326388960254376,1.3161699691995135,4.0934926664832923e-14,0.01993175472938819,0.002999999999999989,102,80,2.212113038394986e-13,0.0,"[-1.5708,-1.5708,1.5708,-1.5708,-1.5708,0]","[-3.4286702,-0.88978202,1.1705446,-1.834286,1.3320352,-1.455188]","[0.76,-0.06,0.48]",,success,success,成功
32,42,scene_04_near_singularity,20260529,rrt_connect,41074,True,0.0045537979967775755,3.8326388960254376,1.3161699691995135,4.0934926664832923e-14,0.01993175472938819,0.002999999999999989,97,80,2.212113038394986e-13,0.0,"[-1.5708,-1.5708,1.5708,-1.5708,-1.5708,0]","[-3.4286702,-0.88978202,1.1705446,-1.834286,1.3320352,-1.455188]","[0.76,-0.06,0.48]",,success,success,成功
33,42,scene_04_near_singularity,20260529,rrt_connect,41075,True,0.004523411000263877,3.8326388960254376,1.3161699691995135,4.0934926664832923e-14,0.01993175472938819,0.002999999999999989,97,80,2.212113038394986e-13,0.0,"[-1.5708,-1.5708,1.5708,-1.5708,-1.5708,0]","[-3.4286702,-0.88978202,1.1705446,-1.834286,1.3320352,-1.455188]","[0.76,-0.06,0.48]",,success,success,成功
34,42,scene_04_near_singularity,20260529,rrt_connect,41076,True,0.004558305998216383,3.8326388960254376,1.3161699691995135,4.0934926664832923e-14,0.01993175472938819,0.002999999999999989,102,80,2.212113038394986e-13,0.0,"[-1.5708,-1.5708,1.5708,-1.5708,-1.5708,0]","[-3.4286702,-0.88978202,1.1705446,-1.834286,1.3320352,-1.455188]","[0.76,-0.06,0.48]",,success,success,成功
35,42,scene_04_near_singularity,20260529,rrt_connect,41077,True,0.0046311199985211715,3.8326388960254376,1.3161699691995135,4.0934926664832923e-14,0.01993175472938819,0.002999999999999989,102,80,2.212113038394986e-13,0.0,"[-1.5708,-1.5708,1.5708,-1.5708,-1.5708,0]","[-3.4286702,-0.88978202,1.1705446,-1.834286,1.3320352,-1.455188]","[0.76,-0.06,0.48]",,success,success,成功
36,42,scene_04_near_singularity,20260529,rrt_connect,41078,True,0.004633584001567215,3.8326388960254376,1.3161699691995135,4.0934926664832923e-14,0.01993175472938819,0.002999999999999989,102,80,2.212113038394986e-13,0.0,"[-1.5708,-1.5708,1.5708,-1.5708,-1.5708,0]","[-3.4286702,-0.88978202,1.1705446,-1.834286,1.3320352,-1.455188]","[0.76,-0.06,0.48]",,success,success,成功
37,42,scene_04_near_singularity,20260529,rrt_connect,41079,True,0.004654430005757604,3.8326388960254376,1.3161699691995135,4.0934926664832923e-14,0.01993175472938819,0.002999999999999989,102,80,2.212113038394986e-13,0.0,"[-1.5708,-1.5708,1.5708,-1.5708,-1.5708,0]","[-3.4286702,-0.88978202,1.1705446,-1.834286,1.3320352,-1.455188]","[0.76,-0.06,0.48]",,success,success,成功
38,42,scene_04_near_singularity,20260529,rrt_connect,41080,True,0.004814489002455957,3.8326388960254376,1.3161699691995135,4.0934926664832923e-14,0.01993175472938819,0.002999999999999989,97,80,2.212113038394986e-13,0.0,"[-1.5708,-1.5708,1.5708,-1.5708,-1.5708,0]","[-3.4286702,-0.88978202,1.1705446,-1.834286,1.3320352,-1.455188]","[0.76,-0.06,0.48]",,success,success,成功
39,42,scene_04_near_singularity,20260529,rrt_connect,41081,True,0.004597312996338587,3.8326388960254376,1.3161699691995135,4.0934926664832923e-14,0.01993175472938819,0.002999999999999989,97,80,2.212113038394986e-13,0.0,"[-1.5708,-1.5708,1.5708,-1.5708,-1.5708,0]","[-3.4286702,-0.88978202,1.1705446,-1.834286,1.3320352,-1.455188]","[0.76,-0.06,0.48]",,success,success,成功
40,42,scene_04_near_singularity,20260529,rrt_connect,41082,True,0.004463033001229633,3.8326388960254376,1.3161699691995135,4.0934926664832923e-14,0.01993175472938819,0.002999999999999989,97,80,2.212113038394986e-13,0.0,"[-1.5708,-1.5708,1.5708,-1.5708,-1.5708,0]","[-3.4286702,-0.88978202,1.1705446,-1.834286,1.3320352,-1.455188]","[0.76,-0.06,0.48]",,success,success,成功
41,42,scene_04_near_singularity,20260529,rrt_connect,41083,True,0.0047931190056260675,3.8326388960254376,1.3161699691995135,4.0934926664832923e-14,0.01993175472938819,0.002999999999999989,102,80,2.212113038394986e-13,0.0,"[-1.5708,-1.5708,1.5708,-1.5708,-1.5708,0]","[-3.4286702,-0.88978202,1.1705446,-1.834286,1.3320352,-1.455188]","[0.76,-0.06,0.48]",,success,success,成功
42,42,scene_04_near_singularity,20260529,rrt_connect,41084,True,0.006993164999585133,3.8326388960254376,1.3161699691995135,4.0934926664832923e-14,0.01993175472938819,0.002999999999999989,97,80,2.212113038394986e-13,0.0,"[-1.5708,-1.5708,1.5708,-1.5708,-1.5708,0]","[-3.4286702,-0.88978202,1.1705446,-1.834286,1.3320352,-1.455188]","[0.76,-0.06,0.48]",,success,success,成功
43,42,scene_04_near_singularity,20260529,rrt_connect,41085,True,0.005021400997065939,3.8326388960254376,1.3161699691995135,4.0934926664832923e-14,0.01993175472938819,0.002999999999999989,102,80,2.212113038394986e-13,0.0,"[-1.5708,-1.5708,1.5708,-1.5708,-1.5708,0]","[-3.4286702,-0.88978202,1.1705446,-1.834286,1.3320352,-1.455188]","[0.76,-0.06,0.48]",,success,success,成功
44,42,scene_04_near_singularity,20260529,rrt_connect,41086,True,0.004624298002454452,3.8326388960254376,1.3161699691995135,4.0934926664832923e-14,0.01993175472938819,0.002999999999999989,102,80,2.212113038394986e-13,0.0,"[-1.5708,-1.5708,1.5708,-1.5708,-1.5708,0]","[-3.4286702,-0.88978202,1.1705446,-1.834286,1.3320352,-1.455188]","[0.76,-0.06,0.48]",,success,success,成功
45,42,scene_04_near_singularity,20260529,rrt_connect,41087,True,0.004844848997890949,3.8326388960254376,1.3161699691995135,4.0934926664832923e-14,0.01993175472938819,0.002999999999999989,102,80,2.212113038394986e-13,0.0,"[-1.5708,-1.5708,1.5708,-1.5708,-1.5708,0]","[-3.4286702,-0.88978202,1.1705446,-1.834286,1.3320352,-1.455188]","[0.76,-0.06,0.48]",,success,success,成功
46,42,scene_04_near_singularity,20260529,rrt_connect,41088,True,0.006902281995280646,3.8326388960254376,1.3161699691995135,4.0934926664832923e-14,0.01993175472938819,0.002999999999999989,102,80,2.212113038394986e-13,0.0,"[-1.5708,-1.5708,1.5708,-1.5708,-1.5708,0]","[-3.4286702,-0.88978202,1.1705446,-1.834286,1.3320352,-1.455188]","[0.76,-0.06,0.48]",,success,success,成功
47,42,scene_04_near_singularity,20260529,rrt_connect,41089,True,0.004946508001012262,3.8326388960254376,1.3161699691995135,4.0934926664832923e-14,0.01993175472938819,0.002999999999999989,97,80,2.212113038394986e-13,0.0,"[-1.5708,-1.5708,1.5708,-1.5708,-1.5708,0]","[-3.4286702,-0.88978202,1.1705446,-1.834286,1.3320352,-1.455188]","[0.76,-0.06,0.48]",,success,success,成功
48,42,scene_04_near_singularity,20260529,rrt_connect,41090,True,0.004385013999126386,3.8326388960254376,1.3161699691995135,4.0934926664832923e-14,0.01993175472938819,0.002999999999999989,97,80,2.212113038394986e-13,0.0,"[-1.5708,-1.5708,1.5708,-1.5708,-1.5708,0]","[-3.4286702,-0.88978202,1.1705446,-1.834286,1.3320352,-1.455188]","[0.76,-0.06,0.48]",,success,success,成功
49,42,scene_04_near_singularity,20260529,rrt_connect,41091,True,0.004661208993638866,3.8326388960254376,1.3161699691995135,4.0934926664832923e-14,0.01993175472938819,0.002999999999999989,97,80,2.212113038394986e-13,0.0,"[-1.5708,-1.5708,1.5708,-1.5708,-1.5708,0]","[-3.4286702,-0.88978202,1.1705446,-1.834286,1.3320352,-1.455188]","[0.76,-0.06,0.48]",,success,success,成功
0,42,scene_04_near_singularity,20260529,prm,42042,True,4.697983723002835,3.8326388960254376,1.3161699691995135,4.0934926664832923e-14,0.01993175472938819,0.002999999999999989,119278,80,2.212113038394986e-13,0.0,"[-1.5708,-1.5708,1.5708,-1.5708,-1.5708,0]","[-3.4286702,-0.88978202,1.1705446,-1.834286,1.3320352,-1.455188]","[0.76,-0.06,0.48]",,success,success,成功
1,42,scene_04_near_singularity,20260529,prm,42043,True,4.731950730005337,3.8326388960254376,1.3161699691995135,4.0934926664832923e-14,0.01993175472938819,0.002999999999999989,121923,80,2.212113038394986e-13,0.0,"[-1.5708,-1.5708,1.5708,-1.5708,-1.5708,0]","[-3.4286702,-0.88978202,1.1705446,-1.834286,1.3320352,-1.455188]","[0.76,-0.06,0.48]",,success,success,成功
2,42,scene_04_near_singularity,20260529,prm,42044,True,4.8211252669934765,3.8326388960254376,1.3161699691995135,4.0934926664832923e-14,0.01993175472938819,0.002999999999999989,120185,80,2.212113038394986e-13,0.0,"[-1.5708,-1.5708,1.5708,-1.5708,-1.5708,0]","[-3.4286702,-0.88978202,1.1705446,-1.834286,1.3320352,-1.455188]","[0.76,-0.06,0.48]",,success,success,成功
3,42,scene_04_near_singularity,20260529,prm,42045,True,4.643563008001365,3.8326388960254376,1.3161699691995135,4.0934926664832923e-14,0.01993175472938819,0.002999999999999989,122414,80,2.212113038394986e-13,0.0,"[-1.5708,-1.5708,1.5708,-1.5708,-1.5708,0]","[-3.4286702,-0.88978202,1.1705446,-1.834286,1.3320352,-1.455188]","[0.76,-0.06,0.48]",,success,success,成功
4,42,scene_04_near_singularity,20260529,prm,42046,True,4.416486500005703,3.8326388960254376,1.3161699691995135,4.0934926664832923e-14,0.01993175472938819,0.002999999999999989,117097,80,2.212113038394986e-13,0.0,"[-1.5708,-1.5708,1.5708,-1.5708,-1.5708,0]","[-3.4286702,-0.88978202,1.1705446,-1.834286,1.3320352,-1.455188]","[0.76,-0.06,0.48]",,success,success,成功
5,42,scene_04_near_singularity,20260529,prm,42047,True,4.465086971002165,3.8326388960254376,1.3161699691995135,4.0934926664832923e-14,0.01993175472938819,0.002999999999999989,118798,80,2.212113038394986e-13,0.0,"[-1.5708,-1.5708,1.5708,-1.5708,-1.5708,0]","[-3.4286702,-0.88978202,1.1705446,-1.834286,1.3320352,-1.455188]","[0.76,-0.06,0.48]",,success,success,成功
6,42,scene_04_near_singularity,20260529,prm,42048,True,4.6385689660019125,3.8326388960254376,1.3161699691995135,4.0934926664832923e-14,0.01993175472938819,0.002999999999999989,118871,80,2.212113038394986e-13,0.0,"[-1.5708,-1.5708,1.5708,-1.5708,-1.5708,0]","[-3.4286702,-0.88978202,1.1705446,-1.834286,1.3320352,-1.455188]","[0.76,-0.06,0.48]",,success,success,成功
7,42,scene_04_near_singularity,20260529,prm,42049,True,4.7061550700018415,3.8326388960254376,1.3161699691995135,4.0934926664832923e-14,0.01993175472938819,0.002999999999999989,110935,80,2.212113038394986e-13,0.0,"[-1.5708,-1.5708,1.5708,-1.5708,-1.5708,0]","[-3.4286702,-0.88978202,1.1705446,-1.834286,1.3320352,-1.455188]","[0.76,-0.06,0.48]",,success,success,成功
8,42,scene_04_near_singularity,20260529,prm,42050,True,4.6952931890045875,3.8326388960254376,1.3161699691995135,4.0934926664832923e-14,0.01993175472938819,0.002999999999999989,123658,80,2.212113038394986e-13,0.0,"[-1.5708,-1.5708,1.5708,-1.5708,-1.5708,0]","[-3.4286702,-0.88978202,1.1705446,-1.834286,1.3320352,-1.455188]","[0.76,-0.06,0.48]",,success,success,成功
9,42,scene_04_near_singularity,20260529,prm,42051,True,4.354634791001445,3.8326388960254376,1.3161699691995135,4.0934926664832923e-14,0.01993175472938819,0.002999999999999989,111352,80,2.212113038394986e-13,0.0,"[-1.5708,-1.5708,1.5708,-1.5708,-1.5708,0]","[-3.4286702,-0.88978202,1.1705446,-1.834286,1.3320352,-1.455188]","[0.76,-0.06,0.48]",,success,success,成功
10,42,scene_04_near_singularity,20260529,prm,42052,True,4.315428706002422,3.8326388960254376,1.3161699691995135,4.0934926664832923e-14,0.01993175472938819,0.002999999999999989,115624,80,2.212113038394986e-13,0.0,"[-1.5708,-1.5708,1.5708,-1.5708,-1.5708,0]","[-3.4286702,-0.88978202,1.1705446,-1.834286,1.3320352,-1.455188]","[0.76,-0.06,0.48]",,success,success,成功
11,42,scene_04_near_singularity,20260529,prm,42053,True,4.573773853000603,3.8326388960254376,1.3161699691995135,4.0934926664832923e-14,0.01993175472938819,0.002999999999999989,120601,80,2.212113038394986e-13,0.0,"[-1.5708,-1.5708,1.5708,-1.5708,-1.5708,0]","[-3.4286702,-0.88978202,1.1705446,-1.834286,1.3320352,-1.455188]","[0.76,-0.06,0.48]",,success,success,成功
12,42,scene_04_near_singularity,20260529,prm,42054,True,4.487639017999754,3.8326388960254376,1.3161699691995135,4.0934926664832923e-14,0.01993175472938819,0.002999999999999989,119482,80,2.212113038394986e-13,0.0,"[-1.5708,-1.5708,1.5708,-1.5708,-1.5708,0]","[-3.4286702,-0.88978202,1.1705446,-1.834286,1.3320352,-1.455188]","[0.76,-0.06,0.48]",,success,success,成功
13,42,scene_04_near_singularity,20260529,prm,42055,True,4.483382140999311,3.8326388960254376,1.3161699691995135,4.0934926664832923e-14,0.01993175472938819,0.002999999999999989,118490,80,2.212113038394986e-13,0.0,"[-1.5708,-1.5708,1.5708,-1.5708,-1.5708,0]","[-3.4286702,-0.88978202,1.1705446,-1.834286,1.3320352,-1.455188]","[0.76,-0.06,0.48]",,success,success,成功
14,42,scene_04_near_singularity,20260529,prm,42056,True,4.447471858999052,3.8326388960254376,1.3161699691995135,4.0934926664832923e-14,0.01993175472938819,0.002999999999999989,117030,80,2.212113038394986e-13,0.0,"[-1.5708,-1.5708,1.5708,-1.5708,-1.5708,0]","[-3.4286702,-0.88978202,1.1705446,-1.834286,1.3320352,-1.455188]","[0.76,-0.06,0.48]",,success,success,成功
15,42,scene_04_near_singularity,20260529,prm,42057,True,4.6602557270016405,3.8326388960254376,1.3161699691995135,4.0934926664832923e-14,0.01993175472938819,0.002999999999999989,122570,80,2.212113038394986e-13,0.0,"[-1.5708,-1.5708,1.5708,-1.5708,-1.5708,0]","[-3.4286702,-0.88978202,1.1705446,-1.834286,1.3320352,-1.455188]","[0.76,-0.06,0.48]",,success,success,成功
16,42,scene_04_near_singularity,20260529,prm,42058,True,4.51833560000523,3.8326388960254376,1.3161699691995135,4.0934926664832923e-14,0.01993175472938819,0.002999999999999989,120088,80,2.212113038394986e-13,0.0,"[-1.5708,-1.5708,1.5708,-1.5708,-1.5708,0]","[-3.4286702,-0.88978202,1.1705446,-1.834286,1.3320352,-1.455188]","[0.76,-0.06,0.48]",,success,success,成功
17,42,scene_04_near_singularity,20260529,prm,42059,True,4.721198811996146,3.8326388960254376,1.3161699691995135,4.0934926664832923e-14,0.01993175472938819,0.002999999999999989,122543,80,2.212113038394986e-13,0.0,"[-1.5708,-1.5708,1.5708,-1.5708,-1.5708,0]","[-3.4286702,-0.88978202,1.1705446,-1.834286,1.3320352,-1.455188]","[0.76,-0.06,0.48]",,success,success,成功
18,42,scene_04_near_singularity,20260529,prm,42060,True,4.26405553999939,3.8326388960254376,1.3161699691995135,4.0934926664832923e-14,0.01993175472938819,0.002999999999999989,113941,80,2.212113038394986e-13,0.0,"[-1.5708,-1.5708,1.5708,-1.5708,-1.5708,0]","[-3.4286702,-0.88978202,1.1705446,-1.834286,1.3320352,-1.455188]","[0.76,-0.06,0.48]",,success,success,成功
19,42,scene_04_near_singularity,20260529,prm,42061,True,4.774937668000348,3.8326388960254376,1.3161699691995135,4.0934926664832923e-14,0.01993175472938819,0.002999999999999989,125247,80,2.212113038394986e-13,0.0,"[-1.5708,-1.5708,1.5708,-1.5708,-1.5708,0]","[-3.4286702,-0.88978202,1.1705446,-1.834286,1.3320352,-1.455188]","[0.76,-0.06,0.48]",,success,success,成功
20,42,scene_04_near_singularity,20260529,prm,42062,True,4.720391582995944,3.8326388960254376,1.3161699691995135,4.0934926664832923e-14,0.01993175472938819,0.002999999999999989,123597,80,2.212113038394986e-13,0.0,"[-1.5708,-1.5708,1.5708,-1.5708,-1.5708,0]","[-3.4286702,-0.88978202,1.1705446,-1.834286,1.3320352,-1.455188]","[0.76,-0.06,0.48]",,success,success,成功
21,42,scene_04_near_singularity,20260529,prm,42063,True,4.5325900399984675,3.8326388960254376,1.3161699691995135,4.0934926664832923e-14,0.01993175472938819,0.002999999999999989,111458,80,2.212113038394986e-13,0.0,"[-1.5708,-1.5708,1.5708,-1.5708,-1.5708,0]","[-3.4286702,-0.88978202,1.1705446,-1.834286,1.3320352,-1.455188]","[0.76,-0.06,0.48]",,success,success,成功
22,42,scene_04_near_singularity,20260529,prm,42064,True,4.639369905002241,3.8326388960254376,1.3161699691995135,4.0934926664832923e-14,0.01993175472938819,0.002999999999999989,122932,80,2.212113038394986e-13,0.0,"[-1.5708,-1.5708,1.5708,-1.5708,-1.5708,0]","[-3.4286702,-0.88978202,1.1705446,-1.834286,1.3320352,-1.455188]","[0.76,-0.06,0.48]",,success,success,成功
23,42,scene_04_near_singularity,20260529,prm,42065,True,4.828839789995982,3.8326388960254376,1.3161699691995135,4.0934926664832923e-14,0.01993175472938819,0.002999999999999989,118608,80,2.212113038394986e-13,0.0,"[-1.5708,-1.5708,1.5708,-1.5708,-1.5708,0]","[-3.4286702,-0.88978202,1.1705446,-1.834286,1.3320352,-1.455188]","[0.76,-0.06,0.48]",,success,success,成功
24,42,scene_04_near_singularity,20260529,prm,42066,True,4.796042681999097,3.8326388960254376,1.3161699691995135,4.0934926664832923e-14,0.01993175472938819,0.002999999999999989,123885,80,2.212113038394986e-13,0.0,"[-1.5708,-1.5708,1.5708,-1.5708,-1.5708,0]","[-3.4286702,-0.88978202,1.1705446,-1.834286,1.3320352,-1.455188]","[0.76,-0.06,0.48]",,success,success,成功
25,42,scene_04_near_singularity,20260529,prm,42067,True,4.674958488001721,3.8326388960254376,1.3161699691995135,4.0934926664832923e-14,0.01993175472938819,0.002999999999999989,122138,80,2.212113038394986e-13,0.0,"[-1.5708,-1.5708,1.5708,-1.5708,-1.5708,0]","[-3.4286702,-0.88978202,1.1705446,-1.834286,1.3320352,-1.455188]","[0.76,-0.06,0.48]",,success,success,成功
26,42,scene_04_near_singularity,20260529,prm,42068,True,4.571998810999503,3.8326388960254376,1.3161699691995135,4.0934926664832923e-14,0.01993175472938819,0.002999999999999989,117423,80,2.212113038394986e-13,0.0,"[-1.5708,-1.5708,1.5708,-1.5708,-1.5708,0]","[-3.4286702,-0.88978202,1.1705446,-1.834286,1.3320352,-1.455188]","[0.76,-0.06,0.48]",,success,success,成功
27,42,scene_04_near_singularity,20260529,prm,42069,True,4.478823854995426,3.8326388960254376,1.3161699691995135,4.0934926664832923e-14,0.01993175472938819,0.002999999999999989,118832,80,2.212113038394986e-13,0.0,"[-1.5708,-1.5708,1.5708,-1.5708,-1.5708,0]","[-3.4286702,-0.88978202,1.1705446,-1.834286,1.3320352,-1.455188]","[0.76,-0.06,0.48]",,success,success,成功
28,42,scene_04_near_singularity,20260529,prm,42070,True,4.601563857999281,3.8326388960254376,1.3161699691995135,4.0934926664832923e-14,0.01993175472938819,0.002999999999999989,119004,80,2.212113038394986e-13,0.0,"[-1.5708,-1.5708,1.5708,-1.5708,-1.5708,0]","[-3.4286702,-0.88978202,1.1705446,-1.834286,1.3320352,-1.455188]","[0.76,-0.06,0.48]",,success,success,成功
29,42,scene_04_near_singularity,20260529,prm,42071,True,4.3532372699992266,3.8326388960254376,1.3161699691995135,4.0934926664832923e-14,0.01993175472938819,0.002999999999999989,114406,80,2.212113038394986e-13,0.0,"[-1.5708,-1.5708,1.5708,-1.5708,-1.5708,0]","[-3.4286702,-0.88978202,1.1705446,-1.834286,1.3320352,-1.455188]","[0.76,-0.06,0.48]",,success,success,成功
30,42,scene_04_near_singularity,20260529,prm,42072,True,4.3031104800029425,3.8326388960254376,1.3161699691995135,4.0934926664832923e-14,0.01993175472938819,0.002999999999999989,113209,80,2.212113038394986e-13,0.0,"[-1.5708,-1.5708,1.5708,-1.5708,-1.5708,0]","[-3.4286702,-0.88978202,1.1705446,-1.834286,1.3320352,-1.455188]","[0.76,-0.06,0.48]",,success,success,成功
31,42,scene_04_near_singularity,20260529,prm,42073,True,4.575543333005044,3.8326388960254376,1.3161699691995135,4.0934926664832923e-14,0.01993175472938819,0.002999999999999989,119929,80,2.212113038394986e-13,0.0,"[-1.5708,-1.5708,1.5708,-1.5708,-1.5708,0]","[-3.4286702,-0.88978202,1.1705446,-1.834286,1.3320352,-1.455188]","[0.76,-0.06,0.48]",,success,success,成功
32,42,scene_04_near_singularity,20260529,prm,42074,True,4.427221188998374,3.8326388960254376,1.3161699691995135,4.0934926664832923e-14,0.01993175472938819,0.002999999999999989,116661,80,2.212113038394986e-13,0.0,"[-1.5708,-1.5708,1.5708,-1.5708,-1.5708,0]","[-3.4286702,-0.88978202,1.1705446,-1.834286,1.3320352,-1.455188]","[0.76,-0.06,0.48]",,success,success,成功
33,42,scene_04_near_singularity,20260529,prm,42075,True,4.681491695999284,3.8326388960254376,1.3161699691995135,4.0934926664832923e-14,0.01993175472938819,0.002999999999999989,119306,80,2.212113038394986e-13,0.0,"[-1.5708,-1.5708,1.5708,-1.5708,-1.5708,0]","[-3.4286702,-0.88978202,1.1705446,-1.834286,1.3320352,-1.455188]","[0.76,-0.06,0.48]",,success,success,成功
34,42,scene_04_near_singularity,20260529,prm,42076,True,4.539800128004572,3.8326388960254376,1.3161699691995135,4.0934926664832923e-14,0.01993175472938819,0.002999999999999989,117788,80,2.212113038394986e-13,0.0,"[-1.5708,-1.5708,1.5708,-1.5708,-1.5708,0]","[-3.4286702,-0.88978202,1.1705446,-1.834286,1.3320352,-1.455188]","[0.76,-0.06,0.48]",,success,success,成功
35,42,scene_04_near_singularity,20260529,prm,42077,True,4.63010162399587,3.8326388960254376,1.3161699691995135,4.0934926664832923e-14,0.01993175472938819,0.002999999999999989,122113,80,2.212113038394986e-13,0.0,"[-1.5708,-1.5708,1.5708,-1.5708,-1.5708,0]","[-3.4286702,-0.88978202,1.1705446,-1.834286,1.3320352,-1.455188]","[0.76,-0.06,0.48]",,success,success,成功
36,42,scene_04_near_singularity,20260529,prm,42078,True,4.594480746003683,3.8326388960254376,1.3161699691995135,4.0934926664832923e-14,0.01993175472938819,0.002999999999999989,120593,80,2.212113038394986e-13,0.0,"[-1.5708,-1.5708,1.5708,-1.5708,-1.5708,0]","[-3.4286702,-0.88978202,1.1705446,-1.834286,1.3320352,-1.455188]","[0.76,-0.06,0.48]",,success,success,成功
37,42,scene_04_near_singularity,20260529,prm,42079,True,4.569801101999474,3.8326388960254376,1.3161699691995135,4.0934926664832923e-14,0.01993175472938819,0.002999999999999989,120223,80,2.212113038394986e-13,0.0,"[-1.5708,-1.5708,1.5708,-1.5708,-1.5708,0]","[-3.4286702,-0.88978202,1.1705446,-1.834286,1.3320352,-1.455188]","[0.76,-0.06,0.48]",,success,success,成功
38,42,scene_04_near_singularity,20260529,prm,42080,True,4.520667785000114,3.8326388960254376,1.3161699691995135,4.0934926664832923e-14,0.01993175472938819,0.002999999999999989,118923,80,2.212113038394986e-13,0.0,"[-1.5708,-1.5708,1.5708,-1.5708,-1.5708,0]","[-3.4286702,-0.88978202,1.1705446,-1.834286,1.3320352,-1.455188]","[0.76,-0.06,0.48]",,success,success,成功
39,42,scene_04_near_singularity,20260529,prm,42081,True,4.64846517299884,3.8326388960254376,1.3161699691995135,4.0934926664832923e-14,0.01993175472938819,0.002999999999999989,122745,80,2.212113038394986e-13,0.0,"[-1.5708,-1.5708,1.5708,-1.5708,-1.5708,0]","[-3.4286702,-0.88978202,1.1705446,-1.834286,1.3320352,-1.455188]","[0.76,-0.06,0.48]",,success,success,成功
40,42,scene_04_near_singularity,20260529,prm,42082,True,4.725633984999149,3.8326388960254376,1.3161699691995135,4.0934926664832923e-14,0.01993175472938819,0.002999999999999989,123964,80,2.212113038394986e-13,0.0,"[-1.5708,-1.5708,1.5708,-1.5708,-1.5708,0]","[-3.4286702,-0.88978202,1.1705446,-1.834286,1.3320352,-1.455188]","[0.76,-0.06,0.48]",,success,success,成功
41,42,scene_04_near_singularity,20260529,prm,42083,True,4.647938661000808,3.8326388960254376,1.3161699691995135,4.0934926664832923e-14,0.01993175472938819,0.002999999999999989,121590,80,2.212113038394986e-13,0.0,"[-1.5708,-1.5708,1.5708,-1.5708,-1.5708,0]","[-3.4286702,-0.88978202,1.1705446,-1.834286,1.3320352,-1.455188]","[0.76,-0.06,0.48]",,success,success,成功
42,42,scene_04_near_singularity,20260529,prm,42084,True,4.403929182997672,3.8326388960254376,1.3161699691995135,4.0934926664832923e-14,0.01993175472938819,0.002999999999999989,115021,80,2.212113038394986e-13,0.0,"[-1.5708,-1.5708,1.5708,-1.5708,-1.5708,0]","[-3.4286702,-0.88978202,1.1705446,-1.834286,1.3320352,-1.455188]","[0.76,-0.06,0.48]",,success,success,成功
43,42,scene_04_near_singularity,20260529,prm,42085,True,4.6819457310048165,3.8326388960254376,1.3161699691995135,4.0934926664832923e-14,0.01993175472938819,0.002999999999999989,120054,80,2.212113038394986e-13,0.0,"[-1.5708,-1.5708,1.5708,-1.5708,-1.5708,0]","[-3.4286702,-0.88978202,1.1705446,-1.834286,1.3320352,-1.455188]","[0.76,-0.06,0.48]",,success,success,成功
44,42,scene_04_near_singularity,20260529,prm,42086,True,4.5952379559967085,3.8326388960254376,1.3161699691995135,4.0934926664832923e-14,0.01993175472938819,0.002999999999999989,118653,80,2.212113038394986e-13,0.0,"[-1.5708,-1.5708,1.5708,-1.5708,-1.5708,0]","[-3.4286702,-0.88978202,1.1705446,-1.834286,1.3320352,-1.455188]","[0.76,-0.06,0.48]",,success,success,成功
45,42,scene_04_near_singularity,20260529,prm,42087,True,4.63361081500625,3.8326388960254376,1.3161699691995135,4.0934926664832923e-14,0.01993175472938819,0.002999999999999989,119811,80,2.212113038394986e-13,0.0,"[-1.5708,-1.5708,1.5708,-1.5708,-1.5708,0]","[-3.4286702,-0.88978202,1.1705446,-1.834286,1.3320352,-1.455188]","[0.76,-0.06,0.48]",,success,success,成功
46,42,scene_04_near_singularity,20260529,prm,42088,True,4.498089811000682,3.8326388960254376,1.3161699691995135,4.0934926664832923e-14,0.01993175472938819,0.002999999999999989,116790,80,2.212113038394986e-13,0.0,"[-1.5708,-1.5708,1.5708,-1.5708,-1.5708,0]","[-3.4286702,-0.88978202,1.1705446,-1.834286,1.3320352,-1.455188]","[0.76,-0.06,0.48]",,success,success,成功
47,42,scene_04_near_singularity,20260529,prm,42089,True,4.589313992000825,3.8326388960254376,1.3161699691995135,4.0934926664832923e-14,0.01993175472938819,0.002999999999999989,121777,80,2.212113038394986e-13,0.0,"[-1.5708,-1.5708,1.5708,-1.5708,-1.5708,0]","[-3.4286702,-0.88978202,1.1705446,-1.834286,1.3320352,-1.455188]","[0.76,-0.06,0.48]",,success,success,成功
48,42,scene_04_near_singularity,20260529,prm,42090,True,5.255245050997473,3.8326388960254376,1.3161699691995135,4.0934926664832923e-14,0.01993175472938819,0.002999999999999989,123556,80,2.212113038394986e-13,0.0,"[-1.5708,-1.5708,1.5708,-1.5708,-1.5708,0]","[-3.4286702,-0.88978202,1.1705446,-1.834286,1.3320352,-1.455188]","[0.76,-0.06,0.48]",,success,success,成功
49,42,scene_04_near_singularity,20260529,prm,42091,True,4.709328342003573,3.8326388960254376,1.3161699691995135,4.0934926664832923e-14,0.01993175472938819,0.002999999999999989,121161,80,2.212113038394986e-13,0.0,"[-1.5708,-1.5708,1.5708,-1.5708,-1.5708,0]","[-3.4286702,-0.88978202,1.1705446,-1.834286,1.3320352,-1.455188]","[0.76,-0.06,0.48]",,success,success,成功
0,42,scene_04_near_singularity,20260529,apf,43042,False,0.6887764939965564,72.00000000000192,66.57924259812347,136.36157432446163,0.1912036278034653,0.002999999999999989,3202,1601,0.31709830509639014,0.0,"[-1.5708,-1.5708,1.5708,-1.5708,-1.5708,0]","[-3.4286702,-0.88978202,1.1705446,-1.834286,1.3320352,-1.455188]","[0.76,-0.06,0.48]",,max iterations reached,iteration_limit,迭代上限
1,42,scene_04_near_singularity,20260529,apf,43043,False,0.6877625490014907,72.00000000000192,66.57924259812347,136.36157432446163,0.1912036278034653,0.002999999999999989,3202,1601,0.31709830509639014,0.0,"[-1.5708,-1.5708,1.5708,-1.5708,-1.5708,0]","[-3.4286702,-0.88978202,1.1705446,-1.834286,1.3320352,-1.455188]","[0.76,-0.06,0.48]",,max iterations reached,iteration_limit,迭代上限
2,42,scene_04_near_singularity,20260529,apf,43044,False,0.6923124410022865,72.00000000000192,66.57924259812347,136.36157432446163,0.1912036278034653,0.002999999999999989,3202,1601,0.31709830509639014,0.0,"[-1.5708,-1.5708,1.5708,-1.5708,-1.5708,0]","[-3.4286702,-0.88978202,1.1705446,-1.834286,1.3320352,-1.455188]","[0.76,-0.06,0.48]",,max iterations reached,iteration_limit,迭代上限
3,42,scene_04_near_singularity,20260529,apf,43045,False,0.6937237789970823,72.00000000000192,66.57924259812347,136.36157432446163,0.1912036278034653,0.002999999999999989,3202,1601,0.31709830509639014,0.0,"[-1.5708,-1.5708,1.5708,-1.5708,-1.5708,0]","[-3.4286702,-0.88978202,1.1705446,-1.834286,1.3320352,-1.455188]","[0.76,-0.06,0.48]",,max iterations reached,iteration_limit,迭代上限
4,42,scene_04_near_singularity,20260529,apf,43046,False,0.685311647997878,72.00000000000192,66.57924259812347,136.36157432446163,0.1912036278034653,0.002999999999999989,3202,1601,0.31709830509639014,0.0,"[-1.5708,-1.5708,1.5708,-1.5708,-1.5708,0]","[-3.4286702,-0.88978202,1.1705446,-1.834286,1.3320352,-1.455188]","[0.76,-0.06,0.48]",,max iterations reached,iteration_limit,迭代上限
5,42,scene_04_near_singularity,20260529,apf,43047,False,0.6830593949998729,72.00000000000192,66.57924259812347,136.36157432446163,0.1912036278034653,0.002999999999999989,3202,1601,0.31709830509639014,0.0,"[-1.5708,-1.5708,1.5708,-1.5708,-1.5708,0]","[-3.4286702,-0.88978202,1.1705446,-1.834286,1.3320352,-1.455188]","[0.76,-0.06,0.48]",,max iterations reached,iteration_limit,迭代上限
6,42,scene_04_near_singularity,20260529,apf,43048,False,0.684035660000518,72.00000000000192,66.57924259812347,136.36157432446163,0.1912036278034653,0.002999999999999989,3202,1601,0.31709830509639014,0.0,"[-1.5708,-1.5708,1.5708,-1.5708,-1.5708,0]","[-3.4286702,-0.88978202,1.1705446,-1.834286,1.3320352,-1.455188]","[0.76,-0.06,0.48]",,max iterations reached,iteration_limit,迭代上限
7,42,scene_04_near_singularity,20260529,apf,43049,False,0.6841289369986043,72.00000000000192,66.57924259812347,136.36157432446163,0.1912036278034653,0.002999999999999989,3202,1601,0.31709830509639014,0.0,"[-1.5708,-1.5708,1.5708,-1.5708,-1.5708,0]","[-3.4286702,-0.88978202,1.1705446,-1.834286,1.3320352,-1.455188]","[0.76,-0.06,0.48]",,max iterations reached,iteration_limit,迭代上限
8,42,scene_04_near_singularity,20260529,apf,43050,False,0.6858677050040569,72.00000000000192,66.57924259812347,136.36157432446163,0.1912036278034653,0.002999999999999989,3202,1601,0.31709830509639014,0.0,"[-1.5708,-1.5708,1.5708,-1.5708,-1.5708,0]","[-3.4286702,-0.88978202,1.1705446,-1.834286,1.3320352,-1.455188]","[0.76,-0.06,0.48]",,max iterations reached,iteration_limit,迭代上限
9,42,scene_04_near_singularity,20260529,apf,43051,False,0.6897481019987026,72.00000000000192,66.57924259812347,136.36157432446163,0.1912036278034653,0.002999999999999989,3202,1601,0.31709830509639014,0.0,"[-1.5708,-1.5708,1.5708,-1.5708,-1.5708,0]","[-3.4286702,-0.88978202,1.1705446,-1.834286,1.3320352,-1.455188]","[0.76,-0.06,0.48]",,max iterations reached,iteration_limit,迭代上限
10,42,scene_04_near_singularity,20260529,apf,43052,False,0.6799018409947166,72.00000000000192,66.57924259812347,136.36157432446163,0.1912036278034653,0.002999999999999989,3202,1601,0.31709830509639014,0.0,"[-1.5708,-1.5708,1.5708,-1.5708,-1.5708,0]","[-3.4286702,-0.88978202,1.1705446,-1.834286,1.3320352,-1.455188]","[0.76,-0.06,0.48]",,max iterations reached,iteration_limit,迭代上限
11,42,scene_04_near_singularity,20260529,apf,43053,False,0.6833545909976237,72.00000000000192,66.57924259812347,136.36157432446163,0.1912036278034653,0.002999999999999989,3202,1601,0.31709830509639014,0.0,"[-1.5708,-1.5708,1.5708,-1.5708,-1.5708,0]","[-3.4286702,-0.88978202,1.1705446,-1.834286,1.3320352,-1.455188]","[0.76,-0.06,0.48]",,max iterations reached,iteration_limit,迭代上限
12,42,scene_04_near_singularity,20260529,apf,43054,False,0.6848380250012269,72.00000000000192,66.57924259812347,136.36157432446163,0.1912036278034653,0.002999999999999989,3202,1601,0.31709830509639014,0.0,"[-1.5708,-1.5708,1.5708,-1.5708,-1.5708,0]","[-3.4286702,-0.88978202,1.1705446,-1.834286,1.3320352,-1.455188]","[0.76,-0.06,0.48]",,max iterations reached,iteration_limit,迭代上限
13,42,scene_04_near_singularity,20260529,apf,43055,False,0.686465151993616,72.00000000000192,66.57924259812347,136.36157432446163,0.1912036278034653,0.002999999999999989,3202,1601,0.31709830509639014,0.0,"[-1.5708,-1.5708,1.5708,-1.5708,-1.5708,0]","[-3.4286702,-0.88978202,1.1705446,-1.834286,1.3320352,-1.455188]","[0.76,-0.06,0.48]",,max iterations reached,iteration_limit,迭代上限
14,42,scene_04_near_singularity,20260529,apf,43056,False,0.6880875990027562,72.00000000000192,66.57924259812347,136.36157432446163,0.1912036278034653,0.002999999999999989,3202,1601,0.31709830509639014,0.0,"[-1.5708,-1.5708,1.5708,-1.5708,-1.5708,0]","[-3.4286702,-0.88978202,1.1705446,-1.834286,1.3320352,-1.455188]","[0.76,-0.06,0.48]",,max iterations reached,iteration_limit,迭代上限
15,42,scene_04_near_singularity,20260529,apf,43057,False,0.6883745450031711,72.00000000000192,66.57924259812347,136.36157432446163,0.1912036278034653,0.002999999999999989,3202,1601,0.31709830509639014,0.0,"[-1.5708,-1.5708,1.5708,-1.5708,-1.5708,0]","[-3.4286702,-0.88978202,1.1705446,-1.834286,1.3320352,-1.455188]","[0.76,-0.06,0.48]",,max iterations reached,iteration_limit,迭代上限
16,42,scene_04_near_singularity,20260529,apf,43058,False,0.6905236829989008,72.00000000000192,66.57924259812347,136.36157432446163,0.1912036278034653,0.002999999999999989,3202,1601,0.31709830509639014,0.0,"[-1.5708,-1.5708,1.5708,-1.5708,-1.5708,0]","[-3.4286702,-0.88978202,1.1705446,-1.834286,1.3320352,-1.455188]","[0.76,-0.06,0.48]",,max iterations reached,iteration_limit,迭代上限
17,42,scene_04_near_singularity,20260529,apf,43059,False,0.6869180130015593,72.00000000000192,66.57924259812347,136.36157432446163,0.1912036278034653,0.002999999999999989,3202,1601,0.31709830509639014,0.0,"[-1.5708,-1.5708,1.5708,-1.5708,-1.5708,0]","[-3.4286702,-0.88978202,1.1705446,-1.834286,1.3320352,-1.455188]","[0.76,-0.06,0.48]",,max iterations reached,iteration_limit,迭代上限
18,42,scene_04_near_singularity,20260529,apf,43060,False,0.6930586640010006,72.00000000000192,66.57924259812347,136.36157432446163,0.1912036278034653,0.002999999999999989,3202,1601,0.31709830509639014,0.0,"[-1.5708,-1.5708,1.5708,-1.5708,-1.5708,0]","[-3.4286702,-0.88978202,1.1705446,-1.834286,1.3320352,-1.455188]","[0.76,-0.06,0.48]",,max iterations reached,iteration_limit,迭代上限
19,42,scene_04_near_singularity,20260529,apf,43061,False,0.6843029309966369,72.00000000000192,66.57924259812347,136.36157432446163,0.1912036278034653,0.002999999999999989,3202,1601,0.31709830509639014,0.0,"[-1.5708,-1.5708,1.5708,-1.5708,-1.5708,0]","[-3.4286702,-0.88978202,1.1705446,-1.834286,1.3320352,-1.455188]","[0.76,-0.06,0.48]",,max iterations reached,iteration_limit,迭代上限
20,42,scene_04_near_singularity,20260529,apf,43062,False,0.6819855919966358,72.00000000000192,66.57924259812347,136.36157432446163,0.1912036278034653,0.002999999999999989,3202,1601,0.31709830509639014,0.0,"[-1.5708,-1.5708,1.5708,-1.5708,-1.5708,0]","[-3.4286702,-0.88978202,1.1705446,-1.834286,1.3320352,-1.455188]","[0.76,-0.06,0.48]",,max iterations reached,iteration_limit,迭代上限
21,42,scene_04_near_singularity,20260529,apf,43063,False,0.6946659290042589,72.00000000000192,66.57924259812347,136.36157432446163,0.1912036278034653,0.002999999999999989,3202,1601,0.31709830509639014,0.0,"[-1.5708,-1.5708,1.5708,-1.5708,-1.5708,0]","[-3.4286702,-0.88978202,1.1705446,-1.834286,1.3320352,-1.455188]","[0.76,-0.06,0.48]",,max iterations reached,iteration_limit,迭代上限
22,42,scene_04_near_singularity,20260529,apf,43064,False,0.6894111029978376,72.00000000000192,66.57924259812347,136.36157432446163,0.1912036278034653,0.002999999999999989,3202,1601,0.31709830509639014,0.0,"[-1.5708,-1.5708,1.5708,-1.5708,-1.5708,0]","[-3.4286702,-0.88978202,1.1705446,-1.834286,1.3320352,-1.455188]","[0.76,-0.06,0.48]",,max iterations reached,iteration_limit,迭代上限
23,42,scene_04_near_singularity,20260529,apf,43065,False,0.6856965830011177,72.00000000000192,66.57924259812347,136.36157432446163,0.1912036278034653,0.002999999999999989,3202,1601,0.31709830509639014,0.0,"[-1.5708,-1.5708,1.5708,-1.5708,-1.5708,0]","[-3.4286702,-0.88978202,1.1705446,-1.834286,1.3320352,-1.455188]","[0.76,-0.06,0.48]",,max iterations reached,iteration_limit,迭代上限
24,42,scene_04_near_singularity,20260529,apf,43066,False,0.6868791860033525,72.00000000000192,66.57924259812347,136.36157432446163,0.1912036278034653,0.002999999999999989,3202,1601,0.31709830509639014,0.0,"[-1.5708,-1.5708,1.5708,-1.5708,-1.5708,0]","[-3.4286702,-0.88978202,1.1705446,-1.834286,1.3320352,-1.455188]","[0.76,-0.06,0.48]",,max iterations reached,iteration_limit,迭代上限
25,42,scene_04_near_singularity,20260529,apf,43067,False,0.6915950839975267,72.00000000000192,66.57924259812347,136.36157432446163,0.1912036278034653,0.002999999999999989,3202,1601,0.31709830509639014,0.0,"[-1.5708,-1.5708,1.5708,-1.5708,-1.5708,0]","[-3.4286702,-0.88978202,1.1705446,-1.834286,1.3320352,-1.455188]","[0.76,-0.06,0.48]",,max iterations reached,iteration_limit,迭代上限
26,42,scene_04_near_singularity,20260529,apf,43068,False,0.6864351740005077,72.00000000000192,66.57924259812347,136.36157432446163,0.1912036278034653,0.002999999999999989,3202,1601,0.31709830509639014,0.0,"[-1.5708,-1.5708,1.5708,-1.5708,-1.5708,0]","[-3.4286702,-0.88978202,1.1705446,-1.834286,1.3320352,-1.455188]","[0.76,-0.06,0.48]",,max iterations reached,iteration_limit,迭代上限
27,42,scene_04_near_singularity,20260529,apf,43069,False,0.6891981290027616,72.00000000000192,66.57924259812347,136.36157432446163,0.1912036278034653,0.002999999999999989,3202,1601,0.31709830509639014,0.0,"[-1.5708,-1.5708,1.5708,-1.5708,-1.5708,0]","[-3.4286702,-0.88978202,1.1705446,-1.834286,1.3320352,-1.455188]","[0.76,-0.06,0.48]",,max iterations reached,iteration_limit,迭代上限
28,42,scene_04_near_singularity,20260529,apf,43070,False,0.6883565040043322,72.00000000000192,66.57924259812347,136.36157432446163,0.1912036278034653,0.002999999999999989,3202,1601,0.31709830509639014,0.0,"[-1.5708,-1.5708,1.5708,-1.5708,-1.5708,0]","[-3.4286702,-0.88978202,1.1705446,-1.834286,1.3320352,-1.455188]","[0.76,-0.06,0.48]",,max iterations reached,iteration_limit,迭代上限
29,42,scene_04_near_singularity,20260529,apf,43071,False,0.6978705930014257,72.00000000000192,66.57924259812347,136.36157432446163,0.1912036278034653,0.002999999999999989,3202,1601,0.31709830509639014,0.0,"[-1.5708,-1.5708,1.5708,-1.5708,-1.5708,0]","[-3.4286702,-0.88978202,1.1705446,-1.834286,1.3320352,-1.455188]","[0.76,-0.06,0.48]",,max iterations reached,iteration_limit,迭代上限
30,42,scene_04_near_singularity,20260529,apf,43072,False,0.6896973280017846,72.00000000000192,66.57924259812347,136.36157432446163,0.1912036278034653,0.002999999999999989,3202,1601,0.31709830509639014,0.0,"[-1.5708,-1.5708,1.5708,-1.5708,-1.5708,0]","[-3.4286702,-0.88978202,1.1705446,-1.834286,1.3320352,-1.455188]","[0.76,-0.06,0.48]",,max iterations reached,iteration_limit,迭代上限
31,42,scene_04_near_singularity,20260529,apf,43073,False,0.6852179820052697,72.00000000000192,66.57924259812347,136.36157432446163,0.1912036278034653,0.002999999999999989,3202,1601,0.31709830509639014,0.0,"[-1.5708,-1.5708,1.5708,-1.5708,-1.5708,0]","[-3.4286702,-0.88978202,1.1705446,-1.834286,1.3320352,-1.455188]","[0.76,-0.06,0.48]",,max iterations reached,iteration_limit,迭代上限
32,42,scene_04_near_singularity,20260529,apf,43074,False,0.6927665379989776,72.00000000000192,66.57924259812347,136.36157432446163,0.1912036278034653,0.002999999999999989,3202,1601,0.31709830509639014,0.0,"[-1.5708,-1.5708,1.5708,-1.5708,-1.5708,0]","[-3.4286702,-0.88978202,1.1705446,-1.834286,1.3320352,-1.455188]","[0.76,-0.06,0.48]",,max iterations reached,iteration_limit,迭代上限
33,42,scene_04_near_singularity,20260529,apf,43075,False,0.712968213003478,72.00000000000192,66.57924259812347,136.36157432446163,0.1912036278034653,0.002999999999999989,3202,1601,0.31709830509639014,0.0,"[-1.5708,-1.5708,1.5708,-1.5708,-1.5708,0]","[-3.4286702,-0.88978202,1.1705446,-1.834286,1.3320352,-1.455188]","[0.76,-0.06,0.48]",,max iterations reached,iteration_limit,迭代上限
34,42,scene_04_near_singularity,20260529,apf,43076,False,0.6868968999988283,72.00000000000192,66.57924259812347,136.36157432446163,0.1912036278034653,0.002999999999999989,3202,1601,0.31709830509639014,0.0,"[-1.5708,-1.5708,1.5708,-1.5708,-1.5708,0]","[-3.4286702,-0.88978202,1.1705446,-1.834286,1.3320352,-1.455188]","[0.76,-0.06,0.48]",,max iterations reached,iteration_limit,迭代上限
35,42,scene_04_near_singularity,20260529,apf,43077,False,0.6913778389935032,72.00000000000192,66.57924259812347,136.36157432446163,0.1912036278034653,0.002999999999999989,3202,1601,0.31709830509639014,0.0,"[-1.5708,-1.5708,1.5708,-1.5708,-1.5708,0]","[-3.4286702,-0.88978202,1.1705446,-1.834286,1.3320352,-1.455188]","[0.76,-0.06,0.48]",,max iterations reached,iteration_limit,迭代上限
36,42,scene_04_near_singularity,20260529,apf,43078,False,0.6924623840022832,72.00000000000192,66.57924259812347,136.36157432446163,0.1912036278034653,0.002999999999999989,3202,1601,0.31709830509639014,0.0,"[-1.5708,-1.5708,1.5708,-1.5708,-1.5708,0]","[-3.4286702,-0.88978202,1.1705446,-1.834286,1.3320352,-1.455188]","[0.76,-0.06,0.48]",,max iterations reached,iteration_limit,迭代上限
37,42,scene_04_near_singularity,20260529,apf,43079,False,0.6923489039982087,72.00000000000192,66.57924259812347,136.36157432446163,0.1912036278034653,0.002999999999999989,3202,1601,0.31709830509639014,0.0,"[-1.5708,-1.5708,1.5708,-1.5708,-1.5708,0]","[-3.4286702,-0.88978202,1.1705446,-1.834286,1.3320352,-1.455188]","[0.76,-0.06,0.48]",,max iterations reached,iteration_limit,迭代上限
38,42,scene_04_near_singularity,20260529,apf,43080,False,0.6814428119978402,72.00000000000192,66.57924259812347,136.36157432446163,0.1912036278034653,0.002999999999999989,3202,1601,0.31709830509639014,0.0,"[-1.5708,-1.5708,1.5708,-1.5708,-1.5708,0]","[-3.4286702,-0.88978202,1.1705446,-1.834286,1.3320352,-1.455188]","[0.76,-0.06,0.48]",,max iterations reached,iteration_limit,迭代上限
39,42,scene_04_near_singularity,20260529,apf,43081,False,0.6863060169998789,72.00000000000192,66.57924259812347,136.36157432446163,0.1912036278034653,0.002999999999999989,3202,1601,0.31709830509639014,0.0,"[-1.5708,-1.5708,1.5708,-1.5708,-1.5708,0]","[-3.4286702,-0.88978202,1.1705446,-1.834286,1.3320352,-1.455188]","[0.76,-0.06,0.48]",,max iterations reached,iteration_limit,迭代上限
40,42,scene_04_near_singularity,20260529,apf,43082,False,0.7050087879979401,72.00000000000192,66.57924259812347,136.36157432446163,0.1912036278034653,0.002999999999999989,3202,1601,0.31709830509639014,0.0,"[-1.5708,-1.5708,1.5708,-1.5708,-1.5708,0]","[-3.4286702,-0.88978202,1.1705446,-1.834286,1.3320352,-1.455188]","[0.76,-0.06,0.48]",,max iterations reached,iteration_limit,迭代上限
41,42,scene_04_near_singularity,20260529,apf,43083,False,0.6820719190000091,72.00000000000192,66.57924259812347,136.36157432446163,0.1912036278034653,0.002999999999999989,3202,1601,0.31709830509639014,0.0,"[-1.5708,-1.5708,1.5708,-1.5708,-1.5708,0]","[-3.4286702,-0.88978202,1.1705446,-1.834286,1.3320352,-1.455188]","[0.76,-0.06,0.48]",,max iterations reached,iteration_limit,迭代上限
42,42,scene_04_near_singularity,20260529,apf,43084,False,0.6925447949979571,72.00000000000192,66.57924259812347,136.36157432446163,0.1912036278034653,0.002999999999999989,3202,1601,0.31709830509639014,0.0,"[-1.5708,-1.5708,1.5708,-1.5708,-1.5708,0]","[-3.4286702,-0.88978202,1.1705446,-1.834286,1.3320352,-1.455188]","[0.76,-0.06,0.48]",,max iterations reached,iteration_limit,迭代上限
43,42,scene_04_near_singularity,20260529,apf,43085,False,0.6837875290002557,72.00000000000192,66.57924259812347,136.36157432446163,0.1912036278034653,0.002999999999999989,3202,1601,0.31709830509639014,0.0,"[-1.5708,-1.5708,1.5708,-1.5708,-1.5708,0]","[-3.4286702,-0.88978202,1.1705446,-1.834286,1.3320352,-1.455188]","[0.76,-0.06,0.48]",,max iterations reached,iteration_limit,迭代上限
44,42,scene_04_near_singularity,20260529,apf,43086,False,0.6853890920028789,72.00000000000192,66.57924259812347,136.36157432446163,0.1912036278034653,0.002999999999999989,3202,1601,0.31709830509639014,0.0,"[-1.5708,-1.5708,1.5708,-1.5708,-1.5708,0]","[-3.4286702,-0.88978202,1.1705446,-1.834286,1.3320352,-1.455188]","[0.76,-0.06,0.48]",,max iterations reached,iteration_limit,迭代上限
45,42,scene_04_near_singularity,20260529,apf,43087,False,0.686344720001216,72.00000000000192,66.57924259812347,136.36157432446163,0.1912036278034653,0.002999999999999989,3202,1601,0.31709830509639014,0.0,"[-1.5708,-1.5708,1.5708,-1.5708,-1.5708,0]","[-3.4286702,-0.88978202,1.1705446,-1.834286,1.3320352,-1.455188]","[0.76,-0.06,0.48]",,max iterations reached,iteration_limit,迭代上限
46,42,scene_04_near_singularity,20260529,apf,43088,False,0.6826953700001468,72.00000000000192,66.57924259812347,136.36157432446163,0.1912036278034653,0.002999999999999989,3202,1601,0.31709830509639014,0.0,"[-1.5708,-1.5708,1.5708,-1.5708,-1.5708,0]","[-3.4286702,-0.88978202,1.1705446,-1.834286,1.3320352,-1.455188]","[0.76,-0.06,0.48]",,max iterations reached,iteration_limit,迭代上限
47,42,scene_04_near_singularity,20260529,apf,43089,False,0.6877574140016804,72.00000000000192,66.57924259812347,136.36157432446163,0.1912036278034653,0.002999999999999989,3202,1601,0.31709830509639014,0.0,"[-1.5708,-1.5708,1.5708,-1.5708,-1.5708,0]","[-3.4286702,-0.88978202,1.1705446,-1.834286,1.3320352,-1.455188]","[0.76,-0.06,0.48]",,max iterations reached,iteration_limit,迭代上限
48,42,scene_04_near_singularity,20260529,apf,43090,False,0.7009312659938587,72.00000000000192,66.57924259812347,136.36157432446163,0.1912036278034653,0.002999999999999989,3202,1601,0.31709830509639014,0.0,"[-1.5708,-1.5708,1.5708,-1.5708,-1.5708,0]","[-3.4286702,-0.88978202,1.1705446,-1.834286,1.3320352,-1.455188]","[0.76,-0.06,0.48]",,max iterations reached,iteration_limit,迭代上限
49,42,scene_04_near_singularity,20260529,apf,43091,False,0.6867130690006888,72.00000000000192,66.57924259812347,136.36157432446163,0.1912036278034653,0.002999999999999989,3202,1601,0.31709830509639014,0.0,"[-1.5708,-1.5708,1.5708,-1.5708,-1.5708,0]","[-3.4286702,-0.88978202,1.1705446,-1.834286,1.3320352,-1.455188]","[0.76,-0.06,0.48]",,max iterations reached,iteration_limit,迭代上限
0,42,scene_05_mixed_maze_passage,20260601,rrt,50042,True,0.02246090699918568,3.296914155039069,0.9562350132670627,3.589954722622577e-14,0.0,0.002999999999999989,190,80,1.3017433210102566e-11,0.0,"[-1.5708,-1.5708,1.5708,-1.5708,-1.5708,0]","[-3.4303095,-1.5191521,1.8843766,-1.0942235,1.031472,0.55850237]","[0.55,0.03,0.43]",,success,success,成功
1,42,scene_05_mixed_maze_passage,20260601,rrt,50043,True,0.027107995003461838,3.296914155039069,0.9562350132670627,3.589954722622577e-14,0.0,0.002999999999999989,219,80,1.3017433210102566e-11,0.0,"[-1.5708,-1.5708,1.5708,-1.5708,-1.5708,0]","[-3.4303095,-1.5191521,1.8843766,-1.0942235,1.031472,0.55850237]","[0.55,0.03,0.43]",,success,success,成功
2,42,scene_05_mixed_maze_passage,20260601,rrt,50044,True,0.015593689000525046,3.296914155039069,0.9562350132670627,3.589954722622577e-14,0.0,0.002999999999999989,132,80,1.3017433210102566e-11,0.0,"[-1.5708,-1.5708,1.5708,-1.5708,-1.5708,0]","[-3.4303095,-1.5191521,1.8843766,-1.0942235,1.031472,0.55850237]","[0.55,0.03,0.43]",,success,success,成功
3,42,scene_05_mixed_maze_passage,20260601,rrt,50045,True,0.020216535005602054,3.296914155039069,0.9562350132670627,3.589954722622577e-14,0.0,0.002999999999999989,156,80,1.3017433210102566e-11,0.0,"[-1.5708,-1.5708,1.5708,-1.5708,-1.5708,0]","[-3.4303095,-1.5191521,1.8843766,-1.0942235,1.031472,0.55850237]","[0.55,0.03,0.43]",,success,success,成功
4,42,scene_05_mixed_maze_passage,20260601,rrt,50046,True,0.018521191996114794,3.296914155039069,0.9562350132670627,3.589954722622577e-14,0.0,0.002999999999999989,162,80,1.3017433210102566e-11,0.0,"[-1.5708,-1.5708,1.5708,-1.5708,-1.5708,0]","[-3.4303095,-1.5191521,1.8843766,-1.0942235,1.031472,0.55850237]","[0.55,0.03,0.43]",,success,success,成功
5,42,scene_05_mixed_maze_passage,20260601,rrt,50047,True,0.016031309998652432,3.296914155039069,0.9562350132670627,3.589954722622577e-14,0.0,0.002999999999999989,138,80,1.3017433210102566e-11,0.0,"[-1.5708,-1.5708,1.5708,-1.5708,-1.5708,0]","[-3.4303095,-1.5191521,1.8843766,-1.0942235,1.031472,0.55850237]","[0.55,0.03,0.43]",,success,success,成功
6,42,scene_05_mixed_maze_passage,20260601,rrt,50048,True,0.017787064003641717,3.296914155039069,0.9562350132670627,3.589954722622577e-14,0.0,0.002999999999999989,152,80,1.3017433210102566e-11,0.0,"[-1.5708,-1.5708,1.5708,-1.5708,-1.5708,0]","[-3.4303095,-1.5191521,1.8843766,-1.0942235,1.031472,0.55850237]","[0.55,0.03,0.43]",,success,success,成功
7,42,scene_05_mixed_maze_passage,20260601,rrt,50049,True,0.01627366300090216,3.296914155039069,0.9562350132670627,3.589954722622577e-14,0.0,0.002999999999999989,137,80,1.3017433210102566e-11,0.0,"[-1.5708,-1.5708,1.5708,-1.5708,-1.5708,0]","[-3.4303095,-1.5191521,1.8843766,-1.0942235,1.031472,0.55850237]","[0.55,0.03,0.43]",,success,success,成功
8,42,scene_05_mixed_maze_passage,20260601,rrt,50050,True,0.018004972000198904,3.296914155039069,0.9562350132670627,3.589954722622577e-14,0.0,0.002999999999999989,150,80,1.3017433210102566e-11,0.0,"[-1.5708,-1.5708,1.5708,-1.5708,-1.5708,0]","[-3.4303095,-1.5191521,1.8843766,-1.0942235,1.031472,0.55850237]","[0.55,0.03,0.43]",,success,success,成功
9,42,scene_05_mixed_maze_passage,20260601,rrt,50051,True,0.014556034999259282,3.296914155039069,0.9562350132670627,3.589954722622577e-14,0.0,0.002999999999999989,125,80,1.3017433210102566e-11,0.0,"[-1.5708,-1.5708,1.5708,-1.5708,-1.5708,0]","[-3.4303095,-1.5191521,1.8843766,-1.0942235,1.031472,0.55850237]","[0.55,0.03,0.43]",,success,success,成功
10,42,scene_05_mixed_maze_passage,20260601,rrt,50052,True,0.01666961800219724,3.296914155039069,0.9562350132670627,3.589954722622577e-14,0.0,0.002999999999999989,146,80,1.3017433210102566e-11,0.0,"[-1.5708,-1.5708,1.5708,-1.5708,-1.5708,0]","[-3.4303095,-1.5191521,1.8843766,-1.0942235,1.031472,0.55850237]","[0.55,0.03,0.43]",,success,success,成功
11,42,scene_05_mixed_maze_passage,20260601,rrt,50053,True,0.016682248999131843,3.296914155039069,0.9562350132670627,3.589954722622577e-14,0.0,0.002999999999999989,142,80,1.3017433210102566e-11,0.0,"[-1.5708,-1.5708,1.5708,-1.5708,-1.5708,0]","[-3.4303095,-1.5191521,1.8843766,-1.0942235,1.031472,0.55850237]","[0.55,0.03,0.43]",,success,success,成功
12,42,scene_05_mixed_maze_passage,20260601,rrt,50054,True,0.013386732003709767,3.296914155039069,0.9562350132670627,3.589954722622577e-14,0.0,0.002999999999999989,112,80,1.3017433210102566e-11,0.0,"[-1.5708,-1.5708,1.5708,-1.5708,-1.5708,0]","[-3.4303095,-1.5191521,1.8843766,-1.0942235,1.031472,0.55850237]","[0.55,0.03,0.43]",,success,success,成功
13,42,scene_05_mixed_maze_passage,20260601,rrt,50055,True,0.01463826699909987,3.296914155039069,0.9562350132670627,3.589954722622577e-14,0.0,0.002999999999999989,124,80,1.3017433210102566e-11,0.0,"[-1.5708,-1.5708,1.5708,-1.5708,-1.5708,0]","[-3.4303095,-1.5191521,1.8843766,-1.0942235,1.031472,0.55850237]","[0.55,0.03,0.43]",,success,success,成功
14,42,scene_05_mixed_maze_passage,20260601,rrt,50056,True,0.032656431998475455,3.296914155039069,0.9562350132670627,3.589954722622577e-14,0.0,0.002999999999999989,276,80,1.3017433210102566e-11,0.0,"[-1.5708,-1.5708,1.5708,-1.5708,-1.5708,0]","[-3.4303095,-1.5191521,1.8843766,-1.0942235,1.031472,0.55850237]","[0.55,0.03,0.43]",,success,success,成功
15,42,scene_05_mixed_maze_passage,20260601,rrt,50057,True,0.020994162005081307,3.296914155039069,0.9562350132670627,3.589954722622577e-14,0.0,0.002999999999999989,181,80,1.3017433210102566e-11,0.0,"[-1.5708,-1.5708,1.5708,-1.5708,-1.5708,0]","[-3.4303095,-1.5191521,1.8843766,-1.0942235,1.031472,0.55850237]","[0.55,0.03,0.43]",,success,success,成功
16,42,scene_05_mixed_maze_passage,20260601,rrt,50058,True,0.01773248999961652,3.296914155039069,0.9562350132670627,3.589954722622577e-14,0.0,0.002999999999999989,152,80,1.3017433210102566e-11,0.0,"[-1.5708,-1.5708,1.5708,-1.5708,-1.5708,0]","[-3.4303095,-1.5191521,1.8843766,-1.0942235,1.031472,0.55850237]","[0.55,0.03,0.43]",,success,success,成功
17,42,scene_05_mixed_maze_passage,20260601,rrt,50059,True,0.018196721997810528,3.296914155039069,0.9562350132670627,3.589954722622577e-14,0.0,0.002999999999999989,157,80,1.3017433210102566e-11,0.0,"[-1.5708,-1.5708,1.5708,-1.5708,-1.5708,0]","[-3.4303095,-1.5191521,1.8843766,-1.0942235,1.031472,0.55850237]","[0.55,0.03,0.43]",,success,success,成功
18,42,scene_05_mixed_maze_passage,20260601,rrt,50060,True,0.026339773001382127,3.296914155039069,0.9562350132670627,3.589954722622577e-14,0.0,0.002999999999999989,225,80,1.3017433210102566e-11,0.0,"[-1.5708,-1.5708,1.5708,-1.5708,-1.5708,0]","[-3.4303095,-1.5191521,1.8843766,-1.0942235,1.031472,0.55850237]","[0.55,0.03,0.43]",,success,success,成功
19,42,scene_05_mixed_maze_passage,20260601,rrt,50061,True,0.029107336995366495,3.296914155039069,0.9562350132670627,3.589954722622577e-14,0.0,0.002999999999999989,251,80,1.3017433210102566e-11,0.0,"[-1.5708,-1.5708,1.5708,-1.5708,-1.5708,0]","[-3.4303095,-1.5191521,1.8843766,-1.0942235,1.031472,0.55850237]","[0.55,0.03,0.43]",,success,success,成功
20,42,scene_05_mixed_maze_passage,20260601,rrt,50062,True,0.012589680998644326,3.296914155039069,0.9562350132670627,3.589954722622577e-14,0.0,0.002999999999999989,112,80,1.3017433210102566e-11,0.0,"[-1.5708,-1.5708,1.5708,-1.5708,-1.5708,0]","[-3.4303095,-1.5191521,1.8843766,-1.0942235,1.031472,0.55850237]","[0.55,0.03,0.43]",,success,success,成功
21,42,scene_05_mixed_maze_passage,20260601,rrt,50063,True,0.020254459996067453,3.296914155039069,0.9562350132670627,3.589954722622577e-14,0.0,0.002999999999999989,176,80,1.3017433210102566e-11,0.0,"[-1.5708,-1.5708,1.5708,-1.5708,-1.5708,0]","[-3.4303095,-1.5191521,1.8843766,-1.0942235,1.031472,0.55850237]","[0.55,0.03,0.43]",,success,success,成功
22,42,scene_05_mixed_maze_passage,20260601,rrt,50064,True,0.026922614000795875,3.296914155039069,0.9562350132670627,3.589954722622577e-14,0.0,0.002999999999999989,230,80,1.3017433210102566e-11,0.0,"[-1.5708,-1.5708,1.5708,-1.5708,-1.5708,0]","[-3.4303095,-1.5191521,1.8843766,-1.0942235,1.031472,0.55850237]","[0.55,0.03,0.43]",,success,success,成功
23,42,scene_05_mixed_maze_passage,20260601,rrt,50065,True,0.015262205997714773,3.296914155039069,0.9562350132670627,3.589954722622577e-14,0.0,0.002999999999999989,131,80,1.3017433210102566e-11,0.0,"[-1.5708,-1.5708,1.5708,-1.5708,-1.5708,0]","[-3.4303095,-1.5191521,1.8843766,-1.0942235,1.031472,0.55850237]","[0.55,0.03,0.43]",,success,success,成功
24,42,scene_05_mixed_maze_passage,20260601,rrt,50066,True,0.022261783997237217,3.296914155039069,0.9562350132670627,3.589954722622577e-14,0.0,0.002999999999999989,190,80,1.3017433210102566e-11,0.0,"[-1.5708,-1.5708,1.5708,-1.5708,-1.5708,0]","[-3.4303095,-1.5191521,1.8843766,-1.0942235,1.031472,0.55850237]","[0.55,0.03,0.43]",,success,success,成功
25,42,scene_05_mixed_maze_passage,20260601,rrt,50067,True,0.016110422999190632,3.296914155039069,0.9562350132670627,3.589954722622577e-14,0.0,0.002999999999999989,141,80,1.3017433210102566e-11,0.0,"[-1.5708,-1.5708,1.5708,-1.5708,-1.5708,0]","[-3.4303095,-1.5191521,1.8843766,-1.0942235,1.031472,0.55850237]","[0.55,0.03,0.43]",,success,success,成功
26,42,scene_05_mixed_maze_passage,20260601,rrt,50068,True,0.014475582996965386,3.296914155039069,0.9562350132670627,3.589954722622577e-14,0.0,0.002999999999999989,121,80,1.3017433210102566e-11,0.0,"[-1.5708,-1.5708,1.5708,-1.5708,-1.5708,0]","[-3.4303095,-1.5191521,1.8843766,-1.0942235,1.031472,0.55850237]","[0.55,0.03,0.43]",,success,success,成功
27,42,scene_05_mixed_maze_passage,20260601,rrt,50069,True,0.015738492002128623,3.296914155039069,0.9562350132670627,3.589954722622577e-14,0.0,0.002999999999999989,137,80,1.3017433210102566e-11,0.0,"[-1.5708,-1.5708,1.5708,-1.5708,-1.5708,0]","[-3.4303095,-1.5191521,1.8843766,-1.0942235,1.031472,0.55850237]","[0.55,0.03,0.43]",,success,success,成功
28,42,scene_05_mixed_maze_passage,20260601,rrt,50070,True,0.013344439001230057,3.296914155039069,0.9562350132670627,3.589954722622577e-14,0.0,0.002999999999999989,117,80,1.3017433210102566e-11,0.0,"[-1.5708,-1.5708,1.5708,-1.5708,-1.5708,0]","[-3.4303095,-1.5191521,1.8843766,-1.0942235,1.031472,0.55850237]","[0.55,0.03,0.43]",,success,success,成功
29,42,scene_05_mixed_maze_passage,20260601,rrt,50071,True,0.016515025003172923,3.296914155039069,0.9562350132670627,3.589954722622577e-14,0.0,0.002999999999999989,142,80,1.3017433210102566e-11,0.0,"[-1.5708,-1.5708,1.5708,-1.5708,-1.5708,0]","[-3.4303095,-1.5191521,1.8843766,-1.0942235,1.031472,0.55850237]","[0.55,0.03,0.43]",,success,success,成功
30,42,scene_05_mixed_maze_passage,20260601,rrt,50072,True,0.016720542997063603,3.296914155039069,0.9562350132670627,3.589954722622577e-14,0.0,0.002999999999999989,146,80,1.3017433210102566e-11,0.0,"[-1.5708,-1.5708,1.5708,-1.5708,-1.5708,0]","[-3.4303095,-1.5191521,1.8843766,-1.0942235,1.031472,0.55850237]","[0.55,0.03,0.43]",,success,success,成功
31,42,scene_05_mixed_maze_passage,20260601,rrt,50073,True,0.021900580999499653,3.296914155039069,0.9562350132670627,3.589954722622577e-14,0.0,0.002999999999999989,190,80,1.3017433210102566e-11,0.0,"[-1.5708,-1.5708,1.5708,-1.5708,-1.5708,0]","[-3.4303095,-1.5191521,1.8843766,-1.0942235,1.031472,0.55850237]","[0.55,0.03,0.43]",,success,success,成功
32,42,scene_05_mixed_maze_passage,20260601,rrt,50074,True,0.018456657002388965,3.296914155039069,0.9562350132670627,3.589954722622577e-14,0.0,0.002999999999999989,160,80,1.3017433210102566e-11,0.0,"[-1.5708,-1.5708,1.5708,-1.5708,-1.5708,0]","[-3.4303095,-1.5191521,1.8843766,-1.0942235,1.031472,0.55850237]","[0.55,0.03,0.43]",,success,success,成功
33,42,scene_05_mixed_maze_passage,20260601,rrt,50075,True,0.016710989002604038,3.296914155039069,0.9562350132670627,3.589954722622577e-14,0.0,0.002999999999999989,145,80,1.3017433210102566e-11,0.0,"[-1.5708,-1.5708,1.5708,-1.5708,-1.5708,0]","[-3.4303095,-1.5191521,1.8843766,-1.0942235,1.031472,0.55850237]","[0.55,0.03,0.43]",,success,success,成功
34,42,scene_05_mixed_maze_passage,20260601,rrt,50076,True,0.014853421002044342,3.296914155039069,0.9562350132670627,3.589954722622577e-14,0.0,0.002999999999999989,129,80,1.3017433210102566e-11,0.0,"[-1.5708,-1.5708,1.5708,-1.5708,-1.5708,0]","[-3.4303095,-1.5191521,1.8843766,-1.0942235,1.031472,0.55850237]","[0.55,0.03,0.43]",,success,success,成功
35,42,scene_05_mixed_maze_passage,20260601,rrt,50077,True,0.023696459000348113,3.296914155039069,0.9562350132670627,3.589954722622577e-14,0.0,0.002999999999999989,192,80,1.3017433210102566e-11,0.0,"[-1.5708,-1.5708,1.5708,-1.5708,-1.5708,0]","[-3.4303095,-1.5191521,1.8843766,-1.0942235,1.031472,0.55850237]","[0.55,0.03,0.43]",,success,success,成功
36,42,scene_05_mixed_maze_passage,20260601,rrt,50078,True,0.017799314999138005,3.296914155039069,0.9562350132670627,3.589954722622577e-14,0.0,0.002999999999999989,156,80,1.3017433210102566e-11,0.0,"[-1.5708,-1.5708,1.5708,-1.5708,-1.5708,0]","[-3.4303095,-1.5191521,1.8843766,-1.0942235,1.031472,0.55850237]","[0.55,0.03,0.43]",,success,success,成功
37,42,scene_05_mixed_maze_passage,20260601,rrt,50079,True,0.014527423998515587,3.296914155039069,0.9562350132670627,3.589954722622577e-14,0.0,0.002999999999999989,131,80,1.3017433210102566e-11,0.0,"[-1.5708,-1.5708,1.5708,-1.5708,-1.5708,0]","[-3.4303095,-1.5191521,1.8843766,-1.0942235,1.031472,0.55850237]","[0.55,0.03,0.43]",,success,success,成功
38,42,scene_05_mixed_maze_passage,20260601,rrt,50080,True,0.015051554000820033,3.296914155039069,0.9562350132670627,3.589954722622577e-14,0.0,0.002999999999999989,129,80,1.3017433210102566e-11,0.0,"[-1.5708,-1.5708,1.5708,-1.5708,-1.5708,0]","[-3.4303095,-1.5191521,1.8843766,-1.0942235,1.031472,0.55850237]","[0.55,0.03,0.43]",,success,success,成功
39,42,scene_05_mixed_maze_passage,20260601,rrt,50081,True,0.018931028003862593,3.296914155039069,0.9562350132670627,3.589954722622577e-14,0.0,0.002999999999999989,164,80,1.3017433210102566e-11,0.0,"[-1.5708,-1.5708,1.5708,-1.5708,-1.5708,0]","[-3.4303095,-1.5191521,1.8843766,-1.0942235,1.031472,0.55850237]","[0.55,0.03,0.43]",,success,success,成功
40,42,scene_05_mixed_maze_passage,20260601,rrt,50082,True,0.018152853001083713,3.296914155039069,0.9562350132670627,3.589954722622577e-14,0.0,0.002999999999999989,154,80,1.3017433210102566e-11,0.0,"[-1.5708,-1.5708,1.5708,-1.5708,-1.5708,0]","[-3.4303095,-1.5191521,1.8843766,-1.0942235,1.031472,0.55850237]","[0.55,0.03,0.43]",,success,success,成功
41,42,scene_05_mixed_maze_passage,20260601,rrt,50083,True,0.022772980999434367,3.296914155039069,0.9562350132670627,3.589954722622577e-14,0.0,0.002999999999999989,189,80,1.3017433210102566e-11,0.0,"[-1.5708,-1.5708,1.5708,-1.5708,-1.5708,0]","[-3.4303095,-1.5191521,1.8843766,-1.0942235,1.031472,0.55850237]","[0.55,0.03,0.43]",,success,success,成功
42,42,scene_05_mixed_maze_passage,20260601,rrt,50084,True,0.014407932001631707,3.296914155039069,0.9562350132670627,3.589954722622577e-14,0.0,0.002999999999999989,124,80,1.3017433210102566e-11,0.0,"[-1.5708,-1.5708,1.5708,-1.5708,-1.5708,0]","[-3.4303095,-1.5191521,1.8843766,-1.0942235,1.031472,0.55850237]","[0.55,0.03,0.43]",,success,success,成功
43,42,scene_05_mixed_maze_passage,20260601,rrt,50085,True,0.019980500001111068,3.296914155039069,0.9562350132670627,3.589954722622577e-14,0.0,0.002999999999999989,174,80,1.3017433210102566e-11,0.0,"[-1.5708,-1.5708,1.5708,-1.5708,-1.5708,0]","[-3.4303095,-1.5191521,1.8843766,-1.0942235,1.031472,0.55850237]","[0.55,0.03,0.43]",,success,success,成功
44,42,scene_05_mixed_maze_passage,20260601,rrt,50086,True,0.01721902799909003,3.296914155039069,0.9562350132670627,3.589954722622577e-14,0.0,0.002999999999999989,150,80,1.3017433210102566e-11,0.0,"[-1.5708,-1.5708,1.5708,-1.5708,-1.5708,0]","[-3.4303095,-1.5191521,1.8843766,-1.0942235,1.031472,0.55850237]","[0.55,0.03,0.43]",,success,success,成功
45,42,scene_05_mixed_maze_passage,20260601,rrt,50087,True,0.017791287995351013,3.296914155039069,0.9562350132670627,3.589954722622577e-14,0.0,0.002999999999999989,151,80,1.3017433210102566e-11,0.0,"[-1.5708,-1.5708,1.5708,-1.5708,-1.5708,0]","[-3.4303095,-1.5191521,1.8843766,-1.0942235,1.031472,0.55850237]","[0.55,0.03,0.43]",,success,success,成功
46,42,scene_05_mixed_maze_passage,20260601,rrt,50088,True,0.01927655000326922,3.296914155039069,0.9562350132670627,3.589954722622577e-14,0.0,0.002999999999999989,161,80,1.3017433210102566e-11,0.0,"[-1.5708,-1.5708,1.5708,-1.5708,-1.5708,0]","[-3.4303095,-1.5191521,1.8843766,-1.0942235,1.031472,0.55850237]","[0.55,0.03,0.43]",,success,success,成功
47,42,scene_05_mixed_maze_passage,20260601,rrt,50089,True,0.014541863994963933,3.296914155039069,0.9562350132670627,3.589954722622577e-14,0.0,0.002999999999999989,125,80,1.3017433210102566e-11,0.0,"[-1.5708,-1.5708,1.5708,-1.5708,-1.5708,0]","[-3.4303095,-1.5191521,1.8843766,-1.0942235,1.031472,0.55850237]","[0.55,0.03,0.43]",,success,success,成功
48,42,scene_05_mixed_maze_passage,20260601,rrt,50090,True,0.01892965800652746,3.296914155039069,0.9562350132670627,3.589954722622577e-14,0.0,0.002999999999999989,164,80,1.3017433210102566e-11,0.0,"[-1.5708,-1.5708,1.5708,-1.5708,-1.5708,0]","[-3.4303095,-1.5191521,1.8843766,-1.0942235,1.031472,0.55850237]","[0.55,0.03,0.43]",,success,success,成功
49,42,scene_05_mixed_maze_passage,20260601,rrt,50091,True,0.017227853000804316,3.296914155039069,0.9562350132670627,3.589954722622577e-14,0.0,0.002999999999999989,150,80,1.3017433210102566e-11,0.0,"[-1.5708,-1.5708,1.5708,-1.5708,-1.5708,0]","[-3.4303095,-1.5191521,1.8843766,-1.0942235,1.031472,0.55850237]","[0.55,0.03,0.43]",,success,success,成功
0,42,scene_05_mixed_maze_passage,20260601,rrt_connect,51042,True,0.009934412999427877,3.296914155039069,0.9562350132670627,3.589954722622577e-14,0.0,0.002999999999999989,87,80,1.3017433210102566e-11,0.0,"[-1.5708,-1.5708,1.5708,-1.5708,-1.5708,0]","[-3.4303095,-1.5191521,1.8843766,-1.0942235,1.031472,0.55850237]","[0.55,0.03,0.43]",,success,success,成功
1,42,scene_05_mixed_maze_passage,20260601,rrt_connect,51043,True,0.010192106004978996,3.296914155039069,0.9562350132670627,3.589954722622577e-14,0.0,0.002999999999999989,87,80,1.3017433210102566e-11,0.0,"[-1.5708,-1.5708,1.5708,-1.5708,-1.5708,0]","[-3.4303095,-1.5191521,1.8843766,-1.0942235,1.031472,0.55850237]","[0.55,0.03,0.43]",,success,success,成功
2,42,scene_05_mixed_maze_passage,20260601,rrt_connect,51044,True,0.009561394996126182,3.296914155039069,0.9562350132670627,3.589954722622577e-14,0.0,0.002999999999999989,82,80,1.3017433210102566e-11,0.0,"[-1.5708,-1.5708,1.5708,-1.5708,-1.5708,0]","[-3.4303095,-1.5191521,1.8843766,-1.0942235,1.031472,0.55850237]","[0.55,0.03,0.43]",,success,success,成功
3,42,scene_05_mixed_maze_passage,20260601,rrt_connect,51045,True,0.01061510099680163,3.296914155039069,0.9562350132670627,3.589954722622577e-14,0.0,0.002999999999999989,87,80,1.3017433210102566e-11,0.0,"[-1.5708,-1.5708,1.5708,-1.5708,-1.5708,0]","[-3.4303095,-1.5191521,1.8843766,-1.0942235,1.031472,0.55850237]","[0.55,0.03,0.43]",,success,success,成功
4,42,scene_05_mixed_maze_passage,20260601,rrt_connect,51046,True,0.009900422002829146,3.296914155039069,0.9562350132670627,3.589954722622577e-14,0.0,0.002999999999999989,87,80,1.3017433210102566e-11,0.0,"[-1.5708,-1.5708,1.5708,-1.5708,-1.5708,0]","[-3.4303095,-1.5191521,1.8843766,-1.0942235,1.031472,0.55850237]","[0.55,0.03,0.43]",,success,success,成功
5,42,scene_05_mixed_maze_passage,20260601,rrt_connect,51047,True,0.010023337999882642,3.296914155039069,0.9562350132670627,3.589954722622577e-14,0.0,0.002999999999999989,87,80,1.3017433210102566e-11,0.0,"[-1.5708,-1.5708,1.5708,-1.5708,-1.5708,0]","[-3.4303095,-1.5191521,1.8843766,-1.0942235,1.031472,0.55850237]","[0.55,0.03,0.43]",,success,success,成功
6,42,scene_05_mixed_maze_passage,20260601,rrt_connect,51048,True,0.009897486997942906,3.296914155039069,0.9562350132670627,3.589954722622577e-14,0.0,0.002999999999999989,87,80,1.3017433210102566e-11,0.0,"[-1.5708,-1.5708,1.5708,-1.5708,-1.5708,0]","[-3.4303095,-1.5191521,1.8843766,-1.0942235,1.031472,0.55850237]","[0.55,0.03,0.43]",,success,success,成功
7,42,scene_05_mixed_maze_passage,20260601,rrt_connect,51049,True,0.009916736002196558,3.296914155039069,0.9562350132670627,3.589954722622577e-14,0.0,0.002999999999999989,87,80,1.3017433210102566e-11,0.0,"[-1.5708,-1.5708,1.5708,-1.5708,-1.5708,0]","[-3.4303095,-1.5191521,1.8843766,-1.0942235,1.031472,0.55850237]","[0.55,0.03,0.43]",,success,success,成功
8,42,scene_05_mixed_maze_passage,20260601,rrt_connect,51050,True,0.00999414700345369,3.296914155039069,0.9562350132670627,3.589954722622577e-14,0.0,0.002999999999999989,87,80,1.3017433210102566e-11,0.0,"[-1.5708,-1.5708,1.5708,-1.5708,-1.5708,0]","[-3.4303095,-1.5191521,1.8843766,-1.0942235,1.031472,0.55850237]","[0.55,0.03,0.43]",,success,success,成功
9,42,scene_05_mixed_maze_passage,20260601,rrt_connect,51051,True,0.010419929996714927,3.296914155039069,0.9562350132670627,3.589954722622577e-14,0.0,0.002999999999999989,92,80,1.3017433210102566e-11,0.0,"[-1.5708,-1.5708,1.5708,-1.5708,-1.5708,0]","[-3.4303095,-1.5191521,1.8843766,-1.0942235,1.031472,0.55850237]","[0.55,0.03,0.43]",,success,success,成功
10,42,scene_05_mixed_maze_passage,20260601,rrt_connect,51052,True,0.009931581997079775,3.296914155039069,0.9562350132670627,3.589954722622577e-14,0.0,0.002999999999999989,87,80,1.3017433210102566e-11,0.0,"[-1.5708,-1.5708,1.5708,-1.5708,-1.5708,0]","[-3.4303095,-1.5191521,1.8843766,-1.0942235,1.031472,0.55850237]","[0.55,0.03,0.43]",,success,success,成功
11,42,scene_05_mixed_maze_passage,20260601,rrt_connect,51053,True,0.009953278000466526,3.296914155039069,0.9562350132670627,3.589954722622577e-14,0.0,0.002999999999999989,87,80,1.3017433210102566e-11,0.0,"[-1.5708,-1.5708,1.5708,-1.5708,-1.5708,0]","[-3.4303095,-1.5191521,1.8843766,-1.0942235,1.031472,0.55850237]","[0.55,0.03,0.43]",,success,success,成功
12,42,scene_05_mixed_maze_passage,20260601,rrt_connect,51054,True,0.009938406998116989,3.296914155039069,0.9562350132670627,3.589954722622577e-14,0.0,0.002999999999999989,87,80,1.3017433210102566e-11,0.0,"[-1.5708,-1.5708,1.5708,-1.5708,-1.5708,0]","[-3.4303095,-1.5191521,1.8843766,-1.0942235,1.031472,0.55850237]","[0.55,0.03,0.43]",,success,success,成功
13,42,scene_05_mixed_maze_passage,20260601,rrt_connect,51055,True,0.010263951997330878,3.296914155039069,0.9562350132670627,3.589954722622577e-14,0.0,0.002999999999999989,92,80,1.3017433210102566e-11,0.0,"[-1.5708,-1.5708,1.5708,-1.5708,-1.5708,0]","[-3.4303095,-1.5191521,1.8843766,-1.0942235,1.031472,0.55850237]","[0.55,0.03,0.43]",,success,success,成功
14,42,scene_05_mixed_maze_passage,20260601,rrt_connect,51056,True,0.009993986001063604,3.296914155039069,0.9562350132670627,3.589954722622577e-14,0.0,0.002999999999999989,87,80,1.3017433210102566e-11,0.0,"[-1.5708,-1.5708,1.5708,-1.5708,-1.5708,0]","[-3.4303095,-1.5191521,1.8843766,-1.0942235,1.031472,0.55850237]","[0.55,0.03,0.43]",,success,success,成功
15,42,scene_05_mixed_maze_passage,20260601,rrt_connect,51057,True,0.009885172999929637,3.296914155039069,0.9562350132670627,3.589954722622577e-14,0.0,0.002999999999999989,87,80,1.3017433210102566e-11,0.0,"[-1.5708,-1.5708,1.5708,-1.5708,-1.5708,0]","[-3.4303095,-1.5191521,1.8843766,-1.0942235,1.031472,0.55850237]","[0.55,0.03,0.43]",,success,success,成功
16,42,scene_05_mixed_maze_passage,20260601,rrt_connect,51058,True,0.00998516700201435,3.296914155039069,0.9562350132670627,3.589954722622577e-14,0.0,0.002999999999999989,87,80,1.3017433210102566e-11,0.0,"[-1.5708,-1.5708,1.5708,-1.5708,-1.5708,0]","[-3.4303095,-1.5191521,1.8843766,-1.0942235,1.031472,0.55850237]","[0.55,0.03,0.43]",,success,success,成功
17,42,scene_05_mixed_maze_passage,20260601,rrt_connect,51059,True,0.009983755000575911,3.296914155039069,0.9562350132670627,3.589954722622577e-14,0.0,0.002999999999999989,87,80,1.3017433210102566e-11,0.0,"[-1.5708,-1.5708,1.5708,-1.5708,-1.5708,0]","[-3.4303095,-1.5191521,1.8843766,-1.0942235,1.031472,0.55850237]","[0.55,0.03,0.43]",,success,success,成功
18,42,scene_05_mixed_maze_passage,20260601,rrt_connect,51060,True,0.010016688000177965,3.296914155039069,0.9562350132670627,3.589954722622577e-14,0.0,0.002999999999999989,87,80,1.3017433210102566e-11,0.0,"[-1.5708,-1.5708,1.5708,-1.5708,-1.5708,0]","[-3.4303095,-1.5191521,1.8843766,-1.0942235,1.031472,0.55850237]","[0.55,0.03,0.43]",,success,success,成功
19,42,scene_05_mixed_maze_passage,20260601,rrt_connect,51061,True,0.009417943001608364,3.296914155039069,0.9562350132670627,3.589954722622577e-14,0.0,0.002999999999999989,82,80,1.3017433210102566e-11,0.0,"[-1.5708,-1.5708,1.5708,-1.5708,-1.5708,0]","[-3.4303095,-1.5191521,1.8843766,-1.0942235,1.031472,0.55850237]","[0.55,0.03,0.43]",,success,success,成功
20,42,scene_05_mixed_maze_passage,20260601,rrt_connect,51062,True,0.009836871002335101,3.296914155039069,0.9562350132670627,3.589954722622577e-14,0.0,0.002999999999999989,87,80,1.3017433210102566e-11,0.0,"[-1.5708,-1.5708,1.5708,-1.5708,-1.5708,0]","[-3.4303095,-1.5191521,1.8843766,-1.0942235,1.031472,0.55850237]","[0.55,0.03,0.43]",,success,success,成功
21,42,scene_05_mixed_maze_passage,20260601,rrt_connect,51063,True,0.009871724003460258,3.296914155039069,0.9562350132670627,3.589954722622577e-14,0.0,0.002999999999999989,87,80,1.3017433210102566e-11,0.0,"[-1.5708,-1.5708,1.5708,-1.5708,-1.5708,0]","[-3.4303095,-1.5191521,1.8843766,-1.0942235,1.031472,0.55850237]","[0.55,0.03,0.43]",,success,success,成功
22,42,scene_05_mixed_maze_passage,20260601,rrt_connect,51064,True,0.009434551997401286,3.296914155039069,0.9562350132670627,3.589954722622577e-14,0.0,0.002999999999999989,82,80,1.3017433210102566e-11,0.0,"[-1.5708,-1.5708,1.5708,-1.5708,-1.5708,0]","[-3.4303095,-1.5191521,1.8843766,-1.0942235,1.031472,0.55850237]","[0.55,0.03,0.43]",,success,success,成功
23,42,scene_05_mixed_maze_passage,20260601,rrt_connect,51065,True,0.009746701995027252,3.296914155039069,0.9562350132670627,3.589954722622577e-14,0.0,0.002999999999999989,87,80,1.3017433210102566e-11,0.0,"[-1.5708,-1.5708,1.5708,-1.5708,-1.5708,0]","[-3.4303095,-1.5191521,1.8843766,-1.0942235,1.031472,0.55850237]","[0.55,0.03,0.43]",,success,success,成功
24,42,scene_05_mixed_maze_passage,20260601,rrt_connect,51066,True,0.009966871999495197,3.296914155039069,0.9562350132670627,3.589954722622577e-14,0.0,0.002999999999999989,87,80,1.3017433210102566e-11,0.0,"[-1.5708,-1.5708,1.5708,-1.5708,-1.5708,0]","[-3.4303095,-1.5191521,1.8843766,-1.0942235,1.031472,0.55850237]","[0.55,0.03,0.43]",,success,success,成功
25,42,scene_05_mixed_maze_passage,20260601,rrt_connect,51067,True,0.009609000000637025,3.296914155039069,0.9562350132670627,3.589954722622577e-14,0.0,0.002999999999999989,82,80,1.3017433210102566e-11,0.0,"[-1.5708,-1.5708,1.5708,-1.5708,-1.5708,0]","[-3.4303095,-1.5191521,1.8843766,-1.0942235,1.031472,0.55850237]","[0.55,0.03,0.43]",,success,success,成功
26,42,scene_05_mixed_maze_passage,20260601,rrt_connect,51068,True,0.010100069004693069,3.296914155039069,0.9562350132670627,3.589954722622577e-14,0.0,0.002999999999999989,87,80,1.3017433210102566e-11,0.0,"[-1.5708,-1.5708,1.5708,-1.5708,-1.5708,0]","[-3.4303095,-1.5191521,1.8843766,-1.0942235,1.031472,0.55850237]","[0.55,0.03,0.43]",,success,success,成功
27,42,scene_05_mixed_maze_passage,20260601,rrt_connect,51069,True,0.00994874199386686,3.296914155039069,0.9562350132670627,3.589954722622577e-14,0.0,0.002999999999999989,82,80,1.3017433210102566e-11,0.0,"[-1.5708,-1.5708,1.5708,-1.5708,-1.5708,0]","[-3.4303095,-1.5191521,1.8843766,-1.0942235,1.031472,0.55850237]","[0.55,0.03,0.43]",,success,success,成功
28,42,scene_05_mixed_maze_passage,20260601,rrt_connect,51070,True,0.010532478998356964,3.296914155039069,0.9562350132670627,3.589954722622577e-14,0.0,0.002999999999999989,92,80,1.3017433210102566e-11,0.0,"[-1.5708,-1.5708,1.5708,-1.5708,-1.5708,0]","[-3.4303095,-1.5191521,1.8843766,-1.0942235,1.031472,0.55850237]","[0.55,0.03,0.43]",,success,success,成功
29,42,scene_05_mixed_maze_passage,20260601,rrt_connect,51071,True,0.009876643998723011,3.296914155039069,0.9562350132670627,3.589954722622577e-14,0.0,0.002999999999999989,87,80,1.3017433210102566e-11,0.0,"[-1.5708,-1.5708,1.5708,-1.5708,-1.5708,0]","[-3.4303095,-1.5191521,1.8843766,-1.0942235,1.031472,0.55850237]","[0.55,0.03,0.43]",,success,success,成功
30,42,scene_05_mixed_maze_passage,20260601,rrt_connect,51072,True,0.009595486000762321,3.296914155039069,0.9562350132670627,3.589954722622577e-14,0.0,0.002999999999999989,82,80,1.3017433210102566e-11,0.0,"[-1.5708,-1.5708,1.5708,-1.5708,-1.5708,0]","[-3.4303095,-1.5191521,1.8843766,-1.0942235,1.031472,0.55850237]","[0.55,0.03,0.43]",,success,success,成功
31,42,scene_05_mixed_maze_passage,20260601,rrt_connect,51073,True,0.011056278999603819,3.296914155039069,0.9562350132670627,3.589954722622577e-14,0.0,0.002999999999999989,92,80,1.3017433210102566e-11,0.0,"[-1.5708,-1.5708,1.5708,-1.5708,-1.5708,0]","[-3.4303095,-1.5191521,1.8843766,-1.0942235,1.031472,0.55850237]","[0.55,0.03,0.43]",,success,success,成功
32,42,scene_05_mixed_maze_passage,20260601,rrt_connect,51074,True,0.010498096999072004,3.296914155039069,0.9562350132670627,3.589954722622577e-14,0.0,0.002999999999999989,82,80,1.3017433210102566e-11,0.0,"[-1.5708,-1.5708,1.5708,-1.5708,-1.5708,0]","[-3.4303095,-1.5191521,1.8843766,-1.0942235,1.031472,0.55850237]","[0.55,0.03,0.43]",,success,success,成功
33,42,scene_05_mixed_maze_passage,20260601,rrt_connect,51075,True,0.010905135997745674,3.296914155039069,0.9562350132670627,3.589954722622577e-14,0.0,0.002999999999999989,87,80,1.3017433210102566e-11,0.0,"[-1.5708,-1.5708,1.5708,-1.5708,-1.5708,0]","[-3.4303095,-1.5191521,1.8843766,-1.0942235,1.031472,0.55850237]","[0.55,0.03,0.43]",,success,success,成功
34,42,scene_05_mixed_maze_passage,20260601,rrt_connect,51076,True,0.011970192004810087,3.296914155039069,0.9562350132670627,3.589954722622577e-14,0.0,0.002999999999999989,87,80,1.3017433210102566e-11,0.0,"[-1.5708,-1.5708,1.5708,-1.5708,-1.5708,0]","[-3.4303095,-1.5191521,1.8843766,-1.0942235,1.031472,0.55850237]","[0.55,0.03,0.43]",,success,success,成功
35,42,scene_05_mixed_maze_passage,20260601,rrt_connect,51077,True,0.009427397002582438,3.296914155039069,0.9562350132670627,3.589954722622577e-14,0.0,0.002999999999999989,82,80,1.3017433210102566e-11,0.0,"[-1.5708,-1.5708,1.5708,-1.5708,-1.5708,0]","[-3.4303095,-1.5191521,1.8843766,-1.0942235,1.031472,0.55850237]","[0.55,0.03,0.43]",,success,success,成功
36,42,scene_05_mixed_maze_passage,20260601,rrt_connect,51078,True,0.009949143997801002,3.296914155039069,0.9562350132670627,3.589954722622577e-14,0.0,0.002999999999999989,87,80,1.3017433210102566e-11,0.0,"[-1.5708,-1.5708,1.5708,-1.5708,-1.5708,0]","[-3.4303095,-1.5191521,1.8843766,-1.0942235,1.031472,0.55850237]","[0.55,0.03,0.43]",,success,success,成功
37,42,scene_05_mixed_maze_passage,20260601,rrt_connect,51079,True,0.009923896999680437,3.296914155039069,0.9562350132670627,3.589954722622577e-14,0.0,0.002999999999999989,87,80,1.3017433210102566e-11,0.0,"[-1.5708,-1.5708,1.5708,-1.5708,-1.5708,0]","[-3.4303095,-1.5191521,1.8843766,-1.0942235,1.031472,0.55850237]","[0.55,0.03,0.43]",,success,success,成功
38,42,scene_05_mixed_maze_passage,20260601,rrt_connect,51080,True,0.009376042005897034,3.296914155039069,0.9562350132670627,3.589954722622577e-14,0.0,0.002999999999999989,82,80,1.3017433210102566e-11,0.0,"[-1.5708,-1.5708,1.5708,-1.5708,-1.5708,0]","[-3.4303095,-1.5191521,1.8843766,-1.0942235,1.031472,0.55850237]","[0.55,0.03,0.43]",,success,success,成功
39,42,scene_05_mixed_maze_passage,20260601,rrt_connect,51081,True,0.009975726999982726,3.296914155039069,0.9562350132670627,3.589954722622577e-14,0.0,0.002999999999999989,87,80,1.3017433210102566e-11,0.0,"[-1.5708,-1.5708,1.5708,-1.5708,-1.5708,0]","[-3.4303095,-1.5191521,1.8843766,-1.0942235,1.031472,0.55850237]","[0.55,0.03,0.43]",,success,success,成功
40,42,scene_05_mixed_maze_passage,20260601,rrt_connect,51082,True,0.00941947300452739,3.296914155039069,0.9562350132670627,3.589954722622577e-14,0.0,0.002999999999999989,82,80,1.3017433210102566e-11,0.0,"[-1.5708,-1.5708,1.5708,-1.5708,-1.5708,0]","[-3.4303095,-1.5191521,1.8843766,-1.0942235,1.031472,0.55850237]","[0.55,0.03,0.43]",,success,success,成功
41,42,scene_05_mixed_maze_passage,20260601,rrt_connect,51083,True,0.009998934001487214,3.296914155039069,0.9562350132670627,3.589954722622577e-14,0.0,0.002999999999999989,87,80,1.3017433210102566e-11,0.0,"[-1.5708,-1.5708,1.5708,-1.5708,-1.5708,0]","[-3.4303095,-1.5191521,1.8843766,-1.0942235,1.031472,0.55850237]","[0.55,0.03,0.43]",,success,success,成功
42,42,scene_05_mixed_maze_passage,20260601,rrt_connect,51084,True,0.009396239998750389,3.296914155039069,0.9562350132670627,3.589954722622577e-14,0.0,0.002999999999999989,82,80,1.3017433210102566e-11,0.0,"[-1.5708,-1.5708,1.5708,-1.5708,-1.5708,0]","[-3.4303095,-1.5191521,1.8843766,-1.0942235,1.031472,0.55850237]","[0.55,0.03,0.43]",,success,success,成功
43,42,scene_05_mixed_maze_passage,20260601,rrt_connect,51085,True,0.009946250997018069,3.296914155039069,0.9562350132670627,3.589954722622577e-14,0.0,0.002999999999999989,87,80,1.3017433210102566e-11,0.0,"[-1.5708,-1.5708,1.5708,-1.5708,-1.5708,0]","[-3.4303095,-1.5191521,1.8843766,-1.0942235,1.031472,0.55850237]","[0.55,0.03,0.43]",,success,success,成功
44,42,scene_05_mixed_maze_passage,20260601,rrt_connect,51086,True,0.009891487999993842,3.296914155039069,0.9562350132670627,3.589954722622577e-14,0.0,0.002999999999999989,87,80,1.3017433210102566e-11,0.0,"[-1.5708,-1.5708,1.5708,-1.5708,-1.5708,0]","[-3.4303095,-1.5191521,1.8843766,-1.0942235,1.031472,0.55850237]","[0.55,0.03,0.43]",,success,success,成功
45,42,scene_05_mixed_maze_passage,20260601,rrt_connect,51087,True,0.010026834002928808,3.296914155039069,0.9562350132670627,3.589954722622577e-14,0.0,0.002999999999999989,87,80,1.3017433210102566e-11,0.0,"[-1.5708,-1.5708,1.5708,-1.5708,-1.5708,0]","[-3.4303095,-1.5191521,1.8843766,-1.0942235,1.031472,0.55850237]","[0.55,0.03,0.43]",,success,success,成功
46,42,scene_05_mixed_maze_passage,20260601,rrt_connect,51088,True,0.010250080005789641,3.296914155039069,0.9562350132670627,3.589954722622577e-14,0.0,0.002999999999999989,87,80,1.3017433210102566e-11,0.0,"[-1.5708,-1.5708,1.5708,-1.5708,-1.5708,0]","[-3.4303095,-1.5191521,1.8843766,-1.0942235,1.031472,0.55850237]","[0.55,0.03,0.43]",,success,success,成功
47,42,scene_05_mixed_maze_passage,20260601,rrt_connect,51089,True,0.011351312998158392,3.296914155039069,0.9562350132670627,3.589954722622577e-14,0.0,0.002999999999999989,87,80,1.3017433210102566e-11,0.0,"[-1.5708,-1.5708,1.5708,-1.5708,-1.5708,0]","[-3.4303095,-1.5191521,1.8843766,-1.0942235,1.031472,0.55850237]","[0.55,0.03,0.43]",,success,success,成功
48,42,scene_05_mixed_maze_passage,20260601,rrt_connect,51090,True,0.009868565997749101,3.296914155039069,0.9562350132670627,3.589954722622577e-14,0.0,0.002999999999999989,87,80,1.3017433210102566e-11,0.0,"[-1.5708,-1.5708,1.5708,-1.5708,-1.5708,0]","[-3.4303095,-1.5191521,1.8843766,-1.0942235,1.031472,0.55850237]","[0.55,0.03,0.43]",,success,success,成功
49,42,scene_05_mixed_maze_passage,20260601,rrt_connect,51091,True,0.009450158999243286,3.296914155039069,0.9562350132670627,3.589954722622577e-14,0.0,0.002999999999999989,82,80,1.3017433210102566e-11,0.0,"[-1.5708,-1.5708,1.5708,-1.5708,-1.5708,0]","[-3.4303095,-1.5191521,1.8843766,-1.0942235,1.031472,0.55850237]","[0.55,0.03,0.43]",,success,success,成功
0,42,scene_05_mixed_maze_passage,20260601,prm,52042,True,10.878081782000663,3.296914155039069,0.9562350132670627,3.589954722622577e-14,0.0,0.002999999999999989,103367,80,1.3017433210102566e-11,0.0,"[-1.5708,-1.5708,1.5708,-1.5708,-1.5708,0]","[-3.4303095,-1.5191521,1.8843766,-1.0942235,1.031472,0.55850237]","[0.55,0.03,0.43]",,success,success,成功
1,42,scene_05_mixed_maze_passage,20260601,prm,52043,True,11.441600760997972,3.296914155039069,0.9562350132670627,3.589954722622577e-14,0.0,0.002999999999999989,109620,80,1.3017433210102566e-11,0.0,"[-1.5708,-1.5708,1.5708,-1.5708,-1.5708,0]","[-3.4303095,-1.5191521,1.8843766,-1.0942235,1.031472,0.55850237]","[0.55,0.03,0.43]",,success,success,成功
2,42,scene_05_mixed_maze_passage,20260601,prm,52044,True,11.732168050999462,3.296914155039069,0.9562350132670627,3.589954722622577e-14,0.0,0.002999999999999989,108075,80,1.3017433210102566e-11,0.0,"[-1.5708,-1.5708,1.5708,-1.5708,-1.5708,0]","[-3.4303095,-1.5191521,1.8843766,-1.0942235,1.031472,0.55850237]","[0.55,0.03,0.43]",,success,success,成功
3,42,scene_05_mixed_maze_passage,20260601,prm,52045,True,11.772587870997086,3.296914155039069,0.9562350132670627,3.589954722622577e-14,0.0,0.002999999999999989,101928,80,1.3017433210102566e-11,0.0,"[-1.5708,-1.5708,1.5708,-1.5708,-1.5708,0]","[-3.4303095,-1.5191521,1.8843766,-1.0942235,1.031472,0.55850237]","[0.55,0.03,0.43]",,success,success,成功
4,42,scene_05_mixed_maze_passage,20260601,prm,52046,True,11.732415297003172,3.296914155039069,0.9562350132670627,3.589954722622577e-14,0.0,0.002999999999999989,103047,80,1.3017433210102566e-11,0.0,"[-1.5708,-1.5708,1.5708,-1.5708,-1.5708,0]","[-3.4303095,-1.5191521,1.8843766,-1.0942235,1.031472,0.55850237]","[0.55,0.03,0.43]",,success,success,成功
5,42,scene_05_mixed_maze_passage,20260601,prm,52047,True,11.805743714001437,3.296914155039069,0.9562350132670627,3.589954722622577e-14,0.0,0.002999999999999989,109020,80,1.3017433210102566e-11,0.0,"[-1.5708,-1.5708,1.5708,-1.5708,-1.5708,0]","[-3.4303095,-1.5191521,1.8843766,-1.0942235,1.031472,0.55850237]","[0.55,0.03,0.43]",,success,success,成功
6,42,scene_05_mixed_maze_passage,20260601,prm,52048,True,11.354611316994124,3.296914155039069,0.9562350132670627,3.589954722622577e-14,0.0,0.002999999999999989,106355,80,1.3017433210102566e-11,0.0,"[-1.5708,-1.5708,1.5708,-1.5708,-1.5708,0]","[-3.4303095,-1.5191521,1.8843766,-1.0942235,1.031472,0.55850237]","[0.55,0.03,0.43]",,success,success,成功
7,42,scene_05_mixed_maze_passage,20260601,prm,52049,True,11.205797169001016,3.296914155039069,0.9562350132670627,3.589954722622577e-14,0.0,0.002999999999999989,105828,80,1.3017433210102566e-11,0.0,"[-1.5708,-1.5708,1.5708,-1.5708,-1.5708,0]","[-3.4303095,-1.5191521,1.8843766,-1.0942235,1.031472,0.55850237]","[0.55,0.03,0.43]",,success,success,成功
8,42,scene_05_mixed_maze_passage,20260601,prm,52050,True,11.39460081300058,3.296914155039069,0.9562350132670627,3.589954722622577e-14,0.0,0.002999999999999989,110468,80,1.3017433210102566e-11,0.0,"[-1.5708,-1.5708,1.5708,-1.5708,-1.5708,0]","[-3.4303095,-1.5191521,1.8843766,-1.0942235,1.031472,0.55850237]","[0.55,0.03,0.43]",,success,success,成功
9,42,scene_05_mixed_maze_passage,20260601,prm,52051,True,10.304947069002083,3.296914155039069,0.9562350132670627,3.589954722622577e-14,0.0,0.002999999999999989,99604,80,1.3017433210102566e-11,0.0,"[-1.5708,-1.5708,1.5708,-1.5708,-1.5708,0]","[-3.4303095,-1.5191521,1.8843766,-1.0942235,1.031472,0.55850237]","[0.55,0.03,0.43]",,success,success,成功
10,42,scene_05_mixed_maze_passage,20260601,prm,52052,True,11.655547862996173,3.296914155039069,0.9562350132670627,3.589954722622577e-14,0.0,0.002999999999999989,112920,80,1.3017433210102566e-11,0.0,"[-1.5708,-1.5708,1.5708,-1.5708,-1.5708,0]","[-3.4303095,-1.5191521,1.8843766,-1.0942235,1.031472,0.55850237]","[0.55,0.03,0.43]",,success,success,成功
11,42,scene_05_mixed_maze_passage,20260601,prm,52053,True,11.403835363002145,3.296914155039069,0.9562350132670627,3.589954722622577e-14,0.0,0.002999999999999989,110528,80,1.3017433210102566e-11,0.0,"[-1.5708,-1.5708,1.5708,-1.5708,-1.5708,0]","[-3.4303095,-1.5191521,1.8843766,-1.0942235,1.031472,0.55850237]","[0.55,0.03,0.43]",,success,success,成功
12,42,scene_05_mixed_maze_passage,20260601,prm,52054,True,11.140924054998322,3.296914155039069,0.9562350132670627,3.589954722622577e-14,0.0,0.002999999999999989,106987,80,1.3017433210102566e-11,0.0,"[-1.5708,-1.5708,1.5708,-1.5708,-1.5708,0]","[-3.4303095,-1.5191521,1.8843766,-1.0942235,1.031472,0.55850237]","[0.55,0.03,0.43]",,success,success,成功
13,42,scene_05_mixed_maze_passage,20260601,prm,52055,True,10.944598769994627,3.296914155039069,0.9562350132670627,3.589954722622577e-14,0.0,0.002999999999999989,103212,80,1.3017433210102566e-11,0.0,"[-1.5708,-1.5708,1.5708,-1.5708,-1.5708,0]","[-3.4303095,-1.5191521,1.8843766,-1.0942235,1.031472,0.55850237]","[0.55,0.03,0.43]",,success,success,成功
14,42,scene_05_mixed_maze_passage,20260601,prm,52056,True,11.990310260996921,3.296914155039069,0.9562350132670627,3.589954722622577e-14,0.0,0.002999999999999989,112569,80,1.3017433210102566e-11,0.0,"[-1.5708,-1.5708,1.5708,-1.5708,-1.5708,0]","[-3.4303095,-1.5191521,1.8843766,-1.0942235,1.031472,0.55850237]","[0.55,0.03,0.43]",,success,success,成功
15,42,scene_05_mixed_maze_passage,20260601,prm,52057,True,11.1877062640051,3.296914155039069,0.9562350132670627,3.589954722622577e-14,0.0,0.002999999999999989,107329,80,1.3017433210102566e-11,0.0,"[-1.5708,-1.5708,1.5708,-1.5708,-1.5708,0]","[-3.4303095,-1.5191521,1.8843766,-1.0942235,1.031472,0.55850237]","[0.55,0.03,0.43]",,success,success,成功
16,42,scene_05_mixed_maze_passage,20260601,prm,52058,True,11.06176562300243,3.296914155039069,0.9562350132670627,3.589954722622577e-14,0.0,0.002999999999999989,106928,80,1.3017433210102566e-11,0.0,"[-1.5708,-1.5708,1.5708,-1.5708,-1.5708,0]","[-3.4303095,-1.5191521,1.8843766,-1.0942235,1.031472,0.55850237]","[0.55,0.03,0.43]",,success,success,成功
17,42,scene_05_mixed_maze_passage,20260601,prm,52059,True,11.623791818994505,3.296914155039069,0.9562350132670627,3.589954722622577e-14,0.0,0.002999999999999989,107921,80,1.3017433210102566e-11,0.0,"[-1.5708,-1.5708,1.5708,-1.5708,-1.5708,0]","[-3.4303095,-1.5191521,1.8843766,-1.0942235,1.031472,0.55850237]","[0.55,0.03,0.43]",,success,success,成功
18,42,scene_05_mixed_maze_passage,20260601,prm,52060,True,11.307583303001593,3.296914155039069,0.9562350132670627,3.589954722622577e-14,0.0,0.002999999999999989,108399,80,1.3017433210102566e-11,0.0,"[-1.5708,-1.5708,1.5708,-1.5708,-1.5708,0]","[-3.4303095,-1.5191521,1.8843766,-1.0942235,1.031472,0.55850237]","[0.55,0.03,0.43]",,success,success,成功
19,42,scene_05_mixed_maze_passage,20260601,prm,52061,True,10.689833791002457,3.296914155039069,0.9562350132670627,3.589954722622577e-14,0.0,0.002999999999999989,103203,80,1.3017433210102566e-11,0.0,"[-1.5708,-1.5708,1.5708,-1.5708,-1.5708,0]","[-3.4303095,-1.5191521,1.8843766,-1.0942235,1.031472,0.55850237]","[0.55,0.03,0.43]",,success,success,成功
20,42,scene_05_mixed_maze_passage,20260601,prm,52062,True,11.750939099998504,3.296914155039069,0.9562350132670627,3.589954722622577e-14,0.0,0.002999999999999989,114382,80,1.3017433210102566e-11,0.0,"[-1.5708,-1.5708,1.5708,-1.5708,-1.5708,0]","[-3.4303095,-1.5191521,1.8843766,-1.0942235,1.031472,0.55850237]","[0.55,0.03,0.43]",,success,success,成功
21,42,scene_05_mixed_maze_passage,20260601,prm,52063,True,11.38817141999607,3.296914155039069,0.9562350132670627,3.589954722622577e-14,0.0,0.002999999999999989,110285,80,1.3017433210102566e-11,0.0,"[-1.5708,-1.5708,1.5708,-1.5708,-1.5708,0]","[-3.4303095,-1.5191521,1.8843766,-1.0942235,1.031472,0.55850237]","[0.55,0.03,0.43]",,success,success,成功
22,42,scene_05_mixed_maze_passage,20260601,prm,52064,True,11.653429588994186,3.296914155039069,0.9562350132670627,3.589954722622577e-14,0.0,0.002999999999999989,113230,80,1.3017433210102566e-11,0.0,"[-1.5708,-1.5708,1.5708,-1.5708,-1.5708,0]","[-3.4303095,-1.5191521,1.8843766,-1.0942235,1.031472,0.55850237]","[0.55,0.03,0.43]",,success,success,成功
23,42,scene_05_mixed_maze_passage,20260601,prm,52065,True,11.456513513003301,3.296914155039069,0.9562350132670627,3.589954722622577e-14,0.0,0.002999999999999989,111217,80,1.3017433210102566e-11,0.0,"[-1.5708,-1.5708,1.5708,-1.5708,-1.5708,0]","[-3.4303095,-1.5191521,1.8843766,-1.0942235,1.031472,0.55850237]","[0.55,0.03,0.43]",,success,success,成功
24,42,scene_05_mixed_maze_passage,20260601,prm,52066,True,10.98579155599873,3.296914155039069,0.9562350132670627,3.589954722622577e-14,0.0,0.002999999999999989,107293,80,1.3017433210102566e-11,0.0,"[-1.5708,-1.5708,1.5708,-1.5708,-1.5708,0]","[-3.4303095,-1.5191521,1.8843766,-1.0942235,1.031472,0.55850237]","[0.55,0.03,0.43]",,success,success,成功
25,42,scene_05_mixed_maze_passage,20260601,prm,52067,True,11.745145408000099,3.296914155039069,0.9562350132670627,3.589954722622577e-14,0.0,0.002999999999999989,113397,80,1.3017433210102566e-11,0.0,"[-1.5708,-1.5708,1.5708,-1.5708,-1.5708,0]","[-3.4303095,-1.5191521,1.8843766,-1.0942235,1.031472,0.55850237]","[0.55,0.03,0.43]",,success,success,成功
26,42,scene_05_mixed_maze_passage,20260601,prm,52068,True,11.55177061100403,3.296914155039069,0.9562350132670627,3.589954722622577e-14,0.0,0.002999999999999989,112235,80,1.3017433210102566e-11,0.0,"[-1.5708,-1.5708,1.5708,-1.5708,-1.5708,0]","[-3.4303095,-1.5191521,1.8843766,-1.0942235,1.031472,0.55850237]","[0.55,0.03,0.43]",,success,success,成功
27,42,scene_05_mixed_maze_passage,20260601,prm,52069,True,11.398884706999524,3.296914155039069,0.9562350132670627,3.589954722622577e-14,0.0,0.002999999999999989,110146,80,1.3017433210102566e-11,0.0,"[-1.5708,-1.5708,1.5708,-1.5708,-1.5708,0]","[-3.4303095,-1.5191521,1.8843766,-1.0942235,1.031472,0.55850237]","[0.55,0.03,0.43]",,success,success,成功
28,42,scene_05_mixed_maze_passage,20260601,prm,52070,True,10.65621151200321,3.296914155039069,0.9562350132670627,3.589954722622577e-14,0.0,0.002999999999999989,102901,80,1.3017433210102566e-11,0.0,"[-1.5708,-1.5708,1.5708,-1.5708,-1.5708,0]","[-3.4303095,-1.5191521,1.8843766,-1.0942235,1.031472,0.55850237]","[0.55,0.03,0.43]",,success,success,成功
29,42,scene_05_mixed_maze_passage,20260601,prm,52071,True,11.250186653000128,3.296914155039069,0.9562350132670627,3.589954722622577e-14,0.0,0.002999999999999989,107441,80,1.3017433210102566e-11,0.0,"[-1.5708,-1.5708,1.5708,-1.5708,-1.5708,0]","[-3.4303095,-1.5191521,1.8843766,-1.0942235,1.031472,0.55850237]","[0.55,0.03,0.43]",,success,success,成功
30,42,scene_05_mixed_maze_passage,20260601,prm,52072,True,10.789559844000905,3.296914155039069,0.9562350132670627,3.589954722622577e-14,0.0,0.002999999999999989,103928,80,1.3017433210102566e-11,0.0,"[-1.5708,-1.5708,1.5708,-1.5708,-1.5708,0]","[-3.4303095,-1.5191521,1.8843766,-1.0942235,1.031472,0.55850237]","[0.55,0.03,0.43]",,success,success,成功
31,42,scene_05_mixed_maze_passage,20260601,prm,52073,True,11.586535335001827,3.296914155039069,0.9562350132670627,3.589954722622577e-14,0.0,0.002999999999999989,111766,80,1.3017433210102566e-11,0.0,"[-1.5708,-1.5708,1.5708,-1.5708,-1.5708,0]","[-3.4303095,-1.5191521,1.8843766,-1.0942235,1.031472,0.55850237]","[0.55,0.03,0.43]",,success,success,成功
32,42,scene_05_mixed_maze_passage,20260601,prm,52074,True,11.612903149005433,3.296914155039069,0.9562350132670627,3.589954722622577e-14,0.0,0.002999999999999989,111806,80,1.3017433210102566e-11,0.0,"[-1.5708,-1.5708,1.5708,-1.5708,-1.5708,0]","[-3.4303095,-1.5191521,1.8843766,-1.0942235,1.031472,0.55850237]","[0.55,0.03,0.43]",,success,success,成功
33,42,scene_05_mixed_maze_passage,20260601,prm,52075,True,11.586713406002673,3.296914155039069,0.9562350132670627,3.589954722622577e-14,0.0,0.002999999999999989,111386,80,1.3017433210102566e-11,0.0,"[-1.5708,-1.5708,1.5708,-1.5708,-1.5708,0]","[-3.4303095,-1.5191521,1.8843766,-1.0942235,1.031472,0.55850237]","[0.55,0.03,0.43]",,success,success,成功
34,42,scene_05_mixed_maze_passage,20260601,prm,52076,True,11.706006847998651,3.296914155039069,0.9562350132670627,3.589954722622577e-14,0.0,0.002999999999999989,111824,80,1.3017433210102566e-11,0.0,"[-1.5708,-1.5708,1.5708,-1.5708,-1.5708,0]","[-3.4303095,-1.5191521,1.8843766,-1.0942235,1.031472,0.55850237]","[0.55,0.03,0.43]",,success,success,成功
35,42,scene_05_mixed_maze_passage,20260601,prm,52077,True,11.707757741998648,3.296914155039069,0.9562350132670627,3.589954722622577e-14,0.0,0.002999999999999989,110860,80,1.3017433210102566e-11,0.0,"[-1.5708,-1.5708,1.5708,-1.5708,-1.5708,0]","[-3.4303095,-1.5191521,1.8843766,-1.0942235,1.031472,0.55850237]","[0.55,0.03,0.43]",,success,success,成功
36,42,scene_05_mixed_maze_passage,20260601,prm,52078,True,11.25185006600077,3.296914155039069,0.9562350132670627,3.589954722622577e-14,0.0,0.002999999999999989,106317,80,1.3017433210102566e-11,0.0,"[-1.5708,-1.5708,1.5708,-1.5708,-1.5708,0]","[-3.4303095,-1.5191521,1.8843766,-1.0942235,1.031472,0.55850237]","[0.55,0.03,0.43]",,success,success,成功
37,42,scene_05_mixed_maze_passage,20260601,prm,52079,True,12.058955708998838,3.296914155039069,0.9562350132670627,3.589954722622577e-14,0.0,0.002999999999999989,116445,80,1.3017433210102566e-11,0.0,"[-1.5708,-1.5708,1.5708,-1.5708,-1.5708,0]","[-3.4303095,-1.5191521,1.8843766,-1.0942235,1.031472,0.55850237]","[0.55,0.03,0.43]",,success,success,成功
38,42,scene_05_mixed_maze_passage,20260601,prm,52080,True,12.044964758999413,3.296914155039069,0.9562350132670627,3.589954722622577e-14,0.0,0.002999999999999989,115384,80,1.3017433210102566e-11,0.0,"[-1.5708,-1.5708,1.5708,-1.5708,-1.5708,0]","[-3.4303095,-1.5191521,1.8843766,-1.0942235,1.031472,0.55850237]","[0.55,0.03,0.43]",,success,success,成功
39,42,scene_05_mixed_maze_passage,20260601,prm,52081,True,11.676511221005057,3.296914155039069,0.9562350132670627,3.589954722622577e-14,0.0,0.002999999999999989,112441,80,1.3017433210102566e-11,0.0,"[-1.5708,-1.5708,1.5708,-1.5708,-1.5708,0]","[-3.4303095,-1.5191521,1.8843766,-1.0942235,1.031472,0.55850237]","[0.55,0.03,0.43]",,success,success,成功
40,42,scene_05_mixed_maze_passage,20260601,prm,52082,True,11.030907007996575,3.296914155039069,0.9562350132670627,3.589954722622577e-14,0.0,0.002999999999999989,106264,80,1.3017433210102566e-11,0.0,"[-1.5708,-1.5708,1.5708,-1.5708,-1.5708,0]","[-3.4303095,-1.5191521,1.8843766,-1.0942235,1.031472,0.55850237]","[0.55,0.03,0.43]",,success,success,成功
41,42,scene_05_mixed_maze_passage,20260601,prm,52083,True,11.262876779997896,3.296914155039069,0.9562350132670627,3.589954722622577e-14,0.0,0.002999999999999989,110110,80,1.3017433210102566e-11,0.0,"[-1.5708,-1.5708,1.5708,-1.5708,-1.5708,0]","[-3.4303095,-1.5191521,1.8843766,-1.0942235,1.031472,0.55850237]","[0.55,0.03,0.43]",,success,success,成功
42,42,scene_05_mixed_maze_passage,20260601,prm,52084,True,11.788380548998248,3.296914155039069,0.9562350132670627,3.589954722622577e-14,0.0,0.002999999999999989,111679,80,1.3017433210102566e-11,0.0,"[-1.5708,-1.5708,1.5708,-1.5708,-1.5708,0]","[-3.4303095,-1.5191521,1.8843766,-1.0942235,1.031472,0.55850237]","[0.55,0.03,0.43]",,success,success,成功
43,42,scene_05_mixed_maze_passage,20260601,prm,52085,True,11.920798423998349,3.296914155039069,0.9562350132670627,3.589954722622577e-14,0.0,0.002999999999999989,111364,80,1.3017433210102566e-11,0.0,"[-1.5708,-1.5708,1.5708,-1.5708,-1.5708,0]","[-3.4303095,-1.5191521,1.8843766,-1.0942235,1.031472,0.55850237]","[0.55,0.03,0.43]",,success,success,成功
44,42,scene_05_mixed_maze_passage,20260601,prm,52086,True,10.977362609999545,3.296914155039069,0.9562350132670627,3.589954722622577e-14,0.0,0.002999999999999989,106008,80,1.3017433210102566e-11,0.0,"[-1.5708,-1.5708,1.5708,-1.5708,-1.5708,0]","[-3.4303095,-1.5191521,1.8843766,-1.0942235,1.031472,0.55850237]","[0.55,0.03,0.43]",,success,success,成功
45,42,scene_05_mixed_maze_passage,20260601,prm,52087,True,11.090447702001256,3.296914155039069,0.9562350132670627,3.589954722622577e-14,0.0,0.002999999999999989,105852,80,1.3017433210102566e-11,0.0,"[-1.5708,-1.5708,1.5708,-1.5708,-1.5708,0]","[-3.4303095,-1.5191521,1.8843766,-1.0942235,1.031472,0.55850237]","[0.55,0.03,0.43]",,success,success,成功
46,42,scene_05_mixed_maze_passage,20260601,prm,52088,True,11.65148287199554,3.296914155039069,0.9562350132670627,3.589954722622577e-14,0.0,0.002999999999999989,113130,80,1.3017433210102566e-11,0.0,"[-1.5708,-1.5708,1.5708,-1.5708,-1.5708,0]","[-3.4303095,-1.5191521,1.8843766,-1.0942235,1.031472,0.55850237]","[0.55,0.03,0.43]",,success,success,成功
47,42,scene_05_mixed_maze_passage,20260601,prm,52089,True,11.587808178002888,3.296914155039069,0.9562350132670627,3.589954722622577e-14,0.0,0.002999999999999989,108706,80,1.3017433210102566e-11,0.0,"[-1.5708,-1.5708,1.5708,-1.5708,-1.5708,0]","[-3.4303095,-1.5191521,1.8843766,-1.0942235,1.031472,0.55850237]","[0.55,0.03,0.43]",,success,success,成功
48,42,scene_05_mixed_maze_passage,20260601,prm,52090,True,11.626913042004162,3.296914155039069,0.9562350132670627,3.589954722622577e-14,0.0,0.002999999999999989,111966,80,1.3017433210102566e-11,0.0,"[-1.5708,-1.5708,1.5708,-1.5708,-1.5708,0]","[-3.4303095,-1.5191521,1.8843766,-1.0942235,1.031472,0.55850237]","[0.55,0.03,0.43]",,success,success,成功
49,42,scene_05_mixed_maze_passage,20260601,prm,52091,True,12.21296295200591,3.296914155039069,0.9562350132670627,3.589954722622577e-14,0.0,0.002999999999999989,105672,80,1.3017433210102566e-11,0.0,"[-1.5708,-1.5708,1.5708,-1.5708,-1.5708,0]","[-3.4303095,-1.5191521,1.8843766,-1.0942235,1.031472,0.55850237]","[0.55,0.03,0.43]",,success,success,成功
0,42,scene_05_mixed_maze_passage,20260601,apf,53042,False,2.6566388230057782,72.0000000000017,41.74839218769373,138.27203762135304,0.0,0.002999999999999989,3202,1601,0.17708261022094324,0.0,"[-1.5708,-1.5708,1.5708,-1.5708,-1.5708,0]","[-3.4303095,-1.5191521,1.8843766,-1.0942235,1.031472,0.55850237]","[0.55,0.03,0.43]",,max iterations reached,iteration_limit,迭代上限
1,42,scene_05_mixed_maze_passage,20260601,apf,53043,False,2.4266527040017536,72.0000000000017,41.74839218769373,138.27203762135304,0.0,0.002999999999999989,3202,1601,0.17708261022094324,0.0,"[-1.5708,-1.5708,1.5708,-1.5708,-1.5708,0]","[-3.4303095,-1.5191521,1.8843766,-1.0942235,1.031472,0.55850237]","[0.55,0.03,0.43]",,max iterations reached,iteration_limit,迭代上限
2,42,scene_05_mixed_maze_passage,20260601,apf,53044,False,2.42933648199687,72.0000000000017,41.74839218769373,138.27203762135304,0.0,0.002999999999999989,3202,1601,0.17708261022094324,0.0,"[-1.5708,-1.5708,1.5708,-1.5708,-1.5708,0]","[-3.4303095,-1.5191521,1.8843766,-1.0942235,1.031472,0.55850237]","[0.55,0.03,0.43]",,max iterations reached,iteration_limit,迭代上限
3,42,scene_05_mixed_maze_passage,20260601,apf,53045,False,2.3694130910007516,72.0000000000017,41.74839218769373,138.27203762135304,0.0,0.002999999999999989,3202,1601,0.17708261022094324,0.0,"[-1.5708,-1.5708,1.5708,-1.5708,-1.5708,0]","[-3.4303095,-1.5191521,1.8843766,-1.0942235,1.031472,0.55850237]","[0.55,0.03,0.43]",,max iterations reached,iteration_limit,迭代上限
4,42,scene_05_mixed_maze_passage,20260601,apf,53046,False,2.3756524400014314,72.0000000000017,41.74839218769373,138.27203762135304,0.0,0.002999999999999989,3202,1601,0.17708261022094324,0.0,"[-1.5708,-1.5708,1.5708,-1.5708,-1.5708,0]","[-3.4303095,-1.5191521,1.8843766,-1.0942235,1.031472,0.55850237]","[0.55,0.03,0.43]",,max iterations reached,iteration_limit,迭代上限
5,42,scene_05_mixed_maze_passage,20260601,apf,53047,False,2.3941020740021486,72.0000000000017,41.74839218769373,138.27203762135304,0.0,0.002999999999999989,3202,1601,0.17708261022094324,0.0,"[-1.5708,-1.5708,1.5708,-1.5708,-1.5708,0]","[-3.4303095,-1.5191521,1.8843766,-1.0942235,1.031472,0.55850237]","[0.55,0.03,0.43]",,max iterations reached,iteration_limit,迭代上限
6,42,scene_05_mixed_maze_passage,20260601,apf,53048,False,2.3765188309989753,72.0000000000017,41.74839218769373,138.27203762135304,0.0,0.002999999999999989,3202,1601,0.17708261022094324,0.0,"[-1.5708,-1.5708,1.5708,-1.5708,-1.5708,0]","[-3.4303095,-1.5191521,1.8843766,-1.0942235,1.031472,0.55850237]","[0.55,0.03,0.43]",,max iterations reached,iteration_limit,迭代上限
7,42,scene_05_mixed_maze_passage,20260601,apf,53049,False,2.378241063997848,72.0000000000017,41.74839218769373,138.27203762135304,0.0,0.002999999999999989,3202,1601,0.17708261022094324,0.0,"[-1.5708,-1.5708,1.5708,-1.5708,-1.5708,0]","[-3.4303095,-1.5191521,1.8843766,-1.0942235,1.031472,0.55850237]","[0.55,0.03,0.43]",,max iterations reached,iteration_limit,迭代上限
8,42,scene_05_mixed_maze_passage,20260601,apf,53050,False,2.3648721120043774,72.0000000000017,41.74839218769373,138.27203762135304,0.0,0.002999999999999989,3202,1601,0.17708261022094324,0.0,"[-1.5708,-1.5708,1.5708,-1.5708,-1.5708,0]","[-3.4303095,-1.5191521,1.8843766,-1.0942235,1.031472,0.55850237]","[0.55,0.03,0.43]",,max iterations reached,iteration_limit,迭代上限
9,42,scene_05_mixed_maze_passage,20260601,apf,53051,False,2.3599385069974232,72.0000000000017,41.74839218769373,138.27203762135304,0.0,0.002999999999999989,3202,1601,0.17708261022094324,0.0,"[-1.5708,-1.5708,1.5708,-1.5708,-1.5708,0]","[-3.4303095,-1.5191521,1.8843766,-1.0942235,1.031472,0.55850237]","[0.55,0.03,0.43]",,max iterations reached,iteration_limit,迭代上限
10,42,scene_05_mixed_maze_passage,20260601,apf,53052,False,2.3904006430020672,72.0000000000017,41.74839218769373,138.27203762135304,0.0,0.002999999999999989,3202,1601,0.17708261022094324,0.0,"[-1.5708,-1.5708,1.5708,-1.5708,-1.5708,0]","[-3.4303095,-1.5191521,1.8843766,-1.0942235,1.031472,0.55850237]","[0.55,0.03,0.43]",,max iterations reached,iteration_limit,迭代上限
11,42,scene_05_mixed_maze_passage,20260601,apf,53053,False,2.3750825360039016,72.0000000000017,41.74839218769373,138.27203762135304,0.0,0.002999999999999989,3202,1601,0.17708261022094324,0.0,"[-1.5708,-1.5708,1.5708,-1.5708,-1.5708,0]","[-3.4303095,-1.5191521,1.8843766,-1.0942235,1.031472,0.55850237]","[0.55,0.03,0.43]",,max iterations reached,iteration_limit,迭代上限
12,42,scene_05_mixed_maze_passage,20260601,apf,53054,False,2.376474370001233,72.0000000000017,41.74839218769373,138.27203762135304,0.0,0.002999999999999989,3202,1601,0.17708261022094324,0.0,"[-1.5708,-1.5708,1.5708,-1.5708,-1.5708,0]","[-3.4303095,-1.5191521,1.8843766,-1.0942235,1.031472,0.55850237]","[0.55,0.03,0.43]",,max iterations reached,iteration_limit,迭代上限
13,42,scene_05_mixed_maze_passage,20260601,apf,53055,False,2.367877935001161,72.0000000000017,41.74839218769373,138.27203762135304,0.0,0.002999999999999989,3202,1601,0.17708261022094324,0.0,"[-1.5708,-1.5708,1.5708,-1.5708,-1.5708,0]","[-3.4303095,-1.5191521,1.8843766,-1.0942235,1.031472,0.55850237]","[0.55,0.03,0.43]",,max iterations reached,iteration_limit,迭代上限
14,42,scene_05_mixed_maze_passage,20260601,apf,53056,False,2.370326338997984,72.0000000000017,41.74839218769373,138.27203762135304,0.0,0.002999999999999989,3202,1601,0.17708261022094324,0.0,"[-1.5708,-1.5708,1.5708,-1.5708,-1.5708,0]","[-3.4303095,-1.5191521,1.8843766,-1.0942235,1.031472,0.55850237]","[0.55,0.03,0.43]",,max iterations reached,iteration_limit,迭代上限
15,42,scene_05_mixed_maze_passage,20260601,apf,53057,False,2.6199997600051574,72.0000000000017,41.74839218769373,138.27203762135304,0.0,0.002999999999999989,3202,1601,0.17708261022094324,0.0,"[-1.5708,-1.5708,1.5708,-1.5708,-1.5708,0]","[-3.4303095,-1.5191521,1.8843766,-1.0942235,1.031472,0.55850237]","[0.55,0.03,0.43]",,max iterations reached,iteration_limit,迭代上限
16,42,scene_05_mixed_maze_passage,20260601,apf,53058,False,2.518135236001399,72.0000000000017,41.74839218769373,138.27203762135304,0.0,0.002999999999999989,3202,1601,0.17708261022094324,0.0,"[-1.5708,-1.5708,1.5708,-1.5708,-1.5708,0]","[-3.4303095,-1.5191521,1.8843766,-1.0942235,1.031472,0.55850237]","[0.55,0.03,0.43]",,max iterations reached,iteration_limit,迭代上限
17,42,scene_05_mixed_maze_passage,20260601,apf,53059,False,2.3792905579975923,72.0000000000017,41.74839218769373,138.27203762135304,0.0,0.002999999999999989,3202,1601,0.17708261022094324,0.0,"[-1.5708,-1.5708,1.5708,-1.5708,-1.5708,0]","[-3.4303095,-1.5191521,1.8843766,-1.0942235,1.031472,0.55850237]","[0.55,0.03,0.43]",,max iterations reached,iteration_limit,迭代上限
18,42,scene_05_mixed_maze_passage,20260601,apf,53060,False,2.4218547219934408,72.0000000000017,41.74839218769373,138.27203762135304,0.0,0.002999999999999989,3202,1601,0.17708261022094324,0.0,"[-1.5708,-1.5708,1.5708,-1.5708,-1.5708,0]","[-3.4303095,-1.5191521,1.8843766,-1.0942235,1.031472,0.55850237]","[0.55,0.03,0.43]",,max iterations reached,iteration_limit,迭代上限
19,42,scene_05_mixed_maze_passage,20260601,apf,53061,False,2.3743372919998365,72.0000000000017,41.74839218769373,138.27203762135304,0.0,0.002999999999999989,3202,1601,0.17708261022094324,0.0,"[-1.5708,-1.5708,1.5708,-1.5708,-1.5708,0]","[-3.4303095,-1.5191521,1.8843766,-1.0942235,1.031472,0.55850237]","[0.55,0.03,0.43]",,max iterations reached,iteration_limit,迭代上限
20,42,scene_05_mixed_maze_passage,20260601,apf,53062,False,2.3817222860016045,72.0000000000017,41.74839218769373,138.27203762135304,0.0,0.002999999999999989,3202,1601,0.17708261022094324,0.0,"[-1.5708,-1.5708,1.5708,-1.5708,-1.5708,0]","[-3.4303095,-1.5191521,1.8843766,-1.0942235,1.031472,0.55850237]","[0.55,0.03,0.43]",,max iterations reached,iteration_limit,迭代上限
21,42,scene_05_mixed_maze_passage,20260601,apf,53063,False,2.370554389002791,72.0000000000017,41.74839218769373,138.27203762135304,0.0,0.002999999999999989,3202,1601,0.17708261022094324,0.0,"[-1.5708,-1.5708,1.5708,-1.5708,-1.5708,0]","[-3.4303095,-1.5191521,1.8843766,-1.0942235,1.031472,0.55850237]","[0.55,0.03,0.43]",,max iterations reached,iteration_limit,迭代上限
22,42,scene_05_mixed_maze_passage,20260601,apf,53064,False,2.3589324790009414,72.0000000000017,41.74839218769373,138.27203762135304,0.0,0.002999999999999989,3202,1601,0.17708261022094324,0.0,"[-1.5708,-1.5708,1.5708,-1.5708,-1.5708,0]","[-3.4303095,-1.5191521,1.8843766,-1.0942235,1.031472,0.55850237]","[0.55,0.03,0.43]",,max iterations reached,iteration_limit,迭代上限
23,42,scene_05_mixed_maze_passage,20260601,apf,53065,False,2.3643732510026894,72.0000000000017,41.74839218769373,138.27203762135304,0.0,0.002999999999999989,3202,1601,0.17708261022094324,0.0,"[-1.5708,-1.5708,1.5708,-1.5708,-1.5708,0]","[-3.4303095,-1.5191521,1.8843766,-1.0942235,1.031472,0.55850237]","[0.55,0.03,0.43]",,max iterations reached,iteration_limit,迭代上限
24,42,scene_05_mixed_maze_passage,20260601,apf,53066,False,2.363074011002027,72.0000000000017,41.74839218769373,138.27203762135304,0.0,0.002999999999999989,3202,1601,0.17708261022094324,0.0,"[-1.5708,-1.5708,1.5708,-1.5708,-1.5708,0]","[-3.4303095,-1.5191521,1.8843766,-1.0942235,1.031472,0.55850237]","[0.55,0.03,0.43]",,max iterations reached,iteration_limit,迭代上限
25,42,scene_05_mixed_maze_passage,20260601,apf,53067,False,2.4283163450018037,72.0000000000017,41.74839218769373,138.27203762135304,0.0,0.002999999999999989,3202,1601,0.17708261022094324,0.0,"[-1.5708,-1.5708,1.5708,-1.5708,-1.5708,0]","[-3.4303095,-1.5191521,1.8843766,-1.0942235,1.031472,0.55850237]","[0.55,0.03,0.43]",,max iterations reached,iteration_limit,迭代上限
26,42,scene_05_mixed_maze_passage,20260601,apf,53068,False,2.459040981004364,72.0000000000017,41.74839218769373,138.27203762135304,0.0,0.002999999999999989,3202,1601,0.17708261022094324,0.0,"[-1.5708,-1.5708,1.5708,-1.5708,-1.5708,0]","[-3.4303095,-1.5191521,1.8843766,-1.0942235,1.031472,0.55850237]","[0.55,0.03,0.43]",,max iterations reached,iteration_limit,迭代上限
27,42,scene_05_mixed_maze_passage,20260601,apf,53069,False,2.4090849560016068,72.0000000000017,41.74839218769373,138.27203762135304,0.0,0.002999999999999989,3202,1601,0.17708261022094324,0.0,"[-1.5708,-1.5708,1.5708,-1.5708,-1.5708,0]","[-3.4303095,-1.5191521,1.8843766,-1.0942235,1.031472,0.55850237]","[0.55,0.03,0.43]",,max iterations reached,iteration_limit,迭代上限
28,42,scene_05_mixed_maze_passage,20260601,apf,53070,False,2.771074771997519,72.0000000000017,41.74839218769373,138.27203762135304,0.0,0.002999999999999989,3202,1601,0.17708261022094324,0.0,"[-1.5708,-1.5708,1.5708,-1.5708,-1.5708,0]","[-3.4303095,-1.5191521,1.8843766,-1.0942235,1.031472,0.55850237]","[0.55,0.03,0.43]",,max iterations reached,iteration_limit,迭代上限
29,42,scene_05_mixed_maze_passage,20260601,apf,53071,False,2.351276018001954,72.0000000000017,41.74839218769373,138.27203762135304,0.0,0.002999999999999989,3202,1601,0.17708261022094324,0.0,"[-1.5708,-1.5708,1.5708,-1.5708,-1.5708,0]","[-3.4303095,-1.5191521,1.8843766,-1.0942235,1.031472,0.55850237]","[0.55,0.03,0.43]",,max iterations reached,iteration_limit,迭代上限
30,42,scene_05_mixed_maze_passage,20260601,apf,53072,False,2.3572824079965358,72.0000000000017,41.74839218769373,138.27203762135304,0.0,0.002999999999999989,3202,1601,0.17708261022094324,0.0,"[-1.5708,-1.5708,1.5708,-1.5708,-1.5708,0]","[-3.4303095,-1.5191521,1.8843766,-1.0942235,1.031472,0.55850237]","[0.55,0.03,0.43]",,max iterations reached,iteration_limit,迭代上限
31,42,scene_05_mixed_maze_passage,20260601,apf,53073,False,2.4597687009954825,72.0000000000017,41.74839218769373,138.27203762135304,0.0,0.002999999999999989,3202,1601,0.17708261022094324,0.0,"[-1.5708,-1.5708,1.5708,-1.5708,-1.5708,0]","[-3.4303095,-1.5191521,1.8843766,-1.0942235,1.031472,0.55850237]","[0.55,0.03,0.43]",,max iterations reached,iteration_limit,迭代上限
32,42,scene_05_mixed_maze_passage,20260601,apf,53074,False,2.360429906002537,72.0000000000017,41.74839218769373,138.27203762135304,0.0,0.002999999999999989,3202,1601,0.17708261022094324,0.0,"[-1.5708,-1.5708,1.5708,-1.5708,-1.5708,0]","[-3.4303095,-1.5191521,1.8843766,-1.0942235,1.031472,0.55850237]","[0.55,0.03,0.43]",,max iterations reached,iteration_limit,迭代上限
33,42,scene_05_mixed_maze_passage,20260601,apf,53075,False,2.36328573100036,72.0000000000017,41.74839218769373,138.27203762135304,0.0,0.002999999999999989,3202,1601,0.17708261022094324,0.0,"[-1.5708,-1.5708,1.5708,-1.5708,-1.5708,0]","[-3.4303095,-1.5191521,1.8843766,-1.0942235,1.031472,0.55850237]","[0.55,0.03,0.43]",,max iterations reached,iteration_limit,迭代上限
34,42,scene_05_mixed_maze_passage,20260601,apf,53076,False,2.386231497999688,72.0000000000017,41.74839218769373,138.27203762135304,0.0,0.002999999999999989,3202,1601,0.17708261022094324,0.0,"[-1.5708,-1.5708,1.5708,-1.5708,-1.5708,0]","[-3.4303095,-1.5191521,1.8843766,-1.0942235,1.031472,0.55850237]","[0.55,0.03,0.43]",,max iterations reached,iteration_limit,迭代上限
35,42,scene_05_mixed_maze_passage,20260601,apf,53077,False,2.3422872590017505,72.0000000000017,41.74839218769373,138.27203762135304,0.0,0.002999999999999989,3202,1601,0.17708261022094324,0.0,"[-1.5708,-1.5708,1.5708,-1.5708,-1.5708,0]","[-3.4303095,-1.5191521,1.8843766,-1.0942235,1.031472,0.55850237]","[0.55,0.03,0.43]",,max iterations reached,iteration_limit,迭代上限
36,42,scene_05_mixed_maze_passage,20260601,apf,53078,False,2.350775282997347,72.0000000000017,41.74839218769373,138.27203762135304,0.0,0.002999999999999989,3202,1601,0.17708261022094324,0.0,"[-1.5708,-1.5708,1.5708,-1.5708,-1.5708,0]","[-3.4303095,-1.5191521,1.8843766,-1.0942235,1.031472,0.55850237]","[0.55,0.03,0.43]",,max iterations reached,iteration_limit,迭代上限
37,42,scene_05_mixed_maze_passage,20260601,apf,53079,False,2.365256908000447,72.0000000000017,41.74839218769373,138.27203762135304,0.0,0.002999999999999989,3202,1601,0.17708261022094324,0.0,"[-1.5708,-1.5708,1.5708,-1.5708,-1.5708,0]","[-3.4303095,-1.5191521,1.8843766,-1.0942235,1.031472,0.55850237]","[0.55,0.03,0.43]",,max iterations reached,iteration_limit,迭代上限
38,42,scene_05_mixed_maze_passage,20260601,apf,53080,False,2.369134432003193,72.0000000000017,41.74839218769373,138.27203762135304,0.0,0.002999999999999989,3202,1601,0.17708261022094324,0.0,"[-1.5708,-1.5708,1.5708,-1.5708,-1.5708,0]","[-3.4303095,-1.5191521,1.8843766,-1.0942235,1.031472,0.55850237]","[0.55,0.03,0.43]",,max iterations reached,iteration_limit,迭代上限
39,42,scene_05_mixed_maze_passage,20260601,apf,53081,False,2.3647991270045168,72.0000000000017,41.74839218769373,138.27203762135304,0.0,0.002999999999999989,3202,1601,0.17708261022094324,0.0,"[-1.5708,-1.5708,1.5708,-1.5708,-1.5708,0]","[-3.4303095,-1.5191521,1.8843766,-1.0942235,1.031472,0.55850237]","[0.55,0.03,0.43]",,max iterations reached,iteration_limit,迭代上限
40,42,scene_05_mixed_maze_passage,20260601,apf,53082,False,2.3743965219982783,72.0000000000017,41.74839218769373,138.27203762135304,0.0,0.002999999999999989,3202,1601,0.17708261022094324,0.0,"[-1.5708,-1.5708,1.5708,-1.5708,-1.5708,0]","[-3.4303095,-1.5191521,1.8843766,-1.0942235,1.031472,0.55850237]","[0.55,0.03,0.43]",,max iterations reached,iteration_limit,迭代上限
41,42,scene_05_mixed_maze_passage,20260601,apf,53083,False,2.416319868003484,72.0000000000017,41.74839218769373,138.27203762135304,0.0,0.002999999999999989,3202,1601,0.17708261022094324,0.0,"[-1.5708,-1.5708,1.5708,-1.5708,-1.5708,0]","[-3.4303095,-1.5191521,1.8843766,-1.0942235,1.031472,0.55850237]","[0.55,0.03,0.43]",,max iterations reached,iteration_limit,迭代上限
42,42,scene_05_mixed_maze_passage,20260601,apf,53084,False,2.3622178549994715,72.0000000000017,41.74839218769373,138.27203762135304,0.0,0.002999999999999989,3202,1601,0.17708261022094324,0.0,"[-1.5708,-1.5708,1.5708,-1.5708,-1.5708,0]","[-3.4303095,-1.5191521,1.8843766,-1.0942235,1.031472,0.55850237]","[0.55,0.03,0.43]",,max iterations reached,iteration_limit,迭代上限
43,42,scene_05_mixed_maze_passage,20260601,apf,53085,False,2.361774612996669,72.0000000000017,41.74839218769373,138.27203762135304,0.0,0.002999999999999989,3202,1601,0.17708261022094324,0.0,"[-1.5708,-1.5708,1.5708,-1.5708,-1.5708,0]","[-3.4303095,-1.5191521,1.8843766,-1.0942235,1.031472,0.55850237]","[0.55,0.03,0.43]",,max iterations reached,iteration_limit,迭代上限
44,42,scene_05_mixed_maze_passage,20260601,apf,53086,False,2.37918633800291,72.0000000000017,41.74839218769373,138.27203762135304,0.0,0.002999999999999989,3202,1601,0.17708261022094324,0.0,"[-1.5708,-1.5708,1.5708,-1.5708,-1.5708,0]","[-3.4303095,-1.5191521,1.8843766,-1.0942235,1.031472,0.55850237]","[0.55,0.03,0.43]",,max iterations reached,iteration_limit,迭代上限
45,42,scene_05_mixed_maze_passage,20260601,apf,53087,False,2.3751243770020665,72.0000000000017,41.74839218769373,138.27203762135304,0.0,0.002999999999999989,3202,1601,0.17708261022094324,0.0,"[-1.5708,-1.5708,1.5708,-1.5708,-1.5708,0]","[-3.4303095,-1.5191521,1.8843766,-1.0942235,1.031472,0.55850237]","[0.55,0.03,0.43]",,max iterations reached,iteration_limit,迭代上限
46,42,scene_05_mixed_maze_passage,20260601,apf,53088,False,2.9292176060043857,72.0000000000017,41.74839218769373,138.27203762135304,0.0,0.002999999999999989,3202,1601,0.17708261022094324,0.0,"[-1.5708,-1.5708,1.5708,-1.5708,-1.5708,0]","[-3.4303095,-1.5191521,1.8843766,-1.0942235,1.031472,0.55850237]","[0.55,0.03,0.43]",,max iterations reached,iteration_limit,迭代上限
47,42,scene_05_mixed_maze_passage,20260601,apf,53089,False,2.3817223490041215,72.0000000000017,41.74839218769373,138.27203762135304,0.0,0.002999999999999989,3202,1601,0.17708261022094324,0.0,"[-1.5708,-1.5708,1.5708,-1.5708,-1.5708,0]","[-3.4303095,-1.5191521,1.8843766,-1.0942235,1.031472,0.55850237]","[0.55,0.03,0.43]",,max iterations reached,iteration_limit,迭代上限
48,42,scene_05_mixed_maze_passage,20260601,apf,53090,False,2.3800862089992734,72.0000000000017,41.74839218769373,138.27203762135304,0.0,0.002999999999999989,3202,1601,0.17708261022094324,0.0,"[-1.5708,-1.5708,1.5708,-1.5708,-1.5708,0]","[-3.4303095,-1.5191521,1.8843766,-1.0942235,1.031472,0.55850237]","[0.55,0.03,0.43]",,max iterations reached,iteration_limit,迭代上限
49,42,scene_05_mixed_maze_passage,20260601,apf,53091,False,2.412442707005539,72.0000000000017,41.74839218769373,138.27203762135304,0.0,0.002999999999999989,3202,1601,0.17708261022094324,0.0,"[-1.5708,-1.5708,1.5708,-1.5708,-1.5708,0]","[-3.4303095,-1.5191521,1.8843766,-1.0942235,1.031472,0.55850237]","[0.55,0.03,0.43]",,max iterations reached,iteration_limit,迭代上限
0,42,scene_pass_through_maze,20260602,rrt,60042,True,0.02593473399610957,4.187183147314265,1.0194895775518946,0.010324462988798596,0.00127259977480184,0.002999999999999989,201,80,2.395609843795322e-13,0.0,"[-1.5708,-1.5708,1.5708,-1.5708,-1.5708,0]","[-3.4106444,-1.3536613,1.6919226,-1.059583,-5.2369956,0.54336803]","[0.62,0.02,0.43]","[0.44614,0.282258,0.366804,0.765993]",success,success,成功
1,42,scene_pass_through_maze,20260602,rrt,60043,False,1.2503721280008904,0.0,nan,0.0,nan,nan,5245,0,nan,0.0,"[-1.5708,-1.5708,1.5708,-1.5708,-1.5708,0]","[-3.4106444,-1.3536613,1.6919226,-1.059583,-5.2369956,0.54336803]","[0.62,0.02,0.43]","[0.44614,0.282258,0.366804,0.765993]",max iterations reached,iteration_limit,迭代上限
2,42,scene_pass_through_maze,20260602,rrt,60044,False,1.4033454410018749,0.0,nan,0.0,nan,nan,6507,0,nan,0.0,"[-1.5708,-1.5708,1.5708,-1.5708,-1.5708,0]","[-3.4106444,-1.3536613,1.6919226,-1.059583,-5.2369956,0.54336803]","[0.62,0.02,0.43]","[0.44614,0.282258,0.366804,0.765993]",max iterations reached,iteration_limit,迭代上限
3,42,scene_pass_through_maze,20260602,rrt,60045,False,1.4645364650059491,0.0,nan,0.0,nan,nan,7370,0,nan,0.0,"[-1.5708,-1.5708,1.5708,-1.5708,-1.5708,0]","[-3.4106444,-1.3536613,1.6919226,-1.059583,-5.2369956,0.54336803]","[0.62,0.02,0.43]","[0.44614,0.282258,0.366804,0.765993]",max iterations reached,iteration_limit,迭代上限
4,42,scene_pass_through_maze,20260602,rrt,60046,True,0.038422366000304464,4.223383134908883,1.054051793955407,0.024743140249285693,0.0012725997748018816,0.002999999999999989,297,80,2.396280930330465e-13,0.0,"[-1.5708,-1.5708,1.5708,-1.5708,-1.5708,0]","[-3.4106444,-1.3536613,1.6919226,-1.059583,-5.2369956,0.54336803]","[0.62,0.02,0.43]","[0.44614,0.282258,0.366804,0.765993]",success,success,成功
5,42,scene_pass_through_maze,20260602,rrt,60047,True,0.024186335002013948,4.186508337156649,1.0077183877414362,0.011199577581146057,0.0012725997748017845,0.002999999999999989,189,80,2.3943314375921275e-13,0.0,"[-1.5708,-1.5708,1.5708,-1.5708,-1.5708,0]","[-3.4106444,-1.3536613,1.6919226,-1.059583,-5.2369956,0.54336803]","[0.62,0.02,0.43]","[0.44614,0.282258,0.366804,0.765993]",success,success,成功
6,42,scene_pass_through_maze,20260602,rrt,60048,False,1.3151175469974987,0.0,nan,0.0,nan,nan,5359,0,nan,0.0,"[-1.5708,-1.5708,1.5708,-1.5708,-1.5708,0]","[-3.4106444,-1.3536613,1.6919226,-1.059583,-5.2369956,0.54336803]","[0.62,0.02,0.43]","[0.44614,0.282258,0.366804,0.765993]",max iterations reached,iteration_limit,迭代上限
7,42,scene_pass_through_maze,20260602,rrt,60049,False,1.3077552699978696,0.0,nan,0.0,nan,nan,5845,0,nan,0.0,"[-1.5708,-1.5708,1.5708,-1.5708,-1.5708,0]","[-3.4106444,-1.3536613,1.6919226,-1.059583,-5.2369956,0.54336803]","[0.62,0.02,0.43]","[0.44614,0.282258,0.366804,0.765993]",max iterations reached,iteration_limit,迭代上限
8,42,scene_pass_through_maze,20260602,rrt,60050,True,1.4940963490007562,4.23400268369951,0.9903884932890594,0.02535709491028716,0.00127259977480184,0.002999999999999989,7103,80,2.395609843795322e-13,0.0,"[-1.5708,-1.5708,1.5708,-1.5708,-1.5708,0]","[-3.4106444,-1.3536613,1.6919226,-1.059583,-5.2369956,0.54336803]","[0.62,0.02,0.43]","[0.44614,0.282258,0.366804,0.765993]",success,success,成功
9,42,scene_pass_through_maze,20260602,rrt,60051,True,0.026554368996585254,4.2751254922969855,0.9982849361907884,0.03283080915627751,0.0012725997748018955,0.002999999999999989,207,80,2.396459282144931e-13,0.0,"[-1.5708,-1.5708,1.5708,-1.5708,-1.5708,0]","[-3.4106444,-1.3536613,1.6919226,-1.059583,-5.2369956,0.54336803]","[0.62,0.02,0.43]","[0.44614,0.282258,0.366804,0.765993]",success,success,成功
10,42,scene_pass_through_maze,20260602,rrt,60052,True,0.652567815996008,4.212340334573423,0.9817042373729898,0.02224795345955796,0.0012725997748019927,0.002999999999999989,3714,80,2.3969020099910375e-13,0.0,"[-1.5708,-1.5708,1.5708,-1.5708,-1.5708,0]","[-3.4106444,-1.3536613,1.6919226,-1.059583,-5.2369956,0.54336803]","[0.62,0.02,0.43]","[0.44614,0.282258,0.366804,0.765993]",success,success,成功
11,42,scene_pass_through_maze,20260602,rrt,60053,False,1.2408163540021633,0.0,nan,0.0,nan,nan,5056,0,nan,0.0,"[-1.5708,-1.5708,1.5708,-1.5708,-1.5708,0]","[-3.4106444,-1.3536613,1.6919226,-1.059583,-5.2369956,0.54336803]","[0.62,0.02,0.43]","[0.44614,0.282258,0.366804,0.765993]",max iterations reached,iteration_limit,迭代上限
12,42,scene_pass_through_maze,20260602,rrt,60054,True,0.4757024240025203,4.353967314444979,1.0491158057062846,0.04971036135233294,0.0012725997748019927,0.002999999999999989,2937,80,2.396784536251222e-13,0.0,"[-1.5708,-1.5708,1.5708,-1.5708,-1.5708,0]","[-3.4106444,-1.3536613,1.6919226,-1.059583,-5.2369956,0.54336803]","[0.62,0.02,0.43]","[0.44614,0.282258,0.366804,0.765993]",success,success,成功
13,42,scene_pass_through_maze,20260602,rrt,60055,False,1.3609454429970356,0.0,nan,0.0,nan,nan,5885,0,nan,0.0,"[-1.5708,-1.5708,1.5708,-1.5708,-1.5708,0]","[-3.4106444,-1.3536613,1.6919226,-1.059583,-5.2369956,0.54336803]","[0.62,0.02,0.43]","[0.44614,0.282258,0.366804,0.765993]",max iterations reached,iteration_limit,迭代上限
14,42,scene_pass_through_maze,20260602,rrt,60056,False,1.2054879569986952,0.0,nan,0.0,nan,nan,5186,0,nan,0.0,"[-1.5708,-1.5708,1.5708,-1.5708,-1.5708,0]","[-3.4106444,-1.3536613,1.6919226,-1.059583,-5.2369956,0.54336803]","[0.62,0.02,0.43]","[0.44614,0.282258,0.366804,0.765993]",max iterations reached,iteration_limit,迭代上限
15,42,scene_pass_through_maze,20260602,rrt,60057,False,1.3671244920042227,0.0,nan,0.0,nan,nan,6244,0,nan,0.0,"[-1.5708,-1.5708,1.5708,-1.5708,-1.5708,0]","[-3.4106444,-1.3536613,1.6919226,-1.059583,-5.2369956,0.54336803]","[0.62,0.02,0.43]","[0.44614,0.282258,0.366804,0.765993]",max iterations reached,iteration_limit,迭代上限
16,42,scene_pass_through_maze,20260602,rrt,60058,False,1.4370632849968388,0.0,nan,0.0,nan,nan,6652,0,nan,0.0,"[-1.5708,-1.5708,1.5708,-1.5708,-1.5708,0]","[-3.4106444,-1.3536613,1.6919226,-1.059583,-5.2369956,0.54336803]","[0.62,0.02,0.43]","[0.44614,0.282258,0.366804,0.765993]",max iterations reached,iteration_limit,迭代上限
17,42,scene_pass_through_maze,20260602,rrt,60059,False,1.26878113100247,0.0,nan,0.0,nan,nan,5134,0,nan,0.0,"[-1.5708,-1.5708,1.5708,-1.5708,-1.5708,0]","[-3.4106444,-1.3536613,1.6919226,-1.059583,-5.2369956,0.54336803]","[0.62,0.02,0.43]","[0.44614,0.282258,0.366804,0.765993]",max iterations reached,iteration_limit,迭代上限
18,42,scene_pass_through_maze,20260602,rrt,60060,False,1.3419412720031687,0.0,nan,0.0,nan,nan,5861,0,nan,0.0,"[-1.5708,-1.5708,1.5708,-1.5708,-1.5708,0]","[-3.4106444,-1.3536613,1.6919226,-1.059583,-5.2369956,0.54336803]","[0.62,0.02,0.43]","[0.44614,0.282258,0.366804,0.765993]",max iterations reached,iteration_limit,迭代上限
19,42,scene_pass_through_maze,20260602,rrt,60061,True,0.02988974699837854,4.18106594394904,0.9913687365768662,0.007632282485331441,0.0012725997748019371,0.002999999999999989,205,80,2.395750498008151e-13,0.0,"[-1.5708,-1.5708,1.5708,-1.5708,-1.5708,0]","[-3.4106444,-1.3536613,1.6919226,-1.059583,-5.2369956,0.54336803]","[0.62,0.02,0.43]","[0.44614,0.282258,0.366804,0.765993]",success,success,成功
20,42,scene_pass_through_maze,20260602,rrt,60062,True,0.09370503600075608,4.208423465746493,1.0288128670795822,0.021219121546001626,0.0012725997748018955,0.002999999999999989,693,80,2.396459282144931e-13,0.0,"[-1.5708,-1.5708,1.5708,-1.5708,-1.5708,0]","[-3.4106444,-1.3536613,1.6919226,-1.059583,-5.2369956,0.54336803]","[0.62,0.02,0.43]","[0.44614,0.282258,0.366804,0.765993]",success,success,成功
21,42,scene_pass_through_maze,20260602,rrt,60063,False,1.2628241870042984,0.0,nan,0.0,nan,nan,5118,0,nan,0.0,"[-1.5708,-1.5708,1.5708,-1.5708,-1.5708,0]","[-3.4106444,-1.3536613,1.6919226,-1.059583,-5.2369956,0.54336803]","[0.62,0.02,0.43]","[0.44614,0.282258,0.366804,0.765993]",max iterations reached,iteration_limit,迭代上限
22,42,scene_pass_through_maze,20260602,rrt,60064,False,1.5307075029995758,0.0,nan,0.0,nan,nan,7323,0,nan,0.0,"[-1.5708,-1.5708,1.5708,-1.5708,-1.5708,0]","[-3.4106444,-1.3536613,1.6919226,-1.059583,-5.2369956,0.54336803]","[0.62,0.02,0.43]","[0.44614,0.282258,0.366804,0.765993]",max iterations reached,iteration_limit,迭代上限
23,42,scene_pass_through_maze,20260602,rrt,60065,False,1.30071445700014,0.0,nan,0.0,nan,nan,5190,0,nan,0.0,"[-1.5708,-1.5708,1.5708,-1.5708,-1.5708,0]","[-3.4106444,-1.3536613,1.6919226,-1.059583,-5.2369956,0.54336803]","[0.62,0.02,0.43]","[0.44614,0.282258,0.366804,0.765993]",max iterations reached,iteration_limit,迭代上限
24,42,scene_pass_through_maze,20260602,rrt,60066,False,1.3519885719942977,0.0,nan,0.0,nan,nan,5827,0,nan,0.0,"[-1.5708,-1.5708,1.5708,-1.5708,-1.5708,0]","[-3.4106444,-1.3536613,1.6919226,-1.059583,-5.2369956,0.54336803]","[0.62,0.02,0.43]","[0.44614,0.282258,0.366804,0.765993]",max iterations reached,iteration_limit,迭代上限
25,42,scene_pass_through_maze,20260602,rrt,60067,True,0.22084267199534224,4.226109060604833,0.9761786689922928,0.024248215958279678,0.0012725997748018955,0.002999999999999989,1464,80,2.396593281078639e-13,0.0,"[-1.5708,-1.5708,1.5708,-1.5708,-1.5708,0]","[-3.4106444,-1.3536613,1.6919226,-1.059583,-5.2369956,0.54336803]","[0.62,0.02,0.43]","[0.44614,0.282258,0.366804,0.765993]",success,success,成功
26,42,scene_pass_through_maze,20260602,rrt,60068,False,1.3448354349966394,0.0,nan,0.0,nan,nan,5884,0,nan,0.0,"[-1.5708,-1.5708,1.5708,-1.5708,-1.5708,0]","[-3.4106444,-1.3536613,1.6919226,-1.059583,-5.2369956,0.54336803]","[0.62,0.02,0.43]","[0.44614,0.282258,0.366804,0.765993]",max iterations reached,iteration_limit,迭代上限
27,42,scene_pass_through_maze,20260602,rrt,60069,True,0.04861544799496187,4.215168931772259,1.023217621373108,0.02252825271900936,0.0012725997748019094,0.002999999999999989,373,80,2.396137906763273e-13,0.0,"[-1.5708,-1.5708,1.5708,-1.5708,-1.5708,0]","[-3.4106444,-1.3536613,1.6919226,-1.059583,-5.2369956,0.54336803]","[0.62,0.02,0.43]","[0.44614,0.282258,0.366804,0.765993]",success,success,成功
28,42,scene_pass_through_maze,20260602,rrt,60070,False,1.3061770950007485,0.0,nan,0.0,nan,nan,5670,0,nan,0.0,"[-1.5708,-1.5708,1.5708,-1.5708,-1.5708,0]","[-3.4106444,-1.3536613,1.6919226,-1.059583,-5.2369956,0.54336803]","[0.62,0.02,0.43]","[0.44614,0.282258,0.366804,0.765993]",max iterations reached,iteration_limit,迭代上限
29,42,scene_pass_through_maze,20260602,rrt,60071,False,1.4187933659995906,0.0,nan,0.0,nan,nan,6077,0,nan,0.0,"[-1.5708,-1.5708,1.5708,-1.5708,-1.5708,0]","[-3.4106444,-1.3536613,1.6919226,-1.059583,-5.2369956,0.54336803]","[0.62,0.02,0.43]","[0.44614,0.282258,0.366804,0.765993]",max iterations reached,iteration_limit,迭代上限
30,42,scene_pass_through_maze,20260602,rrt,60072,True,0.12884338200092316,4.232428175627626,1.0339993851593865,0.025167460920964328,0.0012725997748019094,0.002999999999999989,866,80,2.396018340585323e-13,0.0,"[-1.5708,-1.5708,1.5708,-1.5708,-1.5708,0]","[-3.4106444,-1.3536613,1.6919226,-1.059583,-5.2369956,0.54336803]","[0.62,0.02,0.43]","[0.44614,0.282258,0.366804,0.765993]",success,success,成功
31,42,scene_pass_through_maze,20260602,rrt,60073,False,1.2604176859967993,0.0,nan,0.0,nan,nan,5069,0,nan,0.0,"[-1.5708,-1.5708,1.5708,-1.5708,-1.5708,0]","[-3.4106444,-1.3536613,1.6919226,-1.059583,-5.2369956,0.54336803]","[0.62,0.02,0.43]","[0.44614,0.282258,0.366804,0.765993]",max iterations reached,iteration_limit,迭代上限
32,42,scene_pass_through_maze,20260602,rrt,60074,True,0.03410518699820386,4.190070393771802,1.0055165727365964,0.013403525324439702,0.0012725997748019094,0.002999999999999989,263,80,2.396137906763273e-13,0.0,"[-1.5708,-1.5708,1.5708,-1.5708,-1.5708,0]","[-3.4106444,-1.3536613,1.6919226,-1.059583,-5.2369956,0.54336803]","[0.62,0.02,0.43]","[0.44614,0.282258,0.366804,0.765993]",success,success,成功
33,42,scene_pass_through_maze,20260602,rrt,60075,False,1.2508333020014106,0.0,nan,0.0,nan,nan,5124,0,nan,0.0,"[-1.5708,-1.5708,1.5708,-1.5708,-1.5708,0]","[-3.4106444,-1.3536613,1.6919226,-1.059583,-5.2369956,0.54336803]","[0.62,0.02,0.43]","[0.44614,0.282258,0.366804,0.765993]",max iterations reached,iteration_limit,迭代上限
34,42,scene_pass_through_maze,20260602,rrt,60076,False,1.29054036999878,0.0,nan,0.0,nan,nan,5850,0,nan,0.0,"[-1.5708,-1.5708,1.5708,-1.5708,-1.5708,0]","[-3.4106444,-1.3536613,1.6919226,-1.059583,-5.2369956,0.54336803]","[0.62,0.02,0.43]","[0.44614,0.282258,0.366804,0.765993]",max iterations reached,iteration_limit,迭代上限
35,42,scene_pass_through_maze,20260602,rrt,60077,False,1.4242581310027163,0.0,nan,0.0,nan,nan,6713,0,nan,0.0,"[-1.5708,-1.5708,1.5708,-1.5708,-1.5708,0]","[-3.4106444,-1.3536613,1.6919226,-1.059583,-5.2369956,0.54336803]","[0.62,0.02,0.43]","[0.44614,0.282258,0.366804,0.765993]",max iterations reached,iteration_limit,迭代上限
36,42,scene_pass_through_maze,20260602,rrt,60078,False,1.3430553860016516,0.0,nan,0.0,nan,nan,5889,0,nan,0.0,"[-1.5708,-1.5708,1.5708,-1.5708,-1.5708,0]","[-3.4106444,-1.3536613,1.6919226,-1.059583,-5.2369956,0.54336803]","[0.62,0.02,0.43]","[0.44614,0.282258,0.366804,0.765993]",max iterations reached,iteration_limit,迭代上限
37,42,scene_pass_through_maze,20260602,rrt,60079,False,1.4761312499977066,0.0,nan,0.0,nan,nan,7345,0,nan,0.0,"[-1.5708,-1.5708,1.5708,-1.5708,-1.5708,0]","[-3.4106444,-1.3536613,1.6919226,-1.059583,-5.2369956,0.54336803]","[0.62,0.02,0.43]","[0.44614,0.282258,0.366804,0.765993]",max iterations reached,iteration_limit,迭代上限
38,42,scene_pass_through_maze,20260602,rrt,60080,False,1.362074354001379,0.0,nan,0.0,nan,nan,5930,0,nan,0.0,"[-1.5708,-1.5708,1.5708,-1.5708,-1.5708,0]","[-3.4106444,-1.3536613,1.6919226,-1.059583,-5.2369956,0.54336803]","[0.62,0.02,0.43]","[0.44614,0.282258,0.366804,0.765993]",max iterations reached,iteration_limit,迭代上限
39,42,scene_pass_through_maze,20260602,rrt,60081,True,0.10438087400689255,4.238517306078772,0.9669736060691131,0.028480286330941604,0.0012725997748018955,0.002999999999999989,740,80,2.396593281078639e-13,0.0,"[-1.5708,-1.5708,1.5708,-1.5708,-1.5708,0]","[-3.4106444,-1.3536613,1.6919226,-1.059583,-5.2369956,0.54336803]","[0.62,0.02,0.43]","[0.44614,0.282258,0.366804,0.765993]",success,success,成功
40,42,scene_pass_through_maze,20260602,rrt,60082,True,0.04686741399927996,4.202551018626666,0.9966887158741755,0.018763965197261416,0.0012725997748019094,0.002999999999999989,354,80,2.396137906763273e-13,0.0,"[-1.5708,-1.5708,1.5708,-1.5708,-1.5708,0]","[-3.4106444,-1.3536613,1.6919226,-1.059583,-5.2369956,0.54336803]","[0.62,0.02,0.43]","[0.44614,0.282258,0.366804,0.765993]",success,success,成功
41,42,scene_pass_through_maze,20260602,rrt,60083,True,0.03494534399942495,4.185968719484267,1.0068287238833706,0.010092000133015777,0.0012725997748018955,0.002999999999999989,276,80,2.396459282144931e-13,0.0,"[-1.5708,-1.5708,1.5708,-1.5708,-1.5708,0]","[-3.4106444,-1.3536613,1.6919226,-1.059583,-5.2369956,0.54336803]","[0.62,0.02,0.43]","[0.44614,0.282258,0.366804,0.765993]",success,success,成功
42,42,scene_pass_through_maze,20260602,rrt,60084,False,1.275244238000596,0.0,nan,0.0,nan,nan,5433,0,nan,0.0,"[-1.5708,-1.5708,1.5708,-1.5708,-1.5708,0]","[-3.4106444,-1.3536613,1.6919226,-1.059583,-5.2369956,0.54336803]","[0.62,0.02,0.43]","[0.44614,0.282258,0.366804,0.765993]",max iterations reached,iteration_limit,迭代上限
43,42,scene_pass_through_maze,20260602,rrt,60085,False,1.4943218319967855,0.0,nan,0.0,nan,nan,7485,0,nan,0.0,"[-1.5708,-1.5708,1.5708,-1.5708,-1.5708,0]","[-3.4106444,-1.3536613,1.6919226,-1.059583,-5.2369956,0.54336803]","[0.62,0.02,0.43]","[0.44614,0.282258,0.366804,0.765993]",max iterations reached,iteration_limit,迭代上限
44,42,scene_pass_through_maze,20260602,rrt,60086,True,0.03278765099821612,4.2067669824357505,0.9990096079287684,0.019038721273711534,0.0012725997748018955,0.002999999999999989,255,80,2.396459282144931e-13,0.0,"[-1.5708,-1.5708,1.5708,-1.5708,-1.5708,0]","[-3.4106444,-1.3536613,1.6919226,-1.059583,-5.2369956,0.54336803]","[0.62,0.02,0.43]","[0.44614,0.282258,0.366804,0.765993]",success,success,成功
45,42,scene_pass_through_maze,20260602,rrt,60087,False,1.2688309459990705,0.0,nan,0.0,nan,nan,5114,0,nan,0.0,"[-1.5708,-1.5708,1.5708,-1.5708,-1.5708,0]","[-3.4106444,-1.3536613,1.6919226,-1.059583,-5.2369956,0.54336803]","[0.62,0.02,0.43]","[0.44614,0.282258,0.366804,0.765993]",max iterations reached,iteration_limit,迭代上限
46,42,scene_pass_through_maze,20260602,rrt,60088,False,1.3375495520012919,0.0,nan,0.0,nan,nan,5836,0,nan,0.0,"[-1.5708,-1.5708,1.5708,-1.5708,-1.5708,0]","[-3.4106444,-1.3536613,1.6919226,-1.059583,-5.2369956,0.54336803]","[0.62,0.02,0.43]","[0.44614,0.282258,0.366804,0.765993]",max iterations reached,iteration_limit,迭代上限
47,42,scene_pass_through_maze,20260602,rrt,60089,True,0.06963248800457222,4.2122273496864775,0.9799249218385665,0.02182387149157816,0.0012725997748019233,0.002999999999999989,524,80,2.3954335497908836e-13,0.0,"[-1.5708,-1.5708,1.5708,-1.5708,-1.5708,0]","[-3.4106444,-1.3536613,1.6919226,-1.059583,-5.2369956,0.54336803]","[0.62,0.02,0.43]","[0.44614,0.282258,0.366804,0.765993]",success,success,成功
48,42,scene_pass_through_maze,20260602,rrt,60090,True,1.1520069699981832,4.284594601484466,1.0315439328977665,0.0352362088544144,0.00127259977480184,0.002999999999999989,5129,80,2.395609843795322e-13,0.0,"[-1.5708,-1.5708,1.5708,-1.5708,-1.5708,0]","[-3.4106444,-1.3536613,1.6919226,-1.059583,-5.2369956,0.54336803]","[0.62,0.02,0.43]","[0.44614,0.282258,0.366804,0.765993]",success,success,成功
49,42,scene_pass_through_maze,20260602,rrt,60091,False,1.1948971839956357,0.0,nan,0.0,nan,nan,5021,0,nan,0.0,"[-1.5708,-1.5708,1.5708,-1.5708,-1.5708,0]","[-3.4106444,-1.3536613,1.6919226,-1.059583,-5.2369956,0.54336803]","[0.62,0.02,0.43]","[0.44614,0.282258,0.366804,0.765993]",max iterations reached,iteration_limit,迭代上限
0,42,scene_pass_through_maze,20260602,rrt_connect,61042,True,0.04477569200389553,4.214614666671725,1.0460350619092462,0.020997982364783244,0.0012725997748018955,0.002999999999999989,350,80,2.396459282144931e-13,0.0,"[-1.5708,-1.5708,1.5708,-1.5708,-1.5708,0]","[-3.4106444,-1.3536613,1.6919226,-1.059583,-5.2369956,0.54336803]","[0.62,0.02,0.43]","[0.44614,0.282258,0.366804,0.765993]",success,success,成功
1,42,scene_pass_through_maze,20260602,rrt_connect,61043,True,0.018825958999514114,5.431033421371958,1.2487968979472723,0.16350419335711036,0.001272599774801951,0.002999999999999989,149,80,2.395366446963269e-13,0.0,"[-1.5708,-1.5708,1.5708,-1.5708,-1.5708,0]","[-3.4106444,-1.3536613,1.6919226,-1.059583,-5.2369956,0.54336803]","[0.62,0.02,0.43]","[0.44614,0.282258,0.366804,0.765993]",success,success,成功
2,42,scene_pass_through_maze,20260602,rrt_connect,61044,True,0.016762446000939235,4.261717076650405,1.022750220740286,0.03140950722850857,0.0012725997748018816,0.002999999999999989,133,80,2.396280930330465e-13,0.0,"[-1.5708,-1.5708,1.5708,-1.5708,-1.5708,0]","[-3.4106444,-1.3536613,1.6919226,-1.059583,-5.2369956,0.54336803]","[0.62,0.02,0.43]","[0.44614,0.282258,0.366804,0.765993]",success,success,成功
3,42,scene_pass_through_maze,20260602,rrt_connect,61045,True,0.01817835900146747,4.392487124939504,0.9716391275628834,0.05246544759480175,0.0012725997748020343,0.002999999999999989,143,80,2.3967870641597376e-13,0.0,"[-1.5708,-1.5708,1.5708,-1.5708,-1.5708,0]","[-3.4106444,-1.3536613,1.6919226,-1.059583,-5.2369956,0.54336803]","[0.62,0.02,0.43]","[0.44614,0.282258,0.366804,0.765993]",success,success,成功
4,42,scene_pass_through_maze,20260602,rrt_connect,61046,True,0.016964695001661312,4.227728229172462,1.0331153593335982,0.025206155135234998,0.0012725997748018955,0.002999999999999989,135,80,2.396459282144931e-13,0.0,"[-1.5708,-1.5708,1.5708,-1.5708,-1.5708,0]","[-3.4106444,-1.3536613,1.6919226,-1.059583,-5.2369956,0.54336803]","[0.62,0.02,0.43]","[0.44614,0.282258,0.366804,0.765993]",success,success,成功
5,42,scene_pass_through_maze,20260602,rrt_connect,61047,True,0.023201048003102187,4.271638995745213,1.0234269553974453,0.03378728066467308,0.0012725997748018955,0.002999999999999989,182,80,2.3954016950764145e-13,0.0,"[-1.5708,-1.5708,1.5708,-1.5708,-1.5708,0]","[-3.4106444,-1.3536613,1.6919226,-1.059583,-5.2369956,0.54336803]","[0.62,0.02,0.43]","[0.44614,0.282258,0.366804,0.765993]",success,success,成功
6,42,scene_pass_through_maze,20260602,rrt_connect,61048,True,0.023188765997474547,4.208536523506539,1.0063697386516823,0.019557086188783972,0.0012725997748018955,0.002999999999999989,184,80,2.396459282144931e-13,0.0,"[-1.5708,-1.5708,1.5708,-1.5708,-1.5708,0]","[-3.4106444,-1.3536613,1.6919226,-1.059583,-5.2369956,0.54336803]","[0.62,0.02,0.43]","[0.44614,0.282258,0.366804,0.765993]",success,success,成功
7,42,scene_pass_through_maze,20260602,rrt_connect,61049,True,0.05510903299727943,4.859128755283716,0.960580289698985,4.512176782842352,0.0012725997748018955,0.0030000000000000027,434,3,2.396459282144931e-13,0.0,"[-1.5708,-1.5708,1.5708,-1.5708,-1.5708,0]","[-3.4106444,-1.3536613,1.6919226,-1.059583,-5.2369956,0.54336803]","[0.62,0.02,0.43]","[0.44614,0.282258,0.366804,0.765993]",success,success,成功
8,42,scene_pass_through_maze,20260602,rrt_connect,61050,True,0.01759222900000168,4.24787886956009,1.0087231020013991,0.02991999684946054,0.0012725997748019927,0.002999999999999989,135,80,2.395724985284811e-13,0.0,"[-1.5708,-1.5708,1.5708,-1.5708,-1.5708,0]","[-3.4106444,-1.3536613,1.6919226,-1.059583,-5.2369956,0.54336803]","[0.62,0.02,0.43]","[0.44614,0.282258,0.366804,0.765993]",success,success,成功
9,42,scene_pass_through_maze,20260602,rrt_connect,61051,True,0.01728781600104412,4.202503646932328,0.990027892236828,0.017514219563872776,0.0012725997748018955,0.002999999999999989,123,80,2.396459282144931e-13,0.0,"[-1.5708,-1.5708,1.5708,-1.5708,-1.5708,0]","[-3.4106444,-1.3536613,1.6919226,-1.059583,-5.2369956,0.54336803]","[0.62,0.02,0.43]","[0.44614,0.282258,0.366804,0.765993]",success,success,成功
10,42,scene_pass_through_maze,20260602,rrt_connect,61052,True,0.014008357997226994,4.1788646103061495,0.9961745737102125,0.004727331811558677,0.0012725997748019927,0.002999999999999989,112,80,2.3969020099910375e-13,0.0,"[-1.5708,-1.5708,1.5708,-1.5708,-1.5708,0]","[-3.4106444,-1.3536613,1.6919226,-1.059583,-5.2369956,0.54336803]","[0.62,0.02,0.43]","[0.44614,0.282258,0.366804,0.765993]",success,success,成功
11,42,scene_pass_through_maze,20260602,rrt_connect,61053,True,0.02100905000406783,4.18603283886063,0.9965870787292237,0.010673636626304139,0.0012725997748018955,0.002999999999999989,166,80,2.396293502177903e-13,0.0,"[-1.5708,-1.5708,1.5708,-1.5708,-1.5708,0]","[-3.4106444,-1.3536613,1.6919226,-1.059583,-5.2369956,0.54336803]","[0.62,0.02,0.43]","[0.44614,0.282258,0.366804,0.765993]",success,success,成功
12,42,scene_pass_through_maze,20260602,rrt_connect,61054,True,0.0167372889991384,4.294481370416033,0.9996245469743414,0.03926862495375699,0.0012725997748018955,0.002999999999999989,125,80,2.3954016950764145e-13,0.0,"[-1.5708,-1.5708,1.5708,-1.5708,-1.5708,0]","[-3.4106444,-1.3536613,1.6919226,-1.059583,-5.2369956,0.54336803]","[0.62,0.02,0.43]","[0.44614,0.282258,0.366804,0.765993]",success,success,成功
13,42,scene_pass_through_maze,20260602,rrt_connect,61055,True,0.019828388998575974,4.248587491473135,1.016780201098868,0.030133450683678696,0.0012725997748018955,0.002999999999999989,159,80,2.3966313870289646e-13,0.0,"[-1.5708,-1.5708,1.5708,-1.5708,-1.5708,0]","[-3.4106444,-1.3536613,1.6919226,-1.059583,-5.2369956,0.54336803]","[0.62,0.02,0.43]","[0.44614,0.282258,0.366804,0.765993]",success,success,成功
14,42,scene_pass_through_maze,20260602,rrt_connect,61056,True,0.014515479000692721,4.2217135111798605,0.9904785631843686,0.022888293861667387,0.0012725997748017845,0.002999999999999989,116,80,2.3933079095374583e-13,0.0,"[-1.5708,-1.5708,1.5708,-1.5708,-1.5708,0]","[-3.4106444,-1.3536613,1.6919226,-1.059583,-5.2369956,0.54336803]","[0.62,0.02,0.43]","[0.44614,0.282258,0.366804,0.765993]",success,success,成功
15,42,scene_pass_through_maze,20260602,rrt_connect,61057,True,0.015946134997648187,4.2882243047011155,0.9669102287558796,0.03810646121139576,0.0012725997748018955,0.002999999999999989,117,80,2.396459282144931e-13,0.0,"[-1.5708,-1.5708,1.5708,-1.5708,-1.5708,0]","[-3.4106444,-1.3536613,1.6919226,-1.059583,-5.2369956,0.54336803]","[0.62,0.02,0.43]","[0.44614,0.282258,0.366804,0.765993]",success,success,成功
16,42,scene_pass_through_maze,20260602,rrt_connect,61058,True,0.013941429999249522,5.235653672606852,0.9868023777418384,0.15994024730174708,0.0012725997748017845,0.002999999999999989,112,80,2.3933719287613524e-13,0.0,"[-1.5708,-1.5708,1.5708,-1.5708,-1.5708,0]","[-3.4106444,-1.3536613,1.6919226,-1.059583,-5.2369956,0.54336803]","[0.62,0.02,0.43]","[0.44614,0.282258,0.366804,0.765993]",success,success,成功
17,42,scene_pass_through_maze,20260602,rrt_connect,61059,True,0.020544659993902314,4.201027644428247,0.9741139582929269,0.016269534944923916,0.0,0.002999999999999989,160,80,2.396459282144931e-13,0.0,"[-1.5708,-1.5708,1.5708,-1.5708,-1.5708,0]","[-3.4106444,-1.3536613,1.6919226,-1.059583,-5.2369956,0.54336803]","[0.62,0.02,0.43]","[0.44614,0.282258,0.366804,0.765993]",success,success,成功
18,42,scene_pass_through_maze,20260602,rrt_connect,61060,True,0.014029076999577228,4.1815986009491795,1.001170890960343,0.00741044019648237,0.0012725997748019094,0.002999999999999989,111,80,2.396137906763273e-13,0.0,"[-1.5708,-1.5708,1.5708,-1.5708,-1.5708,0]","[-3.4106444,-1.3536613,1.6919226,-1.059583,-5.2369956,0.54336803]","[0.62,0.02,0.43]","[0.44614,0.282258,0.366804,0.765993]",success,success,成功
19,42,scene_pass_through_maze,20260602,rrt_connect,61061,True,0.014600638998672366,4.233953660403143,0.9889693972118957,0.026518073088687154,0.0012725997748018955,0.002999999999999989,116,80,2.3966313870289646e-13,0.0,"[-1.5708,-1.5708,1.5708,-1.5708,-1.5708,0]","[-3.4106444,-1.3536613,1.6919226,-1.059583,-5.2369956,0.54336803]","[0.62,0.02,0.43]","[0.44614,0.282258,0.366804,0.765993]",success,success,成功
20,42,scene_pass_through_maze,20260602,rrt_connect,61062,True,0.014189182998961769,4.191038826133744,1.0139998161160213,0.013239322987293465,0.0012725997748019094,0.002999999999999989,111,80,2.396194418508847e-13,0.0,"[-1.5708,-1.5708,1.5708,-1.5708,-1.5708,0]","[-3.4106444,-1.3536613,1.6919226,-1.059583,-5.2369956,0.54336803]","[0.62,0.02,0.43]","[0.44614,0.282258,0.366804,0.765993]",success,success,成功
21,42,scene_pass_through_maze,20260602,rrt_connect,61063,True,0.050620221001736354,4.319410499433696,0.9030695136937295,1.6311106513846478,0.0012725997748018955,0.0030000000000000027,396,3,2.396459282144931e-13,0.0,"[-1.5708,-1.5708,1.5708,-1.5708,-1.5708,0]","[-3.4106444,-1.3536613,1.6919226,-1.059583,-5.2369956,0.54336803]","[0.62,0.02,0.43]","[0.44614,0.282258,0.366804,0.765993]",success,success,成功
22,42,scene_pass_through_maze,20260602,rrt_connect,61064,True,0.060920118005014956,4.918924666915265,1.39437007110155,0.11909604893373633,0.0012725997748018816,0.002999999999999989,473,80,2.3983140875410003e-13,0.0,"[-1.5708,-1.5708,1.5708,-1.5708,-1.5708,0]","[-3.4106444,-1.3536613,1.6919226,-1.059583,-5.2369956,0.54336803]","[0.62,0.02,0.43]","[0.44614,0.282258,0.366804,0.765993]",success,success,成功
23,42,scene_pass_through_maze,20260602,rrt_connect,61065,True,0.05158461300015915,4.317452811855581,1.0290582821300471,0.038759203238982076,0.0012725997748019927,0.002999999999999989,410,80,2.395724985284811e-13,0.0,"[-1.5708,-1.5708,1.5708,-1.5708,-1.5708,0]","[-3.4106444,-1.3536613,1.6919226,-1.059583,-5.2369956,0.54336803]","[0.62,0.02,0.43]","[0.44614,0.282258,0.366804,0.765993]",success,success,成功
24,42,scene_pass_through_maze,20260602,rrt_connect,61066,True,0.017411979999451432,4.1790377232024145,0.9894594293084092,0.004938564555544429,0.0012725997748018955,0.002999999999999989,139,80,2.3966313870289646e-13,0.0,"[-1.5708,-1.5708,1.5708,-1.5708,-1.5708,0]","[-3.4106444,-1.3536613,1.6919226,-1.059583,-5.2369956,0.54336803]","[0.62,0.02,0.43]","[0.44614,0.282258,0.366804,0.765993]",success,success,成功
25,42,scene_pass_through_maze,20260602,rrt_connect,61067,True,0.046967022004537284,5.235056328909753,0.9648709313983519,0.15982357456815338,0.0012725997748018678,0.002999999999999989,371,80,2.397342400392403e-13,0.0,"[-1.5708,-1.5708,1.5708,-1.5708,-1.5708,0]","[-3.4106444,-1.3536613,1.6919226,-1.059583,-5.2369956,0.54336803]","[0.62,0.02,0.43]","[0.44614,0.282258,0.366804,0.765993]",success,success,成功
26,42,scene_pass_through_maze,20260602,rrt_connect,61068,True,0.024952364998171106,4.254846376838754,1.018507577490367,0.029660751295600505,0.0012725997748018955,0.002999999999999989,195,80,2.396593281078639e-13,0.0,"[-1.5708,-1.5708,1.5708,-1.5708,-1.5708,0]","[-3.4106444,-1.3536613,1.6919226,-1.059583,-5.2369956,0.54336803]","[0.62,0.02,0.43]","[0.44614,0.282258,0.366804,0.765993]",success,success,成功
27,42,scene_pass_through_maze,20260602,rrt_connect,61069,True,0.03481694399670232,4.3159011668008285,1.0169384942920745,0.04158438688701214,0.0012725997748018955,0.0030000000000000027,264,80,2.396459282144931e-13,0.0,"[-1.5708,-1.5708,1.5708,-1.5708,-1.5708,0]","[-3.4106444,-1.3536613,1.6919226,-1.059583,-5.2369956,0.54336803]","[0.62,0.02,0.43]","[0.44614,0.282258,0.366804,0.765993]",success,success,成功
28,42,scene_pass_through_maze,20260602,rrt_connect,61070,True,0.02451417200063588,4.198996118462494,1.0372583445603794,0.016154114651521483,0.0012725997748018955,0.002999999999999989,191,80,2.396593281078639e-13,0.0,"[-1.5708,-1.5708,1.5708,-1.5708,-1.5708,0]","[-3.4106444,-1.3536613,1.6919226,-1.059583,-5.2369956,0.54336803]","[0.62,0.02,0.43]","[0.44614,0.282258,0.366804,0.765993]",success,success,成功
29,42,scene_pass_through_maze,20260602,rrt_connect,61071,True,0.016710335003153887,4.235960848583285,1.0228216046164824,0.02721306607867841,0.00127259977480184,0.002999999999999989,128,80,2.395609843795322e-13,0.0,"[-1.5708,-1.5708,1.5708,-1.5708,-1.5708,0]","[-3.4106444,-1.3536613,1.6919226,-1.059583,-5.2369956,0.54336803]","[0.62,0.02,0.43]","[0.44614,0.282258,0.366804,0.765993]",success,success,成功
30,42,scene_pass_through_maze,20260602,rrt_connect,61072,True,0.021231482998700812,4.375531625114685,0.9340702889769077,4.183981362625813,0.0012725997748018955,0.0030000000000000027,165,3,2.396459282144931e-13,0.0,"[-1.5708,-1.5708,1.5708,-1.5708,-1.5708,0]","[-3.4106444,-1.3536613,1.6919226,-1.059583,-5.2369956,0.54336803]","[0.62,0.02,0.43]","[0.44614,0.282258,0.366804,0.765993]",success,success,成功
31,42,scene_pass_through_maze,20260602,rrt_connect,61073,True,0.014571419000276364,4.207515014042037,0.9561742046232947,3.1546556161606776,0.0012725997748018955,0.0030000000000000027,116,3,2.396459282144931e-13,0.0,"[-1.5708,-1.5708,1.5708,-1.5708,-1.5708,0]","[-3.4106444,-1.3536613,1.6919226,-1.059583,-5.2369956,0.54336803]","[0.62,0.02,0.43]","[0.44614,0.282258,0.366804,0.765993]",success,success,成功
32,42,scene_pass_through_maze,20260602,rrt_connect,61074,True,0.0857394819977344,4.76181695652394,1.0229716668335769,0.08123750150346869,0.0009992124698690527,0.002999999999999989,638,80,2.3969020099910375e-13,0.0,"[-1.5708,-1.5708,1.5708,-1.5708,-1.5708,0]","[-3.4106444,-1.3536613,1.6919226,-1.059583,-5.2369956,0.54336803]","[0.62,0.02,0.43]","[0.44614,0.282258,0.366804,0.765993]",success,success,成功
33,42,scene_pass_through_maze,20260602,rrt_connect,61075,True,0.1137230520034791,4.204675700321303,1.018521098205822,0.01819636556243856,0.0012725997748019371,0.002999999999999989,872,80,2.395750498008151e-13,0.0,"[-1.5708,-1.5708,1.5708,-1.5708,-1.5708,0]","[-3.4106444,-1.3536613,1.6919226,-1.059583,-5.2369956,0.54336803]","[0.62,0.02,0.43]","[0.44614,0.282258,0.366804,0.765993]",success,success,成功
34,42,scene_pass_through_maze,20260602,rrt_connect,61076,True,0.01403768100135494,4.1953029265657475,0.9857648714138167,0.014086079007021617,0.0012725997748018955,0.002999999999999989,112,80,2.3955872044471416e-13,0.0,"[-1.5708,-1.5708,1.5708,-1.5708,-1.5708,0]","[-3.4106444,-1.3536613,1.6919226,-1.059583,-5.2369956,0.54336803]","[0.62,0.02,0.43]","[0.44614,0.282258,0.366804,0.765993]",success,success,成功
35,42,scene_pass_through_maze,20260602,rrt_connect,61077,True,0.01830543200048851,4.227916473216283,1.0301790800747699,0.025298893530435296,0.0004108979463762977,0.002999999999999989,145,80,2.396593281078639e-13,0.0,"[-1.5708,-1.5708,1.5708,-1.5708,-1.5708,0]","[-3.4106444,-1.3536613,1.6919226,-1.059583,-5.2369956,0.54336803]","[0.62,0.02,0.43]","[0.44614,0.282258,0.366804,0.765993]",success,success,成功
36,42,scene_pass_through_maze,20260602,rrt_connect,61078,True,0.05771464899589773,4.6185649930762125,0.9179698703197796,3.0004776928400676,0.0012725997748018955,0.0030000000000000027,452,3,2.396459282144931e-13,0.0,"[-1.5708,-1.5708,1.5708,-1.5708,-1.5708,0]","[-3.4106444,-1.3536613,1.6919226,-1.059583,-5.2369956,0.54336803]","[0.62,0.02,0.43]","[0.44614,0.282258,0.366804,0.765993]",success,success,成功
37,42,scene_pass_through_maze,20260602,rrt_connect,61079,True,0.014856342000712175,4.2909673777114135,0.9422063181401036,0.038907664680066865,0.00127259977480184,0.002999999999999989,107,80,2.395609843795322e-13,0.0,"[-1.5708,-1.5708,1.5708,-1.5708,-1.5708,0]","[-3.4106444,-1.3536613,1.6919226,-1.059583,-5.2369956,0.54336803]","[0.62,0.02,0.43]","[0.44614,0.282258,0.366804,0.765993]",success,success,成功
38,42,scene_pass_through_maze,20260602,rrt_connect,61080,True,0.017103894999308977,4.200142133861107,0.9947556913189787,0.01695318143503329,0.0012725997748019927,0.002999999999999989,135,80,2.395724985284811e-13,0.0,"[-1.5708,-1.5708,1.5708,-1.5708,-1.5708,0]","[-3.4106444,-1.3536613,1.6919226,-1.059583,-5.2369956,0.54336803]","[0.62,0.02,0.43]","[0.44614,0.282258,0.366804,0.765993]",success,success,成功
39,42,scene_pass_through_maze,20260602,rrt_connect,61081,True,0.013749372999882326,4.255891885560662,0.9403097133652845,3.832301221502038,0.0012725997748018955,0.0030000000000000027,107,3,2.396459282144931e-13,0.0,"[-1.5708,-1.5708,1.5708,-1.5708,-1.5708,0]","[-3.4106444,-1.3536613,1.6919226,-1.059583,-5.2369956,0.54336803]","[0.62,0.02,0.43]","[0.44614,0.282258,0.366804,0.765993]",success,success,成功
40,42,scene_pass_through_maze,20260602,rrt_connect,61082,True,0.02218655699834926,4.27193496935544,1.071495318814247,0.034909597429988067,0.00127259977480184,0.002999999999999989,175,80,2.3960912819559654e-13,0.0,"[-1.5708,-1.5708,1.5708,-1.5708,-1.5708,0]","[-3.4106444,-1.3536613,1.6919226,-1.059583,-5.2369956,0.54336803]","[0.62,0.02,0.43]","[0.44614,0.282258,0.366804,0.765993]",success,success,成功
41,42,scene_pass_through_maze,20260602,rrt_connect,61083,True,0.07251551700028358,4.258379591535772,1.0164994541523271,0.03218782087230186,0.0,0.002999999999999989,563,80,2.396280930330465e-13,0.0,"[-1.5708,-1.5708,1.5708,-1.5708,-1.5708,0]","[-3.4106444,-1.3536613,1.6919226,-1.059583,-5.2369956,0.54336803]","[0.62,0.02,0.43]","[0.44614,0.282258,0.366804,0.765993]",success,success,成功
42,42,scene_pass_through_maze,20260602,rrt_connect,61084,True,0.026088684993737843,4.216662273249706,0.992277767709209,0.02176893315725619,0.0012725997748019927,0.002999999999999989,205,80,2.395724985284811e-13,0.0,"[-1.5708,-1.5708,1.5708,-1.5708,-1.5708,0]","[-3.4106444,-1.3536613,1.6919226,-1.059583,-5.2369956,0.54336803]","[0.62,0.02,0.43]","[0.44614,0.282258,0.366804,0.765993]",success,success,成功
43,42,scene_pass_through_maze,20260602,rrt_connect,61085,True,0.03455403199768625,4.456321991381727,0.9404478628095417,0.0644861329189586,0.0012725997748018955,0.002999999999999989,265,80,2.396459282144931e-13,0.0,"[-1.5708,-1.5708,1.5708,-1.5708,-1.5708,0]","[-3.4106444,-1.3536613,1.6919226,-1.059583,-5.2369956,0.54336803]","[0.62,0.02,0.43]","[0.44614,0.282258,0.366804,0.765993]",success,success,成功
44,42,scene_pass_through_maze,20260602,rrt_connect,61086,True,0.05728325599920936,4.253806397240131,0.9562869476320907,2.2947235968372937,0.0012725997748018955,0.0030000000000000027,440,3,2.396459282144931e-13,0.0,"[-1.5708,-1.5708,1.5708,-1.5708,-1.5708,0]","[-3.4106444,-1.3536613,1.6919226,-1.059583,-5.2369956,0.54336803]","[0.62,0.02,0.43]","[0.44614,0.282258,0.366804,0.765993]",success,success,成功
45,42,scene_pass_through_maze,20260602,rrt_connect,61087,True,0.021023339999374002,4.203395185473778,0.9782879249621922,0.017807471965520766,0.0012725997748020343,0.002999999999999989,161,80,2.3967870641597376e-13,0.0,"[-1.5708,-1.5708,1.5708,-1.5708,-1.5708,0]","[-3.4106444,-1.3536613,1.6919226,-1.059583,-5.2369956,0.54336803]","[0.62,0.02,0.43]","[0.44614,0.282258,0.366804,0.765993]",success,success,成功
46,42,scene_pass_through_maze,20260602,rrt_connect,61088,True,0.014055748004466295,4.185240754145445,0.9970847347918274,0.009760526628791674,0.0012725997748019927,0.002999999999999989,112,80,2.396782419656256e-13,0.0,"[-1.5708,-1.5708,1.5708,-1.5708,-1.5708,0]","[-3.4106444,-1.3536613,1.6919226,-1.059583,-5.2369956,0.54336803]","[0.62,0.02,0.43]","[0.44614,0.282258,0.366804,0.765993]",success,success,成功
47,42,scene_pass_through_maze,20260602,rrt_connect,61089,True,0.018355417996644974,4.209316918191255,0.9829962335536485,0.019904751435071963,0.0012725997748018955,0.002999999999999989,145,80,2.396459282144931e-13,0.0,"[-1.5708,-1.5708,1.5708,-1.5708,-1.5708,0]","[-3.4106444,-1.3536613,1.6919226,-1.059583,-5.2369956,0.54336803]","[0.62,0.02,0.43]","[0.44614,0.282258,0.366804,0.765993]",success,success,成功
48,42,scene_pass_through_maze,20260602,rrt_connect,61090,True,0.04759657799877459,4.211813730429867,0.9877716808595656,0.02012554013298894,0.0012725997748018955,0.002999999999999989,366,80,2.396459282144931e-13,0.0,"[-1.5708,-1.5708,1.5708,-1.5708,-1.5708,0]","[-3.4106444,-1.3536613,1.6919226,-1.059583,-5.2369956,0.54336803]","[0.62,0.02,0.43]","[0.44614,0.282258,0.366804,0.765993]",success,success,成功
49,42,scene_pass_through_maze,20260602,rrt_connect,61091,True,0.01588461200299207,5.046451353510022,0.9380708008148028,0.1336569985901558,0.0012725997748017845,0.002999999999999989,112,80,2.393463246613051e-13,0.0,"[-1.5708,-1.5708,1.5708,-1.5708,-1.5708,0]","[-3.4106444,-1.3536613,1.6919226,-1.059583,-5.2369956,0.54336803]","[0.62,0.02,0.43]","[0.44614,0.282258,0.366804,0.765993]",success,success,成功
0,42,scene_pass_through_maze,20260602,prm,62042,True,10.263881077997212,6.376748985184813,1.2213184612602008,5.883991206196206,0.0012725997748018955,0.0030000000000000027,89760,3,2.396459282144931e-13,0.0,"[-1.5708,-1.5708,1.5708,-1.5708,-1.5708,0]","[-3.4106444,-1.3536613,1.6919226,-1.059583,-5.2369956,0.54336803]","[0.62,0.02,0.43]","[0.44614,0.282258,0.366804,0.765993]",success,success,成功
1,42,scene_pass_through_maze,20260602,prm,62043,True,10.310129340003186,11.576572356591296,1.3168398078414256,10.812184194164006,0.0012725997748018955,0.0030000000000000027,89214,3,2.396459282144931e-13,0.0,"[-1.5708,-1.5708,1.5708,-1.5708,-1.5708,0]","[-3.4106444,-1.3536613,1.6919226,-1.059583,-5.2369956,0.54336803]","[0.62,0.02,0.43]","[0.44614,0.282258,0.366804,0.765993]",success,success,成功
2,42,scene_pass_through_maze,20260602,prm,62044,True,10.27376966799784,6.476491707066669,1.688654297060052,0.17858642634238775,0.0012725997748018816,0.002999999999999989,88213,80,2.396343609332458e-13,0.0,"[-1.5708,-1.5708,1.5708,-1.5708,-1.5708,0]","[-3.4106444,-1.3536613,1.6919226,-1.059583,-5.2369956,0.54336803]","[0.62,0.02,0.43]","[0.44614,0.282258,0.366804,0.765993]",success,success,成功
3,42,scene_pass_through_maze,20260602,prm,62045,True,11.290341195999645,11.44868076089797,1.313918780048663,0.3951811514190944,0.0012725997748019927,0.002999999999999989,94413,80,2.3948625380634e-13,0.0,"[-1.5708,-1.5708,1.5708,-1.5708,-1.5708,0]","[-3.4106444,-1.3536613,1.6919226,-1.059583,-5.2369956,0.54336803]","[0.62,0.02,0.43]","[0.44614,0.282258,0.366804,0.765993]",success,success,成功
4,42,scene_pass_through_maze,20260602,prm,62046,True,9.853155062999576,6.820652666007093,1.2689176430201674,0.20150924802564554,0.0,0.002999999999999989,85815,80,2.396137906763273e-13,0.0,"[-1.5708,-1.5708,1.5708,-1.5708,-1.5708,0]","[-3.4106444,-1.3536613,1.6919226,-1.059583,-5.2369956,0.54336803]","[0.62,0.02,0.43]","[0.44614,0.282258,0.366804,0.765993]",success,success,成功
5,42,scene_pass_through_maze,20260602,prm,62047,False,10.17879886800074,0.0,nan,0.0,nan,nan,89451,0,nan,0.0,"[-1.5708,-1.5708,1.5708,-1.5708,-1.5708,0]","[-3.4106444,-1.3536613,1.6919226,-1.059583,-5.2369956,0.54336803]","[0.62,0.02,0.43]","[0.44614,0.282258,0.366804,0.765993]",no roadmap path,roadmap_disconnected,采样图未连通
6,42,scene_pass_through_maze,20260602,prm,62048,True,10.561501584001235,20.915399112673562,1.8161296905970414,24.956818362279073,0.0012725997748018955,0.0030000000000000027,87247,4,2.396459282144931e-13,0.0,"[-1.5708,-1.5708,1.5708,-1.5708,-1.5708,0]","[-3.4106444,-1.3536613,1.6919226,-1.059583,-5.2369956,0.54336803]","[0.62,0.02,0.43]","[0.44614,0.282258,0.366804,0.765993]",success,success,成功
7,42,scene_pass_through_maze,20260602,prm,62049,True,9.432768081998802,9.967157782827945,1.2565095463549145,9.084836568824802,0.0012725997748018955,0.0030000000000000027,83555,3,2.396459282144931e-13,0.0,"[-1.5708,-1.5708,1.5708,-1.5708,-1.5708,0]","[-3.4106444,-1.3536613,1.6919226,-1.059583,-5.2369956,0.54336803]","[0.62,0.02,0.43]","[0.44614,0.282258,0.366804,0.765993]",success,success,成功
8,42,scene_pass_through_maze,20260602,prm,62050,True,9.608281357002852,9.025911990092016,1.3967975762801674,0.29332209533334946,0.0012725997748018122,0.002999999999999989,85308,80,2.3960892662259067e-13,0.0,"[-1.5708,-1.5708,1.5708,-1.5708,-1.5708,0]","[-3.4106444,-1.3536613,1.6919226,-1.059583,-5.2369956,0.54336803]","[0.62,0.02,0.43]","[0.44614,0.282258,0.366804,0.765993]",success,success,成功
9,42,scene_pass_through_maze,20260602,prm,62051,True,10.696218778000912,11.833279522536033,1.4293347776081577,0.41096398759211794,0.00127259977480184,0.002999999999999989,94862,80,2.396475949921612e-13,0.0,"[-1.5708,-1.5708,1.5708,-1.5708,-1.5708,0]","[-3.4106444,-1.3536613,1.6919226,-1.059583,-5.2369956,0.54336803]","[0.62,0.02,0.43]","[0.44614,0.282258,0.366804,0.765993]",success,success,成功
10,42,scene_pass_through_maze,20260602,prm,62052,True,9.409767917000863,10.325722459148096,2.5570544683859326,0.3536646908420948,0.0012725997748017429,0.002999999999999989,82892,80,2.3928045287079875e-13,0.0,"[-1.5708,-1.5708,1.5708,-1.5708,-1.5708,0]","[-3.4106444,-1.3536613,1.6919226,-1.059583,-5.2369956,0.54336803]","[0.62,0.02,0.43]","[0.44614,0.282258,0.366804,0.765993]",success,success,成功
11,42,scene_pass_through_maze,20260602,prm,62053,True,10.388558462997025,10.506692334748628,2.108810368369615,0.35626403627963965,0.0012725997748018816,0.0030000000000000027,92315,80,2.3966186670317755e-13,0.0,"[-1.5708,-1.5708,1.5708,-1.5708,-1.5708,0]","[-3.4106444,-1.3536613,1.6919226,-1.059583,-5.2369956,0.54336803]","[0.62,0.02,0.43]","[0.44614,0.282258,0.366804,0.765993]",success,success,成功
12,42,scene_pass_through_maze,20260602,prm,62054,True,10.090932293998776,7.130084521343824,1.2624070024623337,0.21056292169675972,0.00127259977480184,0.0030000000000000027,88988,80,2.395609843795322e-13,0.0,"[-1.5708,-1.5708,1.5708,-1.5708,-1.5708,0]","[-3.4106444,-1.3536613,1.6919226,-1.059583,-5.2369956,0.54336803]","[0.62,0.02,0.43]","[0.44614,0.282258,0.366804,0.765993]",success,success,成功
13,42,scene_pass_through_maze,20260602,prm,62055,False,10.195280710002407,0.0,nan,0.0,nan,nan,88619,0,nan,0.0,"[-1.5708,-1.5708,1.5708,-1.5708,-1.5708,0]","[-3.4106444,-1.3536613,1.6919226,-1.059583,-5.2369956,0.54336803]","[0.62,0.02,0.43]","[0.44614,0.282258,0.366804,0.765993]",no roadmap path,roadmap_disconnected,采样图未连通
14,42,scene_pass_through_maze,20260602,prm,62056,True,10.45041721099551,7.13547176908786,1.9371133144718014,0.2097315641725008,0.0012725997748018955,0.0030000000000000027,85172,80,2.396459282144931e-13,0.0,"[-1.5708,-1.5708,1.5708,-1.5708,-1.5708,0]","[-3.4106444,-1.3536613,1.6919226,-1.059583,-5.2369956,0.54336803]","[0.62,0.02,0.43]","[0.44614,0.282258,0.366804,0.765993]",success,success,成功
15,42,scene_pass_through_maze,20260602,prm,62057,True,12.76669619299355,11.08805968505573,1.479598786115179,0.3796467656306684,0.00127259977480184,0.002999999999999989,88932,80,2.3952593517080204e-13,0.0,"[-1.5708,-1.5708,1.5708,-1.5708,-1.5708,0]","[-3.4106444,-1.3536613,1.6919226,-1.059583,-5.2369956,0.54336803]","[0.62,0.02,0.43]","[0.44614,0.282258,0.366804,0.765993]",success,success,成功
16,42,scene_pass_through_maze,20260602,prm,62058,True,13.862113720002526,8.976344869345034,1.417109677598932,8.227745917079114,0.0012725997748018955,0.0030000000000000027,91996,3,2.396459282144931e-13,0.0,"[-1.5708,-1.5708,1.5708,-1.5708,-1.5708,0]","[-3.4106444,-1.3536613,1.6919226,-1.059583,-5.2369956,0.54336803]","[0.62,0.02,0.43]","[0.44614,0.282258,0.366804,0.765993]",success,success,成功
17,42,scene_pass_through_maze,20260602,prm,62059,True,12.527097600999696,7.828325045812839,1.3331250207259062,0.24120763148314575,0.0012725997748018816,0.002999999999999989,85051,80,2.395752539144914e-13,0.0,"[-1.5708,-1.5708,1.5708,-1.5708,-1.5708,0]","[-3.4106444,-1.3536613,1.6919226,-1.059583,-5.2369956,0.54336803]","[0.62,0.02,0.43]","[0.44614,0.282258,0.366804,0.765993]",success,success,成功
18,42,scene_pass_through_maze,20260602,prm,62060,True,11.365528176997032,9.696013029079435,1.1212113997611246,0.3264098628858911,0.0012725997748018955,0.002999999999999989,81042,80,2.3964550398397236e-13,0.0,"[-1.5708,-1.5708,1.5708,-1.5708,-1.5708,0]","[-3.4106444,-1.3536613,1.6919226,-1.059583,-5.2369956,0.54336803]","[0.62,0.02,0.43]","[0.44614,0.282258,0.366804,0.765993]",success,success,成功
19,42,scene_pass_through_maze,20260602,prm,62061,False,11.732957050997356,0.0,nan,0.0,nan,nan,85487,0,nan,0.0,"[-1.5708,-1.5708,1.5708,-1.5708,-1.5708,0]","[-3.4106444,-1.3536613,1.6919226,-1.059583,-5.2369956,0.54336803]","[0.62,0.02,0.43]","[0.44614,0.282258,0.366804,0.765993]",no roadmap path,roadmap_disconnected,采样图未连通
20,42,scene_pass_through_maze,20260602,prm,62062,True,11.883082735002972,11.64473567071673,1.006170486484272,11.021365935886527,0.0012725997748018955,0.0030000000000000027,86422,3,2.396459282144931e-13,0.0,"[-1.5708,-1.5708,1.5708,-1.5708,-1.5708,0]","[-3.4106444,-1.3536613,1.6919226,-1.059583,-5.2369956,0.54336803]","[0.62,0.02,0.43]","[0.44614,0.282258,0.366804,0.765993]",success,success,成功
21,42,scene_pass_through_maze,20260602,prm,62063,True,13.09287047199905,9.399504540284056,1.81583524131864,8.421773712780025,0.0012725997748018955,0.0030000000000000027,82706,3,2.396459282144931e-13,0.0,"[-1.5708,-1.5708,1.5708,-1.5708,-1.5708,0]","[-3.4106444,-1.3536613,1.6919226,-1.059583,-5.2369956,0.54336803]","[0.62,0.02,0.43]","[0.44614,0.282258,0.366804,0.765993]",success,success,成功
22,42,scene_pass_through_maze,20260602,prm,62064,True,11.53123462300573,17.493494898563853,2.0123487621372678,19.00292827828789,0.0012725997748018955,0.0030000000000000027,86998,4,2.396459282144931e-13,0.0,"[-1.5708,-1.5708,1.5708,-1.5708,-1.5708,0]","[-3.4106444,-1.3536613,1.6919226,-1.059583,-5.2369956,0.54336803]","[0.62,0.02,0.43]","[0.44614,0.282258,0.366804,0.765993]",success,success,成功
23,42,scene_pass_through_maze,20260602,prm,62065,True,11.413463498000056,6.670809978572422,1.182505985006788,0.18952218656538902,0.001272599774801951,0.002999999999999989,85915,80,2.3948708996379457e-13,0.0,"[-1.5708,-1.5708,1.5708,-1.5708,-1.5708,0]","[-3.4106444,-1.3536613,1.6919226,-1.059583,-5.2369956,0.54336803]","[0.62,0.02,0.43]","[0.44614,0.282258,0.366804,0.765993]",success,success,成功
24,42,scene_pass_through_maze,20260602,prm,62066,True,11.184794013999635,13.3563096750506,2.6128842525447915,0.47238356103722445,0.0012725997748018678,0.002999999999999989,91152,80,2.3965287695430627e-13,0.0,"[-1.5708,-1.5708,1.5708,-1.5708,-1.5708,0]","[-3.4106444,-1.3536613,1.6919226,-1.059583,-5.2369956,0.54336803]","[0.62,0.02,0.43]","[0.44614,0.282258,0.366804,0.765993]",success,success,成功
25,42,scene_pass_through_maze,20260602,prm,62067,True,9.855252203000418,7.582106886354742,0.9947418251888867,6.748246530900524,0.0012725997748018955,0.0030000000000000027,85172,3,2.396459282144931e-13,0.0,"[-1.5708,-1.5708,1.5708,-1.5708,-1.5708,0]","[-3.4106444,-1.3536613,1.6919226,-1.059583,-5.2369956,0.54336803]","[0.62,0.02,0.43]","[0.44614,0.282258,0.366804,0.765993]",success,success,成功
26,42,scene_pass_through_maze,20260602,prm,62068,True,9.796730517002288,9.28339118890683,1.5423242206714562,0.3100726120731106,0.0012725997748019094,0.002999999999999989,86955,80,2.3975291530716204e-13,0.0,"[-1.5708,-1.5708,1.5708,-1.5708,-1.5708,0]","[-3.4106444,-1.3536613,1.6919226,-1.059583,-5.2369956,0.54336803]","[0.62,0.02,0.43]","[0.44614,0.282258,0.366804,0.765993]",success,success,成功
27,42,scene_pass_through_maze,20260602,prm,62069,True,10.606721613003174,8.422454269615635,1.1661283088354217,7.335754297526785,0.0012725997748018955,0.0030000000000000027,93400,3,2.396459282144931e-13,0.0,"[-1.5708,-1.5708,1.5708,-1.5708,-1.5708,0]","[-3.4106444,-1.3536613,1.6919226,-1.059583,-5.2369956,0.54336803]","[0.62,0.02,0.43]","[0.44614,0.282258,0.366804,0.765993]",success,success,成功
28,42,scene_pass_through_maze,20260602,prm,62070,True,9.767412600995158,11.517276820366035,1.7724420509871943,10.903505342814512,0.0012725997748018955,0.0030000000000000027,86352,3,2.396459282144931e-13,0.0,"[-1.5708,-1.5708,1.5708,-1.5708,-1.5708,0]","[-3.4106444,-1.3536613,1.6919226,-1.059583,-5.2369956,0.54336803]","[0.62,0.02,0.43]","[0.44614,0.282258,0.366804,0.765993]",success,success,成功
29,42,scene_pass_through_maze,20260602,prm,62071,True,10.218100887002947,8.2595472559478,1.6935924003752794,0.2776565668492324,0.001272599774801951,0.002999999999999989,90364,80,2.396135372895192e-13,0.0,"[-1.5708,-1.5708,1.5708,-1.5708,-1.5708,0]","[-3.4106444,-1.3536613,1.6919226,-1.059583,-5.2369956,0.54336803]","[0.62,0.02,0.43]","[0.44614,0.282258,0.366804,0.765993]",success,success,成功
30,42,scene_pass_through_maze,20260602,prm,62072,False,9.34043224499328,0.0,nan,0.0,nan,nan,82504,0,nan,0.0,"[-1.5708,-1.5708,1.5708,-1.5708,-1.5708,0]","[-3.4106444,-1.3536613,1.6919226,-1.059583,-5.2369956,0.54336803]","[0.62,0.02,0.43]","[0.44614,0.282258,0.366804,0.765993]",no roadmap path,roadmap_disconnected,采样图未连通
31,42,scene_pass_through_maze,20260602,prm,62073,True,10.248161041999992,7.903414555880498,1.4123959652535278,0.24440047348153593,0.00127259977480184,0.002999999999999989,88644,80,2.3950940437764025e-13,0.0,"[-1.5708,-1.5708,1.5708,-1.5708,-1.5708,0]","[-3.4106444,-1.3536613,1.6919226,-1.059583,-5.2369956,0.54336803]","[0.62,0.02,0.43]","[0.44614,0.282258,0.366804,0.765993]",success,success,成功
32,42,scene_pass_through_maze,20260602,prm,62074,True,9.340093421000347,8.018378581599524,1.44009146963222,0.2508893872600481,0.0012725997748020204,0.002999999999999989,82374,80,2.3954140928980203e-13,0.0,"[-1.5708,-1.5708,1.5708,-1.5708,-1.5708,0]","[-3.4106444,-1.3536613,1.6919226,-1.059583,-5.2369956,0.54336803]","[0.62,0.02,0.43]","[0.44614,0.282258,0.366804,0.765993]",success,success,成功
33,42,scene_pass_through_maze,20260602,prm,62075,True,9.932415390001552,7.765742668866107,1.9436628471883717,0.23871358509909116,0.0012725997748018678,0.002999999999999989,87407,80,2.3962778417975886e-13,0.0,"[-1.5708,-1.5708,1.5708,-1.5708,-1.5708,0]","[-3.4106444,-1.3536613,1.6919226,-1.059583,-5.2369956,0.54336803]","[0.62,0.02,0.43]","[0.44614,0.282258,0.366804,0.765993]",success,success,成功
34,42,scene_pass_through_maze,20260602,prm,62076,True,10.058707003998279,14.110418405045252,1.8905032981176562,13.581999810211167,0.0012725997748018955,0.002999999999999989,88002,3,2.396459282144931e-13,0.0,"[-1.5708,-1.5708,1.5708,-1.5708,-1.5708,0]","[-3.4106444,-1.3536613,1.6919226,-1.059583,-5.2369956,0.54336803]","[0.62,0.02,0.43]","[0.44614,0.282258,0.366804,0.765993]",success,success,成功
35,42,scene_pass_through_maze,20260602,prm,62077,True,9.978852401996846,13.194008954972112,2.302206952463825,0.466230233411123,0.0012725997748018955,0.002999999999999989,87541,80,2.3950275224773307e-13,0.0,"[-1.5708,-1.5708,1.5708,-1.5708,-1.5708,0]","[-3.4106444,-1.3536613,1.6919226,-1.059583,-5.2369956,0.54336803]","[0.62,0.02,0.43]","[0.44614,0.282258,0.366804,0.765993]",success,success,成功
36,42,scene_pass_through_maze,20260602,prm,62078,False,9.982809613000427,0.0,nan,0.0,nan,nan,87691,0,nan,0.0,"[-1.5708,-1.5708,1.5708,-1.5708,-1.5708,0]","[-3.4106444,-1.3536613,1.6919226,-1.059583,-5.2369956,0.54336803]","[0.62,0.02,0.43]","[0.44614,0.282258,0.366804,0.765993]",no roadmap path,roadmap_disconnected,采样图未连通
37,42,scene_pass_through_maze,20260602,prm,62079,True,9.696260594995692,9.531002201007183,1.0952260671826903,0.3149563997302868,0.0012725997748018816,0.002999999999999989,84552,80,2.3950831809181954e-13,0.0,"[-1.5708,-1.5708,1.5708,-1.5708,-1.5708,0]","[-3.4106444,-1.3536613,1.6919226,-1.059583,-5.2369956,0.54336803]","[0.62,0.02,0.43]","[0.44614,0.282258,0.366804,0.765993]",success,success,成功
38,42,scene_pass_through_maze,20260602,prm,62080,False,9.553648075998353,0.0,nan,0.0,nan,nan,80576,0,nan,0.0,"[-1.5708,-1.5708,1.5708,-1.5708,-1.5708,0]","[-3.4106444,-1.3536613,1.6919226,-1.059583,-5.2369956,0.54336803]","[0.62,0.02,0.43]","[0.44614,0.282258,0.366804,0.765993]",no roadmap path,roadmap_disconnected,采样图未连通
39,42,scene_pass_through_maze,20260602,prm,62081,True,10.045251577001181,8.56039960883546,0.9084186423626791,7.81216729158826,0.0012725997748018955,0.0030000000000000027,87308,3,2.396459282144931e-13,0.0,"[-1.5708,-1.5708,1.5708,-1.5708,-1.5708,0]","[-3.4106444,-1.3536613,1.6919226,-1.059583,-5.2369956,0.54336803]","[0.62,0.02,0.43]","[0.44614,0.282258,0.366804,0.765993]",success,success,成功
40,42,scene_pass_through_maze,20260602,prm,62082,True,10.516169066999282,8.475927369427623,1.5254134012859755,7.60546089413766,0.0012725997748018955,0.0030000000000000027,87524,3,2.396459282144931e-13,0.0,"[-1.5708,-1.5708,1.5708,-1.5708,-1.5708,0]","[-3.4106444,-1.3536613,1.6919226,-1.059583,-5.2369956,0.54336803]","[0.62,0.02,0.43]","[0.44614,0.282258,0.366804,0.765993]",success,success,成功
41,42,scene_pass_through_maze,20260602,prm,62083,True,9.200919501003227,7.270248193637889,1.2585051722403513,0.21873087014130088,0.0012725997748019927,0.002999999999999989,80520,80,2.396782419656256e-13,0.0,"[-1.5708,-1.5708,1.5708,-1.5708,-1.5708,0]","[-3.4106444,-1.3536613,1.6919226,-1.059583,-5.2369956,0.54336803]","[0.62,0.02,0.43]","[0.44614,0.282258,0.366804,0.765993]",success,success,成功
42,42,scene_pass_through_maze,20260602,prm,62084,False,9.81450125700212,0.0,nan,0.0,nan,nan,87039,0,nan,0.0,"[-1.5708,-1.5708,1.5708,-1.5708,-1.5708,0]","[-3.4106444,-1.3536613,1.6919226,-1.059583,-5.2369956,0.54336803]","[0.62,0.02,0.43]","[0.44614,0.282258,0.366804,0.765993]",no roadmap path,roadmap_disconnected,采样图未连通
43,42,scene_pass_through_maze,20260602,prm,62085,True,9.772957861998293,9.53418453461883,1.9401202821330412,0.3245267114456077,0.001272599774801951,0.002999999999999989,85867,80,2.3949164492499276e-13,0.0,"[-1.5708,-1.5708,1.5708,-1.5708,-1.5708,0]","[-3.4106444,-1.3536613,1.6919226,-1.059583,-5.2369956,0.54336803]","[0.62,0.02,0.43]","[0.44614,0.282258,0.366804,0.765993]",success,success,成功
44,42,scene_pass_through_maze,20260602,prm,62086,True,9.449472615000559,9.378206866647204,1.2542833049154727,0.31242434315466155,0.0012725997748018955,0.002999999999999989,83503,80,2.3955872044471416e-13,0.0,"[-1.5708,-1.5708,1.5708,-1.5708,-1.5708,0]","[-3.4106444,-1.3536613,1.6919226,-1.059583,-5.2369956,0.54336803]","[0.62,0.02,0.43]","[0.44614,0.282258,0.366804,0.765993]",success,success,成功
45,42,scene_pass_through_maze,20260602,prm,62087,True,9.144314057994052,7.206181839082262,1.2969132957914586,5.987552674490823,0.0012725997748018955,0.0030000000000000027,81579,3,2.396459282144931e-13,0.0,"[-1.5708,-1.5708,1.5708,-1.5708,-1.5708,0]","[-3.4106444,-1.3536613,1.6919226,-1.059583,-5.2369956,0.54336803]","[0.62,0.02,0.43]","[0.44614,0.282258,0.366804,0.765993]",success,success,成功
46,42,scene_pass_through_maze,20260602,prm,62088,True,9.69349237899587,8.871401254115643,1.0872918973605277,7.832967665787949,0.0012725997748018955,0.0030000000000000027,85379,3,2.396459282144931e-13,0.0,"[-1.5708,-1.5708,1.5708,-1.5708,-1.5708,0]","[-3.4106444,-1.3536613,1.6919226,-1.059583,-5.2369956,0.54336803]","[0.62,0.02,0.43]","[0.44614,0.282258,0.366804,0.765993]",success,success,成功
47,42,scene_pass_through_maze,20260602,prm,62089,True,10.218739120995451,9.816719932445457,2.9895804787465385,0.3281939055561904,0.0012725997748019927,0.002999999999999989,88639,80,2.3957908302970554e-13,0.0,"[-1.5708,-1.5708,1.5708,-1.5708,-1.5708,0]","[-3.4106444,-1.3536613,1.6919226,-1.059583,-5.2369956,0.54336803]","[0.62,0.02,0.43]","[0.44614,0.282258,0.366804,0.765993]",success,success,成功
48,42,scene_pass_through_maze,20260602,prm,62090,True,9.187232623000455,6.011486041305831,1.7751681659387584,4.334345952141713,0.0012725997748018955,0.0030000000000000027,81200,3,2.396459282144931e-13,0.0,"[-1.5708,-1.5708,1.5708,-1.5708,-1.5708,0]","[-3.4106444,-1.3536613,1.6919226,-1.059583,-5.2369956,0.54336803]","[0.62,0.02,0.43]","[0.44614,0.282258,0.366804,0.765993]",success,success,成功
49,42,scene_pass_through_maze,20260602,prm,62091,True,9.92188061199704,7.256141637629531,1.6090077287148379,6.223580233569052,0.0012725997748018955,0.0030000000000000027,87381,3,2.396459282144931e-13,0.0,"[-1.5708,-1.5708,1.5708,-1.5708,-1.5708,0]","[-3.4106444,-1.3536613,1.6919226,-1.059583,-5.2369956,0.54336803]","[0.62,0.02,0.43]","[0.44614,0.282258,0.366804,0.765993]",success,success,成功
0,42,scene_pass_through_maze,20260602,apf,63042,False,2.6385898219959927,72.00000000000188,34.65651640828223,137.0320822222641,0.13580989564587587,0.002999999999999989,3202,1601,0.5654409923835508,0.9566197088925832,"[-1.5708,-1.5708,1.5708,-1.5708,-1.5708,0]","[-3.4106444,-1.3536613,1.6919226,-1.059583,-5.2369956,0.54336803]","[0.62,0.02,0.43]","[0.44614,0.282258,0.366804,0.765993]",max iterations reached,iteration_limit,迭代上限
1,42,scene_pass_through_maze,20260602,apf,63043,False,2.617580617996282,72.00000000000188,34.65651640828223,137.0320822222641,0.13580989564587587,0.002999999999999989,3202,1601,0.5654409923835508,0.9566197088925832,"[-1.5708,-1.5708,1.5708,-1.5708,-1.5708,0]","[-3.4106444,-1.3536613,1.6919226,-1.059583,-5.2369956,0.54336803]","[0.62,0.02,0.43]","[0.44614,0.282258,0.366804,0.765993]",max iterations reached,iteration_limit,迭代上限
2,42,scene_pass_through_maze,20260602,apf,63044,False,2.6295251509945956,72.00000000000188,34.65651640828223,137.0320822222641,0.13580989564587587,0.002999999999999989,3202,1601,0.5654409923835508,0.9566197088925832,"[-1.5708,-1.5708,1.5708,-1.5708,-1.5708,0]","[-3.4106444,-1.3536613,1.6919226,-1.059583,-5.2369956,0.54336803]","[0.62,0.02,0.43]","[0.44614,0.282258,0.366804,0.765993]",max iterations reached,iteration_limit,迭代上限
3,42,scene_pass_through_maze,20260602,apf,63045,False,2.6222178719981457,72.00000000000188,34.65651640828223,137.0320822222641,0.13580989564587587,0.002999999999999989,3202,1601,0.5654409923835508,0.9566197088925832,"[-1.5708,-1.5708,1.5708,-1.5708,-1.5708,0]","[-3.4106444,-1.3536613,1.6919226,-1.059583,-5.2369956,0.54336803]","[0.62,0.02,0.43]","[0.44614,0.282258,0.366804,0.765993]",max iterations reached,iteration_limit,迭代上限
4,42,scene_pass_through_maze,20260602,apf,63046,False,2.6402123969965032,72.00000000000188,34.65651640828223,137.0320822222641,0.13580989564587587,0.002999999999999989,3202,1601,0.5654409923835508,0.9566197088925832,"[-1.5708,-1.5708,1.5708,-1.5708,-1.5708,0]","[-3.4106444,-1.3536613,1.6919226,-1.059583,-5.2369956,0.54336803]","[0.62,0.02,0.43]","[0.44614,0.282258,0.366804,0.765993]",max iterations reached,iteration_limit,迭代上限
5,42,scene_pass_through_maze,20260602,apf,63047,False,2.640022384999611,72.00000000000188,34.65651640828223,137.0320822222641,0.13580989564587587,0.002999999999999989,3202,1601,0.5654409923835508,0.9566197088925832,"[-1.5708,-1.5708,1.5708,-1.5708,-1.5708,0]","[-3.4106444,-1.3536613,1.6919226,-1.059583,-5.2369956,0.54336803]","[0.62,0.02,0.43]","[0.44614,0.282258,0.366804,0.765993]",max iterations reached,iteration_limit,迭代上限
6,42,scene_pass_through_maze,20260602,apf,63048,False,2.6626555590046337,72.00000000000188,34.65651640828223,137.0320822222641,0.13580989564587587,0.002999999999999989,3202,1601,0.5654409923835508,0.9566197088925832,"[-1.5708,-1.5708,1.5708,-1.5708,-1.5708,0]","[-3.4106444,-1.3536613,1.6919226,-1.059583,-5.2369956,0.54336803]","[0.62,0.02,0.43]","[0.44614,0.282258,0.366804,0.765993]",max iterations reached,iteration_limit,迭代上限
7,42,scene_pass_through_maze,20260602,apf,63049,False,2.641959881002549,72.00000000000188,34.65651640828223,137.0320822222641,0.13580989564587587,0.002999999999999989,3202,1601,0.5654409923835508,0.9566197088925832,"[-1.5708,-1.5708,1.5708,-1.5708,-1.5708,0]","[-3.4106444,-1.3536613,1.6919226,-1.059583,-5.2369956,0.54336803]","[0.62,0.02,0.43]","[0.44614,0.282258,0.366804,0.765993]",max iterations reached,iteration_limit,迭代上限
8,42,scene_pass_through_maze,20260602,apf,63050,False,2.632887127001595,72.00000000000188,34.65651640828223,137.0320822222641,0.13580989564587587,0.002999999999999989,3202,1601,0.5654409923835508,0.9566197088925832,"[-1.5708,-1.5708,1.5708,-1.5708,-1.5708,0]","[-3.4106444,-1.3536613,1.6919226,-1.059583,-5.2369956,0.54336803]","[0.62,0.02,0.43]","[0.44614,0.282258,0.366804,0.765993]",max iterations reached,iteration_limit,迭代上限
9,42,scene_pass_through_maze,20260602,apf,63051,False,2.6487799780006753,72.00000000000188,34.65651640828223,137.0320822222641,0.13580989564587587,0.002999999999999989,3202,1601,0.5654409923835508,0.9566197088925832,"[-1.5708,-1.5708,1.5708,-1.5708,-1.5708,0]","[-3.4106444,-1.3536613,1.6919226,-1.059583,-5.2369956,0.54336803]","[0.62,0.02,0.43]","[0.44614,0.282258,0.366804,0.765993]",max iterations reached,iteration_limit,迭代上限
10,42,scene_pass_through_maze,20260602,apf,63052,False,2.6477123759977985,72.00000000000188,34.65651640828223,137.0320822222641,0.13580989564587587,0.002999999999999989,3202,1601,0.5654409923835508,0.9566197088925832,"[-1.5708,-1.5708,1.5708,-1.5708,-1.5708,0]","[-3.4106444,-1.3536613,1.6919226,-1.059583,-5.2369956,0.54336803]","[0.62,0.02,0.43]","[0.44614,0.282258,0.366804,0.765993]",max iterations reached,iteration_limit,迭代上限
11,42,scene_pass_through_maze,20260602,apf,63053,False,2.637339877001068,72.00000000000188,34.65651640828223,137.0320822222641,0.13580989564587587,0.002999999999999989,3202,1601,0.5654409923835508,0.9566197088925832,"[-1.5708,-1.5708,1.5708,-1.5708,-1.5708,0]","[-3.4106444,-1.3536613,1.6919226,-1.059583,-5.2369956,0.54336803]","[0.62,0.02,0.43]","[0.44614,0.282258,0.366804,0.765993]",max iterations reached,iteration_limit,迭代上限
12,42,scene_pass_through_maze,20260602,apf,63054,False,2.6414757360034855,72.00000000000188,34.65651640828223,137.0320822222641,0.13580989564587587,0.002999999999999989,3202,1601,0.5654409923835508,0.9566197088925832,"[-1.5708,-1.5708,1.5708,-1.5708,-1.5708,0]","[-3.4106444,-1.3536613,1.6919226,-1.059583,-5.2369956,0.54336803]","[0.62,0.02,0.43]","[0.44614,0.282258,0.366804,0.765993]",max iterations reached,iteration_limit,迭代上限
13,42,scene_pass_through_maze,20260602,apf,63055,False,2.6419363339955453,72.00000000000188,34.65651640828223,137.0320822222641,0.13580989564587587,0.002999999999999989,3202,1601,0.5654409923835508,0.9566197088925832,"[-1.5708,-1.5708,1.5708,-1.5708,-1.5708,0]","[-3.4106444,-1.3536613,1.6919226,-1.059583,-5.2369956,0.54336803]","[0.62,0.02,0.43]","[0.44614,0.282258,0.366804,0.765993]",max iterations reached,iteration_limit,迭代上限
14,42,scene_pass_through_maze,20260602,apf,63056,False,2.650365009001689,72.00000000000188,34.65651640828223,137.0320822222641,0.13580989564587587,0.002999999999999989,3202,1601,0.5654409923835508,0.9566197088925832,"[-1.5708,-1.5708,1.5708,-1.5708,-1.5708,0]","[-3.4106444,-1.3536613,1.6919226,-1.059583,-5.2369956,0.54336803]","[0.62,0.02,0.43]","[0.44614,0.282258,0.366804,0.765993]",max iterations reached,iteration_limit,迭代上限
15,42,scene_pass_through_maze,20260602,apf,63057,False,2.641234661998169,72.00000000000188,34.65651640828223,137.0320822222641,0.13580989564587587,0.002999999999999989,3202,1601,0.5654409923835508,0.9566197088925832,"[-1.5708,-1.5708,1.5708,-1.5708,-1.5708,0]","[-3.4106444,-1.3536613,1.6919226,-1.059583,-5.2369956,0.54336803]","[0.62,0.02,0.43]","[0.44614,0.282258,0.366804,0.765993]",max iterations reached,iteration_limit,迭代上限
16,42,scene_pass_through_maze,20260602,apf,63058,False,2.6600259330007248,72.00000000000188,34.65651640828223,137.0320822222641,0.13580989564587587,0.002999999999999989,3202,1601,0.5654409923835508,0.9566197088925832,"[-1.5708,-1.5708,1.5708,-1.5708,-1.5708,0]","[-3.4106444,-1.3536613,1.6919226,-1.059583,-5.2369956,0.54336803]","[0.62,0.02,0.43]","[0.44614,0.282258,0.366804,0.765993]",max iterations reached,iteration_limit,迭代上限
17,42,scene_pass_through_maze,20260602,apf,63059,False,2.6479821070024627,72.00000000000188,34.65651640828223,137.0320822222641,0.13580989564587587,0.002999999999999989,3202,1601,0.5654409923835508,0.9566197088925832,"[-1.5708,-1.5708,1.5708,-1.5708,-1.5708,0]","[-3.4106444,-1.3536613,1.6919226,-1.059583,-5.2369956,0.54336803]","[0.62,0.02,0.43]","[0.44614,0.282258,0.366804,0.765993]",max iterations reached,iteration_limit,迭代上限
18,42,scene_pass_through_maze,20260602,apf,63060,False,2.6400472540044575,72.00000000000188,34.65651640828223,137.0320822222641,0.13580989564587587,0.002999999999999989,3202,1601,0.5654409923835508,0.9566197088925832,"[-1.5708,-1.5708,1.5708,-1.5708,-1.5708,0]","[-3.4106444,-1.3536613,1.6919226,-1.059583,-5.2369956,0.54336803]","[0.62,0.02,0.43]","[0.44614,0.282258,0.366804,0.765993]",max iterations reached,iteration_limit,迭代上限
19,42,scene_pass_through_maze,20260602,apf,63061,False,2.641712548000214,72.00000000000188,34.65651640828223,137.0320822222641,0.13580989564587587,0.002999999999999989,3202,1601,0.5654409923835508,0.9566197088925832,"[-1.5708,-1.5708,1.5708,-1.5708,-1.5708,0]","[-3.4106444,-1.3536613,1.6919226,-1.059583,-5.2369956,0.54336803]","[0.62,0.02,0.43]","[0.44614,0.282258,0.366804,0.765993]",max iterations reached,iteration_limit,迭代上限
20,42,scene_pass_through_maze,20260602,apf,63062,False,2.6594788880029228,72.00000000000188,34.65651640828223,137.0320822222641,0.13580989564587587,0.002999999999999989,3202,1601,0.5654409923835508,0.9566197088925832,"[-1.5708,-1.5708,1.5708,-1.5708,-1.5708,0]","[-3.4106444,-1.3536613,1.6919226,-1.059583,-5.2369956,0.54336803]","[0.62,0.02,0.43]","[0.44614,0.282258,0.366804,0.765993]",max iterations reached,iteration_limit,迭代上限
21,42,scene_pass_through_maze,20260602,apf,63063,False,2.626988985997741,72.00000000000188,34.65651640828223,137.0320822222641,0.13580989564587587,0.002999999999999989,3202,1601,0.5654409923835508,0.9566197088925832,"[-1.5708,-1.5708,1.5708,-1.5708,-1.5708,0]","[-3.4106444,-1.3536613,1.6919226,-1.059583,-5.2369956,0.54336803]","[0.62,0.02,0.43]","[0.44614,0.282258,0.366804,0.765993]",max iterations reached,iteration_limit,迭代上限
22,42,scene_pass_through_maze,20260602,apf,63064,False,2.668279782999889,72.00000000000188,34.65651640828223,137.0320822222641,0.13580989564587587,0.002999999999999989,3202,1601,0.5654409923835508,0.9566197088925832,"[-1.5708,-1.5708,1.5708,-1.5708,-1.5708,0]","[-3.4106444,-1.3536613,1.6919226,-1.059583,-5.2369956,0.54336803]","[0.62,0.02,0.43]","[0.44614,0.282258,0.366804,0.765993]",max iterations reached,iteration_limit,迭代上限
23,42,scene_pass_through_maze,20260602,apf,63065,False,2.629519813002844,72.00000000000188,34.65651640828223,137.0320822222641,0.13580989564587587,0.002999999999999989,3202,1601,0.5654409923835508,0.9566197088925832,"[-1.5708,-1.5708,1.5708,-1.5708,-1.5708,0]","[-3.4106444,-1.3536613,1.6919226,-1.059583,-5.2369956,0.54336803]","[0.62,0.02,0.43]","[0.44614,0.282258,0.366804,0.765993]",max iterations reached,iteration_limit,迭代上限
24,42,scene_pass_through_maze,20260602,apf,63066,False,2.6450945540054818,72.00000000000188,34.65651640828223,137.0320822222641,0.13580989564587587,0.002999999999999989,3202,1601,0.5654409923835508,0.9566197088925832,"[-1.5708,-1.5708,1.5708,-1.5708,-1.5708,0]","[-3.4106444,-1.3536613,1.6919226,-1.059583,-5.2369956,0.54336803]","[0.62,0.02,0.43]","[0.44614,0.282258,0.366804,0.765993]",max iterations reached,iteration_limit,迭代上限
25,42,scene_pass_through_maze,20260602,apf,63067,False,2.6401024900042103,72.00000000000188,34.65651640828223,137.0320822222641,0.13580989564587587,0.002999999999999989,3202,1601,0.5654409923835508,0.9566197088925832,"[-1.5708,-1.5708,1.5708,-1.5708,-1.5708,0]","[-3.4106444,-1.3536613,1.6919226,-1.059583,-5.2369956,0.54336803]","[0.62,0.02,0.43]","[0.44614,0.282258,0.366804,0.765993]",max iterations reached,iteration_limit,迭代上限
26,42,scene_pass_through_maze,20260602,apf,63068,False,2.634470357996179,72.00000000000188,34.65651640828223,137.0320822222641,0.13580989564587587,0.002999999999999989,3202,1601,0.5654409923835508,0.9566197088925832,"[-1.5708,-1.5708,1.5708,-1.5708,-1.5708,0]","[-3.4106444,-1.3536613,1.6919226,-1.059583,-5.2369956,0.54336803]","[0.62,0.02,0.43]","[0.44614,0.282258,0.366804,0.765993]",max iterations reached,iteration_limit,迭代上限
27,42,scene_pass_through_maze,20260602,apf,63069,False,2.624098081003467,72.00000000000188,34.65651640828223,137.0320822222641,0.13580989564587587,0.002999999999999989,3202,1601,0.5654409923835508,0.9566197088925832,"[-1.5708,-1.5708,1.5708,-1.5708,-1.5708,0]","[-3.4106444,-1.3536613,1.6919226,-1.059583,-5.2369956,0.54336803]","[0.62,0.02,0.43]","[0.44614,0.282258,0.366804,0.765993]",max iterations reached,iteration_limit,迭代上限
28,42,scene_pass_through_maze,20260602,apf,63070,False,2.7307388879999053,72.00000000000188,34.65651640828223,137.0320822222641,0.13580989564587587,0.002999999999999989,3202,1601,0.5654409923835508,0.9566197088925832,"[-1.5708,-1.5708,1.5708,-1.5708,-1.5708,0]","[-3.4106444,-1.3536613,1.6919226,-1.059583,-5.2369956,0.54336803]","[0.62,0.02,0.43]","[0.44614,0.282258,0.366804,0.765993]",max iterations reached,iteration_limit,迭代上限
29,42,scene_pass_through_maze,20260602,apf,63071,False,2.703321805995074,72.00000000000188,34.65651640828223,137.0320822222641,0.13580989564587587,0.002999999999999989,3202,1601,0.5654409923835508,0.9566197088925832,"[-1.5708,-1.5708,1.5708,-1.5708,-1.5708,0]","[-3.4106444,-1.3536613,1.6919226,-1.059583,-5.2369956,0.54336803]","[0.62,0.02,0.43]","[0.44614,0.282258,0.366804,0.765993]",max iterations reached,iteration_limit,迭代上限
30,42,scene_pass_through_maze,20260602,apf,63072,False,2.7166799190017628,72.00000000000188,34.65651640828223,137.0320822222641,0.13580989564587587,0.002999999999999989,3202,1601,0.5654409923835508,0.9566197088925832,"[-1.5708,-1.5708,1.5708,-1.5708,-1.5708,0]","[-3.4106444,-1.3536613,1.6919226,-1.059583,-5.2369956,0.54336803]","[0.62,0.02,0.43]","[0.44614,0.282258,0.366804,0.765993]",max iterations reached,iteration_limit,迭代上限
31,42,scene_pass_through_maze,20260602,apf,63073,False,2.7144367989967577,72.00000000000188,34.65651640828223,137.0320822222641,0.13580989564587587,0.002999999999999989,3202,1601,0.5654409923835508,0.9566197088925832,"[-1.5708,-1.5708,1.5708,-1.5708,-1.5708,0]","[-3.4106444,-1.3536613,1.6919226,-1.059583,-5.2369956,0.54336803]","[0.62,0.02,0.43]","[0.44614,0.282258,0.366804,0.765993]",max iterations reached,iteration_limit,迭代上限
32,42,scene_pass_through_maze,20260602,apf,63074,False,2.7299180819973117,72.00000000000188,34.65651640828223,137.0320822222641,0.13580989564587587,0.002999999999999989,3202,1601,0.5654409923835508,0.9566197088925832,"[-1.5708,-1.5708,1.5708,-1.5708,-1.5708,0]","[-3.4106444,-1.3536613,1.6919226,-1.059583,-5.2369956,0.54336803]","[0.62,0.02,0.43]","[0.44614,0.282258,0.366804,0.765993]",max iterations reached,iteration_limit,迭代上限
33,42,scene_pass_through_maze,20260602,apf,63075,False,2.718131650995929,72.00000000000188,34.65651640828223,137.0320822222641,0.13580989564587587,0.002999999999999989,3202,1601,0.5654409923835508,0.9566197088925832,"[-1.5708,-1.5708,1.5708,-1.5708,-1.5708,0]","[-3.4106444,-1.3536613,1.6919226,-1.059583,-5.2369956,0.54336803]","[0.62,0.02,0.43]","[0.44614,0.282258,0.366804,0.765993]",max iterations reached,iteration_limit,迭代上限
34,42,scene_pass_through_maze,20260602,apf,63076,False,3.063314751998405,72.00000000000188,34.65651640828223,137.0320822222641,0.13580989564587587,0.002999999999999989,3202,1601,0.5654409923835508,0.9566197088925832,"[-1.5708,-1.5708,1.5708,-1.5708,-1.5708,0]","[-3.4106444,-1.3536613,1.6919226,-1.059583,-5.2369956,0.54336803]","[0.62,0.02,0.43]","[0.44614,0.282258,0.366804,0.765993]",max iterations reached,iteration_limit,迭代上限
35,42,scene_pass_through_maze,20260602,apf,63077,False,2.6426679590003914,72.00000000000188,34.65651640828223,137.0320822222641,0.13580989564587587,0.002999999999999989,3202,1601,0.5654409923835508,0.9566197088925832,"[-1.5708,-1.5708,1.5708,-1.5708,-1.5708,0]","[-3.4106444,-1.3536613,1.6919226,-1.059583,-5.2369956,0.54336803]","[0.62,0.02,0.43]","[0.44614,0.282258,0.366804,0.765993]",max iterations reached,iteration_limit,迭代上限
36,42,scene_pass_through_maze,20260602,apf,63078,False,2.61702025699924,72.00000000000188,34.65651640828223,137.0320822222641,0.13580989564587587,0.002999999999999989,3202,1601,0.5654409923835508,0.9566197088925832,"[-1.5708,-1.5708,1.5708,-1.5708,-1.5708,0]","[-3.4106444,-1.3536613,1.6919226,-1.059583,-5.2369956,0.54336803]","[0.62,0.02,0.43]","[0.44614,0.282258,0.366804,0.765993]",max iterations reached,iteration_limit,迭代上限
37,42,scene_pass_through_maze,20260602,apf,63079,False,2.6513052310037892,72.00000000000188,34.65651640828223,137.0320822222641,0.13580989564587587,0.002999999999999989,3202,1601,0.5654409923835508,0.9566197088925832,"[-1.5708,-1.5708,1.5708,-1.5708,-1.5708,0]","[-3.4106444,-1.3536613,1.6919226,-1.059583,-5.2369956,0.54336803]","[0.62,0.02,0.43]","[0.44614,0.282258,0.366804,0.765993]",max iterations reached,iteration_limit,迭代上限
38,42,scene_pass_through_maze,20260602,apf,63080,False,2.642390945999068,72.00000000000188,34.65651640828223,137.0320822222641,0.13580989564587587,0.002999999999999989,3202,1601,0.5654409923835508,0.9566197088925832,"[-1.5708,-1.5708,1.5708,-1.5708,-1.5708,0]","[-3.4106444,-1.3536613,1.6919226,-1.059583,-5.2369956,0.54336803]","[0.62,0.02,0.43]","[0.44614,0.282258,0.366804,0.765993]",max iterations reached,iteration_limit,迭代上限
39,42,scene_pass_through_maze,20260602,apf,63081,False,2.652820798000903,72.00000000000188,34.65651640828223,137.0320822222641,0.13580989564587587,0.002999999999999989,3202,1601,0.5654409923835508,0.9566197088925832,"[-1.5708,-1.5708,1.5708,-1.5708,-1.5708,0]","[-3.4106444,-1.3536613,1.6919226,-1.059583,-5.2369956,0.54336803]","[0.62,0.02,0.43]","[0.44614,0.282258,0.366804,0.765993]",max iterations reached,iteration_limit,迭代上限
40,42,scene_pass_through_maze,20260602,apf,63082,False,2.645954336003342,72.00000000000188,34.65651640828223,137.0320822222641,0.13580989564587587,0.002999999999999989,3202,1601,0.5654409923835508,0.9566197088925832,"[-1.5708,-1.5708,1.5708,-1.5708,-1.5708,0]","[-3.4106444,-1.3536613,1.6919226,-1.059583,-5.2369956,0.54336803]","[0.62,0.02,0.43]","[0.44614,0.282258,0.366804,0.765993]",max iterations reached,iteration_limit,迭代上限
41,42,scene_pass_through_maze,20260602,apf,63083,False,2.647572894995392,72.00000000000188,34.65651640828223,137.0320822222641,0.13580989564587587,0.002999999999999989,3202,1601,0.5654409923835508,0.9566197088925832,"[-1.5708,-1.5708,1.5708,-1.5708,-1.5708,0]","[-3.4106444,-1.3536613,1.6919226,-1.059583,-5.2369956,0.54336803]","[0.62,0.02,0.43]","[0.44614,0.282258,0.366804,0.765993]",max iterations reached,iteration_limit,迭代上限
42,42,scene_pass_through_maze,20260602,apf,63084,False,2.639256996997574,72.00000000000188,34.65651640828223,137.0320822222641,0.13580989564587587,0.002999999999999989,3202,1601,0.5654409923835508,0.9566197088925832,"[-1.5708,-1.5708,1.5708,-1.5708,-1.5708,0]","[-3.4106444,-1.3536613,1.6919226,-1.059583,-5.2369956,0.54336803]","[0.62,0.02,0.43]","[0.44614,0.282258,0.366804,0.765993]",max iterations reached,iteration_limit,迭代上限
43,42,scene_pass_through_maze,20260602,apf,63085,False,2.6530151619954268,72.00000000000188,34.65651640828223,137.0320822222641,0.13580989564587587,0.002999999999999989,3202,1601,0.5654409923835508,0.9566197088925832,"[-1.5708,-1.5708,1.5708,-1.5708,-1.5708,0]","[-3.4106444,-1.3536613,1.6919226,-1.059583,-5.2369956,0.54336803]","[0.62,0.02,0.43]","[0.44614,0.282258,0.366804,0.765993]",max iterations reached,iteration_limit,迭代上限
44,42,scene_pass_through_maze,20260602,apf,63086,False,2.6498557810045895,72.00000000000188,34.65651640828223,137.0320822222641,0.13580989564587587,0.002999999999999989,3202,1601,0.5654409923835508,0.9566197088925832,"[-1.5708,-1.5708,1.5708,-1.5708,-1.5708,0]","[-3.4106444,-1.3536613,1.6919226,-1.059583,-5.2369956,0.54336803]","[0.62,0.02,0.43]","[0.44614,0.282258,0.366804,0.765993]",max iterations reached,iteration_limit,迭代上限
45,42,scene_pass_through_maze,20260602,apf,63087,False,2.6354006719993777,72.00000000000188,34.65651640828223,137.0320822222641,0.13580989564587587,0.002999999999999989,3202,1601,0.5654409923835508,0.9566197088925832,"[-1.5708,-1.5708,1.5708,-1.5708,-1.5708,0]","[-3.4106444,-1.3536613,1.6919226,-1.059583,-5.2369956,0.54336803]","[0.62,0.02,0.43]","[0.44614,0.282258,0.366804,0.765993]",max iterations reached,iteration_limit,迭代上限
46,42,scene_pass_through_maze,20260602,apf,63088,False,2.6509354040026665,72.00000000000188,34.65651640828223,137.0320822222641,0.13580989564587587,0.002999999999999989,3202,1601,0.5654409923835508,0.9566197088925832,"[-1.5708,-1.5708,1.5708,-1.5708,-1.5708,0]","[-3.4106444,-1.3536613,1.6919226,-1.059583,-5.2369956,0.54336803]","[0.62,0.02,0.43]","[0.44614,0.282258,0.366804,0.765993]",max iterations reached,iteration_limit,迭代上限
47,42,scene_pass_through_maze,20260602,apf,63089,False,2.6812624750018585,72.00000000000188,34.65651640828223,137.0320822222641,0.13580989564587587,0.002999999999999989,3202,1601,0.5654409923835508,0.9566197088925832,"[-1.5708,-1.5708,1.5708,-1.5708,-1.5708,0]","[-3.4106444,-1.3536613,1.6919226,-1.059583,-5.2369956,0.54336803]","[0.62,0.02,0.43]","[0.44614,0.282258,0.366804,0.765993]",max iterations reached,iteration_limit,迭代上限
48,42,scene_pass_through_maze,20260602,apf,63090,False,3.174503556001582,72.00000000000188,34.65651640828223,137.0320822222641,0.13580989564587587,0.002999999999999989,3202,1601,0.5654409923835508,0.9566197088925832,"[-1.5708,-1.5708,1.5708,-1.5708,-1.5708,0]","[-3.4106444,-1.3536613,1.6919226,-1.059583,-5.2369956,0.54336803]","[0.62,0.02,0.43]","[0.44614,0.282258,0.366804,0.765993]",max iterations reached,iteration_limit,迭代上限
49,42,scene_pass_through_maze,20260602,apf,63091,False,2.666541630998836,72.00000000000188,34.65651640828223,137.0320822222641,0.13580989564587587,0.002999999999999989,3202,1601,0.5654409923835508,0.9566197088925832,"[-1.5708,-1.5708,1.5708,-1.5708,-1.5708,0]","[-3.4106444,-1.3536613,1.6919226,-1.059583,-5.2369956,0.54336803]","[0.62,0.02,0.43]","[0.44614,0.282258,0.366804,0.765993]",max iterations reached,iteration_limit,迭代上限
