trial_id,global_seed,scene_id,scene_seed,algorithm_type,algorithm,trial_seed,q_start,q_goal,target_position,target_quat_wxyz,success
0,42,scene_00_no_obstacle,20260525,ik,pinv,42,"[-1.5708,-1.5708,1.5708,-1.5708,-1.5708,0]","[-2.9864833,-1.3834736,1.4956263,-1.623812,-1.9761294,-0.02604359]","[0.55,0.18,0.44]",,True
1,42,scene_00_no_obstacle,20260525,ik,pinv,43,"[-1.5708,-1.5708,1.5708,-1.5708,-1.5708,0]","[-2.9875485,-1.3859287,1.5011443,-1.6406981,-1.9692096,0.01943246]","[0.55,0.18,0.44]",,True
2,42,scene_00_no_obstacle,20260525,ik,pinv,44,"[-1.5708,-1.5708,1.5708,-1.5708,-1.5708,0]","[-2.9922719,-1.3891476,1.4976154,-1.6125633,-1.9351939,0.01157913]","[0.55,0.18,0.44]",,True
3,42,scene_00_no_obstacle,20260525,ik,pinv,45,"[-1.5708,-1.5708,1.5708,-1.5708,-1.5708,0]","[-2.9931724,-1.3840523,1.4927443,-1.6222682,-1.9366336,0.0052496756]","[0.55,0.18,0.44]",,True
4,42,scene_00_no_obstacle,20260525,ik,pinv,46,"[-1.5708,-1.5708,1.5708,-1.5708,-1.5708,0]","[-2.9909892,-1.3809128,1.4888607,-1.6153667,-1.9506499,-0.028589338]","[0.55,0.18,0.44]",,True
5,42,scene_00_no_obstacle,20260525,ik,pinv,47,"[-1.5708,-1.5708,1.5708,-1.5708,-1.5708,0]","[-2.9910887,-1.3867444,1.5026577,-1.6534632,-1.9505257,-0.016011774]","[0.55,0.18,0.44]",,True
6,42,scene_00_no_obstacle,20260525,ik,pinv,48,"[-1.5708,-1.5708,1.5708,-1.5708,-1.5708,0]","[-2.9941211,-1.3820036,1.4871002,-1.6063944,-1.9299072,-0.020372254]","[0.55,0.18,0.44]",,True
7,42,scene_00_no_obstacle,20260525,ik,pinv,49,"[-1.5708,-1.5708,1.5708,-1.5708,-1.5708,0]","[-2.9929637,-1.392175,1.508628,-1.653182,-1.933246,0.002180817]","[0.55,0.18,0.44]",,True
8,42,scene_00_no_obstacle,20260525,ik,pinv,50,"[-1.5708,-1.5708,1.5708,-1.5708,-1.5708,0]","[-2.9969851,-1.3958474,1.5124472,-1.6601152,-1.908887,-0.0038186303]","[0.55,0.18,0.44]",,True
9,42,scene_00_no_obstacle,20260525,ik,pinv,51,"[-1.5708,-1.5708,1.5708,-1.5708,-1.5708,0]","[-2.9928174,-1.3823051,1.4895417,-1.6154453,-1.9394035,-0.022032875]","[0.55,0.18,0.44]",,True
10,42,scene_00_no_obstacle,20260525,ik,pinv,52,"[-1.5708,-1.5708,1.5708,-1.5708,-1.5708,0]","[-2.9957336,-1.3857385,1.4959857,-1.6343579,-1.9219803,0.013319097]","[0.55,0.18,0.44]",,True
11,42,scene_00_no_obstacle,20260525,ik,pinv,53,"[-1.5708,-1.5708,1.5708,-1.5708,-1.5708,0]","[-2.989648,-1.3893103,1.5070357,-1.6551438,-1.9565499,0.01026916]","[0.55,0.18,0.44]",,True
12,42,scene_00_no_obstacle,20260525,ik,pinv,54,"[-1.5708,-1.5708,1.5708,-1.5708,-1.5708,0]","[-2.9929363,-1.3804729,1.487225,-1.6135369,-1.9403448,0.025903746]","[0.55,0.18,0.44]",,True
13,42,scene_00_no_obstacle,20260525,ik,pinv,55,"[-1.5708,-1.5708,1.5708,-1.5708,-1.5708,0]","[-2.9866851,-1.3851057,1.495261,-1.6146643,-1.9730346,0.001064212]","[0.55,0.18,0.44]",,True
14,42,scene_00_no_obstacle,20260525,ik,pinv,56,"[-1.5708,-1.5708,1.5708,-1.5708,-1.5708,0]","[-2.9954857,-1.3847636,1.4942686,-1.6291294,-1.9236032,0.029753876]","[0.55,0.18,0.44]",,True
15,42,scene_00_no_obstacle,20260525,ik,pinv,57,"[-1.5708,-1.5708,1.5708,-1.5708,-1.5708,0]","[-2.9924573,-1.385639,1.4944604,-1.6174556,-1.9378563,0.0073175916]","[0.55,0.18,0.44]",,True
16,42,scene_00_no_obstacle,20260525,ik,pinv,58,"[-1.5708,-1.5708,1.5708,-1.5708,-1.5708,0]","[-2.9925911,-1.3864168,1.4994975,-1.6431614,-1.940555,-0.0044452338]","[0.55,0.18,0.44]",,True
17,42,scene_00_no_obstacle,20260525,ik,pinv,59,"[-1.5708,-1.5708,1.5708,-1.5708,-1.5708,0]","[-2.9926215,-1.3839339,1.4968804,-1.6403541,-1.9423953,-0.01181758]","[0.55,0.18,0.44]",,True
18,42,scene_00_no_obstacle,20260525,ik,pinv,60,"[-1.5708,-1.5708,1.5708,-1.5708,-1.5708,0]","[-2.9917584,-1.3868083,1.504297,-1.6607191,-1.9481471,0.021475589]","[0.55,0.18,0.44]",,True
19,42,scene_00_no_obstacle,20260525,ik,pinv,61,"[-1.5708,-1.5708,1.5708,-1.5708,-1.5708,0]","[-2.9891647,-1.3874583,1.5063624,-1.6613928,-1.9625069,0.013099125]","[0.55,0.18,0.44]",,True
20,42,scene_00_no_obstacle,20260525,ik,pinv,62,"[-1.5708,-1.5708,1.5708,-1.5708,-1.5708,0]","[-2.9922514,-1.3849433,1.4981056,-1.643084,-1.9448299,-0.0058281151]","[0.55,0.18,0.44]",,True
21,42,scene_00_no_obstacle,20260525,ik,pinv,63,"[-1.5708,-1.5708,1.5708,-1.5708,-1.5708,0]","[-2.9958552,-1.3881461,1.494957,-1.6146667,-1.9144014,0.02137623]","[0.55,0.18,0.44]",,True
22,42,scene_00_no_obstacle,20260525,ik,pinv,64,"[-1.5708,-1.5708,1.5708,-1.5708,-1.5708,0]","[-2.9978171,-1.385213,1.4904698,-1.6150974,-1.9076417,0.02476271]","[0.55,0.18,0.44]",,True
23,42,scene_00_no_obstacle,20260525,ik,pinv,65,"[-1.5708,-1.5708,1.5708,-1.5708,-1.5708,0]","[-2.9938311,-1.3885843,1.5067652,-1.6669131,-1.9352059,-0.015100796]","[0.55,0.18,0.44]",,True
24,42,scene_00_no_obstacle,20260525,ik,pinv,66,"[-1.5708,-1.5708,1.5708,-1.5708,-1.5708,0]","[-2.9884986,-1.3890555,1.5054919,-1.6472682,-1.9620393,-0.031035081]","[0.55,0.18,0.44]",,True
25,42,scene_00_no_obstacle,20260525,ik,pinv,67,"[-1.5708,-1.5708,1.5708,-1.5708,-1.5708,0]","[-2.9983867,-1.3890968,1.4996946,-1.6391349,-1.9042366,0.016836805]","[0.55,0.18,0.44]",,True
26,42,scene_00_no_obstacle,20260525,ik,pinv,68,"[-1.5708,-1.5708,1.5708,-1.5708,-1.5708,0]","[-2.9933161,-1.393985,1.5064852,-1.6299401,-1.9270758,0.016140707]","[0.55,0.18,0.44]",,True
27,42,scene_00_no_obstacle,20260525,ik,pinv,69,"[-1.5708,-1.5708,1.5708,-1.5708,-1.5708,0]","[-2.987261,-1.3909312,1.5118822,-1.6615059,-1.9691194,0.020849452]","[0.55,0.18,0.44]",,True
28,42,scene_00_no_obstacle,20260525,ik,pinv,70,"[-1.5708,-1.5708,1.5708,-1.5708,-1.5708,0]","[-2.9969558,-1.3920548,1.5057482,-1.6488394,-1.9113128,-0.029288962]","[0.55,0.18,0.44]",,True
29,42,scene_00_no_obstacle,20260525,ik,pinv,71,"[-1.5708,-1.5708,1.5708,-1.5708,-1.5708,0]","[-2.9945602,-1.3879007,1.4984855,-1.6314247,-1.925619,0.010211477]","[0.55,0.18,0.44]",,True
30,42,scene_00_no_obstacle,20260525,ik,pinv,72,"[-1.5708,-1.5708,1.5708,-1.5708,-1.5708,0]","[-2.991544,-1.3874496,1.5060586,-1.6653711,-1.9492967,-0.019153674]","[0.55,0.18,0.44]",,True
31,42,scene_00_no_obstacle,20260525,ik,pinv,73,"[-1.5708,-1.5708,1.5708,-1.5708,-1.5708,0]","[-2.9963908,-1.3833871,1.4911001,-1.6247405,-1.9190742,-0.038935733]","[0.55,0.18,0.44]",,True
32,42,scene_00_no_obstacle,20260525,ik,pinv,74,"[-1.5708,-1.5708,1.5708,-1.5708,-1.5708,0]","[-2.9902216,-1.3874268,1.5015328,-1.6391668,-1.9522675,-0.0064324337]","[0.55,0.18,0.44]",,True
33,42,scene_00_no_obstacle,20260525,ik,pinv,75,"[-1.5708,-1.5708,1.5708,-1.5708,-1.5708,0]","[-2.9967028,-1.3842477,1.4927942,-1.6285039,-1.9171586,0.00049432823]","[0.55,0.18,0.44]",,True
34,42,scene_00_no_obstacle,20260525,ik,pinv,76,"[-1.5708,-1.5708,1.5708,-1.5708,-1.5708,0]","[-2.9974537,-1.3858822,1.4939972,-1.6251426,-1.909949,-0.031285886]","[0.55,0.18,0.44]",,True
35,42,scene_00_no_obstacle,20260525,ik,pinv,77,"[-1.5708,-1.5708,1.5708,-1.5708,-1.5708,0]","[-2.9940741,-1.3963027,1.5176917,-1.6756445,-1.9272368,-0.0028685189]","[0.55,0.18,0.44]",,True
36,42,scene_00_no_obstacle,20260525,ik,pinv,78,"[-1.5708,-1.5708,1.5708,-1.5708,-1.5708,0]","[-2.9968223,-1.3890839,1.5020768,-1.6481686,-1.9143815,-0.0068690868]","[0.55,0.18,0.44]",,True
37,42,scene_00_no_obstacle,20260525,ik,pinv,79,"[-1.5708,-1.5708,1.5708,-1.5708,-1.5708,0]","[-2.9954068,-1.3931872,1.50697,-1.6449966,-1.9183708,0.0001475831]","[0.55,0.18,0.44]",,True
38,42,scene_00_no_obstacle,20260525,ik,pinv,80,"[-1.5708,-1.5708,1.5708,-1.5708,-1.5708,0]","[-2.9881648,-1.3905639,1.5075364,-1.6478332,-1.9624864,0.051060892]","[0.55,0.18,0.44]",,True
39,42,scene_00_no_obstacle,20260525,ik,pinv,81,"[-1.5708,-1.5708,1.5708,-1.5708,-1.5708,0]","[-2.9955674,-1.3880174,1.4952372,-1.6162726,-1.9173074,0.00089557819]","[0.55,0.18,0.44]",,True
40,42,scene_00_no_obstacle,20260525,ik,pinv,82,"[-1.5708,-1.5708,1.5708,-1.5708,-1.5708,0]","[-2.9884081,-1.3932747,1.5113559,-1.6479464,-1.9579832,-0.01518652]","[0.55,0.18,0.44]",,True
41,42,scene_00_no_obstacle,20260525,ik,pinv,83,"[-1.5708,-1.5708,1.5708,-1.5708,-1.5708,0]","[-2.9929204,-1.3811276,1.4909466,-1.6296603,-1.9427732,0.023746766]","[0.55,0.18,0.44]",,True
42,42,scene_00_no_obstacle,20260525,ik,pinv,84,"[-1.5708,-1.5708,1.5708,-1.5708,-1.5708,0]","[-2.9925646,-1.3768105,1.4809034,-1.6046525,-1.9451406,-0.0033955637]","[0.55,0.18,0.44]",,True
43,42,scene_00_no_obstacle,20260525,ik,pinv,85,"[-1.5708,-1.5708,1.5708,-1.5708,-1.5708,0]","[-2.9902546,-1.3926728,1.5079485,-1.6430054,-1.9483,0.0077099003]","[0.55,0.18,0.44]",,True
44,42,scene_00_no_obstacle,20260525,ik,pinv,86,"[-1.5708,-1.5708,1.5708,-1.5708,-1.5708,0]","[-2.9937691,-1.3808307,1.4900499,-1.6282824,-1.9379427,0.010204419]","[0.55,0.18,0.44]",,True
45,42,scene_00_no_obstacle,20260525,ik,pinv,87,"[-1.5708,-1.5708,1.5708,-1.5708,-1.5708,0]","[-2.9897564,-1.3834466,1.4912296,-1.609019,-1.9544546,-0.011889173]","[0.55,0.18,0.44]",,True
46,42,scene_00_no_obstacle,20260525,ik,pinv,88,"[-1.5708,-1.5708,1.5708,-1.5708,-1.5708,0]","[-2.9932452,-1.3829543,1.4911541,-1.621842,-1.9373217,0.018486522]","[0.55,0.18,0.44]",,True
47,42,scene_00_no_obstacle,20260525,ik,pinv,89,"[-1.5708,-1.5708,1.5708,-1.5708,-1.5708,0]","[-2.9965007,-1.3878534,1.4985998,-1.6359396,-1.9158323,0.0067353521]","[0.55,0.18,0.44]",,True
48,42,scene_00_no_obstacle,20260525,ik,pinv,90,"[-1.5708,-1.5708,1.5708,-1.5708,-1.5708,0]","[-2.9884369,-1.3898858,1.5017063,-1.6210182,-1.958169,0.00013607002]","[0.55,0.18,0.44]",,True
49,42,scene_00_no_obstacle,20260525,ik,pinv,91,"[-1.5708,-1.5708,1.5708,-1.5708,-1.5708,0]","[-2.9949233,-1.3882021,1.4982281,-1.6302541,-1.9229037,-0.004311928]","[0.55,0.18,0.44]",,True
0,42,scene_00_no_obstacle,20260525,ik,dls,1042,"[-1.5708,-1.5708,1.5708,-1.5708,-1.5708,0]","[-2.990105,-1.3765605,1.4848507,-1.6181414,-1.9665873,0.017511158]","[0.55,0.18,0.44]",,True
1,42,scene_00_no_obstacle,20260525,ik,dls,1043,"[-1.5708,-1.5708,1.5708,-1.5708,-1.5708,0]","[-2.9966178,-1.3927085,1.5115059,-1.6702538,-1.921831,0.016765033]","[0.55,0.18,0.44]",,True
2,42,scene_00_no_obstacle,20260525,ik,dls,1044,"[-1.5708,-1.5708,1.5708,-1.5708,-1.5708,0]","[-2.9936286,-1.3919216,1.5071326,-1.6467201,-1.9378157,0.0085676061]","[0.55,0.18,0.44]",,True
3,42,scene_00_no_obstacle,20260525,ik,dls,1045,"[-1.5708,-1.5708,1.5708,-1.5708,-1.5708,0]","[-2.9966688,-1.3865557,1.4969571,-1.6335975,-1.9224654,-0.007276036]","[0.55,0.18,0.44]",,True
4,42,scene_00_no_obstacle,20260525,ik,dls,1046,"[-1.5708,-1.5708,1.5708,-1.5708,-1.5708,0]","[-2.9946829,-1.3904311,1.5068749,-1.6552128,-1.9333829,0.007464985]","[0.55,0.18,0.44]",,True
5,42,scene_00_no_obstacle,20260525,ik,dls,1047,"[-1.5708,-1.5708,1.5708,-1.5708,-1.5708,0]","[-2.9969967,-1.3910869,1.5043939,-1.6432628,-1.9182074,0.010243113]","[0.55,0.18,0.44]",,True
6,42,scene_00_no_obstacle,20260525,ik,dls,1048,"[-1.5708,-1.5708,1.5708,-1.5708,-1.5708,0]","[-2.991309,-1.3889278,1.5001599,-1.6214192,-1.9502621,0.022122445]","[0.55,0.18,0.44]",,True
7,42,scene_00_no_obstacle,20260525,ik,dls,1049,"[-1.5708,-1.5708,1.5708,-1.5708,-1.5708,0]","[-2.9968222,-1.3938155,1.5083902,-1.6483154,-1.91765,0.0073128046]","[0.55,0.18,0.44]",,True
8,42,scene_00_no_obstacle,20260525,ik,dls,1050,"[-1.5708,-1.5708,1.5708,-1.5708,-1.5708,0]","[-2.9912714,-1.3780936,1.4871007,-1.6224057,-1.9584726,-0.016226539]","[0.55,0.18,0.44]",,True
9,42,scene_00_no_obstacle,20260525,ik,dls,1051,"[-1.5708,-1.5708,1.5708,-1.5708,-1.5708,0]","[-2.9906989,-1.3832804,1.4938051,-1.620688,-1.9575544,0.0025893571]","[0.55,0.18,0.44]",,True
10,42,scene_00_no_obstacle,20260525,ik,dls,1052,"[-1.5708,-1.5708,1.5708,-1.5708,-1.5708,0]","[-2.993493,-1.3905148,1.5043549,-1.6394778,-1.9384256,-0.0066318121]","[0.55,0.18,0.44]",,True
11,42,scene_00_no_obstacle,20260525,ik,dls,1053,"[-1.5708,-1.5708,1.5708,-1.5708,-1.5708,0]","[-2.9920082,-1.3864738,1.4965832,-1.6203793,-1.9472761,0.01272715]","[0.55,0.18,0.44]",,True
12,42,scene_00_no_obstacle,20260525,ik,dls,1054,"[-1.5708,-1.5708,1.5708,-1.5708,-1.5708,0]","[-2.9952436,-1.3969924,1.5175147,-1.6702891,-1.9269834,0.009886653]","[0.55,0.18,0.44]",,True
13,42,scene_00_no_obstacle,20260525,ik,dls,1055,"[-1.5708,-1.5708,1.5708,-1.5708,-1.5708,0]","[-2.9923202,-1.3907407,1.5011391,-1.6198163,-1.9424852,0.043377255]","[0.55,0.18,0.44]",,True
14,42,scene_00_no_obstacle,20260525,ik,dls,1056,"[-1.5708,-1.5708,1.5708,-1.5708,-1.5708,0]","[-2.9899756,-1.3912508,1.5074021,-1.642938,-1.9568816,0.0063781516]","[0.55,0.18,0.44]",,True
15,42,scene_00_no_obstacle,20260525,ik,dls,1057,"[-1.5708,-1.5708,1.5708,-1.5708,-1.5708,0]","[-2.9938552,-1.3924056,1.5068531,-1.6439689,-1.9358022,-0.022515484]","[0.55,0.18,0.44]",,True
16,42,scene_00_no_obstacle,20260525,ik,dls,1058,"[-1.5708,-1.5708,1.5708,-1.5708,-1.5708,0]","[-2.9906902,-1.3852006,1.4982826,-1.6322157,-1.9581302,0.0033414106]","[0.55,0.18,0.44]",,True
17,42,scene_00_no_obstacle,20260525,ik,dls,1059,"[-1.5708,-1.5708,1.5708,-1.5708,-1.5708,0]","[-2.9997547,-1.3839969,1.4875297,-1.6063413,-1.9030229,-0.02262708]","[0.55,0.18,0.44]",,True
18,42,scene_00_no_obstacle,20260525,ik,dls,1060,"[-1.5708,-1.5708,1.5708,-1.5708,-1.5708,0]","[-2.9861996,-1.3901617,1.5067863,-1.6369775,-1.9805318,-0.028105968]","[0.55,0.18,0.44]",,True
19,42,scene_00_no_obstacle,20260525,ik,dls,1061,"[-1.5708,-1.5708,1.5708,-1.5708,-1.5708,0]","[-2.9886128,-1.3964625,1.5177131,-1.6598016,-1.9638131,-0.0138194]","[0.55,0.18,0.44]",,True
20,42,scene_00_no_obstacle,20260525,ik,dls,1062,"[-1.5708,-1.5708,1.5708,-1.5708,-1.5708,0]","[-2.9963645,-1.3966403,1.5148627,-1.6628872,-1.9189273,0.0068965317]","[0.55,0.18,0.44]",,True
21,42,scene_00_no_obstacle,20260525,ik,dls,1063,"[-1.5708,-1.5708,1.5708,-1.5708,-1.5708,0]","[-2.989676,-1.3877124,1.4975788,-1.6134163,-1.9593152,0.011031236]","[0.55,0.18,0.44]",,True
22,42,scene_00_no_obstacle,20260525,ik,dls,1064,"[-1.5708,-1.5708,1.5708,-1.5708,-1.5708,0]","[-2.9895538,-1.3855364,1.499409,-1.6341115,-1.9645406,-0.0068136122]","[0.55,0.18,0.44]",,True
23,42,scene_00_no_obstacle,20260525,ik,dls,1065,"[-1.5708,-1.5708,1.5708,-1.5708,-1.5708,0]","[-3.0026413,-1.39582,1.5108466,-1.6595859,-1.8850368,0.024449376]","[0.55,0.18,0.44]",,True
24,42,scene_00_no_obstacle,20260525,ik,dls,1066,"[-1.5708,-1.5708,1.5708,-1.5708,-1.5708,0]","[-2.9970691,-1.3846436,1.4910527,-1.6137386,-1.9195326,-0.040750413]","[0.55,0.18,0.44]",,True
25,42,scene_00_no_obstacle,20260525,ik,dls,1067,"[-1.5708,-1.5708,1.5708,-1.5708,-1.5708,0]","[-2.9926759,-1.3876537,1.4969485,-1.6160481,-1.9418838,0.0098753058]","[0.55,0.18,0.44]",,True
26,42,scene_00_no_obstacle,20260525,ik,dls,1068,"[-1.5708,-1.5708,1.5708,-1.5708,-1.5708,0]","[-2.9935878,-1.3939036,1.507216,-1.6335153,-1.9337082,-0.0051260074]","[0.55,0.18,0.44]",,True
27,42,scene_00_no_obstacle,20260525,ik,dls,1069,"[-1.5708,-1.5708,1.5708,-1.5708,-1.5708,0]","[-2.9916068,-1.3898408,1.4992265,-1.6121113,-1.94556,-0.00046845797]","[0.55,0.18,0.44]",,True
28,42,scene_00_no_obstacle,20260525,ik,dls,1070,"[-1.5708,-1.5708,1.5708,-1.5708,-1.5708,0]","[-2.9997212,-1.3888863,1.5005757,-1.6446655,-1.9041025,0.017440688]","[0.55,0.18,0.44]",,True
29,42,scene_00_no_obstacle,20260525,ik,dls,1071,"[-1.5708,-1.5708,1.5708,-1.5708,-1.5708,0]","[-2.9939417,-1.3920061,1.5017427,-1.6149589,-1.93019,-0.017393439]","[0.55,0.18,0.44]",,True
30,42,scene_00_no_obstacle,20260525,ik,dls,1072,"[-1.5708,-1.5708,1.5708,-1.5708,-1.5708,0]","[-2.994602,-1.3887151,1.5011189,-1.6360995,-1.9328171,-0.002881103]","[0.55,0.18,0.44]",,True
31,42,scene_00_no_obstacle,20260525,ik,dls,1073,"[-1.5708,-1.5708,1.5708,-1.5708,-1.5708,0]","[-2.992815,-1.3817316,1.487717,-1.6058012,-1.9448436,-0.029126078]","[0.55,0.18,0.44]",,True
32,42,scene_00_no_obstacle,20260525,ik,dls,1074,"[-1.5708,-1.5708,1.5708,-1.5708,-1.5708,0]","[-2.9942876,-1.3776614,1.4837106,-1.6149558,-1.9406125,0.00085436044]","[0.55,0.18,0.44]",,True
33,42,scene_00_no_obstacle,20260525,ik,dls,1075,"[-1.5708,-1.5708,1.5708,-1.5708,-1.5708,0]","[-2.9953257,-1.3917357,1.5038703,-1.6342141,-1.9262429,-0.015209091]","[0.55,0.18,0.44]",,True
34,42,scene_00_no_obstacle,20260525,ik,dls,1076,"[-1.5708,-1.5708,1.5708,-1.5708,-1.5708,0]","[-2.9891105,-1.3890732,1.4994961,-1.613278,-1.9601965,0.0067317323]","[0.55,0.18,0.44]",,True
35,42,scene_00_no_obstacle,20260525,ik,dls,1077,"[-1.5708,-1.5708,1.5708,-1.5708,-1.5708,0]","[-2.9905994,-1.382528,1.4922787,-1.6207301,-1.9590555,-0.028916913]","[0.55,0.18,0.44]",,True
36,42,scene_00_no_obstacle,20260525,ik,dls,1078,"[-1.5708,-1.5708,1.5708,-1.5708,-1.5708,0]","[-2.9959299,-1.3921692,1.5055581,-1.6402129,-1.923023,-0.00018461095]","[0.55,0.18,0.44]",,True
37,42,scene_00_no_obstacle,20260525,ik,dls,1079,"[-1.5708,-1.5708,1.5708,-1.5708,-1.5708,0]","[-2.9954144,-1.3828023,1.4947549,-1.6436863,-1.9334336,0.0091188461]","[0.55,0.18,0.44]",,True
38,42,scene_00_no_obstacle,20260525,ik,dls,1080,"[-1.5708,-1.5708,1.5708,-1.5708,-1.5708,0]","[-3.0000714,-1.3881772,1.4938795,-1.6148293,-1.8998677,-0.030011983]","[0.55,0.18,0.44]",,True
39,42,scene_00_no_obstacle,20260525,ik,dls,1081,"[-1.5708,-1.5708,1.5708,-1.5708,-1.5708,0]","[-2.9934868,-1.3906394,1.498281,-1.6080974,-1.9336455,-0.017792384]","[0.55,0.18,0.44]",,True
40,42,scene_00_no_obstacle,20260525,ik,dls,1082,"[-1.5708,-1.5708,1.5708,-1.5708,-1.5708,0]","[-2.9879094,-1.3877825,1.501013,-1.6269025,-1.9713805,-0.02786778]","[0.55,0.18,0.44]",,True
41,42,scene_00_no_obstacle,20260525,ik,dls,1083,"[-1.5708,-1.5708,1.5708,-1.5708,-1.5708,0]","[-2.989639,-1.3897172,1.5079578,-1.6526939,-1.9633141,0.0152905]","[0.55,0.18,0.44]",,True
42,42,scene_00_no_obstacle,20260525,ik,dls,1084,"[-1.5708,-1.5708,1.5708,-1.5708,-1.5708,0]","[-2.9977505,-1.3871291,1.4972428,-1.6336228,-1.9151709,0.015521379]","[0.55,0.18,0.44]",,True
43,42,scene_00_no_obstacle,20260525,ik,dls,1085,"[-1.5708,-1.5708,1.5708,-1.5708,-1.5708,0]","[-2.9923216,-1.3901835,1.4997481,-1.6162466,-1.9417231,-0.0048451679]","[0.55,0.18,0.44]",,True
44,42,scene_00_no_obstacle,20260525,ik,dls,1086,"[-1.5708,-1.5708,1.5708,-1.5708,-1.5708,0]","[-2.9950961,-1.3903795,1.4980013,-1.6116127,-1.9255399,0.0301279]","[0.55,0.18,0.44]",,True
45,42,scene_00_no_obstacle,20260525,ik,dls,1087,"[-1.5708,-1.5708,1.5708,-1.5708,-1.5708,0]","[-2.9911419,-1.3788343,1.489606,-1.6301145,-1.9596149,-0.0081046537]","[0.55,0.18,0.44]",,True
46,42,scene_00_no_obstacle,20260525,ik,dls,1088,"[-1.5708,-1.5708,1.5708,-1.5708,-1.5708,0]","[-2.9938571,-1.3962949,1.5116319,-1.6449222,-1.9315713,0.0034060688]","[0.55,0.18,0.44]",,True
47,42,scene_00_no_obstacle,20260525,ik,dls,1089,"[-1.5708,-1.5708,1.5708,-1.5708,-1.5708,0]","[-3.000838,-1.3906103,1.5042511,-1.6556724,-1.8972776,0.0022457891]","[0.55,0.18,0.44]",,True
48,42,scene_00_no_obstacle,20260525,ik,dls,1090,"[-1.5708,-1.5708,1.5708,-1.5708,-1.5708,0]","[-2.9890471,-1.3820353,1.4923531,-1.6193818,-1.9685743,0.010242495]","[0.55,0.18,0.44]",,True
49,42,scene_00_no_obstacle,20260525,ik,dls,1091,"[-1.5708,-1.5708,1.5708,-1.5708,-1.5708,0]","[-2.9960472,-1.3905349,1.5035598,-1.6414888,-1.923851,0.029341078]","[0.55,0.18,0.44]",,True
0,42,scene_00_no_obstacle,20260525,ik,lm,2042,"[-1.5708,-1.5708,1.5708,-1.5708,-1.5708,0]","[-2.9936725,-1.3874562,1.4943889,-1.6072245,-1.9368772,-0.023425936]","[0.55,0.18,0.44]",,True
1,42,scene_00_no_obstacle,20260525,ik,lm,2043,"[-1.5708,-1.5708,1.5708,-1.5708,-1.5708,0]","[-2.9983306,-1.3922781,1.5078038,-1.6570753,-1.912256,-0.051851312]","[0.55,0.18,0.44]",,True
2,42,scene_00_no_obstacle,20260525,ik,lm,2044,"[-1.5708,-1.5708,1.5708,-1.5708,-1.5708,0]","[-2.9959598,-1.3881855,1.4997478,-1.6355302,-1.92637,0.010805043]","[0.55,0.18,0.44]",,True
3,42,scene_00_no_obstacle,20260525,ik,lm,2045,"[-1.5708,-1.5708,1.5708,-1.5708,-1.5708,0]","[-2.9976602,-1.3936679,1.5102301,-1.6607004,-1.9159574,0.015354071]","[0.55,0.18,0.44]",,True
4,42,scene_00_no_obstacle,20260525,ik,lm,2046,"[-1.5708,-1.5708,1.5708,-1.5708,-1.5708,0]","[-2.9918814,-1.3860567,1.4984951,-1.6319068,-1.9509566,-0.025122442]","[0.55,0.18,0.44]",,True
5,42,scene_00_no_obstacle,20260525,ik,lm,2047,"[-1.5708,-1.5708,1.5708,-1.5708,-1.5708,0]","[-2.9888366,-1.3934576,1.5120949,-1.6484414,-1.9650001,0.0025620929]","[0.55,0.18,0.44]",,True
6,42,scene_00_no_obstacle,20260525,ik,lm,2048,"[-1.5708,-1.5708,1.5708,-1.5708,-1.5708,0]","[-2.9992291,-1.3952645,1.5113492,-1.6585877,-1.9050495,-0.042198147]","[0.55,0.18,0.44]",,True
7,42,scene_00_no_obstacle,20260525,ik,lm,2049,"[-1.5708,-1.5708,1.5708,-1.5708,-1.5708,0]","[-2.9990442,-1.3854423,1.4944885,-1.6339978,-1.9089267,-0.0076243673]","[0.55,0.18,0.44]",,True
8,42,scene_00_no_obstacle,20260525,ik,lm,2050,"[-1.5708,-1.5708,1.5708,-1.5708,-1.5708,0]","[-3.0021824,-1.3865114,1.4930029,-1.6256552,-1.8894206,-0.012505806]","[0.55,0.18,0.44]",,True
9,42,scene_00_no_obstacle,20260525,ik,lm,2051,"[-1.5708,-1.5708,1.5708,-1.5708,-1.5708,0]","[-2.9923393,-1.389778,1.5003782,-1.620798,-1.9437115,0.029117575]","[0.55,0.18,0.44]",,True
10,42,scene_00_no_obstacle,20260525,ik,lm,2052,"[-1.5708,-1.5708,1.5708,-1.5708,-1.5708,0]","[-2.993619,-1.3858546,1.4943072,-1.6154879,-1.9391377,0.0082519441]","[0.55,0.18,0.44]",,True
11,42,scene_00_no_obstacle,20260525,ik,lm,2053,"[-1.5708,-1.5708,1.5708,-1.5708,-1.5708,0]","[-2.9939162,-1.3804335,1.4822103,-1.5854138,-1.938016,0.0013767047]","[0.55,0.18,0.44]",,True
12,42,scene_00_no_obstacle,20260525,ik,lm,2054,"[-1.5708,-1.5708,1.5708,-1.5708,-1.5708,0]","[-2.9934664,-1.3926179,1.5096084,-1.6530068,-1.9402563,-0.027812306]","[0.55,0.18,0.44]",,True
13,42,scene_00_no_obstacle,20260525,ik,lm,2055,"[-1.5708,-1.5708,1.5708,-1.5708,-1.5708,0]","[-2.9965634,-1.3816608,1.4899985,-1.6266497,-1.9264178,0.01139769]","[0.55,0.18,0.44]",,True
14,42,scene_00_no_obstacle,20260525,ik,lm,2056,"[-1.5708,-1.5708,1.5708,-1.5708,-1.5708,0]","[-2.9998105,-1.3931545,1.5081327,-1.6568199,-1.9037291,-0.0015005326]","[0.55,0.18,0.44]",,True
15,42,scene_00_no_obstacle,20260525,ik,lm,2057,"[-1.5708,-1.5708,1.5708,-1.5708,-1.5708,0]","[-2.9942511,-1.3954357,1.5106551,-1.6456315,-1.9321258,-0.010144132]","[0.55,0.18,0.44]",,True
16,42,scene_00_no_obstacle,20260525,ik,lm,2058,"[-1.5708,-1.5708,1.5708,-1.5708,-1.5708,0]","[-2.9949826,-1.3810898,1.4910407,-1.6344033,-1.9367669,-0.0607192]","[0.55,0.18,0.44]",,True
17,42,scene_00_no_obstacle,20260525,ik,lm,2059,"[-1.5708,-1.5708,1.5708,-1.5708,-1.5708,0]","[-2.9927351,-1.3907264,1.5042308,-1.6351153,-1.9429092,0.011957757]","[0.55,0.18,0.44]",,True
18,42,scene_00_no_obstacle,20260525,ik,lm,2060,"[-1.5708,-1.5708,1.5708,-1.5708,-1.5708,0]","[-2.9949934,-1.3793015,1.4865803,-1.6208589,-1.9366606,0.016563804]","[0.55,0.18,0.44]",,True
19,42,scene_00_no_obstacle,20260525,ik,lm,2061,"[-1.5708,-1.5708,1.5708,-1.5708,-1.5708,0]","[-2.9951574,-1.3845026,1.4912792,-1.6111173,-1.9317662,-0.0053461822]","[0.55,0.18,0.44]",,True
20,42,scene_00_no_obstacle,20260525,ik,lm,2062,"[-1.5708,-1.5708,1.5708,-1.5708,-1.5708,0]","[-3.0019133,-1.3954253,1.5082351,-1.6460937,-1.8874537,0.03444072]","[0.55,0.18,0.44]",,True
21,42,scene_00_no_obstacle,20260525,ik,lm,2063,"[-1.5708,-1.5708,1.5708,-1.5708,-1.5708,0]","[-2.9912031,-1.3942648,1.5090147,-1.634129,-1.9479516,-0.022585385]","[0.55,0.18,0.44]",,True
22,42,scene_00_no_obstacle,20260525,ik,lm,2064,"[-1.5708,-1.5708,1.5708,-1.5708,-1.5708,0]","[-3.0003695,-1.3950938,1.5099902,-1.6549654,-1.898341,-0.039181294]","[0.55,0.18,0.44]",,True
23,42,scene_00_no_obstacle,20260525,ik,lm,2065,"[-1.5708,-1.5708,1.5708,-1.5708,-1.5708,0]","[-2.9954832,-1.3859601,1.4916021,-1.6056587,-1.9274907,-0.0038545163]","[0.55,0.18,0.44]",,True
24,42,scene_00_no_obstacle,20260525,ik,lm,2066,"[-1.5708,-1.5708,1.5708,-1.5708,-1.5708,0]","[-2.9982582,-1.3915257,1.5023057,-1.6325223,-1.9106023,0.018893961]","[0.55,0.18,0.44]",,True
25,42,scene_00_no_obstacle,20260525,ik,lm,2067,"[-1.5708,-1.5708,1.5708,-1.5708,-1.5708,0]","[-2.9930267,-1.3894886,1.4981275,-1.6114967,-1.9378391,-0.0079373576]","[0.55,0.18,0.44]",,True
26,42,scene_00_no_obstacle,20260525,ik,lm,2068,"[-1.5708,-1.5708,1.5708,-1.5708,-1.5708,0]","[-2.9925796,-1.3893617,1.5024424,-1.6341165,-1.9449917,-0.026378146]","[0.55,0.18,0.44]",,True
27,42,scene_00_no_obstacle,20260525,ik,lm,2069,"[-1.5708,-1.5708,1.5708,-1.5708,-1.5708,0]","[-2.9979453,-1.3904351,1.5041565,-1.6486899,-1.9148888,-0.017151944]","[0.55,0.18,0.44]",,True
28,42,scene_00_no_obstacle,20260525,ik,lm,2070,"[-1.5708,-1.5708,1.5708,-1.5708,-1.5708,0]","[-2.9928592,-1.3860659,1.4953501,-1.6175439,-1.9439828,-0.024724957]","[0.55,0.18,0.44]",,True
29,42,scene_00_no_obstacle,20260525,ik,lm,2071,"[-1.5708,-1.5708,1.5708,-1.5708,-1.5708,0]","[-2.9972308,-1.3899192,1.5016908,-1.6368543,-1.9181792,-0.0024469216]","[0.55,0.18,0.44]",,True
30,42,scene_00_no_obstacle,20260525,ik,lm,2072,"[-1.5708,-1.5708,1.5708,-1.5708,-1.5708,0]","[-2.9964873,-1.3898055,1.5029118,-1.6439852,-1.9232388,-0.02124013]","[0.55,0.18,0.44]",,True
31,42,scene_00_no_obstacle,20260525,ik,lm,2073,"[-1.5708,-1.5708,1.5708,-1.5708,-1.5708,0]","[-2.993005,-1.3915196,1.5036355,-1.626834,-1.9390449,-0.045866122]","[0.55,0.18,0.44]",,True
32,42,scene_00_no_obstacle,20260525,ik,lm,2074,"[-1.5708,-1.5708,1.5708,-1.5708,-1.5708,0]","[-2.9973916,-1.3937962,1.504949,-1.6320607,-1.9125658,-0.022151867]","[0.55,0.18,0.44]",,True
33,42,scene_00_no_obstacle,20260525,ik,lm,2075,"[-1.5708,-1.5708,1.5708,-1.5708,-1.5708,0]","[-2.9969803,-1.3864704,1.4916151,-1.6060222,-1.9184658,0.064506646]","[0.55,0.18,0.44]",,True
34,42,scene_00_no_obstacle,20260525,ik,lm,2076,"[-1.5708,-1.5708,1.5708,-1.5708,-1.5708,0]","[-2.9939753,-1.384478,1.4916694,-1.6099736,-1.9373985,-0.015568603]","[0.55,0.18,0.44]",,True
35,42,scene_00_no_obstacle,20260525,ik,lm,2077,"[-1.5708,-1.5708,1.5708,-1.5708,-1.5708,0]","[-2.9984433,-1.3852106,1.4910911,-1.6138614,-1.9125489,0.029206032]","[0.55,0.18,0.44]",,True
36,42,scene_00_no_obstacle,20260525,ik,lm,2078,"[-1.5708,-1.5708,1.5708,-1.5708,-1.5708,0]","[-2.9940967,-1.3796243,1.4872263,-1.6194813,-1.9417916,-0.010267794]","[0.55,0.18,0.44]",,True
37,42,scene_00_no_obstacle,20260525,ik,lm,2079,"[-1.5708,-1.5708,1.5708,-1.5708,-1.5708,0]","[-2.992002,-1.3932179,1.5103828,-1.650912,-1.9473454,0.013910288]","[0.55,0.18,0.44]",,True
38,42,scene_00_no_obstacle,20260525,ik,lm,2080,"[-1.5708,-1.5708,1.5708,-1.5708,-1.5708,0]","[-2.998074,-1.3883248,1.4991591,-1.63698,-1.9138446,-0.031003242]","[0.55,0.18,0.44]",,True
39,42,scene_00_no_obstacle,20260525,ik,lm,2081,"[-1.5708,-1.5708,1.5708,-1.5708,-1.5708,0]","[-2.991955,-1.3900249,1.5010519,-1.6208719,-1.9456721,-0.037001088]","[0.55,0.18,0.44]",,True
40,42,scene_00_no_obstacle,20260525,ik,lm,2082,"[-1.5708,-1.5708,1.5708,-1.5708,-1.5708,0]","[-3.0024249,-1.3894438,1.4977231,-1.6309552,-1.8873454,0.0046119391]","[0.55,0.18,0.44]",,True
41,42,scene_00_no_obstacle,20260525,ik,lm,2083,"[-1.5708,-1.5708,1.5708,-1.5708,-1.5708,0]","[-2.9946954,-1.3939882,1.514297,-1.6707129,-1.933786,0.01000333]","[0.55,0.18,0.44]",,True
42,42,scene_00_no_obstacle,20260525,ik,lm,2084,"[-1.5708,-1.5708,1.5708,-1.5708,-1.5708,0]","[-2.9973557,-1.3809405,1.482399,-1.5930343,-1.918383,0.0088541622]","[0.55,0.18,0.44]",,True
43,42,scene_00_no_obstacle,20260525,ik,lm,2085,"[-1.5708,-1.5708,1.5708,-1.5708,-1.5708,0]","[-2.9973967,-1.3894762,1.5028901,-1.6471587,-1.9173218,0.018755943]","[0.55,0.18,0.44]",,True
44,42,scene_00_no_obstacle,20260525,ik,lm,2086,"[-1.5708,-1.5708,1.5708,-1.5708,-1.5708,0]","[-2.9968367,-1.3906515,1.5052988,-1.6503823,-1.9214576,0.028083306]","[0.55,0.18,0.44]",,True
45,42,scene_00_no_obstacle,20260525,ik,lm,2087,"[-1.5708,-1.5708,1.5708,-1.5708,-1.5708,0]","[-2.9962702,-1.3881993,1.4991523,-1.631853,-1.9243922,0.0043534664]","[0.55,0.18,0.44]",,True
46,42,scene_00_no_obstacle,20260525,ik,lm,2088,"[-1.5708,-1.5708,1.5708,-1.5708,-1.5708,0]","[-2.9936624,-1.390405,1.5006979,-1.6220861,-1.9361784,0.024438051]","[0.55,0.18,0.44]",,True
47,42,scene_00_no_obstacle,20260525,ik,lm,2089,"[-1.5708,-1.5708,1.5708,-1.5708,-1.5708,0]","[-2.9858639,-1.3887606,1.5010748,-1.6132106,-1.9820736,0.0025127713]","[0.55,0.18,0.44]",,True
48,42,scene_00_no_obstacle,20260525,ik,lm,2090,"[-1.5708,-1.5708,1.5708,-1.5708,-1.5708,0]","[-2.9963983,-1.3881264,1.4998659,-1.6383131,-1.9233892,0.0089878204]","[0.55,0.18,0.44]",,True
49,42,scene_00_no_obstacle,20260525,ik,lm,2091,"[-1.5708,-1.5708,1.5708,-1.5708,-1.5708,0]","[-2.9964188,-1.3968715,1.5120387,-1.6445337,-1.9176746,0.030095615]","[0.55,0.18,0.44]",,True
0,42,scene_00_no_obstacle,20260525,ik,scipy_baseline,3042,"[-1.5708,-1.5708,1.5708,-1.5708,-1.5708,0]","[-2.9318946,-1.2386073,1.2690905,-1.0136656,-2.3808672,-4.5125053]","[0.55,0.18,0.44]",,True
1,42,scene_00_no_obstacle,20260525,ik,scipy_baseline,3043,"[-1.5708,-1.5708,1.5708,-1.5708,-1.5708,0]","[-2.8941955,-0.84614547,1.1275594,1.6607473,-2.7982991,-1.5638412]","[0.55,0.18,0.44]",,True
2,42,scene_00_no_obstacle,20260525,ik,scipy_baseline,3044,"[-1.5708,-1.5708,1.5708,-1.5708,-1.5708,0]","[-2.8866532,-1.2538907,1.3608537,-0.8544967,-2.9693704,4.0126585]","[0.55,0.18,0.44]",,True
3,42,scene_00_no_obstacle,20260525,ik,scipy_baseline,3045,"[-1.5708,-1.5708,1.5708,-1.5708,-1.5708,0]","[-3.1908593,-1.456538,1.7592183,-1.0366241,0.75441434,-4.5439554]","[0.55,0.18,0.44]",,True
4,42,scene_00_no_obstacle,20260525,ik,scipy_baseline,3046,"[-1.5708,-1.5708,1.5708,-1.5708,-1.5708,0]","[-3.1163158,-0.82607917,0.76921352,1.9531794,1.2446266,0.0067107604]","[0.55,0.18,0.44]",,True
5,42,scene_00_no_obstacle,20260525,ik,scipy_baseline,3047,"[-1.5708,-1.5708,1.5708,-1.5708,-1.5708,0]","[-3.1614447,-1.3099509,1.3410294,0.30306211,0.96572062,-1.1418083]","[0.55,0.18,0.44]",,True
6,42,scene_00_no_obstacle,20260525,ik,scipy_baseline,3048,"[-1.5708,-1.5708,1.5708,-1.5708,-1.5708,0]","[-3.236832,-0.96134533,1.3095059,2.0949341,0.22466938,-0.77787534]","[0.55,0.18,0.44]",,True
7,42,scene_00_no_obstacle,20260525,ik,scipy_baseline,3049,"[-1.5708,-1.5708,1.5708,-1.5708,-1.5708,0]","[-3.2173774,-0.93350924,1.2863182,1.4512725,-0.51305172,-1.0539486]","[0.55,0.18,0.44]",,True
8,42,scene_00_no_obstacle,20260525,ik,scipy_baseline,3050,"[-1.5708,-1.5708,1.5708,-1.5708,-1.5708,0]","[-3.1225509,0.34484617,-1.26653,-2.1251522,-5.0752502,5.0086322]","[0.55,0.18,0.44]",,True
9,42,scene_00_no_obstacle,20260525,ik,scipy_baseline,3051,"[-1.5708,-1.5708,1.5708,-1.5708,-1.5708,0]","[-2.930547,-1.3535936,1.5240447,-1.7068392,-2.3921832,0.10859437]","[0.55,0.18,0.44]",,True
10,42,scene_00_no_obstacle,20260525,ik,scipy_baseline,3052,"[-1.5708,-1.5708,1.5708,-1.5708,-1.5708,0]","[-2.8842969,-1.231258,1.3197654,-0.51379151,-3.1902244,-2.5727801]","[0.55,0.18,0.44]",,True
11,42,scene_00_no_obstacle,20260525,ik,scipy_baseline,3053,"[-1.5708,-1.5708,1.5708,-1.5708,-1.5708,0]","[-3.0028963,-1.3255234,1.3755481,0.13421714,-4.389116,3.9372375]","[0.55,0.18,0.44]",,True
12,42,scene_00_no_obstacle,20260525,ik,scipy_baseline,3054,"[-1.5708,-1.5708,1.5708,-1.5708,-1.5708,0]","[0.39419433,-3.5473698,1.7240486,-1.8258248,-3.615927,-3.9331007]","[0.55,0.18,0.44]",,True
13,42,scene_00_no_obstacle,20260525,ik,scipy_baseline,3055,"[-1.5708,-1.5708,1.5708,-1.5708,-1.5708,0]","[-3.1563094,-0.96266542,1.4922387,-3.2336839,0.99947484,4.2800722]","[0.55,0.18,0.44]",,True
14,42,scene_00_no_obstacle,20260525,ik,scipy_baseline,3056,"[-1.5708,-1.5708,1.5708,-1.5708,-1.5708,0]","[-3.190433,-1.4346229,1.6189062,-0.51528645,0.75777228,-0.2870028]","[0.55,0.18,0.44]",,True
15,42,scene_00_no_obstacle,20260525,ik,scipy_baseline,3057,"[-1.5708,-1.5708,1.5708,-1.5708,-1.5708,0]","[-3.2381918,-0.95302664,1.1330493,1.2117565,-0.18960964,-1.2991064]","[0.55,0.18,0.44]",,True
16,42,scene_00_no_obstacle,20260525,ik,scipy_baseline,3058,"[-1.5708,-1.5708,1.5708,-1.5708,-1.5708,0]","[-3.1912587,-1.4012775,1.5318782,-0.2537528,0.75125707,5.383988]","[0.55,0.18,0.44]",,True
17,42,scene_00_no_obstacle,20260525,ik,scipy_baseline,3059,"[-1.5708,-1.5708,1.5708,-1.5708,-1.5708,0]","[-3.2053556,-1.369442,1.4757507,-1.2094344,-0.63207947,-0.48733766]","[0.55,0.18,0.44]",,True
18,42,scene_00_no_obstacle,20260525,ik,scipy_baseline,3060,"[-1.5708,-1.5708,1.5708,-1.5708,-1.5708,0]","[-3.1775628,-1.3584959,1.8742037,-1.8936476,0.85445614,-3.9187481]","[0.55,0.18,0.44]",,True
19,42,scene_00_no_obstacle,20260525,ik,scipy_baseline,3061,"[-1.5708,-1.5708,1.5708,-1.5708,-1.5708,0]","[-2.9601334,-0.91834883,1.4161994,1.7273924,-2.1677326,0.42427426]","[0.55,0.18,0.44]",,True
20,42,scene_00_no_obstacle,20260525,ik,scipy_baseline,3062,"[-1.5708,-1.5708,1.5708,-1.5708,-1.5708,0]","[-3.1726595,-1.4565714,1.690838,-0.70207615,0.88927962,-3.5952394]","[0.55,0.18,0.44]",,True
21,42,scene_00_no_obstacle,20260525,ik,scipy_baseline,3063,"[-1.5708,-1.5708,1.5708,-1.5708,-1.5708,0]","[-2.8850959,-1.3063354,1.4979129,-1.0334686,-3.249334,0.40960346]","[0.55,0.18,0.44]",,True
22,42,scene_00_no_obstacle,20260525,ik,scipy_baseline,3064,"[-1.5708,-1.5708,1.5708,-1.5708,-1.5708,0]","[-3.2413837,-1.1098803,1.1550236,0.53788767,0.045049954,1.5975496]","[0.55,0.18,0.44]",,True
23,42,scene_00_no_obstacle,20260525,ik,scipy_baseline,3065,"[-1.5708,-1.5708,1.5708,-1.5708,-1.5708,0]","[-2.8939594,-1.1054006,1.0991383,0.37856209,-3.4808145,-1.0945064]","[0.55,0.18,0.44]",,True
24,42,scene_00_no_obstacle,20260525,ik,scipy_baseline,3066,"[-1.5708,-1.5708,1.5708,-1.5708,-1.5708,0]","[-2.8857702,-1.2156072,1.2878484,-0.32942836,-3.2809416,2.3476697]","[0.55,0.18,0.44]",,True
25,42,scene_00_no_obstacle,20260525,ik,scipy_baseline,3067,"[-1.5708,-1.5708,1.5708,-1.5708,-1.5708,0]","[-3.2404634,-1.0118174,1.0936169,0.84605032,-0.10856255,0.15712485]","[0.55,0.18,0.44]",,True
26,42,scene_00_no_obstacle,20260525,ik,scipy_baseline,3068,"[-1.5708,-1.5708,1.5708,-1.5708,-1.5708,0]","[-3.2406065,-0.95247811,1.1858708,1.6522447,0.10132644,-5.8638832]","[0.55,0.18,0.44]",,True
27,42,scene_00_no_obstacle,20260525,ik,scipy_baseline,3069,"[-1.5708,-1.5708,1.5708,-1.5708,-1.5708,0]","[-3.1639196,-1.2714092,1.8584444,-2.2272166,0.94919317,-4.3417563]","[0.55,0.18,0.44]",,True
28,42,scene_00_no_obstacle,20260525,ik,scipy_baseline,3070,"[-1.5708,-1.5708,1.5708,-1.5708,-1.5708,0]","[-5.7512576,2.9234721,1.0434582,-5.3660495,1.6726921,-2.7474876]","[0.55,0.18,0.44]",,True
29,42,scene_00_no_obstacle,20260525,ik,scipy_baseline,3071,"[-1.5708,-1.5708,1.5708,-1.5708,-1.5708,0]","[-3.1916195,-0.99134325,1.5124969,1.7520667,-0.7483968,-0.67035671]","[0.55,0.18,0.44]",,True
30,42,scene_00_no_obstacle,20260525,ik,scipy_baseline,3072,"[-1.5708,-1.5708,1.5708,-1.5708,-1.5708,0]","[-3.2130412,-1.4024277,1.5536404,-0.41218652,0.55852036,-0.00084210899]","[0.55,0.18,0.44]",,True
31,42,scene_00_no_obstacle,20260525,ik,scipy_baseline,3073,"[-1.5708,-1.5708,1.5708,-1.5708,-1.5708,0]","[-3.2347046,-1.4166297,1.6207866,4.9071485,6.012466,0.038584752]","[0.55,0.18,0.44]",,True
32,42,scene_00_no_obstacle,20260525,ik,scipy_baseline,3074,"[-1.5708,-1.5708,1.5708,-1.5708,-1.5708,0]","[-3.2326262,-0.9981247,1.4497501,1.877793,-0.30932278,-0.33648554]","[0.55,0.18,0.44]",,True
33,42,scene_00_no_obstacle,20260525,ik,scipy_baseline,3075,"[-1.5708,-1.5708,1.5708,-1.5708,-1.5708,0]","[-2.9513637,-1.2809757,1.3279164,-1.2156544,-2.2299278,-4.5631337]","[0.55,0.18,0.44]",,True
34,42,scene_00_no_obstacle,20260525,ik,scipy_baseline,3076,"[-1.5708,-1.5708,1.5708,-1.5708,-1.5708,0]","[-3.2099529,-1.0080179,1.0157294,1.3026441,0.58902151,-0.19743902]","[0.55,0.18,0.44]",,True
35,42,scene_00_no_obstacle,20260525,ik,scipy_baseline,3077,"[-1.5708,-1.5708,1.5708,-1.5708,-1.5708,0]","[-3.2219081,-0.92409813,1.0814402,1.8253294,0.46133725,-0.027118569]","[0.55,0.18,0.44]",,True
36,42,scene_00_no_obstacle,20260525,ik,scipy_baseline,3078,"[-1.5708,-1.5708,1.5708,-1.5708,-1.5708,0]","[-3.2216254,-0.96264987,1.3773143,-3.8014655,0.46471687,3.7729834]","[0.55,0.18,0.44]",,True
37,42,scene_00_no_obstacle,20260525,ik,scipy_baseline,3079,"[-1.5708,-1.5708,1.5708,-1.5708,-1.5708,0]","[-2.9432929,-1.3213902,1.419351,-0.14300525,-3.9931805,3.2061186]","[0.55,0.18,0.44]",,True
38,42,scene_00_no_obstacle,20260525,ik,scipy_baseline,3080,"[-1.5708,-1.5708,1.5708,-1.5708,-1.5708,0]","[-2.8904151,-1.0722295,1.0575995,0.44809291,-3.4126836,-1.0603629]","[0.55,0.18,0.44]",,True
39,42,scene_00_no_obstacle,20260525,ik,scipy_baseline,3081,"[-1.5708,-1.5708,1.5708,-1.5708,-1.5708,0]","[-3.1225565,-1.1380436,1.7720608,-2.5760207,1.2079024,-4.3751727]","[0.55,0.18,0.44]",,True
40,42,scene_00_no_obstacle,20260525,ik,scipy_baseline,3082,"[-1.5708,-1.5708,1.5708,-1.5708,-1.5708,0]","[-2.9402646,-1.3734157,1.7297831,-2.5380368,-2.3133831,-4.5885539]","[0.55,0.18,0.44]",,True
41,42,scene_00_no_obstacle,20260525,ik,scipy_baseline,3083,"[-1.5708,-1.5708,1.5708,-1.5708,-1.5708,0]","[-3.1744397,-0.8599579,0.92593787,-5.5867357,-0.87674671,0.46243726]","[0.55,0.18,0.44]",,True
42,42,scene_00_no_obstacle,20260525,ik,scipy_baseline,3084,"[-1.5708,-1.5708,1.5708,-1.5708,-1.5708,0]","[-2.8913327,-1.1052361,1.1024067,0.33296942,-3.4318148,-0.27316054]","[0.55,0.18,0.44]",,True
43,42,scene_00_no_obstacle,20260525,ik,scipy_baseline,3085,"[-1.5708,-1.5708,1.5708,-1.5708,-1.5708,0]","[-2.9735813,-1.3008092,1.3471054,-1.2971325,-2.0772356,-4.3967977]","[0.55,0.18,0.44]",,True
44,42,scene_00_no_obstacle,20260525,ik,scipy_baseline,3086,"[-1.5708,-1.5708,1.5708,-1.5708,-1.5708,0]","[-2.9453461,-1.3893181,1.6451251,-0.83601996,-4.0087568,-3.1061896]","[0.55,0.18,0.44]",,True
45,42,scene_00_no_obstacle,20260525,ik,scipy_baseline,3087,"[-1.5708,-1.5708,1.5708,-1.5708,-1.5708,0]","[-2.9768717,-1.3935155,1.5651936,-0.42739976,-4.2273553,4.0387326]","[0.55,0.18,0.44]",,True
46,42,scene_00_no_obstacle,20260525,ik,scipy_baseline,3088,"[-1.5708,-1.5708,1.5708,-1.5708,-1.5708,0]","[-3.2326711,-0.95770321,1.316073,1.6122549,-0.30853826,-2.5034673]","[0.55,0.18,0.44]",,True
47,42,scene_00_no_obstacle,20260525,ik,scipy_baseline,3089,"[-1.5708,-1.5708,1.5708,-1.5708,-1.5708,0]","[-5.636105,-3.2353065,1.6210507,1.8755169,-1.0008321,-5.6905981]","[0.55,0.18,0.44]",,True
48,42,scene_00_no_obstacle,20260525,ik,scipy_baseline,3090,"[-1.5708,-1.5708,1.5708,-1.5708,-1.5708,0]","[-2.9005419,-0.86265608,0.82852191,0.62667886,-2.7022223,0.3679351]","[0.55,0.18,0.44]",,True
49,42,scene_00_no_obstacle,20260525,ik,scipy_baseline,3091,"[-1.5708,-1.5708,1.5708,-1.5708,-1.5708,0]","[-3.1913069,-1.4547036,1.7751898,-1.1127566,-5.53231,3.6084192]","[0.55,0.18,0.44]",,True
0,42,scene_01_single_box,20260526,ik,pinv,10042,"[-1.5708,-1.5708,1.5708,-1.5708,-1.5708,0]","[-2.894837,-1.4964435,1.6422069,-1.5397138,-1.9096948,0.044864035]","[0.47,0.22,0.42]",,True
1,42,scene_01_single_box,20260526,ik,pinv,10043,"[-1.5708,-1.5708,1.5708,-1.5708,-1.5708,0]","[-2.8981134,-1.4958942,1.6416323,-1.5452242,-1.8968921,0.0044382168]","[0.47,0.22,0.42]",,True
2,42,scene_01_single_box,20260526,ik,pinv,10044,"[-1.5708,-1.5708,1.5708,-1.5708,-1.5708,0]","[-2.8904885,-1.490817,1.6335932,-1.5158863,-1.9334177,0.01398603]","[0.47,0.22,0.42]",,True
3,42,scene_01_single_box,20260526,ik,pinv,10045,"[-1.5708,-1.5708,1.5708,-1.5708,-1.5708,0]","[-2.8929888,-1.4919973,1.6336216,-1.5128635,-1.9190353,-0.016272463]","[0.47,0.22,0.42]",,True
4,42,scene_01_single_box,20260526,ik,pinv,10046,"[-1.5708,-1.5708,1.5708,-1.5708,-1.5708,0]","[-2.8907665,-1.4983301,1.6505052,-1.567159,-1.9342772,-0.013153726]","[0.47,0.22,0.42]",,True
5,42,scene_01_single_box,20260526,ik,pinv,10047,"[-1.5708,-1.5708,1.5708,-1.5708,-1.5708,0]","[-2.8957457,-1.5035658,1.6519747,-1.5599658,-1.9023901,0.0048050483]","[0.47,0.22,0.42]",,True
6,42,scene_01_single_box,20260526,ik,pinv,10048,"[-1.5708,-1.5708,1.5708,-1.5708,-1.5708,0]","[-2.8916398,-1.5012221,1.6516425,-1.5571732,-1.9246664,0.0025615418]","[0.47,0.22,0.42]",,True
7,42,scene_01_single_box,20260526,ik,pinv,10049,"[-1.5708,-1.5708,1.5708,-1.5708,-1.5708,0]","[-2.893112,-1.4941858,1.639483,-1.5320346,-1.9192364,-0.01915611]","[0.47,0.22,0.42]",,True
8,42,scene_01_single_box,20260526,ik,pinv,10050,"[-1.5708,-1.5708,1.5708,-1.5708,-1.5708,0]","[-2.8925467,-1.5024191,1.6547967,-1.5714715,-1.9210771,0.00026918939]","[0.47,0.22,0.42]",,True
9,42,scene_01_single_box,20260526,ik,pinv,10051,"[-1.5708,-1.5708,1.5708,-1.5708,-1.5708,0]","[-2.892273,-1.4984323,1.6456188,-1.5428491,-1.9223788,-0.016451745]","[0.47,0.22,0.42]",,True
10,42,scene_01_single_box,20260526,ik,pinv,10052,"[-1.5708,-1.5708,1.5708,-1.5708,-1.5708,0]","[-2.8954291,-1.4975892,1.6466676,-1.5578903,-1.9104486,-0.011534187]","[0.47,0.22,0.42]",,True
11,42,scene_01_single_box,20260526,ik,pinv,10053,"[-1.5708,-1.5708,1.5708,-1.5708,-1.5708,0]","[-2.8961238,-1.4964633,1.6443533,-1.5537506,-1.9066387,0.0081817196]","[0.47,0.22,0.42]",,True
12,42,scene_01_single_box,20260526,ik,pinv,10054,"[-1.5708,-1.5708,1.5708,-1.5708,-1.5708,0]","[-2.8887541,-1.4996258,1.6530471,-1.5689759,-1.9432727,-0.0045957089]","[0.47,0.22,0.42]",,True
13,42,scene_01_single_box,20260526,ik,pinv,10055,"[-1.5708,-1.5708,1.5708,-1.5708,-1.5708,0]","[-2.8965334,-1.4986138,1.6489066,-1.5689782,-1.9068081,0.021471079]","[0.47,0.22,0.42]",,True
14,42,scene_01_single_box,20260526,ik,pinv,10056,"[-1.5708,-1.5708,1.5708,-1.5708,-1.5708,0]","[-2.8920212,-1.4981724,1.64954,-1.5639695,-1.9272324,0.012401008]","[0.47,0.22,0.42]",,True
15,42,scene_01_single_box,20260526,ik,pinv,10057,"[-1.5708,-1.5708,1.5708,-1.5708,-1.5708,0]","[-2.894522,-1.4996441,1.6518262,-1.5728586,-1.915799,0.007599996]","[0.47,0.22,0.42]",,True
16,42,scene_01_single_box,20260526,ik,pinv,10058,"[-1.5708,-1.5708,1.5708,-1.5708,-1.5708,0]","[-2.8892323,-1.5005623,1.6506231,-1.5475968,-1.9353476,-0.010128897]","[0.47,0.22,0.42]",,True
17,42,scene_01_single_box,20260526,ik,pinv,10059,"[-1.5708,-1.5708,1.5708,-1.5708,-1.5708,0]","[-2.900915,-1.502937,1.6517118,-1.564408,-1.8769029,0.011235962]","[0.47,0.22,0.42]",,True
18,42,scene_01_single_box,20260526,ik,pinv,10060,"[-1.5708,-1.5708,1.5708,-1.5708,-1.5708,0]","[-2.8843967,-1.5011812,1.6565956,-1.5695592,-1.963396,-0.0097395645]","[0.47,0.22,0.42]",,True
19,42,scene_01_single_box,20260526,ik,pinv,10061,"[-1.5708,-1.5708,1.5708,-1.5708,-1.5708,0]","[-2.8910151,-1.5058024,1.6629045,-1.590002,-1.9279463,-0.046490999]","[0.47,0.22,0.42]",,True
20,42,scene_01_single_box,20260526,ik,pinv,10062,"[-1.5708,-1.5708,1.5708,-1.5708,-1.5708,0]","[-2.895939,-1.5009955,1.6482719,-1.5510894,-1.9015642,-0.02269452]","[0.47,0.22,0.42]",,True
21,42,scene_01_single_box,20260526,ik,pinv,10063,"[-1.5708,-1.5708,1.5708,-1.5708,-1.5708,0]","[-2.8978073,-1.4957608,1.6446114,-1.5630774,-1.9022233,0.01996132]","[0.47,0.22,0.42]",,True
22,42,scene_01_single_box,20260526,ik,pinv,10064,"[-1.5708,-1.5708,1.5708,-1.5708,-1.5708,0]","[-2.8990469,-1.4981045,1.6476101,-1.5665117,-1.8934075,0.026294118]","[0.47,0.22,0.42]",,True
23,42,scene_01_single_box,20260526,ik,pinv,10065,"[-1.5708,-1.5708,1.5708,-1.5708,-1.5708,0]","[-2.8905136,-1.4935341,1.6395616,-1.5316907,-1.9341332,0.00099990693]","[0.47,0.22,0.42]",,True
24,42,scene_01_single_box,20260526,ik,pinv,10066,"[-1.5708,-1.5708,1.5708,-1.5708,-1.5708,0]","[-2.8935952,-1.498611,1.6496373,-1.5652877,-1.9191172,-0.0096674239]","[0.47,0.22,0.42]",,True
25,42,scene_01_single_box,20260526,ik,pinv,10067,"[-1.5708,-1.5708,1.5708,-1.5708,-1.5708,0]","[-2.8904912,-1.4966417,1.6404877,-1.5231914,-1.9285386,0.026844716]","[0.47,0.22,0.42]",,True
26,42,scene_01_single_box,20260526,ik,pinv,10068,"[-1.5708,-1.5708,1.5708,-1.5708,-1.5708,0]","[-2.893512,-1.5022344,1.6521415,-1.5605886,-1.9150382,0.034543368]","[0.47,0.22,0.42]",,True
27,42,scene_01_single_box,20260526,ik,pinv,10069,"[-1.5708,-1.5708,1.5708,-1.5708,-1.5708,0]","[-2.8875997,-1.4930549,1.6393933,-1.5299532,-1.9471071,0.022673043]","[0.47,0.22,0.42]",,True
28,42,scene_01_single_box,20260526,ik,pinv,10070,"[-1.5708,-1.5708,1.5708,-1.5708,-1.5708,0]","[-2.8902459,-1.4967671,1.6448805,-1.5442995,-1.9351954,0.010176257]","[0.47,0.22,0.42]",,True
29,42,scene_01_single_box,20260526,ik,pinv,10071,"[-1.5708,-1.5708,1.5708,-1.5708,-1.5708,0]","[-2.8882137,-1.494237,1.6420198,-1.5389409,-1.9457993,0.023931223]","[0.47,0.22,0.42]",,True
30,42,scene_01_single_box,20260526,ik,pinv,10072,"[-1.5708,-1.5708,1.5708,-1.5708,-1.5708,0]","[-2.8942104,-1.5045296,1.6563595,-1.5713413,-1.9106539,0.017702122]","[0.47,0.22,0.42]",,True
31,42,scene_01_single_box,20260526,ik,pinv,10073,"[-1.5708,-1.5708,1.5708,-1.5708,-1.5708,0]","[-2.8936997,-1.492024,1.6342501,-1.5195689,-1.9175503,0.011450743]","[0.47,0.22,0.42]",,True
32,42,scene_01_single_box,20260526,ik,pinv,10074,"[-1.5708,-1.5708,1.5708,-1.5708,-1.5708,0]","[-2.8958195,-1.5031723,1.656326,-1.582717,-1.9075897,0.041317615]","[0.47,0.22,0.42]",,True
33,42,scene_01_single_box,20260526,ik,pinv,10075,"[-1.5708,-1.5708,1.5708,-1.5708,-1.5708,0]","[-2.8881859,-1.4998807,1.6524706,-1.5623527,-1.9430073,0.0028261323]","[0.47,0.22,0.42]",,True
34,42,scene_01_single_box,20260526,ik,pinv,10076,"[-1.5708,-1.5708,1.5708,-1.5708,-1.5708,0]","[-2.892564,-1.4960045,1.6433676,-1.5442277,-1.9229045,-0.0033626309]","[0.47,0.22,0.42]",,True
35,42,scene_01_single_box,20260526,ik,pinv,10077,"[-1.5708,-1.5708,1.5708,-1.5708,-1.5708,0]","[-2.8914674,-1.495897,1.6436581,-1.5428648,-1.9298365,-0.00081091171]","[0.47,0.22,0.42]",,True
36,42,scene_01_single_box,20260526,ik,pinv,10078,"[-1.5708,-1.5708,1.5708,-1.5708,-1.5708,0]","[-2.89097,-1.50207,1.6539845,-1.563656,-1.9270472,-1.4723163e-05]","[0.47,0.22,0.42]",,True
37,42,scene_01_single_box,20260526,ik,pinv,10079,"[-1.5708,-1.5708,1.5708,-1.5708,-1.5708,0]","[-2.8877727,-1.4968983,1.6479153,-1.554599,-1.9481807,-0.010592933]","[0.47,0.22,0.42]",,True
38,42,scene_01_single_box,20260526,ik,pinv,10080,"[-1.5708,-1.5708,1.5708,-1.5708,-1.5708,0]","[-2.8998363,-1.4955409,1.6408604,-1.5476959,-1.8904264,0.012985955]","[0.47,0.22,0.42]",,True
39,42,scene_01_single_box,20260526,ik,pinv,10081,"[-1.5708,-1.5708,1.5708,-1.5708,-1.5708,0]","[-2.8985787,-1.4921886,1.6357841,-1.5364075,-1.8978383,0.0061630499]","[0.47,0.22,0.42]",,True
40,42,scene_01_single_box,20260526,ik,pinv,10082,"[-1.5708,-1.5708,1.5708,-1.5708,-1.5708,0]","[-2.8967897,-1.4984038,1.6477516,-1.5635164,-1.9042908,-0.031092438]","[0.47,0.22,0.42]",,True
41,42,scene_01_single_box,20260526,ik,pinv,10083,"[-1.5708,-1.5708,1.5708,-1.5708,-1.5708,0]","[-2.8914945,-1.5013866,1.6549631,-1.5761576,-1.929227,0.0051943967]","[0.47,0.22,0.42]",,True
42,42,scene_01_single_box,20260526,ik,pinv,10084,"[-1.5708,-1.5708,1.5708,-1.5708,-1.5708,0]","[-2.893582,-1.4942533,1.6420951,-1.5484511,-1.9222319,0.023279028]","[0.47,0.22,0.42]",,True
43,42,scene_01_single_box,20260526,ik,pinv,10085,"[-1.5708,-1.5708,1.5708,-1.5708,-1.5708,0]","[-2.88902,-1.5037947,1.6555798,-1.5616068,-1.9352786,0.0055084337]","[0.47,0.22,0.42]",,True
44,42,scene_01_single_box,20260526,ik,pinv,10086,"[-1.5708,-1.5708,1.5708,-1.5708,-1.5708,0]","[-2.8944951,-1.5003299,1.6519316,-1.571219,-1.9152812,0.02333478]","[0.47,0.22,0.42]",,True
45,42,scene_01_single_box,20260526,ik,pinv,10087,"[-1.5708,-1.5708,1.5708,-1.5708,-1.5708,0]","[-2.8945845,-1.4976597,1.6484492,-1.5675174,-1.9174288,0.0062053713]","[0.47,0.22,0.42]",,True
46,42,scene_01_single_box,20260526,ik,pinv,10088,"[-1.5708,-1.5708,1.5708,-1.5708,-1.5708,0]","[-2.8904056,-1.4999281,1.6507613,-1.557254,-1.9318297,0.024960835]","[0.47,0.22,0.42]",,True
47,42,scene_01_single_box,20260526,ik,pinv,10089,"[-1.5708,-1.5708,1.5708,-1.5708,-1.5708,0]","[-2.8980068,-1.4980184,1.6445437,-1.5508093,-1.8950204,0.028043296]","[0.47,0.22,0.42]",,True
48,42,scene_01_single_box,20260526,ik,pinv,10090,"[-1.5708,-1.5708,1.5708,-1.5708,-1.5708,0]","[-2.8944273,-1.4965139,1.6431494,-1.5437838,-1.9136579,-0.008551518]","[0.47,0.22,0.42]",,True
49,42,scene_01_single_box,20260526,ik,pinv,10091,"[-1.5708,-1.5708,1.5708,-1.5708,-1.5708,0]","[-2.8921177,-1.5014289,1.6530275,-1.5653001,-1.9239669,-0.020475634]","[0.47,0.22,0.42]",,True
0,42,scene_01_single_box,20260526,ik,dls,11042,"[-1.5708,-1.5708,1.5708,-1.5708,-1.5708,0]","[-2.8946866,-1.4992603,1.6473817,-1.5515285,-1.9178698,-0.0028740693]","[0.47,0.22,0.42]",,True
1,42,scene_01_single_box,20260526,ik,dls,11043,"[-1.5708,-1.5708,1.5708,-1.5708,-1.5708,0]","[-2.896132,-1.4976447,1.64362,-1.5405135,-1.9076323,-0.012602276]","[0.47,0.22,0.42]",,True
2,42,scene_01_single_box,20260526,ik,dls,11044,"[-1.5708,-1.5708,1.5708,-1.5708,-1.5708,0]","[-2.8978548,-1.5007996,1.6506746,-1.5637547,-1.9016991,0.00032719695]","[0.47,0.22,0.42]",,True
3,42,scene_01_single_box,20260526,ik,dls,11045,"[-1.5708,-1.5708,1.5708,-1.5708,-1.5708,0]","[-2.892204,-1.4982767,1.6496657,-1.5632339,-1.9322865,0.019656626]","[0.47,0.22,0.42]",,True
4,42,scene_01_single_box,20260526,ik,dls,11046,"[-1.5708,-1.5708,1.5708,-1.5708,-1.5708,0]","[-2.8946285,-1.5050402,1.6587335,-1.579893,-1.917942,-0.0022893367]","[0.47,0.22,0.42]",,True
5,42,scene_01_single_box,20260526,ik,dls,11047,"[-1.5708,-1.5708,1.5708,-1.5708,-1.5708,0]","[-2.894163,-1.4958319,1.6432001,-1.5438493,-1.9216074,0.0067336101]","[0.47,0.22,0.42]",,True
6,42,scene_01_single_box,20260526,ik,dls,11048,"[-1.5708,-1.5708,1.5708,-1.5708,-1.5708,0]","[-2.892251,-1.5048013,1.656443,-1.5639241,-1.9253004,0.0042457873]","[0.47,0.22,0.42]",,True
7,42,scene_01_single_box,20260526,ik,dls,11049,"[-1.5708,-1.5708,1.5708,-1.5708,-1.5708,0]","[-2.895698,-1.4941534,1.6395413,-1.5379792,-1.9133734,-0.0039557907]","[0.47,0.22,0.42]",,True
8,42,scene_01_single_box,20260526,ik,dls,11050,"[-1.5708,-1.5708,1.5708,-1.5708,-1.5708,0]","[-2.8998377,-1.5001078,1.6425877,-1.5308627,-1.8862336,0.01240009]","[0.47,0.22,0.42]",,True
9,42,scene_01_single_box,20260526,ik,dls,11051,"[-1.5708,-1.5708,1.5708,-1.5708,-1.5708,0]","[-2.8995142,-1.5020294,1.6470511,-1.5440341,-1.8879822,0.016586244]","[0.47,0.22,0.42]",,True
10,42,scene_01_single_box,20260526,ik,dls,11052,"[-1.5708,-1.5708,1.5708,-1.5708,-1.5708,0]","[-2.8952926,-1.4988256,1.6495458,-1.5658872,-1.9153669,0.036648702]","[0.47,0.22,0.42]",,True
11,42,scene_01_single_box,20260526,ik,dls,11053,"[-1.5708,-1.5708,1.5708,-1.5708,-1.5708,0]","[-2.894638,-1.5059955,1.6577401,-1.5696095,-1.9122312,0.010409954]","[0.47,0.22,0.42]",,True
12,42,scene_01_single_box,20260526,ik,dls,11054,"[-1.5708,-1.5708,1.5708,-1.5708,-1.5708,0]","[-2.8922331,-1.5003449,1.6523256,-1.562871,-1.9301328,-0.032567644]","[0.47,0.22,0.42]",,True
13,42,scene_01_single_box,20260526,ik,dls,11055,"[-1.5708,-1.5708,1.5708,-1.5708,-1.5708,0]","[-2.899442,-1.4949301,1.6378814,-1.5303719,-1.8940179,0.023788059]","[0.47,0.22,0.42]",,True
14,42,scene_01_single_box,20260526,ik,dls,11056,"[-1.5708,-1.5708,1.5708,-1.5708,-1.5708,0]","[-2.8933332,-1.498235,1.6486009,-1.5596046,-1.9266995,-0.0038709877]","[0.47,0.22,0.42]",,True
15,42,scene_01_single_box,20260526,ik,dls,11057,"[-1.5708,-1.5708,1.5708,-1.5708,-1.5708,0]","[-2.8897814,-1.5033263,1.6581378,-1.5752128,-1.9404379,0.0052410222]","[0.47,0.22,0.42]",,True
16,42,scene_01_single_box,20260526,ik,dls,11058,"[-1.5708,-1.5708,1.5708,-1.5708,-1.5708,0]","[-2.8983553,-1.5004643,1.6511133,-1.5697934,-1.9002321,-0.0077031587]","[0.47,0.22,0.42]",,True
17,42,scene_01_single_box,20260526,ik,dls,11059,"[-1.5708,-1.5708,1.5708,-1.5708,-1.5708,0]","[-2.8933291,-1.4991967,1.6485958,-1.5520975,-1.9233241,-0.0081376429]","[0.47,0.22,0.42]",,True
18,42,scene_01_single_box,20260526,ik,dls,11060,"[-1.5708,-1.5708,1.5708,-1.5708,-1.5708,0]","[-2.8928526,-1.502794,1.6584566,-1.5844759,-1.9281986,0.028175081]","[0.47,0.22,0.42]",,True
19,42,scene_01_single_box,20260526,ik,dls,11061,"[-1.5708,-1.5708,1.5708,-1.5708,-1.5708,0]","[-2.8932117,-1.5066542,1.6597219,-1.572236,-1.9194871,-0.023991692]","[0.47,0.22,0.42]",,True
20,42,scene_01_single_box,20260526,ik,dls,11062,"[-1.5708,-1.5708,1.5708,-1.5708,-1.5708,0]","[-2.8938184,-1.5035208,1.6561361,-1.5716263,-1.9198177,0.034139418]","[0.47,0.22,0.42]",,True
21,42,scene_01_single_box,20260526,ik,dls,11063,"[-1.5708,-1.5708,1.5708,-1.5708,-1.5708,0]","[-2.8990511,-1.4957224,1.6396396,-1.5364259,-1.8957364,-0.010658233]","[0.47,0.22,0.42]",,True
22,42,scene_01_single_box,20260526,ik,dls,11064,"[-1.5708,-1.5708,1.5708,-1.5708,-1.5708,0]","[-2.8944799,-1.5146632,1.6733556,-1.6051919,-1.9110822,0.006564035]","[0.47,0.22,0.42]",,True
23,42,scene_01_single_box,20260526,ik,dls,11065,"[-1.5708,-1.5708,1.5708,-1.5708,-1.5708,0]","[-2.8943574,-1.5018096,1.6532214,-1.5657188,-1.9188874,0.027716206]","[0.47,0.22,0.42]",,True
24,42,scene_01_single_box,20260526,ik,dls,11066,"[-1.5708,-1.5708,1.5708,-1.5708,-1.5708,0]","[-2.9001527,-1.4982347,1.6446611,-1.5505181,-1.8889798,0.002885738]","[0.47,0.22,0.42]",,True
25,42,scene_01_single_box,20260526,ik,dls,11067,"[-1.5708,-1.5708,1.5708,-1.5708,-1.5708,0]","[-2.8899936,-1.4972644,1.6487501,-1.5576913,-1.9439235,-0.033129702]","[0.47,0.22,0.42]",,True
26,42,scene_01_single_box,20260526,ik,dls,11068,"[-1.5708,-1.5708,1.5708,-1.5708,-1.5708,0]","[-2.8950835,-1.5044169,1.661061,-1.5933056,-1.9170323,0.00072864841]","[0.47,0.22,0.42]",,True
27,42,scene_01_single_box,20260526,ik,dls,11069,"[-1.5708,-1.5708,1.5708,-1.5708,-1.5708,0]","[-2.8883711,-1.5004189,1.6510276,-1.5493225,-1.9469711,0.0045046532]","[0.47,0.22,0.42]",,True
28,42,scene_01_single_box,20260526,ik,dls,11070,"[-1.5708,-1.5708,1.5708,-1.5708,-1.5708,0]","[-2.8969072,-1.5016215,1.6487867,-1.5500049,-1.9017214,-0.0058911561]","[0.47,0.22,0.42]",,True
29,42,scene_01_single_box,20260526,ik,dls,11071,"[-1.5708,-1.5708,1.5708,-1.5708,-1.5708,0]","[-2.9041907,-1.5068444,1.6590332,-1.58712,-1.8680759,-0.030408182]","[0.47,0.22,0.42]",,True
30,42,scene_01_single_box,20260526,ik,dls,11072,"[-1.5708,-1.5708,1.5708,-1.5708,-1.5708,0]","[-2.8934636,-1.5016733,1.6502971,-1.5488997,-1.9182469,0.01048557]","[0.47,0.22,0.42]",,True
31,42,scene_01_single_box,20260526,ik,dls,11073,"[-1.5708,-1.5708,1.5708,-1.5708,-1.5708,0]","[-2.893761,-1.4981194,1.6493011,-1.5633985,-1.922992,-0.0049953409]","[0.47,0.22,0.42]",,True
32,42,scene_01_single_box,20260526,ik,dls,11074,"[-1.5708,-1.5708,1.5708,-1.5708,-1.5708,0]","[-2.8892551,-1.5074798,1.6628977,-1.5759541,-1.9392559,0.0057811981]","[0.47,0.22,0.42]",,True
33,42,scene_01_single_box,20260526,ik,dls,11075,"[-1.5708,-1.5708,1.5708,-1.5708,-1.5708,0]","[-2.8944246,-1.4972735,1.6475463,-1.5625008,-1.9207428,0.022132091]","[0.47,0.22,0.42]",,True
34,42,scene_01_single_box,20260526,ik,dls,11076,"[-1.5708,-1.5708,1.5708,-1.5708,-1.5708,0]","[-2.893223,-1.5012696,1.6500265,-1.5491686,-1.9218716,0.0048282527]","[0.47,0.22,0.42]",,True
35,42,scene_01_single_box,20260526,ik,dls,11077,"[-1.5708,-1.5708,1.5708,-1.5708,-1.5708,0]","[-2.8909798,-1.4989331,1.6512863,-1.5626191,-1.9382872,0.012734444]","[0.47,0.22,0.42]",,True
36,42,scene_01_single_box,20260526,ik,dls,11078,"[-1.5708,-1.5708,1.5708,-1.5708,-1.5708,0]","[-2.8944791,-1.5049028,1.6575188,-1.5743736,-1.9170496,-0.039409283]","[0.47,0.22,0.42]",,True
37,42,scene_01_single_box,20260526,ik,dls,11079,"[-1.5708,-1.5708,1.5708,-1.5708,-1.5708,0]","[-2.8924,-1.5007551,1.6492912,-1.5469258,-1.9237005,-0.026065727]","[0.47,0.22,0.42]",,True
38,42,scene_01_single_box,20260526,ik,dls,11080,"[-1.5708,-1.5708,1.5708,-1.5708,-1.5708,0]","[-2.8879891,-1.5007296,1.6529663,-1.558136,-1.9488238,0.038026197]","[0.47,0.22,0.42]",,True
39,42,scene_01_single_box,20260526,ik,dls,11081,"[-1.5708,-1.5708,1.5708,-1.5708,-1.5708,0]","[-2.8899491,-1.5053127,1.6614672,-1.5809579,-1.9394826,-0.011989261]","[0.47,0.22,0.42]",,True
40,42,scene_01_single_box,20260526,ik,dls,11082,"[-1.5708,-1.5708,1.5708,-1.5708,-1.5708,0]","[-2.8991068,-1.5011764,1.6505085,-1.5641974,-1.8949506,-0.014821744]","[0.47,0.22,0.42]",,True
41,42,scene_01_single_box,20260526,ik,dls,11083,"[-1.5708,-1.5708,1.5708,-1.5708,-1.5708,0]","[-2.8964065,-1.4990392,1.6477926,-1.556385,-1.9099647,0.015080284]","[0.47,0.22,0.42]",,True
42,42,scene_01_single_box,20260526,ik,dls,11084,"[-1.5708,-1.5708,1.5708,-1.5708,-1.5708,0]","[-2.9001017,-1.4978996,1.6439501,-1.5488294,-1.8888603,-0.025442547]","[0.47,0.22,0.42]",,True
43,42,scene_01_single_box,20260526,ik,dls,11085,"[-1.5708,-1.5708,1.5708,-1.5708,-1.5708,0]","[-2.8945359,-1.5020014,1.6527055,-1.5631366,-1.9172355,0.018502864]","[0.47,0.22,0.42]",,True
44,42,scene_01_single_box,20260526,ik,dls,11086,"[-1.5708,-1.5708,1.5708,-1.5708,-1.5708,0]","[-2.8937479,-1.5005411,1.6495854,-1.5533098,-1.9205994,-0.0030350198]","[0.47,0.22,0.42]",,True
45,42,scene_01_single_box,20260526,ik,dls,11087,"[-1.5708,-1.5708,1.5708,-1.5708,-1.5708,0]","[-2.8900795,-1.5078832,1.665158,-1.5877631,-1.9379318,-0.014608384]","[0.47,0.22,0.42]",,True
46,42,scene_01_single_box,20260526,ik,dls,11088,"[-1.5708,-1.5708,1.5708,-1.5708,-1.5708,0]","[-2.8987244,-1.4989202,1.6435006,-1.5382298,-1.8940629,0.0093169583]","[0.47,0.22,0.42]",,True
47,42,scene_01_single_box,20260526,ik,dls,11089,"[-1.5708,-1.5708,1.5708,-1.5708,-1.5708,0]","[-2.8935477,-1.5047339,1.663184,-1.5997146,-1.9253148,0.021238076]","[0.47,0.22,0.42]",,True
48,42,scene_01_single_box,20260526,ik,dls,11090,"[-1.5708,-1.5708,1.5708,-1.5708,-1.5708,0]","[-2.8944042,-1.5015099,1.6507705,-1.5563005,-1.9168216,0.04749753]","[0.47,0.22,0.42]",,True
49,42,scene_01_single_box,20260526,ik,dls,11091,"[-1.5708,-1.5708,1.5708,-1.5708,-1.5708,0]","[-2.9027114,-1.4998221,1.646027,-1.5557951,-1.8763974,0.037006649]","[0.47,0.22,0.42]",,True
0,42,scene_01_single_box,20260526,ik,lm,12042,"[-1.5708,-1.5708,1.5708,-1.5708,-1.5708,0]","[-2.8949508,-1.5078711,1.6608859,-1.5757755,-1.9123992,0.00045204463]","[0.47,0.22,0.42]",,True
1,42,scene_01_single_box,20260526,ik,lm,12043,"[-1.5708,-1.5708,1.5708,-1.5708,-1.5708,0]","[-2.8929522,-1.4936322,1.6393526,-1.5321507,-1.9278897,-0.013784125]","[0.47,0.22,0.42]",,True
2,42,scene_01_single_box,20260526,ik,lm,12044,"[-1.5708,-1.5708,1.5708,-1.5708,-1.5708,0]","[-2.8968188,-1.5043263,1.6510437,-1.5440046,-1.8976071,0.0068582816]","[0.47,0.22,0.42]",,True
3,42,scene_01_single_box,20260526,ik,lm,12045,"[-1.5708,-1.5708,1.5708,-1.5708,-1.5708,0]","[-2.8934438,-1.4981821,1.6487812,-1.5602874,-1.9254918,-0.016178427]","[0.47,0.22,0.42]",,True
4,42,scene_01_single_box,20260526,ik,lm,12046,"[-1.5708,-1.5708,1.5708,-1.5708,-1.5708,0]","[-2.8982094,-1.5044729,1.6565636,-1.574466,-1.8983907,-0.025325461]","[0.47,0.22,0.42]",,True
5,42,scene_01_single_box,20260526,ik,lm,12047,"[-1.5708,-1.5708,1.5708,-1.5708,-1.5708,0]","[-2.892888,-1.4956546,1.6439758,-1.5487738,-1.928282,-0.00083202122]","[0.47,0.22,0.42]",,True
6,42,scene_01_single_box,20260526,ik,lm,12048,"[-1.5708,-1.5708,1.5708,-1.5708,-1.5708,0]","[-2.8965167,-1.4962694,1.6375543,-1.5161973,-1.904348,0.0024341797]","[0.47,0.22,0.42]",,True
7,42,scene_01_single_box,20260526,ik,lm,12049,"[-1.5708,-1.5708,1.5708,-1.5708,-1.5708,0]","[-2.89443,-1.4946113,1.6383749,-1.5256757,-1.9179087,-0.015279575]","[0.47,0.22,0.42]",,True
8,42,scene_01_single_box,20260526,ik,lm,12050,"[-1.5708,-1.5708,1.5708,-1.5708,-1.5708,0]","[-2.8872996,-1.4977652,1.6437232,-1.5212468,-1.9508341,0.034548878]","[0.47,0.22,0.42]",,True
9,42,scene_01_single_box,20260526,ik,lm,12051,"[-1.5708,-1.5708,1.5708,-1.5708,-1.5708,0]","[-2.8946672,-1.4998601,1.6479118,-1.5478531,-1.9172532,-0.0024080381]","[0.47,0.22,0.42]",,True
10,42,scene_01_single_box,20260526,ik,lm,12052,"[-1.5708,-1.5708,1.5708,-1.5708,-1.5708,0]","[-2.8946308,-1.5058807,1.6615001,-1.5876393,-1.9175396,0.00066980717]","[0.47,0.22,0.42]",,True
11,42,scene_01_single_box,20260526,ik,lm,12053,"[-1.5708,-1.5708,1.5708,-1.5708,-1.5708,0]","[-2.9013492,-1.5076157,1.6560459,-1.5618231,-1.8772008,-0.010323305]","[0.47,0.22,0.42]",,True
12,42,scene_01_single_box,20260526,ik,lm,12054,"[-1.5708,-1.5708,1.5708,-1.5708,-1.5708,0]","[-2.8970833,-1.5047018,1.657405,-1.5771207,-1.905183,0.0021281672]","[0.47,0.22,0.42]",,True
13,42,scene_01_single_box,20260526,ik,lm,12055,"[-1.5708,-1.5708,1.5708,-1.5708,-1.5708,0]","[-2.8924877,-1.5049098,1.655219,-1.5563468,-1.9228704,-0.018101495]","[0.47,0.22,0.42]",,True
14,42,scene_01_single_box,20260526,ik,lm,12056,"[-1.5708,-1.5708,1.5708,-1.5708,-1.5708,0]","[-2.8968788,-1.5017088,1.6522444,-1.5652031,-1.9060076,0.0032480731]","[0.47,0.22,0.42]",,True
15,42,scene_01_single_box,20260526,ik,lm,12057,"[-1.5708,-1.5708,1.5708,-1.5708,-1.5708,0]","[-2.8981036,-1.500229,1.6490155,-1.5601475,-1.8991213,-0.044777468]","[0.47,0.22,0.42]",,True
16,42,scene_01_single_box,20260526,ik,lm,12058,"[-1.5708,-1.5708,1.5708,-1.5708,-1.5708,0]","[-2.9015269,-1.5020231,1.6498335,-1.5609662,-1.8820017,-0.005585776]","[0.47,0.22,0.42]",,True
17,42,scene_01_single_box,20260526,ik,lm,12059,"[-1.5708,-1.5708,1.5708,-1.5708,-1.5708,0]","[-2.8991494,-1.5033298,1.6547988,-1.574926,-1.8944248,0.022307515]","[0.47,0.22,0.42]",,True
18,42,scene_01_single_box,20260526,ik,lm,12060,"[-1.5708,-1.5708,1.5708,-1.5708,-1.5708,0]","[-2.8945654,-1.5074745,1.6617344,-1.5806801,-1.9137422,-0.025996917]","[0.47,0.22,0.42]",,True
19,42,scene_01_single_box,20260526,ik,lm,12061,"[-1.5708,-1.5708,1.5708,-1.5708,-1.5708,0]","[-2.8978188,-1.5013738,1.6512123,-1.5657818,-1.9027963,-0.01972912]","[0.47,0.22,0.42]",,True
20,42,scene_01_single_box,20260526,ik,lm,12062,"[-1.5708,-1.5708,1.5708,-1.5708,-1.5708,0]","[-2.902636,-1.5040205,1.6542027,-1.5748434,-1.876315,0.0014327518]","[0.47,0.22,0.42]",,True
21,42,scene_01_single_box,20260526,ik,lm,12063,"[-1.5708,-1.5708,1.5708,-1.5708,-1.5708,0]","[-2.8950959,-1.4993051,1.6473527,-1.5478297,-1.9155108,0.0085813195]","[0.47,0.22,0.42]",,True
22,42,scene_01_single_box,20260526,ik,lm,12064,"[-1.5708,-1.5708,1.5708,-1.5708,-1.5708,0]","[-2.8958706,-1.5073166,1.6598199,-1.5751061,-1.9061569,0.031895734]","[0.47,0.22,0.42]",,True
23,42,scene_01_single_box,20260526,ik,lm,12065,"[-1.5708,-1.5708,1.5708,-1.5708,-1.5708,0]","[-2.8920901,-1.500864,1.6471933,-1.5327525,-1.9246348,-0.01331596]","[0.47,0.22,0.42]",,True
24,42,scene_01_single_box,20260526,ik,lm,12066,"[-1.5708,-1.5708,1.5708,-1.5708,-1.5708,0]","[-2.8961815,-1.5008891,1.6518916,-1.5672044,-1.911859,0.007045577]","[0.47,0.22,0.42]",,True
25,42,scene_01_single_box,20260526,ik,lm,12067,"[-1.5708,-1.5708,1.5708,-1.5708,-1.5708,0]","[-2.894797,-1.4959607,1.6429231,-1.5406582,-1.9176361,-0.0044079729]","[0.47,0.22,0.42]",,True
26,42,scene_01_single_box,20260526,ik,lm,12068,"[-1.5708,-1.5708,1.5708,-1.5708,-1.5708,0]","[-2.8987296,-1.4995183,1.6450406,-1.5441888,-1.8964606,-0.0035155486]","[0.47,0.22,0.42]",,True
27,42,scene_01_single_box,20260526,ik,lm,12069,"[-1.5708,-1.5708,1.5708,-1.5708,-1.5708,0]","[-2.8936814,-1.5094256,1.6622964,-1.5722251,-1.9152401,0.017625402]","[0.47,0.22,0.42]",,True
28,42,scene_01_single_box,20260526,ik,lm,12070,"[-1.5708,-1.5708,1.5708,-1.5708,-1.5708,0]","[-2.8942504,-1.4960816,1.6402269,-1.5278115,-1.9187581,0.029064323]","[0.47,0.22,0.42]",,True
29,42,scene_01_single_box,20260526,ik,lm,12071,"[-1.5708,-1.5708,1.5708,-1.5708,-1.5708,0]","[-2.895073,-1.4965792,1.6431288,-1.5437542,-1.9164631,-0.0073276984]","[0.47,0.22,0.42]",,True
30,42,scene_01_single_box,20260526,ik,lm,12072,"[-1.5708,-1.5708,1.5708,-1.5708,-1.5708,0]","[-2.8948801,-1.4982113,1.644399,-1.5392759,-1.9155568,0.019007746]","[0.47,0.22,0.42]",,True
31,42,scene_01_single_box,20260526,ik,lm,12073,"[-1.5708,-1.5708,1.5708,-1.5708,-1.5708,0]","[-2.899791,-1.497211,1.641315,-1.5387847,-1.8908894,0.022778514]","[0.47,0.22,0.42]",,True
32,42,scene_01_single_box,20260526,ik,lm,12074,"[-1.5708,-1.5708,1.5708,-1.5708,-1.5708,0]","[-2.8962246,-1.5020911,1.6546392,-1.5740507,-1.9097195,0.0064155063]","[0.47,0.22,0.42]",,True
33,42,scene_01_single_box,20260526,ik,lm,12075,"[-1.5708,-1.5708,1.5708,-1.5708,-1.5708,0]","[-2.8944607,-1.504137,1.6540717,-1.5580427,-1.9145768,0.039888848]","[0.47,0.22,0.42]",,True
34,42,scene_01_single_box,20260526,ik,lm,12076,"[-1.5708,-1.5708,1.5708,-1.5708,-1.5708,0]","[-2.892416,-1.5056096,1.6613781,-1.5846308,-1.9283845,0.0048339502]","[0.47,0.22,0.42]",,True
35,42,scene_01_single_box,20260526,ik,lm,12077,"[-1.5708,-1.5708,1.5708,-1.5708,-1.5708,0]","[-2.8932465,-1.4969333,1.6412193,-1.5267122,-1.9214338,-0.0075809548]","[0.47,0.22,0.42]",,True
36,42,scene_01_single_box,20260526,ik,lm,12078,"[-1.5708,-1.5708,1.5708,-1.5708,-1.5708,0]","[-2.8951783,-1.4891935,1.6294739,-1.509287,-1.9153666,0.022255181]","[0.47,0.22,0.42]",,True
37,42,scene_01_single_box,20260526,ik,lm,12079,"[-1.5708,-1.5708,1.5708,-1.5708,-1.5708,0]","[-2.8991196,-1.5025688,1.6525162,-1.568601,-1.8949612,-0.0087655489]","[0.47,0.22,0.42]",,True
38,42,scene_01_single_box,20260526,ik,lm,12080,"[-1.5708,-1.5708,1.5708,-1.5708,-1.5708,0]","[-2.8986152,-1.4982303,1.6452995,-1.5528391,-1.8979207,-0.0074729629]","[0.47,0.22,0.42]",,True
39,42,scene_01_single_box,20260526,ik,lm,12081,"[-1.5708,-1.5708,1.5708,-1.5708,-1.5708,0]","[-2.892274,-1.5041328,1.6584682,-1.5789943,-1.9301519,0.0039950267]","[0.47,0.22,0.42]",,True
40,42,scene_01_single_box,20260526,ik,lm,12082,"[-1.5708,-1.5708,1.5708,-1.5708,-1.5708,0]","[-2.9031121,-1.501032,1.6446391,-1.5400168,-1.8713722,-0.022263918]","[0.47,0.22,0.42]",,True
41,42,scene_01_single_box,20260526,ik,lm,12083,"[-1.5708,-1.5708,1.5708,-1.5708,-1.5708,0]","[-2.8999065,-1.507299,1.6580449,-1.5718083,-1.885766,0.015941083]","[0.47,0.22,0.42]",,True
42,42,scene_01_single_box,20260526,ik,lm,12084,"[-1.5708,-1.5708,1.5708,-1.5708,-1.5708,0]","[-2.8911662,-1.5045702,1.6604829,-1.583562,-1.9365042,0.026778016]","[0.47,0.22,0.42]",,True
43,42,scene_01_single_box,20260526,ik,lm,12085,"[-1.5708,-1.5708,1.5708,-1.5708,-1.5708,0]","[-2.8940307,-1.4998204,1.649777,-1.5582782,-1.9207933,-0.0074164347]","[0.47,0.22,0.42]",,True
44,42,scene_01_single_box,20260526,ik,lm,12086,"[-1.5708,-1.5708,1.5708,-1.5708,-1.5708,0]","[-2.8976332,-1.504355,1.65313,-1.5576762,-1.8981284,0.016222284]","[0.47,0.22,0.42]",,True
45,42,scene_01_single_box,20260526,ik,lm,12087,"[-1.5708,-1.5708,1.5708,-1.5708,-1.5708,0]","[-2.8984255,-1.5052801,1.657401,-1.5779702,-1.8979077,0.020853849]","[0.47,0.22,0.42]",,True
46,42,scene_01_single_box,20260526,ik,lm,12088,"[-1.5708,-1.5708,1.5708,-1.5708,-1.5708,0]","[-2.8909057,-1.5004638,1.6503037,-1.5511937,-1.93473,-0.0088528672]","[0.47,0.22,0.42]",,True
47,42,scene_01_single_box,20260526,ik,lm,12089,"[-1.5708,-1.5708,1.5708,-1.5708,-1.5708,0]","[-2.8975737,-1.4988587,1.6453033,-1.5474153,-1.9029172,0.010329999]","[0.47,0.22,0.42]",,True
48,42,scene_01_single_box,20260526,ik,lm,12090,"[-1.5708,-1.5708,1.5708,-1.5708,-1.5708,0]","[-2.8975179,-1.4980599,1.6461055,-1.5545737,-1.9043342,0.011775391]","[0.47,0.22,0.42]",,True
49,42,scene_01_single_box,20260526,ik,lm,12091,"[-1.5708,-1.5708,1.5708,-1.5708,-1.5708,0]","[-2.8997341,-1.4956128,1.6406568,-1.5438249,-1.8917581,-0.015811643]","[0.47,0.22,0.42]",,True
0,42,scene_01_single_box,20260526,ik,scipy_baseline,13042,"[-1.5708,-1.5708,1.5708,-1.5708,-1.5708,0]","[-3.1559748,-1.0679306,1.4388649,1.0946568,-0.38348519,-0.55562438]","[0.47,0.22,0.42]",,True
1,42,scene_01_single_box,20260526,ik,scipy_baseline,13043,"[-1.5708,-1.5708,1.5708,-1.5708,-1.5708,0]","[-3.0908995,-1.4941429,1.6337372,0.036439886,0.90330463,3.3133216]","[0.47,0.22,0.42]",,True
2,42,scene_01_single_box,20260526,ik,scipy_baseline,13044,"[-1.5708,-1.5708,1.5708,-1.5708,-1.5708,0]","[-3.1590767,-1.4383124,1.5952394,-0.050137402,0.34274869,1.3059074]","[0.47,0.22,0.42]",,True
3,42,scene_01_single_box,20260526,ik,scipy_baseline,13045,"[-1.5708,-1.5708,1.5708,-1.5708,-1.5708,0]","[-3.1609479,-1.0736737,1.5166196,1.3404224,-0.31578828,0.019261883]","[0.47,0.22,0.42]",,True
4,42,scene_01_single_box,20260526,ik,scipy_baseline,13046,"[-1.5708,-1.5708,1.5708,-1.5708,-1.5708,0]","[-3.1180029,-1.0860551,1.7216125,2.7654419,0.72495954,-0.080812591]","[0.47,0.22,0.42]",,True
5,42,scene_01_single_box,20260526,ik,scipy_baseline,13047,"[-1.5708,-1.5708,1.5708,-1.5708,-1.5708,0]","[-5.3872745,-3.251528,1.7132048,1.8138714,-0.30086192,-0.29141853]","[0.47,0.22,0.42]",,True
6,42,scene_01_single_box,20260526,ik,scipy_baseline,13048,"[-1.5708,-1.5708,1.5708,-1.5708,-1.5708,0]","[-2.8010191,-0.93930301,1.2021937,0.94565954,-2.5612799,1.727701]","[0.47,0.22,0.42]",,True
7,42,scene_01_single_box,20260526,ik,scipy_baseline,13049,"[-1.5708,-1.5708,1.5708,-1.5708,-1.5708,0]","[-2.8255302,-1.4502477,1.6326618,-1.4928281,-2.3600925,1.7989692]","[0.47,0.22,0.42]",,True
8,42,scene_01_single_box,20260526,ik,scipy_baseline,13050,"[-1.5708,-1.5708,1.5708,-1.5708,-1.5708,0]","[-2.7949167,-1.2516453,1.341288,-0.48819069,-2.6215925,-3.9653909]","[0.47,0.22,0.42]",,True
9,42,scene_01_single_box,20260526,ik,scipy_baseline,13051,"[-1.5708,-1.5708,1.5708,-1.5708,-1.5708,0]","[-3.1483457,-1.055379,1.4895993,1.2063722,-0.46973354,-1.3737563]","[0.47,0.22,0.42]",,True
10,42,scene_01_single_box,20260526,ik,scipy_baseline,13052,"[-1.5708,-1.5708,1.5708,-1.5708,-1.5708,0]","[-3.1522102,-1.4376324,1.5876072,0.023647716,0.42804858,0.9432494]","[0.47,0.22,0.42]",,True
11,42,scene_01_single_box,20260526,ik,scipy_baseline,13053,"[-1.5708,-1.5708,1.5708,-1.5708,-1.5708,0]","[-3.0824753,-1.0914352,1.2013057,0.13621958,-0.9539483,-0.14427912]","[0.47,0.22,0.42]",,True
12,42,scene_01_single_box,20260526,ik,scipy_baseline,13054,"[-1.5708,-1.5708,1.5708,-1.5708,-1.5708,0]","[-3.1347694,-1.5367324,1.7408696,-0.38490595,0.59547926,2.033111]","[0.47,0.22,0.42]",,True
13,42,scene_01_single_box,20260526,ik,scipy_baseline,13055,"[-1.5708,-1.5708,1.5708,-1.5708,-1.5708,0]","[-5.3929578,-3.2420323,1.69585,1.7164437,-0.38019391,-0.0081040526]","[0.47,0.22,0.42]",,True
14,42,scene_01_single_box,20260526,ik,scipy_baseline,13056,"[-1.5708,-1.5708,1.5708,-1.5708,-1.5708,0]","[-3.1575694,-1.4427618,1.6000097,-0.053762868,0.36308195,2.0599493]","[0.47,0.22,0.42]",,True
15,42,scene_01_single_box,20260526,ik,scipy_baseline,13057,"[-1.5708,-1.5708,1.5708,-1.5708,-1.5708,0]","[-2.7999446,-1.4762226,1.8471547,-2.2237819,-2.5714826,4.4630862]","[0.47,0.22,0.42]",,True
16,42,scene_01_single_box,20260526,ik,scipy_baseline,13058,"[-1.5708,-1.5708,1.5708,-1.5708,-1.5708,0]","[-5.3855336,-3.2266021,1.6290735,1.6398033,-0.27220373,0.99072555]","[0.47,0.22,0.42]",,True
17,42,scene_01_single_box,20260526,ik,scipy_baseline,13059,"[-1.5708,-1.5708,1.5708,-1.5708,-1.5708,0]","[-2.7696164,-1.3986597,1.6120774,-0.93087528,-3.0906959,-4.9120502]","[0.47,0.22,0.42]",,True
18,42,scene_01_single_box,20260526,ik,scipy_baseline,13060,"[-1.5708,-1.5708,1.5708,-1.5708,-1.5708,0]","[-3.1709676,-1.2044258,1.3899438,0.72316443,0.076264876,-0.98108845]","[0.47,0.22,0.42]",,True
19,42,scene_01_single_box,20260526,ik,scipy_baseline,13061,"[-1.5708,-1.5708,1.5708,-1.5708,-1.5708,0]","[-3.1318699,-1.0416102,1.5318302,1.2568347,-0.61944678,-0.17672817]","[0.47,0.22,0.42]",,True
20,42,scene_01_single_box,20260526,ik,scipy_baseline,13062,"[-1.5708,-1.5708,1.5708,-1.5708,-1.5708,0]","[-3.1698077,-1.3522709,1.5017416,0.13923325,0.12879478,-0.89634589]","[0.47,0.22,0.42]",,True
21,42,scene_01_single_box,20260526,ik,scipy_baseline,13063,"[-1.5708,-1.5708,1.5708,-1.5708,-1.5708,0]","[-3.1343992,-1.4556891,1.5984983,0.062762063,0.5985847,-1.0248508]","[0.47,0.22,0.42]",,True
22,42,scene_01_single_box,20260526,ik,scipy_baseline,13064,"[-1.5708,-1.5708,1.5708,-1.5708,-1.5708,0]","[-2.7715643,-1.3625855,1.5360696,-0.77057562,-2.9905777,-6.2828758]","[0.47,0.22,0.42]",,True
23,42,scene_01_single_box,20260526,ik,scipy_baseline,13065,"[-1.5708,-1.5708,1.5708,-1.5708,-1.5708,0]","[-3.1509084,-1.2777162,1.4061948,-0.12043233,-0.44249132,-0.29027414]","[0.47,0.22,0.42]",,True
24,42,scene_01_single_box,20260526,ik,scipy_baseline,13066,"[-1.5708,-1.5708,1.5708,-1.5708,-1.5708,0]","[-2.7976849,-0.9394607,1.2343767,1.0451904,-2.5934904,-1.6714692]","[0.47,0.22,0.42]",,True
25,42,scene_01_single_box,20260526,ik,scipy_baseline,13067,"[-1.5708,-1.5708,1.5708,-1.5708,-1.5708,0]","[-5.3800104,-3.2850343,1.7818041,2.1143033,-0.14960491,-0.0093109977]","[0.47,0.22,0.42]",,True
26,42,scene_01_single_box,20260526,ik,scipy_baseline,13068,"[-1.5708,-1.5708,1.5708,-1.5708,-1.5708,0]","[-3.1559359,-1.0860315,1.3784321,0.86339157,-0.38397049,0.95043047]","[0.47,0.22,0.42]",,True
27,42,scene_01_single_box,20260526,ik,scipy_baseline,13069,"[-1.5708,-1.5708,1.5708,-1.5708,-1.5708,0]","[-3.1209596,-1.5746731,1.8283358,-0.62589339,0.70353049,2.2136183]","[0.47,0.22,0.42]",,True
28,42,scene_01_single_box,20260526,ik,scipy_baseline,13070,"[-1.5708,-1.5708,1.5708,-1.5708,-1.5708,0]","[-3.140851,-1.309933,1.4246111,0.62128666,0.54232013,-0.010688671]","[0.47,0.22,0.42]",,True
29,42,scene_01_single_box,20260526,ik,scipy_baseline,13071,"[-1.5708,-1.5708,1.5708,-1.5708,-1.5708,0]","[-2.8319972,-0.92303283,1.3148704,1.1216466,-2.3138766,1.3947895]","[0.47,0.22,0.42]",,True
30,42,scene_01_single_box,20260526,ik,scipy_baseline,13072,"[-1.5708,-1.5708,1.5708,-1.5708,-1.5708,0]","[-3.116242,-1.591042,1.9103208,-0.91654337,0.73749139,-1.1113365]","[0.47,0.22,0.42]",,True
31,42,scene_01_single_box,20260526,ik,scipy_baseline,13073,"[-1.5708,-1.5708,1.5708,-1.5708,-1.5708,0]","[-3.1362177,-1.5224535,1.7127689,-0.30032744,0.58319735,1.8274218]","[0.47,0.22,0.42]",,True
32,42,scene_01_single_box,20260526,ik,scipy_baseline,13074,"[-1.5708,-1.5708,1.5708,-1.5708,-1.5708,0]","[-3.1539373,-1.0709778,1.5672445,1.4129344,-0.40816449,2.2500264]","[0.47,0.22,0.42]",,True
33,42,scene_01_single_box,20260526,ik,scipy_baseline,13075,"[-1.5708,-1.5708,1.5708,-1.5708,-1.5708,0]","[-3.1696122,-1.4323953,1.5982489,-0.48363766,-0.13566751,-0.8427591]","[0.47,0.22,0.42]",,True
34,42,scene_01_single_box,20260526,ik,scipy_baseline,13076,"[-1.5708,-1.5708,1.5708,-1.5708,-1.5708,0]","[-3.1332394,-1.1644925,1.8513516,1.9420554,-0.60822566,2.0928136]","[0.47,0.22,0.42]",,True
35,42,scene_01_single_box,20260526,ik,scipy_baseline,13077,"[-1.5708,-1.5708,1.5708,-1.5708,-1.5708,0]","[-5.3881314,-3.2080844,1.5336292,1.3844499,-0.31404424,0.49429121]","[0.47,0.22,0.42]",,True
36,42,scene_01_single_box,20260526,ik,scipy_baseline,13078,"[-1.5708,-1.5708,1.5708,-1.5708,-1.5708,0]","[-2.844043,-1.4042332,1.5240488,-1.2272171,-2.2326897,3.6419613]","[0.47,0.22,0.42]",,True
37,42,scene_01_single_box,20260526,ik,scipy_baseline,13079,"[-1.5708,-1.5708,1.5708,-1.5708,-1.5708,0]","[-3.1610908,-1.3490534,1.4877288,0.31490097,0.31363781,-0.46717297]","[0.47,0.22,0.42]",,True
38,42,scene_01_single_box,20260526,ik,scipy_baseline,13080,"[-1.5708,-1.5708,1.5708,-1.5708,-1.5708,0]","[-3.1697151,-1.2616647,1.4202017,0.52281779,0.1320934,-1.9519279]","[0.47,0.22,0.42]",,True
39,42,scene_01_single_box,20260526,ik,scipy_baseline,13081,"[-1.5708,-1.5708,1.5708,-1.5708,-1.5708,0]","[-3.1339922,-1.5177495,1.7019198,-0.25699259,0.60198256,-1.5197681]","[0.47,0.22,0.42]",,True
40,42,scene_01_single_box,20260526,ik,scipy_baseline,13082,"[-1.5708,-1.5708,1.5708,-1.5708,-1.5708,0]","[-3.1558742,-1.0778823,1.5924422,1.4824484,-0.38473821,2.2562056]","[0.47,0.22,0.42]",,True
41,42,scene_01_single_box,20260526,ik,scipy_baseline,13083,"[-1.5708,-1.5708,1.5708,-1.5708,-1.5708,0]","[-5.3831345,-3.2289419,1.6317047,1.6803229,-0.22706831,0.0036072629]","[0.47,0.22,0.42]",,True
42,42,scene_01_single_box,20260526,ik,scipy_baseline,13084,"[-1.5708,-1.5708,1.5708,-1.5708,-1.5708,0]","[-3.1473402,-1.1170075,1.3256918,0.52077615,-0.48003844,1.2981455]","[0.47,0.22,0.42]",,True
43,42,scene_01_single_box,20260526,ik,scipy_baseline,13085,"[-1.5708,-1.5708,1.5708,-1.5708,-1.5708,0]","[-2.769521,-1.0723832,1.1981884,0.67003267,-3.1015673,1.7584085]","[0.47,0.22,0.42]",,True
44,42,scene_01_single_box,20260526,ik,scipy_baseline,13086,"[-1.5708,-1.5708,1.5708,-1.5708,-1.5708,0]","[-2.8601139,-1.4938898,1.6920573,-1.7188478,-2.1319094,-4.6633106]","[0.47,0.22,0.42]",,True
45,42,scene_01_single_box,20260526,ik,scipy_baseline,13087,"[-1.5708,-1.5708,1.5708,-1.5708,-1.5708,0]","[-2.8280512,-0.92431389,1.3109124,1.1238866,-2.3418262,1.3676038]","[0.47,0.22,0.42]",,True
46,42,scene_01_single_box,20260526,ik,scipy_baseline,13088,"[-1.5708,-1.5708,1.5708,-1.5708,-1.5708,0]","[-3.1429744,-1.0727391,1.6257392,1.4837862,-0.52266497,-3.147972]","[0.47,0.22,0.42]",,True
47,42,scene_01_single_box,20260526,ik,scipy_baseline,13089,"[-1.5708,-1.5708,1.5708,-1.5708,-1.5708,0]","[-3.1707721,-1.2665195,1.4254154,0.46120447,0.087351692,-2.3643482]","[0.47,0.22,0.42]",,True
48,42,scene_01_single_box,20260526,ik,scipy_baseline,13090,"[-1.5708,-1.5708,1.5708,-1.5708,-1.5708,0]","[-3.1550672,-1.076114,1.5881108,1.4671509,-0.39465678,-0.52640759]","[0.47,0.22,0.42]",,True
49,42,scene_01_single_box,20260526,ik,scipy_baseline,13091,"[-1.5708,-1.5708,1.5708,-1.5708,-1.5708,0]","[-3.1571064,-1.0711719,1.5432202,1.3774518,-0.36911514,0.49494534]","[0.47,0.22,0.42]",,True
0,42,scene_02_multi_obstacles,20260527,ik,pinv,20042,"[-1.5708,-1.5708,1.5708,-1.5708,-1.5708,0]","[-3.8096748,-1.5266448,1.6493444,-1.4176306,-2.7660468,-0.0030680921]","[0.42,-0.28,0.48]",,True
1,42,scene_02_multi_obstacles,20260527,ik,pinv,20043,"[-1.5708,-1.5708,1.5708,-1.5708,-1.5708,0]","[-3.8089881,-1.5170084,1.6415815,-1.4278581,-2.7859852,-0.0043712434]","[0.42,-0.28,0.48]",,True
2,42,scene_02_multi_obstacles,20260527,ik,pinv,20044,"[-1.5708,-1.5708,1.5708,-1.5708,-1.5708,0]","[-3.8080201,-1.5334946,1.6698301,-1.4640333,-2.7904749,0.00074684173]","[0.42,-0.28,0.48]",,True
3,42,scene_02_multi_obstacles,20260527,ik,pinv,20045,"[-1.5708,-1.5708,1.5708,-1.5708,-1.5708,0]","[-3.8084475,-1.5288542,1.6564918,-1.4265231,-2.783347,0.032914578]","[0.42,-0.28,0.48]",,True
4,42,scene_02_multi_obstacles,20260527,ik,pinv,20046,"[-1.5708,-1.5708,1.5708,-1.5708,-1.5708,0]","[-3.8141,-1.5214537,1.6343837,-1.4306826,-2.7141726,0.01588429]","[0.42,-0.28,0.48]",,True
5,42,scene_02_multi_obstacles,20260527,ik,pinv,20047,"[-1.5708,-1.5708,1.5708,-1.5708,-1.5708,0]","[-3.8117903,-1.5258531,1.6458496,-1.4352773,-2.7401368,-0.0084807993]","[0.42,-0.28,0.48]",,True
6,42,scene_02_multi_obstacles,20260527,ik,pinv,20048,"[-1.5708,-1.5708,1.5708,-1.5708,-1.5708,0]","[-3.8097319,-1.5251157,1.6535339,-1.4548713,-2.7706741,0.008207764]","[0.42,-0.28,0.48]",,True
7,42,scene_02_multi_obstacles,20260527,ik,pinv,20049,"[-1.5708,-1.5708,1.5708,-1.5708,-1.5708,0]","[-3.8070382,-1.5304734,1.660223,-1.4111996,-2.8026962,-0.0079011161]","[0.42,-0.28,0.48]",,True
8,42,scene_02_multi_obstacles,20260527,ik,pinv,20050,"[-1.5708,-1.5708,1.5708,-1.5708,-1.5708,0]","[-3.8114738,-1.5241722,1.6447762,-1.4365038,-2.7462562,0.010292231]","[0.42,-0.28,0.48]",,True
9,42,scene_02_multi_obstacles,20260527,ik,pinv,20051,"[-1.5708,-1.5708,1.5708,-1.5708,-1.5708,0]","[-3.8157955,-1.5232913,1.6417036,-1.4821865,-2.6968476,0.013906513]","[0.42,-0.28,0.48]",,True
10,42,scene_02_multi_obstacles,20260527,ik,pinv,20052,"[-1.5708,-1.5708,1.5708,-1.5708,-1.5708,0]","[-3.8137637,-1.5205255,1.6378015,-1.451205,-2.7208,-0.00040516669]","[0.42,-0.28,0.48]",,True
11,42,scene_02_multi_obstacles,20260527,ik,pinv,20053,"[-1.5708,-1.5708,1.5708,-1.5708,-1.5708,0]","[-3.8092686,-1.5259129,1.6494704,-1.4177213,-2.7730564,0.012280808]","[0.42,-0.28,0.48]",,True
12,42,scene_02_multi_obstacles,20260527,ik,pinv,20054,"[-1.5708,-1.5708,1.5708,-1.5708,-1.5708,0]","[-3.8113855,-1.52486,1.6471365,-1.4452892,-2.7479076,0.0052456991]","[0.42,-0.28,0.48]",,True
13,42,scene_02_multi_obstacles,20260527,ik,pinv,20055,"[-1.5708,-1.5708,1.5708,-1.5708,-1.5708,0]","[-3.8113663,-1.5294077,1.6568837,-1.470036,-2.7465625,0.01085736]","[0.42,-0.28,0.48]",,True
14,42,scene_02_multi_obstacles,20260527,ik,pinv,20056,"[-1.5708,-1.5708,1.5708,-1.5708,-1.5708,0]","[-3.8077469,-1.5277603,1.655323,-1.4146451,-2.7944773,0.0054912867]","[0.42,-0.28,0.48]",,True
15,42,scene_02_multi_obstacles,20260527,ik,pinv,20057,"[-1.5708,-1.5708,1.5708,-1.5708,-1.5708,0]","[-3.812034,-1.5212086,1.6373469,-1.420406,-2.7395456,0.070178161]","[0.42,-0.28,0.48]",,True
16,42,scene_02_multi_obstacles,20260527,ik,pinv,20058,"[-1.5708,-1.5708,1.5708,-1.5708,-1.5708,0]","[-3.813097,-1.5255516,1.6466865,-1.4613598,-2.7265782,-0.011577815]","[0.42,-0.28,0.48]",,True
17,42,scene_02_multi_obstacles,20260527,ik,pinv,20059,"[-1.5708,-1.5708,1.5708,-1.5708,-1.5708,0]","[-3.810731,-1.5266919,1.6497878,-1.4382543,-2.7541862,0.029299681]","[0.42,-0.28,0.48]",,True
18,42,scene_02_multi_obstacles,20260527,ik,pinv,20060,"[-1.5708,-1.5708,1.5708,-1.5708,-1.5708,0]","[-3.8122139,-1.5273182,1.6505625,-1.4586912,-2.73571,-0.025346882]","[0.42,-0.28,0.48]",,True
19,42,scene_02_multi_obstacles,20260527,ik,pinv,20061,"[-1.5708,-1.5708,1.5708,-1.5708,-1.5708,0]","[-3.8076636,-1.5235627,1.6489212,-1.405994,-2.7976713,0.0023116026]","[0.42,-0.28,0.48]",,True
20,42,scene_02_multi_obstacles,20260527,ik,pinv,20062,"[-1.5708,-1.5708,1.5708,-1.5708,-1.5708,0]","[-3.8133509,-1.5250228,1.6445629,-1.4561237,-2.7232036,0.019690273]","[0.42,-0.28,0.48]",,True
21,42,scene_02_multi_obstacles,20260527,ik,pinv,20063,"[-1.5708,-1.5708,1.5708,-1.5708,-1.5708,0]","[-3.8066526,-1.5299626,1.6593591,-1.4029278,-2.807932,0.0013176359]","[0.42,-0.28,0.48]",,True
22,42,scene_02_multi_obstacles,20260527,ik,pinv,20064,"[-1.5708,-1.5708,1.5708,-1.5708,-1.5708,0]","[-3.8144885,-1.5225338,1.6418382,-1.4704243,-2.7122172,-0.024298547]","[0.42,-0.28,0.48]",,True
23,42,scene_02_multi_obstacles,20260527,ik,pinv,20065,"[-1.5708,-1.5708,1.5708,-1.5708,-1.5708,0]","[-3.8083299,-1.5265846,1.6517693,-1.4137128,-2.7873902,0.0092714916]","[0.42,-0.28,0.48]",,True
24,42,scene_02_multi_obstacles,20260527,ik,pinv,20066,"[-1.5708,-1.5708,1.5708,-1.5708,-1.5708,0]","[-3.8066013,-1.5178622,1.6510718,-1.4368427,-2.8225095,0.0046272499]","[0.42,-0.28,0.48]",,True
25,42,scene_02_multi_obstacles,20260527,ik,pinv,20067,"[-1.5708,-1.5708,1.5708,-1.5708,-1.5708,0]","[-3.8134996,-1.5243213,1.6485423,-1.4840028,-2.7239388,0.0027775734]","[0.42,-0.28,0.48]",,True
26,42,scene_02_multi_obstacles,20260527,ik,pinv,20068,"[-1.5708,-1.5708,1.5708,-1.5708,-1.5708,0]","[-3.8101987,-1.5309682,1.6617121,-1.4702252,-2.7610966,0.0058629904]","[0.42,-0.28,0.48]",,True
27,42,scene_02_multi_obstacles,20260527,ik,pinv,20069,"[-1.5708,-1.5708,1.5708,-1.5708,-1.5708,0]","[-3.8057475,-1.5186518,1.654827,-1.4360705,-2.8361737,0.013560022]","[0.42,-0.28,0.48]",,True
28,42,scene_02_multi_obstacles,20260527,ik,pinv,20070,"[-1.5708,-1.5708,1.5708,-1.5708,-1.5708,0]","[-3.8102921,-1.5255207,1.6518735,-1.4509388,-2.7624861,-0.0097517798]","[0.42,-0.28,0.48]",,True
29,42,scene_02_multi_obstacles,20260527,ik,pinv,20071,"[-1.5708,-1.5708,1.5708,-1.5708,-1.5708,0]","[-3.8102725,-1.5267552,1.6544146,-1.4573713,-2.7618953,0.0020228565]","[0.42,-0.28,0.48]",,True
30,42,scene_02_multi_obstacles,20260527,ik,pinv,20072,"[-1.5708,-1.5708,1.5708,-1.5708,-1.5708,0]","[-3.8136142,-1.5288792,1.6512202,-1.4702041,-2.7176725,0.0098188773]","[0.42,-0.28,0.48]",,True
31,42,scene_02_multi_obstacles,20260527,ik,pinv,20073,"[-1.5708,-1.5708,1.5708,-1.5708,-1.5708,0]","[-3.8106841,-1.5207807,1.6398289,-1.4188369,-2.7576626,0.012539284]","[0.42,-0.28,0.48]",,True
32,42,scene_02_multi_obstacles,20260527,ik,pinv,20074,"[-1.5708,-1.5708,1.5708,-1.5708,-1.5708,0]","[-3.8144101,-1.5242302,1.6428551,-1.4644903,-2.7111327,0.0065839725]","[0.42,-0.28,0.48]",,True
33,42,scene_02_multi_obstacles,20260527,ik,pinv,20075,"[-1.5708,-1.5708,1.5708,-1.5708,-1.5708,0]","[-3.8125754,-1.5232521,1.6371967,-1.4131296,-2.7303184,-0.052309951]","[0.42,-0.28,0.48]",,True
34,42,scene_02_multi_obstacles,20260527,ik,pinv,20076,"[-1.5708,-1.5708,1.5708,-1.5708,-1.5708,0]","[-3.8089816,-1.519853,1.6447632,-1.4270989,-2.7834741,0.020256101]","[0.42,-0.28,0.48]",,True
35,42,scene_02_multi_obstacles,20260527,ik,pinv,20077,"[-1.5708,-1.5708,1.5708,-1.5708,-1.5708,0]","[-3.8124661,-1.5200952,1.6391599,-1.4457365,-2.7379099,0.0042892355]","[0.42,-0.28,0.48]",,True
36,42,scene_02_multi_obstacles,20260527,ik,pinv,20078,"[-1.5708,-1.5708,1.5708,-1.5708,-1.5708,0]","[-3.805701,-1.5315514,1.66943,-1.4363048,-2.8267966,0.014294385]","[0.42,-0.28,0.48]",,True
37,42,scene_02_multi_obstacles,20260527,ik,pinv,20079,"[-1.5708,-1.5708,1.5708,-1.5708,-1.5708,0]","[-3.8138761,-1.5246765,1.6485599,-1.4873959,-2.71959,0.0089714584]","[0.42,-0.28,0.48]",,True
38,42,scene_02_multi_obstacles,20260527,ik,pinv,20080,"[-1.5708,-1.5708,1.5708,-1.5708,-1.5708,0]","[-3.8121435,-1.5237029,1.6418718,-1.4321354,-2.7374443,-0.010370666]","[0.42,-0.28,0.48]",,True
39,42,scene_02_multi_obstacles,20260527,ik,pinv,20081,"[-1.5708,-1.5708,1.5708,-1.5708,-1.5708,0]","[-3.8109794,-1.5260743,1.6453113,-1.4188977,-2.7497093,0.015489837]","[0.42,-0.28,0.48]",,True
40,42,scene_02_multi_obstacles,20260527,ik,pinv,20082,"[-1.5708,-1.5708,1.5708,-1.5708,-1.5708,0]","[-3.8083497,-1.5269783,1.6540898,-1.4235824,-2.7862491,0.018140481]","[0.42,-0.28,0.48]",,True
41,42,scene_02_multi_obstacles,20260527,ik,pinv,20083,"[-1.5708,-1.5708,1.5708,-1.5708,-1.5708,0]","[-3.8124381,-1.52811,1.653842,-1.4763281,-2.7338262,0.020681626]","[0.42,-0.28,0.48]",,True
42,42,scene_02_multi_obstacles,20260527,ik,pinv,20084,"[-1.5708,-1.5708,1.5708,-1.5708,-1.5708,0]","[-3.8078761,-1.527872,1.6545503,-1.412906,-2.7915547,0.0028137153]","[0.42,-0.28,0.48]",,True
43,42,scene_02_multi_obstacles,20260527,ik,pinv,20085,"[-1.5708,-1.5708,1.5708,-1.5708,-1.5708,0]","[-3.8070126,-1.5169011,1.6464483,-1.423535,-2.8158237,0.0012678441]","[0.42,-0.28,0.48]",,True
44,42,scene_02_multi_obstacles,20260527,ik,pinv,20086,"[-1.5708,-1.5708,1.5708,-1.5708,-1.5708,0]","[-3.8082606,-1.5185556,1.6477988,-1.4406597,-2.7963379,0.0089599614]","[0.42,-0.28,0.48]",,True
45,42,scene_02_multi_obstacles,20260527,ik,pinv,20087,"[-1.5708,-1.5708,1.5708,-1.5708,-1.5708,0]","[-3.8094813,-1.5249763,1.6526286,-1.4470735,-2.7742725,-0.017324564]","[0.42,-0.28,0.48]",,True
46,42,scene_02_multi_obstacles,20260527,ik,pinv,20088,"[-1.5708,-1.5708,1.5708,-1.5708,-1.5708,0]","[-3.8102071,-1.5243123,1.6458357,-1.4243084,-2.7622591,0.0057590348]","[0.42,-0.28,0.48]",,True
47,42,scene_02_multi_obstacles,20260527,ik,pinv,20089,"[-1.5708,-1.5708,1.5708,-1.5708,-1.5708,0]","[-3.8121783,-1.5278731,1.6486709,-1.4429236,-2.7341995,-0.040276969]","[0.42,-0.28,0.48]",,True
48,42,scene_02_multi_obstacles,20260527,ik,pinv,20090,"[-1.5708,-1.5708,1.5708,-1.5708,-1.5708,0]","[-3.8061848,-1.5284893,1.6584579,-1.400614,-2.8175569,0.0071979985]","[0.42,-0.28,0.48]",,True
49,42,scene_02_multi_obstacles,20260527,ik,pinv,20091,"[-1.5708,-1.5708,1.5708,-1.5708,-1.5708,0]","[-3.8119289,-1.5233608,1.643317,-1.4391267,-2.7409761,0.0099688963]","[0.42,-0.28,0.48]",,True
0,42,scene_02_multi_obstacles,20260527,ik,dls,21042,"[-1.5708,-1.5708,1.5708,-1.5708,-1.5708,0]","[-3.812522,-1.5232441,1.6411139,-1.430065,-2.7390354,-0.023521967]","[0.42,-0.28,0.48]",,True
1,42,scene_02_multi_obstacles,20260527,ik,dls,21043,"[-1.5708,-1.5708,1.5708,-1.5708,-1.5708,0]","[-3.8112962,-1.5308361,1.6558337,-1.4464546,-2.7505209,0.041448022]","[0.42,-0.28,0.48]",,True
2,42,scene_02_multi_obstacles,20260527,ik,dls,21044,"[-1.5708,-1.5708,1.5708,-1.5708,-1.5708,0]","[-3.8150275,-1.5227664,1.6383012,-1.4537513,-2.7083231,0.00059937543]","[0.42,-0.28,0.48]",,True
3,42,scene_02_multi_obstacles,20260527,ik,dls,21045,"[-1.5708,-1.5708,1.5708,-1.5708,-1.5708,0]","[-3.8154868,-1.526365,1.6437046,-1.4639861,-2.7024678,-0.026473831]","[0.42,-0.28,0.48]",,True
4,42,scene_02_multi_obstacles,20260527,ik,dls,21046,"[-1.5708,-1.5708,1.5708,-1.5708,-1.5708,0]","[-3.8160154,-1.5246001,1.6379466,-1.4491975,-2.6960784,0.024714295]","[0.42,-0.28,0.48]",,True
5,42,scene_02_multi_obstacles,20260527,ik,dls,21047,"[-1.5708,-1.5708,1.5708,-1.5708,-1.5708,0]","[-3.8138933,-1.5236835,1.6413244,-1.4494257,-2.7220444,-0.018159246]","[0.42,-0.28,0.48]",,True
6,42,scene_02_multi_obstacles,20260527,ik,dls,21048,"[-1.5708,-1.5708,1.5708,-1.5708,-1.5708,0]","[-3.8108355,-1.5258601,1.6490843,-1.4346495,-2.7597789,-0.0075778151]","[0.42,-0.28,0.48]",,True
7,42,scene_02_multi_obstacles,20260527,ik,dls,21049,"[-1.5708,-1.5708,1.5708,-1.5708,-1.5708,0]","[-3.8111413,-1.5289934,1.6506796,-1.4273898,-2.7531901,0.0040267216]","[0.42,-0.28,0.48]",,True
8,42,scene_02_multi_obstacles,20260527,ik,dls,21050,"[-1.5708,-1.5708,1.5708,-1.5708,-1.5708,0]","[-3.8126056,-1.5293905,1.6511433,-1.4480301,-2.7344563,-0.0066921414]","[0.42,-0.28,0.48]",,True
9,42,scene_02_multi_obstacles,20260527,ik,dls,21051,"[-1.5708,-1.5708,1.5708,-1.5708,-1.5708,0]","[-3.8190649,-1.5265128,1.6403075,-1.4899291,-2.662058,0.0098234605]","[0.42,-0.28,0.48]",,True
10,42,scene_02_multi_obstacles,20260527,ik,dls,21052,"[-1.5708,-1.5708,1.5708,-1.5708,-1.5708,0]","[-3.8127957,-1.5219605,1.6389392,-1.431257,-2.7352697,-0.013117815]","[0.42,-0.28,0.48]",,True
11,42,scene_02_multi_obstacles,20260527,ik,dls,21053,"[-1.5708,-1.5708,1.5708,-1.5708,-1.5708,0]","[-3.8179991,-1.5218034,1.6309211,-1.4555389,-2.6744168,-0.0082899067]","[0.42,-0.28,0.48]",,True
12,42,scene_02_multi_obstacles,20260527,ik,dls,21054,"[-1.5708,-1.5708,1.5708,-1.5708,-1.5708,0]","[-3.8129151,-1.5211413,1.6343879,-1.409892,-2.7336685,0.030055414]","[0.42,-0.28,0.48]",,True
13,42,scene_02_multi_obstacles,20260527,ik,dls,21055,"[-1.5708,-1.5708,1.5708,-1.5708,-1.5708,0]","[-3.8163738,-1.5218775,1.6320745,-1.4407459,-2.6920459,-0.0071717074]","[0.42,-0.28,0.48]",,True
14,42,scene_02_multi_obstacles,20260527,ik,dls,21056,"[-1.5708,-1.5708,1.5708,-1.5708,-1.5708,0]","[-3.8172759,-1.5230883,1.6358514,-1.4674305,-2.6826513,0.012220794]","[0.42,-0.28,0.48]",,True
15,42,scene_02_multi_obstacles,20260527,ik,dls,21057,"[-1.5708,-1.5708,1.5708,-1.5708,-1.5708,0]","[-3.8157956,-1.5303001,1.6468233,-1.4579636,-2.6960445,0.016150439]","[0.42,-0.28,0.48]",,True
16,42,scene_02_multi_obstacles,20260527,ik,dls,21058,"[-1.5708,-1.5708,1.5708,-1.5708,-1.5708,0]","[-3.8131798,-1.5256742,1.6469637,-1.4568308,-2.7304985,0.0012941275]","[0.42,-0.28,0.48]",,True
17,42,scene_02_multi_obstacles,20260527,ik,dls,21059,"[-1.5708,-1.5708,1.5708,-1.5708,-1.5708,0]","[-3.8160085,-1.5271474,1.6481469,-1.494226,-2.6968843,-0.023910335]","[0.42,-0.28,0.48]",,True
18,42,scene_02_multi_obstacles,20260527,ik,dls,21060,"[-1.5708,-1.5708,1.5708,-1.5708,-1.5708,0]","[-3.8170593,-1.5244171,1.6386176,-1.470964,-2.6847311,-0.0092130304]","[0.42,-0.28,0.48]",,True
19,42,scene_02_multi_obstacles,20260527,ik,dls,21061,"[-1.5708,-1.5708,1.5708,-1.5708,-1.5708,0]","[-3.8158424,-1.5232502,1.6351797,-1.4417885,-2.6981344,0.0019505875]","[0.42,-0.28,0.48]",,True
20,42,scene_02_multi_obstacles,20260527,ik,dls,21062,"[-1.5708,-1.5708,1.5708,-1.5708,-1.5708,0]","[-3.8157604,-1.5209055,1.6300327,-1.4270816,-2.699438,-0.021740752]","[0.42,-0.28,0.48]",,True
21,42,scene_02_multi_obstacles,20260527,ik,dls,21063,"[-1.5708,-1.5708,1.5708,-1.5708,-1.5708,0]","[-3.8154716,-1.5259755,1.6443904,-1.4730992,-2.7029816,0.011128674]","[0.42,-0.28,0.48]",,True
22,42,scene_02_multi_obstacles,20260527,ik,dls,21064,"[-1.5708,-1.5708,1.5708,-1.5708,-1.5708,0]","[-3.8154174,-1.5256216,1.6424398,-1.4615597,-2.7032694,0.024255828]","[0.42,-0.28,0.48]",,True
23,42,scene_02_multi_obstacles,20260527,ik,dls,21065,"[-1.5708,-1.5708,1.5708,-1.5708,-1.5708,0]","[-3.8153774,-1.5278131,1.6422902,-1.4435905,-2.701536,0.015804563]","[0.42,-0.28,0.48]",,True
24,42,scene_02_multi_obstacles,20260527,ik,dls,21066,"[-1.5708,-1.5708,1.5708,-1.5708,-1.5708,0]","[-3.8130513,-1.5265059,1.6469372,-1.4496345,-2.7315103,0.039476172]","[0.42,-0.28,0.48]",,True
25,42,scene_02_multi_obstacles,20260527,ik,dls,21067,"[-1.5708,-1.5708,1.5708,-1.5708,-1.5708,0]","[-3.8101842,-1.5163888,1.6350528,-1.4106803,-2.7720375,4.9826104e-05]","[0.42,-0.28,0.48]",,True
26,42,scene_02_multi_obstacles,20260527,ik,dls,21068,"[-1.5708,-1.5708,1.5708,-1.5708,-1.5708,0]","[-3.8100525,-1.5292002,1.6541593,-1.4307015,-2.7678109,0.026100058]","[0.42,-0.28,0.48]",,True
27,42,scene_02_multi_obstacles,20260527,ik,dls,21069,"[-1.5708,-1.5708,1.5708,-1.5708,-1.5708,0]","[-3.8150979,-1.5260753,1.6429129,-1.4561035,-2.7072479,-0.022450321]","[0.42,-0.28,0.48]",,True
28,42,scene_02_multi_obstacles,20260527,ik,dls,21070,"[-1.5708,-1.5708,1.5708,-1.5708,-1.5708,0]","[-3.8170556,-1.528939,1.647804,-1.4904239,-2.6842887,0.019131546]","[0.42,-0.28,0.48]",,True
29,42,scene_02_multi_obstacles,20260527,ik,dls,21071,"[-1.5708,-1.5708,1.5708,-1.5708,-1.5708,0]","[-3.8156045,-1.5260147,1.6424769,-1.460992,-2.7012148,-0.026214072]","[0.42,-0.28,0.48]",,True
30,42,scene_02_multi_obstacles,20260527,ik,dls,21072,"[-1.5708,-1.5708,1.5708,-1.5708,-1.5708,0]","[-3.8119555,-1.5278455,1.6486121,-1.4340106,-2.7432929,0.0098230368]","[0.42,-0.28,0.48]",,True
31,42,scene_02_multi_obstacles,20260527,ik,dls,21073,"[-1.5708,-1.5708,1.5708,-1.5708,-1.5708,0]","[-3.8096798,-1.5310527,1.6600946,-1.4463221,-2.7730573,0.01471171]","[0.42,-0.28,0.48]",,True
32,42,scene_02_multi_obstacles,20260527,ik,dls,21074,"[-1.5708,-1.5708,1.5708,-1.5708,-1.5708,0]","[-3.8127463,-1.5255423,1.6479985,-1.4586032,-2.7361053,0.003029653]","[0.42,-0.28,0.48]",,True
33,42,scene_02_multi_obstacles,20260527,ik,dls,21075,"[-1.5708,-1.5708,1.5708,-1.5708,-1.5708,0]","[-3.8100691,-1.5285509,1.652607,-1.4264792,-2.7681784,-0.011116675]","[0.42,-0.28,0.48]",,True
34,42,scene_02_multi_obstacles,20260527,ik,dls,21076,"[-1.5708,-1.5708,1.5708,-1.5708,-1.5708,0]","[-3.8085824,-1.5321,1.663222,-1.4402237,-2.7874126,0.0074044026]","[0.42,-0.28,0.48]",,True
35,42,scene_02_multi_obstacles,20260527,ik,dls,21077,"[-1.5708,-1.5708,1.5708,-1.5708,-1.5708,0]","[-3.8116223,-1.5275154,1.6494583,-1.4377942,-2.748631,-0.00462418]","[0.42,-0.28,0.48]",,True
36,42,scene_02_multi_obstacles,20260527,ik,dls,21078,"[-1.5708,-1.5708,1.5708,-1.5708,-1.5708,0]","[-3.8189986,-1.5244577,1.6336536,-1.4648611,-2.6630416,0.029786721]","[0.42,-0.28,0.48]",,True
37,42,scene_02_multi_obstacles,20260527,ik,dls,21079,"[-1.5708,-1.5708,1.5708,-1.5708,-1.5708,0]","[-3.815353,-1.5231619,1.6382343,-1.454856,-2.7043611,0.01763133]","[0.42,-0.28,0.48]",,True
38,42,scene_02_multi_obstacles,20260527,ik,dls,21080,"[-1.5708,-1.5708,1.5708,-1.5708,-1.5708,0]","[-3.8118905,-1.5268452,1.6527141,-1.4637667,-2.7472604,0.0084620286]","[0.42,-0.28,0.48]",,True
39,42,scene_02_multi_obstacles,20260527,ik,dls,21081,"[-1.5708,-1.5708,1.5708,-1.5708,-1.5708,0]","[-3.8147675,-1.5253203,1.6470171,-1.4846759,-2.7117506,-0.027996243]","[0.42,-0.28,0.48]",,True
40,42,scene_02_multi_obstacles,20260527,ik,dls,21082,"[-1.5708,-1.5708,1.5708,-1.5708,-1.5708,0]","[-3.8105249,-1.522398,1.6514519,-1.4691399,-2.7671969,-0.0252486]","[0.42,-0.28,0.48]",,True
41,42,scene_02_multi_obstacles,20260527,ik,dls,21083,"[-1.5708,-1.5708,1.5708,-1.5708,-1.5708,0]","[-3.8125118,-1.529457,1.6553583,-1.4698673,-2.7375768,0.011999843]","[0.42,-0.28,0.48]",,True
42,42,scene_02_multi_obstacles,20260527,ik,dls,21084,"[-1.5708,-1.5708,1.5708,-1.5708,-1.5708,0]","[-3.8107382,-1.5311119,1.6597854,-1.461053,-2.7592807,-0.017318824]","[0.42,-0.28,0.48]",,True
43,42,scene_02_multi_obstacles,20260527,ik,dls,21085,"[-1.5708,-1.5708,1.5708,-1.5708,-1.5708,0]","[-3.8127416,-1.5291428,1.6499256,-1.4443903,-2.7331655,0.0071640292]","[0.42,-0.28,0.48]",,True
44,42,scene_02_multi_obstacles,20260527,ik,dls,21086,"[-1.5708,-1.5708,1.5708,-1.5708,-1.5708,0]","[-3.8194213,-1.5226497,1.6279819,-1.4480406,-2.6583015,-0.0026247277]","[0.42,-0.28,0.48]",,True
45,42,scene_02_multi_obstacles,20260527,ik,dls,21087,"[-1.5708,-1.5708,1.5708,-1.5708,-1.5708,0]","[-3.8182184,-1.5293466,1.6487378,-1.5087864,-2.6716299,-0.0047318322]","[0.42,-0.28,0.48]",,True
46,42,scene_02_multi_obstacles,20260527,ik,dls,21088,"[-1.5708,-1.5708,1.5708,-1.5708,-1.5708,0]","[-3.8119556,-1.5233847,1.6417031,-1.4242896,-2.745642,-0.0070084501]","[0.42,-0.28,0.48]",,True
47,42,scene_02_multi_obstacles,20260527,ik,dls,21089,"[-1.5708,-1.5708,1.5708,-1.5708,-1.5708,0]","[-3.8113685,-1.5304012,1.6620768,-1.4861509,-2.753124,0.014837038]","[0.42,-0.28,0.48]",,True
48,42,scene_02_multi_obstacles,20260527,ik,dls,21090,"[-1.5708,-1.5708,1.5708,-1.5708,-1.5708,0]","[-3.8138195,-1.5240524,1.6425153,-1.4521843,-2.7224444,-0.0078067911]","[0.42,-0.28,0.48]",,True
49,42,scene_02_multi_obstacles,20260527,ik,dls,21091,"[-1.5708,-1.5708,1.5708,-1.5708,-1.5708,0]","[-3.811377,-1.5288366,1.6550965,-1.457849,-2.7523934,-0.0095701902]","[0.42,-0.28,0.48]",,True
0,42,scene_02_multi_obstacles,20260527,ik,lm,22042,"[-1.5708,-1.5708,1.5708,-1.5708,-1.5708,0]","[-3.8123573,-1.5257683,1.6435267,-1.4225425,-2.7413572,0.022772635]","[0.42,-0.28,0.48]",,True
1,42,scene_02_multi_obstacles,20260527,ik,lm,22043,"[-1.5708,-1.5708,1.5708,-1.5708,-1.5708,0]","[-3.8149202,-1.5215805,1.6327225,-1.4265865,-2.7101532,-0.0052997928]","[0.42,-0.28,0.48]",,True
2,42,scene_02_multi_obstacles,20260527,ik,lm,22044,"[-1.5708,-1.5708,1.5708,-1.5708,-1.5708,0]","[-3.8153091,-1.5250016,1.6430343,-1.4688958,-2.7061094,-0.01574566]","[0.42,-0.28,0.48]",,True
3,42,scene_02_multi_obstacles,20260527,ik,lm,22045,"[-1.5708,-1.5708,1.5708,-1.5708,-1.5708,0]","[-3.8113472,-1.5336915,1.6638535,-1.4735416,-2.7530272,-0.029715015]","[0.42,-0.28,0.48]",,True
4,42,scene_02_multi_obstacles,20260527,ik,lm,22046,"[-1.5708,-1.5708,1.5708,-1.5708,-1.5708,0]","[-3.8109866,-1.5291103,1.6546196,-1.4438898,-2.7588462,-0.0096792016]","[0.42,-0.28,0.48]",,True
5,42,scene_02_multi_obstacles,20260527,ik,lm,22047,"[-1.5708,-1.5708,1.5708,-1.5708,-1.5708,0]","[-3.8148626,-1.5250454,1.6424499,-1.4584461,-2.7109039,0.0050298318]","[0.42,-0.28,0.48]",,True
6,42,scene_02_multi_obstacles,20260527,ik,lm,22048,"[-1.5708,-1.5708,1.5708,-1.5708,-1.5708,0]","[-3.8150762,-1.5253508,1.6405686,-1.4472552,-2.708322,-0.0065954581]","[0.42,-0.28,0.48]",,True
7,42,scene_02_multi_obstacles,20260527,ik,lm,22049,"[-1.5708,-1.5708,1.5708,-1.5708,-1.5708,0]","[-3.8154803,-1.525089,1.6401027,-1.4529006,-2.7038552,6.2954741e-06]","[0.42,-0.28,0.48]",,True
8,42,scene_02_multi_obstacles,20260527,ik,lm,22050,"[-1.5708,-1.5708,1.5708,-1.5708,-1.5708,0]","[-3.814485,-1.5299859,1.6527235,-1.4766538,-2.7156556,0.0033209819]","[0.42,-0.28,0.48]",,True
9,42,scene_02_multi_obstacles,20260527,ik,lm,22051,"[-1.5708,-1.5708,1.5708,-1.5708,-1.5708,0]","[-3.8118494,-1.5274084,1.6469648,-1.4241183,-2.7466207,0.050722035]","[0.42,-0.28,0.48]",,True
10,42,scene_02_multi_obstacles,20260527,ik,lm,22052,"[-1.5708,-1.5708,1.5708,-1.5708,-1.5708,0]","[-3.8180886,-1.5265251,1.6419969,-1.4877567,-2.6743492,0.0077368557]","[0.42,-0.28,0.48]",,True
11,42,scene_02_multi_obstacles,20260527,ik,lm,22053,"[-1.5708,-1.5708,1.5708,-1.5708,-1.5708,0]","[-3.8149281,-1.5254412,1.6408092,-1.4458044,-2.7099755,0.015545274]","[0.42,-0.28,0.48]",,True
12,42,scene_02_multi_obstacles,20260527,ik,lm,22054,"[-1.5708,-1.5708,1.5708,-1.5708,-1.5708,0]","[-3.8088562,-1.5203028,1.6483015,-1.4382067,-2.7922706,0.012913072]","[0.42,-0.28,0.48]",,True
13,42,scene_02_multi_obstacles,20260527,ik,lm,22055,"[-1.5708,-1.5708,1.5708,-1.5708,-1.5708,0]","[-3.8133857,-1.529386,1.6536153,-1.4708459,-2.7292846,0.032946555]","[0.42,-0.28,0.48]",,True
14,42,scene_02_multi_obstacles,20260527,ik,lm,22056,"[-1.5708,-1.5708,1.5708,-1.5708,-1.5708,0]","[-3.8147416,-1.5288964,1.6515563,-1.4821374,-2.7122884,-0.02401288]","[0.42,-0.28,0.48]",,True
15,42,scene_02_multi_obstacles,20260527,ik,lm,22057,"[-1.5708,-1.5708,1.5708,-1.5708,-1.5708,0]","[-3.8152605,-1.526446,1.6407363,-1.4404576,-2.7061321,0.016381787]","[0.42,-0.28,0.48]",,True
16,42,scene_02_multi_obstacles,20260527,ik,lm,22058,"[-1.5708,-1.5708,1.5708,-1.5708,-1.5708,0]","[-3.8117821,-1.5254789,1.6476537,-1.4421101,-2.7497897,-0.01335262]","[0.42,-0.28,0.48]",,True
17,42,scene_02_multi_obstacles,20260527,ik,lm,22059,"[-1.5708,-1.5708,1.5708,-1.5708,-1.5708,0]","[-3.8146558,-1.5290275,1.6533664,-1.4914421,-2.7136109,0.0099917781]","[0.42,-0.28,0.48]",,True
18,42,scene_02_multi_obstacles,20260527,ik,lm,22060,"[-1.5708,-1.5708,1.5708,-1.5708,-1.5708,0]","[-3.8163047,-1.5307037,1.6506797,-1.4808833,-2.6934125,-0.007962213]","[0.42,-0.28,0.48]",,True
19,42,scene_02_multi_obstacles,20260527,ik,lm,22061,"[-1.5708,-1.5708,1.5708,-1.5708,-1.5708,0]","[-3.8122486,-1.5244497,1.6428722,-1.4260625,-2.7434142,-0.0033431634]","[0.42,-0.28,0.48]",,True
20,42,scene_02_multi_obstacles,20260527,ik,lm,22062,"[-1.5708,-1.5708,1.5708,-1.5708,-1.5708,0]","[-3.814626,-1.5270991,1.6455948,-1.4576589,-2.7138844,-0.0046342362]","[0.42,-0.28,0.48]",,True
21,42,scene_02_multi_obstacles,20260527,ik,lm,22063,"[-1.5708,-1.5708,1.5708,-1.5708,-1.5708,0]","[-3.8149228,-1.535733,1.6618454,-1.496053,-2.7087684,0.01825403]","[0.42,-0.28,0.48]",,True
22,42,scene_02_multi_obstacles,20260527,ik,lm,22064,"[-1.5708,-1.5708,1.5708,-1.5708,-1.5708,0]","[-3.8189895,-1.5275725,1.6411739,-1.485637,-2.6640801,-0.038637069]","[0.42,-0.28,0.48]",,True
23,42,scene_02_multi_obstacles,20260527,ik,lm,22065,"[-1.5708,-1.5708,1.5708,-1.5708,-1.5708,0]","[-3.8145136,-1.52777,1.6493574,-1.4752541,-2.7155775,-0.023871988]","[0.42,-0.28,0.48]",,True
24,42,scene_02_multi_obstacles,20260527,ik,lm,22066,"[-1.5708,-1.5708,1.5708,-1.5708,-1.5708,0]","[-3.8124209,-1.5286674,1.6542398,-1.4670302,-2.7416453,-0.013079068]","[0.42,-0.28,0.48]",,True
25,42,scene_02_multi_obstacles,20260527,ik,lm,22067,"[-1.5708,-1.5708,1.5708,-1.5708,-1.5708,0]","[-3.8122405,-1.533506,1.66392,-1.4864496,-2.7417835,0.0033345672]","[0.42,-0.28,0.48]",,True
26,42,scene_02_multi_obstacles,20260527,ik,lm,22068,"[-1.5708,-1.5708,1.5708,-1.5708,-1.5708,0]","[-3.8191546,-1.5231003,1.6319739,-1.4660957,-2.6626999,0.037242344]","[0.42,-0.28,0.48]",,True
27,42,scene_02_multi_obstacles,20260527,ik,lm,22069,"[-1.5708,-1.5708,1.5708,-1.5708,-1.5708,0]","[-3.8140418,-1.5277391,1.6482256,-1.4592897,-2.7209309,0.0030394685]","[0.42,-0.28,0.48]",,True
28,42,scene_02_multi_obstacles,20260527,ik,lm,22070,"[-1.5708,-1.5708,1.5708,-1.5708,-1.5708,0]","[-3.816275,-1.5236912,1.6357475,-1.4459557,-2.6943468,0.02689603]","[0.42,-0.28,0.48]",,True
29,42,scene_02_multi_obstacles,20260527,ik,lm,22071,"[-1.5708,-1.5708,1.5708,-1.5708,-1.5708,0]","[-3.8134417,-1.5288566,1.6510443,-1.4599812,-2.728039,-0.0085375348]","[0.42,-0.28,0.48]",,True
30,42,scene_02_multi_obstacles,20260527,ik,lm,22072,"[-1.5708,-1.5708,1.5708,-1.5708,-1.5708,0]","[-3.8144929,-1.526599,1.6458042,-1.4618775,-2.7153324,0.037776923]","[0.42,-0.28,0.48]",,True
31,42,scene_02_multi_obstacles,20260527,ik,lm,22073,"[-1.5708,-1.5708,1.5708,-1.5708,-1.5708,0]","[-3.813691,-1.5294138,1.6534723,-1.4739038,-2.7254205,0.017193004]","[0.42,-0.28,0.48]",,True
32,42,scene_02_multi_obstacles,20260527,ik,lm,22074,"[-1.5708,-1.5708,1.5708,-1.5708,-1.5708,0]","[-3.8161529,-1.5295297,1.6499258,-1.4863312,-2.6956823,0.015935247]","[0.42,-0.28,0.48]",,True
33,42,scene_02_multi_obstacles,20260527,ik,lm,22075,"[-1.5708,-1.5708,1.5708,-1.5708,-1.5708,0]","[-3.8133411,-1.5282806,1.6529029,-1.475962,-2.7299608,-0.0080061336]","[0.42,-0.28,0.48]",,True
34,42,scene_02_multi_obstacles,20260527,ik,lm,22076,"[-1.5708,-1.5708,1.5708,-1.5708,-1.5708,0]","[-3.8142062,-1.5269166,1.6481711,-1.4697803,-2.7191031,-0.024445594]","[0.42,-0.28,0.48]",,True
35,42,scene_02_multi_obstacles,20260527,ik,lm,22077,"[-1.5708,-1.5708,1.5708,-1.5708,-1.5708,0]","[-3.8119575,-1.528176,1.6510052,-1.4438906,-2.7464725,0.040466281]","[0.42,-0.28,0.48]",,True
36,42,scene_02_multi_obstacles,20260527,ik,lm,22078,"[-1.5708,-1.5708,1.5708,-1.5708,-1.5708,0]","[-3.8130205,-1.5300702,1.6520955,-1.4519367,-2.7316547,0.021510525]","[0.42,-0.28,0.48]",,True
37,42,scene_02_multi_obstacles,20260527,ik,lm,22079,"[-1.5708,-1.5708,1.5708,-1.5708,-1.5708,0]","[-3.812527,-1.5284642,1.6521992,-1.4570784,-2.7393688,0.023564368]","[0.42,-0.28,0.48]",,True
38,42,scene_02_multi_obstacles,20260527,ik,lm,22080,"[-1.5708,-1.5708,1.5708,-1.5708,-1.5708,0]","[-3.8153213,-1.5223089,1.633352,-1.4294393,-2.7054719,0.020861293]","[0.42,-0.28,0.48]",,True
39,42,scene_02_multi_obstacles,20260527,ik,lm,22081,"[-1.5708,-1.5708,1.5708,-1.5708,-1.5708,0]","[-3.8157536,-1.5297614,1.6511934,-1.4871496,-2.7005111,-0.015268165]","[0.42,-0.28,0.48]",,True
40,42,scene_02_multi_obstacles,20260527,ik,lm,22082,"[-1.5708,-1.5708,1.5708,-1.5708,-1.5708,0]","[-3.8112107,-1.5337336,1.662251,-1.4613227,-2.7537296,-0.017510707]","[0.42,-0.28,0.48]",,True
41,42,scene_02_multi_obstacles,20260527,ik,lm,22083,"[-1.5708,-1.5708,1.5708,-1.5708,-1.5708,0]","[-3.8128956,-1.5286382,1.6483227,-1.4382252,-2.7332805,0.0055388577]","[0.42,-0.28,0.48]",,True
42,42,scene_02_multi_obstacles,20260527,ik,lm,22084,"[-1.5708,-1.5708,1.5708,-1.5708,-1.5708,0]","[-3.8154218,-1.5286311,1.6486559,-1.4752811,-2.7040632,0.010562986]","[0.42,-0.28,0.48]",,True
43,42,scene_02_multi_obstacles,20260527,ik,lm,22085,"[-1.5708,-1.5708,1.5708,-1.5708,-1.5708,0]","[-3.8166607,-1.5284221,1.6456902,-1.4758458,-2.6894818,0.02036749]","[0.42,-0.28,0.48]",,True
44,42,scene_02_multi_obstacles,20260527,ik,lm,22086,"[-1.5708,-1.5708,1.5708,-1.5708,-1.5708,0]","[-3.8146154,-1.5281614,1.6504139,-1.4799928,-2.7139664,0.031558762]","[0.42,-0.28,0.48]",,True
45,42,scene_02_multi_obstacles,20260527,ik,lm,22087,"[-1.5708,-1.5708,1.5708,-1.5708,-1.5708,0]","[-3.8205743,-1.5208168,1.6223132,-1.4414673,-2.6476652,0.019666694]","[0.42,-0.28,0.48]",,True
46,42,scene_02_multi_obstacles,20260527,ik,lm,22088,"[-1.5708,-1.5708,1.5708,-1.5708,-1.5708,0]","[-3.813477,-1.5252159,1.6432238,-1.4423688,-2.7277911,-0.006416472]","[0.42,-0.28,0.48]",,True
47,42,scene_02_multi_obstacles,20260527,ik,lm,22089,"[-1.5708,-1.5708,1.5708,-1.5708,-1.5708,0]","[-3.8145372,-1.5285914,1.6502101,-1.4732998,-2.7150238,-0.013360306]","[0.42,-0.28,0.48]",,True
48,42,scene_02_multi_obstacles,20260527,ik,lm,22090,"[-1.5708,-1.5708,1.5708,-1.5708,-1.5708,0]","[-3.8125791,-1.52757,1.6500357,-1.4505166,-2.7392797,0.0010492406]","[0.42,-0.28,0.48]",,True
49,42,scene_02_multi_obstacles,20260527,ik,lm,22091,"[-1.5708,-1.5708,1.5708,-1.5708,-1.5708,0]","[-3.8164446,-1.526964,1.6450336,-1.4812812,-2.69265,0.010475578]","[0.42,-0.28,0.48]",,True
0,42,scene_02_multi_obstacles,20260527,ik,scipy_baseline,23042,"[-1.5708,-1.5708,1.5708,-1.5708,-1.5708,0]","[-3.8067632,-1.477486,1.8483606,-1.9916754,-3.4563865,-2.0628693]","[0.42,-0.28,0.48]",,True
1,42,scene_02_multi_obstacles,20260527,ik,scipy_baseline,23043,"[-1.5708,-1.5708,1.5708,-1.5708,-1.5708,0]","[-0.3311851,-2.9719126,1.0180672,0.59142373,-1.6286758,-4.5198708]","[0.42,-0.28,0.48]",,True
2,42,scene_02_multi_obstacles,20260527,ik,scipy_baseline,23044,"[-1.5708,-1.5708,1.5708,-1.5708,-1.5708,0]","[-3.8061345,-1.3939332,1.8493775,-2.4836657,-3.4460017,-5.2635285]","[0.42,-0.28,0.48]",,True
3,42,scene_02_multi_obstacles,20260527,ik,scipy_baseline,23045,"[-1.5708,-1.5708,1.5708,-1.5708,-1.5708,0]","[-0.33517014,-3.0583641,1.5484004,1.4082543,-1.6481867,2.9027521]","[0.42,-0.28,0.48]",,True
4,42,scene_02_multi_obstacles,20260527,ik,scipy_baseline,23046,"[-1.5708,-1.5708,1.5708,-1.5708,-1.5708,0]","[-0.46472054,-3.0504839,1.4005683,1.4365886,-2.3735551,4.8593692]","[0.42,-0.28,0.48]",,True
5,42,scene_02_multi_obstacles,20260527,ik,scipy_baseline,23047,"[-1.5708,-1.5708,1.5708,-1.5708,-1.5708,0]","[-3.9952911,-1.5398054,2.0061114,-3.3276588,-1.5853493,-1.14913]","[0.42,-0.28,0.48]",,True
6,42,scene_02_multi_obstacles,20260527,ik,scipy_baseline,23048,"[-1.5708,-1.5708,1.5708,-1.5708,-1.5708,0]","[-3.7970034,-1.4966866,1.8086709,-2.0207202,-3.138966,1.2744787]","[0.42,-0.28,0.48]",,True
7,42,scene_02_multi_obstacles,20260527,ik,scipy_baseline,23049,"[-1.5708,-1.5708,1.5708,-1.5708,-1.5708,0]","[-3.7993009,-1.449351,1.8438792,-2.2847449,-3.2938817,0.5606751]","[0.42,-0.28,0.48]",,True
8,42,scene_02_multi_obstacles,20260527,ik,scipy_baseline,23050,"[-1.5708,-1.5708,1.5708,-1.5708,-1.5708,0]","[-3.7972649,-1.4687506,1.8336872,-2.3346843,-3.0902021,0.56023303]","[0.42,-0.28,0.48]",,True
9,42,scene_02_multi_obstacles,20260527,ik,scipy_baseline,23051,"[-1.5708,-1.5708,1.5708,-1.5708,-1.5708,0]","[-3.9570301,-0.99749648,1.3279629,-3.5957836,1.7740248,-0.59975146]","[0.42,-0.28,0.48]",,True
10,42,scene_02_multi_obstacles,20260527,ik,scipy_baseline,23052,"[-1.5708,-1.5708,1.5708,-1.5708,-1.5708,0]","[-3.8122491,-1.5049254,1.839995,-2.477831,-2.7472698,0.84349216]","[0.42,-0.28,0.48]",,True
11,42,scene_02_multi_obstacles,20260527,ik,scipy_baseline,23053,"[-1.5708,-1.5708,1.5708,-1.5708,-1.5708,0]","[-3.8822295,-1.4835327,1.4773426,0.12207562,-4.1028063,0.57203263]","[0.42,-0.28,0.48]",,True
12,42,scene_02_multi_obstacles,20260527,ik,scipy_baseline,23054,"[-1.5708,-1.5708,1.5708,-1.5708,-1.5708,0]","[-3.797992,-1.4942736,1.8149013,-1.9598881,-3.2414554,0.015969276]","[0.42,-0.28,0.48]",,True
13,42,scene_02_multi_obstacles,20260527,ik,scipy_baseline,23055,"[-1.5708,-1.5708,1.5708,-1.5708,-1.5708,0]","[-6.28319,-3.0857964,1.577747,1.7119073,-6.2831695,-4.3159591]","[0.42,-0.28,0.48]",,False
14,42,scene_02_multi_obstacles,20260527,ik,scipy_baseline,23056,"[-1.5708,-1.5708,1.5708,-1.5708,-1.5708,0]","[-4.0923859,-1.6453195,1.9741,4.9642558,1.1024891,0.070633442]","[0.42,-0.28,0.48]",,True
15,42,scene_02_multi_obstacles,20260527,ik,scipy_baseline,23057,"[-1.5708,-1.5708,1.5708,-1.5708,-1.5708,0]","[-3.7970798,-1.4646292,1.8351953,-2.2854115,-3.1694581,-1.7126051]","[0.42,-0.28,0.48]",,True
16,42,scene_02_multi_obstacles,20260527,ik,scipy_baseline,23058,"[-1.5708,-1.5708,1.5708,-1.5708,-1.5708,0]","[-6.28319,-3.0995315,1.6527793,1.9009884,-6.2831873,4.1409956]","[0.42,-0.28,0.48]",,False
17,42,scene_02_multi_obstacles,20260527,ik,scipy_baseline,23059,"[-1.5708,-1.5708,1.5708,-1.5708,-1.5708,0]","[-0.19041793,-3.0092626,1.2734607,0.90802554,-0.90909551,3.6610221]","[0.42,-0.28,0.48]",,True
18,42,scene_02_multi_obstacles,20260527,ik,scipy_baseline,23060,"[-1.5708,-1.5708,1.5708,-1.5708,-1.5708,0]","[-3.8031266,-1.36789,1.3667822,-0.49338129,-2.8926164,-4.6867006]","[0.42,-0.28,0.48]",,True
19,42,scene_02_multi_obstacles,20260527,ik,scipy_baseline,23061,"[-1.5708,-1.5708,1.5708,-1.5708,-1.5708,0]","[-3.7996542,-1.4975624,1.8155455,-2.2058014,-2.9779946,-2.3349074]","[0.42,-0.28,0.48]",,True
20,42,scene_02_multi_obstacles,20260527,ik,scipy_baseline,23062,"[-1.5708,-1.5708,1.5708,-1.5708,-1.5708,0]","[-4.0474963,-1.6387355,1.9713475,-2.8252769,-1.3306966,1.1440763]","[0.42,-0.28,0.48]",,True
21,42,scene_02_multi_obstacles,20260527,ik,scipy_baseline,23063,"[-1.5708,-1.5708,1.5708,-1.5708,-1.5708,0]","[-3.8663875,-1.5845196,1.777998,-2.1505491,-2.2805609,0.39007611]","[0.42,-0.28,0.48]",,True
22,42,scene_02_multi_obstacles,20260527,ik,scipy_baseline,23064,"[-1.5708,-1.5708,1.5708,-1.5708,-1.5708,0]","[-0.24474164,-3.0435145,1.0459265,0.31366588,-1.2037329,-1.7027928]","[0.42,-0.28,0.48]",,True
23,42,scene_02_multi_obstacles,20260527,ik,scipy_baseline,23065,"[-1.5708,-1.5708,1.5708,-1.5708,-1.5708,0]","[-3.8192296,-1.5039134,1.8560136,-2.6122208,-2.6641041,-0.031853258]","[0.42,-0.28,0.48]",,True
24,42,scene_02_multi_obstacles,20260527,ik,scipy_baseline,23066,"[-1.5708,-1.5708,1.5708,-1.5708,-1.5708,0]","[-6.28319,-3.2416142,1.4262499,0.45508916,4.5321402e-06,6.2203579]","[0.42,-0.28,0.48]",,False
25,42,scene_02_multi_obstacles,20260527,ik,scipy_baseline,23067,"[-1.5708,-1.5708,1.5708,-1.5708,-1.5708,0]","[-0.23121484,-3.0737015,1.6040628,1.4492375,-1.1340256,4.8762565]","[0.42,-0.28,0.48]",,True
26,42,scene_02_multi_obstacles,20260527,ik,scipy_baseline,23068,"[-1.5708,-1.5708,1.5708,-1.5708,-1.5708,0]","[-6.28319,-3.5322809,1.7938672,-1.0093428,-6.2831775,3.3619101]","[0.42,-0.28,0.48]",,False
27,42,scene_02_multi_obstacles,20260527,ik,scipy_baseline,23069,"[-1.5708,-1.5708,1.5708,-1.5708,-1.5708,0]","[-3.8181171,-1.3056992,1.8149174,-2.7637664,-3.6067626,0.56257544]","[0.42,-0.28,0.48]",,True
28,42,scene_02_multi_obstacles,20260527,ik,scipy_baseline,23070,"[-1.5708,-1.5708,1.5708,-1.5708,-1.5708,0]","[-0.46508608,-3.1703255,1.6727599,1.9301928,-2.3761946,-3.4461832]","[0.42,-0.28,0.48]",,True
29,42,scene_02_multi_obstacles,20260527,ik,scipy_baseline,23071,"[-1.5708,-1.5708,1.5708,-1.5708,-1.5708,0]","[-3.8018284,-1.521466,1.7340113,-1.7544422,-2.9206931,0.030422045]","[0.42,-0.28,0.48]",,True
30,42,scene_02_multi_obstacles,20260527,ik,scipy_baseline,23072,"[-1.5708,-1.5708,1.5708,-1.5708,-1.5708,0]","[-3.8249898,-1.5433598,1.8047456,-2.2468467,-2.6045002,-0.012688058]","[0.42,-0.28,0.48]",,True
31,42,scene_02_multi_obstacles,20260527,ik,scipy_baseline,23073,"[-1.5708,-1.5708,1.5708,-1.5708,-1.5708,0]","[-3.8028763,-1.4172825,1.8499752,-2.8795758,-2.8977815,2.2642026]","[0.42,-0.28,0.48]",,True
32,42,scene_02_multi_obstacles,20260527,ik,scipy_baseline,23074,"[-1.5708,-1.5708,1.5708,-1.5708,-1.5708,0]","[-3.8072548,-1.5130289,1.8152671,-2.2697548,-2.818904,2.4407372]","[0.42,-0.28,0.48]",,True
33,42,scene_02_multi_obstacles,20260527,ik,scipy_baseline,23075,"[-1.5708,-1.5708,1.5708,-1.5708,-1.5708,0]","[-3.8043658,-1.5034415,1.8213711,-2.3024611,-2.8684467,0.011843264]","[0.42,-0.28,0.48]",,True
34,42,scene_02_multi_obstacles,20260527,ik,scipy_baseline,23076,"[-1.5708,-1.5708,1.5708,-1.5708,-1.5708,0]","[-3.8014046,-1.5150686,1.7863736,-2.0260969,-2.9306525,-1.1678657]","[0.42,-0.28,0.48]",,True
35,42,scene_02_multi_obstacles,20260527,ik,scipy_baseline,23077,"[-1.5708,-1.5708,1.5708,-1.5708,-1.5708,0]","[-0.1830118,-3.066783,1.5666669,1.4197498,-0.8646925,3.5508236]","[0.42,-0.28,0.48]",,True
36,42,scene_02_multi_obstacles,20260527,ik,scipy_baseline,23078,"[-1.5708,-1.5708,1.5708,-1.5708,-1.5708,0]","[-3.8293447,-1.5316694,1.8478759,-2.5124389,-2.5631634,-4.5355393]","[0.42,-0.28,0.48]",,True
37,42,scene_02_multi_obstacles,20260527,ik,scipy_baseline,23079,"[-1.5708,-1.5708,1.5708,-1.5708,-1.5708,0]","[-3.817383,-1.5349049,1.7058114,-1.7720817,-2.6847201,-0.13694412]","[0.42,-0.28,0.48]",,True
38,42,scene_02_multi_obstacles,20260527,ik,scipy_baseline,23080,"[-1.5708,-1.5708,1.5708,-1.5708,-1.5708,0]","[-3.8011256,-1.49455,1.8232455,-1.8945435,-3.3457152,-1.7781538]","[0.42,-0.28,0.48]",,True
39,42,scene_02_multi_obstacles,20260527,ik,scipy_baseline,23081,"[-1.5708,-1.5708,1.5708,-1.5708,-1.5708,0]","[-3.8704132,-1.5771391,1.8640744,-1.2215182,-4.028864,5.5250002]","[0.42,-0.28,0.48]",,True
40,42,scene_02_multi_obstacles,20260527,ik,scipy_baseline,23082,"[-1.5708,-1.5708,1.5708,-1.5708,-1.5708,0]","[-3.9917032,-0.9954489,1.3020198,-3.6432685,1.6028382,1.1285521]","[0.42,-0.28,0.48]",,True
41,42,scene_02_multi_obstacles,20260527,ik,scipy_baseline,23083,"[-1.5708,-1.5708,1.5708,-1.5708,-1.5708,0]","[-3.8062621,-1.5233916,1.7025943,-1.6743242,-2.8350487,-0.034334954]","[0.42,-0.28,0.48]",,True
42,42,scene_02_multi_obstacles,20260527,ik,scipy_baseline,23084,"[-1.5708,-1.5708,1.5708,-1.5708,-1.5708,0]","[-3.8010296,-1.4871739,1.8300356,-1.96629,-3.3433182,-0.003647363]","[0.42,-0.28,0.48]",,True
43,42,scene_02_multi_obstacles,20260527,ik,scipy_baseline,23085,"[-1.5708,-1.5708,1.5708,-1.5708,-1.5708,0]","[-3.7983813,-1.4500341,1.8421202,-2.5420159,-3.0236911,-0.098301509]","[0.42,-0.28,0.48]",,True
44,42,scene_02_multi_obstacles,20260527,ik,scipy_baseline,23086,"[-1.5708,-1.5708,1.5708,-1.5708,-1.5708,0]","[-3.8018936,-1.5194904,1.7081079,-1.6386758,-2.9191995,1.0960284]","[0.42,-0.28,0.48]",,True
45,42,scene_02_multi_obstacles,20260527,ik,scipy_baseline,23087,"[-1.5708,-1.5708,1.5708,-1.5708,-1.5708,0]","[-3.7978248,-1.4598029,1.8384909,-2.4448518,-3.0505688,0.046114886]","[0.42,-0.28,0.48]",,True
46,42,scene_02_multi_obstacles,20260527,ik,scipy_baseline,23088,"[-1.5708,-1.5708,1.5708,-1.5708,-1.5708,0]","[-3.8076744,-1.5275573,1.7243255,-1.7812345,-2.8123102,0.0010251945]","[0.42,-0.28,0.48]",,True
47,42,scene_02_multi_obstacles,20260527,ik,scipy_baseline,23089,"[-1.5708,-1.5708,1.5708,-1.5708,-1.5708,0]","[-4.0812883,-1.5419493,1.5200725,0.22436239,-5.122701,-0.6357347]","[0.42,-0.28,0.48]",,True
48,42,scene_02_multi_obstacles,20260527,ik,scipy_baseline,23090,"[-1.5708,-1.5708,1.5708,-1.5708,-1.5708,0]","[-4.008015,-1.6577113,1.8814481,5.411329,-4.7597188,-5.5401896]","[0.42,-0.28,0.48]",,True
49,42,scene_02_multi_obstacles,20260527,ik,scipy_baseline,23091,"[-1.5708,-1.5708,1.5708,-1.5708,-1.5708,0]","[-4.2113821,-1.5457741,1.9828738,-2.6724905,-0.045775146,0.1052871]","[0.42,-0.28,0.48]",,True
0,42,scene_03_narrow_passage,20260528,ik,pinv,30042,"[-1.5708,-1.5708,1.5708,-1.5708,-1.5708,0]","[-3.2451156,-1.2776742,1.4055567,-1.6607059,-2.084566,-0.034634063]","[0.62,0.02,0.43]",,True
1,42,scene_03_narrow_passage,20260528,ik,pinv,30043,"[-1.5708,-1.5708,1.5708,-1.5708,-1.5708,0]","[-3.2485992,-1.2768295,1.4052467,-1.6783345,-2.0635966,0.0077509335]","[0.62,0.02,0.43]",,True
2,42,scene_03_narrow_passage,20260528,ik,pinv,30044,"[-1.5708,-1.5708,1.5708,-1.5708,-1.5708,0]","[-3.2490638,-1.2765597,1.4036522,-1.6721103,-2.0598337,0.01111286]","[0.62,0.02,0.43]",,True
3,42,scene_03_narrow_passage,20260528,ik,pinv,30045,"[-1.5708,-1.5708,1.5708,-1.5708,-1.5708,0]","[-3.2447769,-1.2727035,1.3977191,-1.6521996,-2.0897277,-0.037105906]","[0.62,0.02,0.43]",,True
4,42,scene_03_narrow_passage,20260528,ik,pinv,30046,"[-1.5708,-1.5708,1.5708,-1.5708,-1.5708,0]","[-3.249251,-1.2829502,1.4188313,-1.7074539,-2.0580452,0.0079464745]","[0.62,0.02,0.43]",,True
5,42,scene_03_narrow_passage,20260528,ik,pinv,30047,"[-1.5708,-1.5708,1.5708,-1.5708,-1.5708,0]","[-3.2456786,-1.2822161,1.4151119,-1.6809574,-2.079961,-0.038938659]","[0.62,0.02,0.43]",,True
6,42,scene_03_narrow_passage,20260528,ik,pinv,30048,"[-1.5708,-1.5708,1.5708,-1.5708,-1.5708,0]","[-3.2517168,-1.2768425,1.3996133,-1.6594291,-2.0415118,-0.028135979]","[0.62,0.02,0.43]",,True
7,42,scene_03_narrow_passage,20260528,ik,pinv,30049,"[-1.5708,-1.5708,1.5708,-1.5708,-1.5708,0]","[-3.2443327,-1.2789577,1.4117102,-1.6799389,-2.09159,0.023882878]","[0.62,0.02,0.43]",,True
8,42,scene_03_narrow_passage,20260528,ik,pinv,30050,"[-1.5708,-1.5708,1.5708,-1.5708,-1.5708,0]","[-3.2499326,-1.2803024,1.4107336,-1.6869845,-2.0538646,0.015303251]","[0.62,0.02,0.43]",,True
9,42,scene_03_narrow_passage,20260528,ik,pinv,30051,"[-1.5708,-1.5708,1.5708,-1.5708,-1.5708,0]","[-3.2467685,-1.282194,1.4143876,-1.6807788,-2.072236,0.016594714]","[0.62,0.02,0.43]",,True
10,42,scene_03_narrow_passage,20260528,ik,pinv,30052,"[-1.5708,-1.5708,1.5708,-1.5708,-1.5708,0]","[-3.2456437,-1.279719,1.415736,-1.7017543,-2.083974,0.023121376]","[0.62,0.02,0.43]",,True
11,42,scene_03_narrow_passage,20260528,ik,pinv,30053,"[-1.5708,-1.5708,1.5708,-1.5708,-1.5708,0]","[-3.2468999,-1.2797513,1.4144539,-1.6985075,-2.0750239,0.038860454]","[0.62,0.02,0.43]",,True
12,42,scene_03_narrow_passage,20260528,ik,pinv,30054,"[-1.5708,-1.5708,1.5708,-1.5708,-1.5708,0]","[-3.2483439,-1.2931776,1.4282765,-1.6852208,-2.0523938,-0.011715631]","[0.62,0.02,0.43]",,True
13,42,scene_03_narrow_passage,20260528,ik,pinv,30055,"[-1.5708,-1.5708,1.5708,-1.5708,-1.5708,0]","[-3.2511252,-1.2805321,1.4095631,-1.6831509,-2.0449693,-0.0083823344]","[0.62,0.02,0.43]",,True
14,42,scene_03_narrow_passage,20260528,ik,pinv,30056,"[-1.5708,-1.5708,1.5708,-1.5708,-1.5708,0]","[-3.2460754,-1.289109,1.4255595,-1.6925923,-2.0713592,-0.021740927]","[0.62,0.02,0.43]",,True
15,42,scene_03_narrow_passage,20260528,ik,pinv,30057,"[-1.5708,-1.5708,1.5708,-1.5708,-1.5708,0]","[-3.247351,-1.2910948,1.4217933,-1.6648257,-2.0587555,-0.049638764]","[0.62,0.02,0.43]",,True
16,42,scene_03_narrow_passage,20260528,ik,pinv,30058,"[-1.5708,-1.5708,1.5708,-1.5708,-1.5708,0]","[-3.245146,-1.2742905,1.4006387,-1.6568334,-2.0867063,0.024632882]","[0.62,0.02,0.43]",,True
17,42,scene_03_narrow_passage,20260528,ik,pinv,30059,"[-1.5708,-1.5708,1.5708,-1.5708,-1.5708,0]","[-3.2507882,-1.2767877,1.4020272,-1.6698548,-2.0480773,0.0078380689]","[0.62,0.02,0.43]",,True
18,42,scene_03_narrow_passage,20260528,ik,pinv,30060,"[-1.5708,-1.5708,1.5708,-1.5708,-1.5708,0]","[-3.2446154,-1.2819821,1.421835,-1.7114865,-2.0900109,0.02002707]","[0.62,0.02,0.43]",,True
19,42,scene_03_narrow_passage,20260528,ik,pinv,30061,"[-1.5708,-1.5708,1.5708,-1.5708,-1.5708,0]","[-3.2485474,-1.2774899,1.4046832,-1.6694391,-2.0631025,-0.00087393012]","[0.62,0.02,0.43]",,True
20,42,scene_03_narrow_passage,20260528,ik,pinv,30062,"[-1.5708,-1.5708,1.5708,-1.5708,-1.5708,0]","[-3.2505038,-1.2773654,1.403299,-1.6701229,-2.0498112,0.0062783696]","[0.62,0.02,0.43]",,True
21,42,scene_03_narrow_passage,20260528,ik,pinv,30063,"[-1.5708,-1.5708,1.5708,-1.5708,-1.5708,0]","[-3.2483291,-1.2759885,1.402702,-1.6696741,-2.0649964,-0.014352918]","[0.62,0.02,0.43]",,True
22,42,scene_03_narrow_passage,20260528,ik,pinv,30064,"[-1.5708,-1.5708,1.5708,-1.5708,-1.5708,0]","[-3.2441792,-1.2753113,1.404245,-1.6648976,-2.0936454,-0.001412637]","[0.62,0.02,0.43]",,True
23,42,scene_03_narrow_passage,20260528,ik,pinv,30065,"[-1.5708,-1.5708,1.5708,-1.5708,-1.5708,0]","[-3.2448434,-1.2835206,1.4200488,-1.6947446,-2.0857502,-0.0082294317]","[0.62,0.02,0.43]",,True
24,42,scene_03_narrow_passage,20260528,ik,pinv,30066,"[-1.5708,-1.5708,1.5708,-1.5708,-1.5708,0]","[-3.2490048,-1.2777429,1.406201,-1.677844,-2.0602683,0.027924238]","[0.62,0.02,0.43]",,True
25,42,scene_03_narrow_passage,20260528,ik,pinv,30067,"[-1.5708,-1.5708,1.5708,-1.5708,-1.5708,0]","[-3.2503341,-1.2772755,1.4026245,-1.6676472,-2.0510458,-0.0077816348]","[0.62,0.02,0.43]",,True
26,42,scene_03_narrow_passage,20260528,ik,pinv,30068,"[-1.5708,-1.5708,1.5708,-1.5708,-1.5708,0]","[-3.2476015,-1.2901669,1.4208931,-1.6650474,-2.0569655,0.012123148]","[0.62,0.02,0.43]",,True
27,42,scene_03_narrow_passage,20260528,ik,pinv,30069,"[-1.5708,-1.5708,1.5708,-1.5708,-1.5708,0]","[-3.2511107,-1.2970416,1.4347141,-1.7027149,-2.0334763,-0.030922963]","[0.62,0.02,0.43]",,True
28,42,scene_03_narrow_passage,20260528,ik,pinv,30070,"[-1.5708,-1.5708,1.5708,-1.5708,-1.5708,0]","[-3.2477466,-1.2763724,1.4047255,-1.6749355,-2.0690001,0.016590405]","[0.62,0.02,0.43]",,True
29,42,scene_03_narrow_passage,20260528,ik,pinv,30071,"[-1.5708,-1.5708,1.5708,-1.5708,-1.5708,0]","[-3.2490403,-1.2814143,1.4127141,-1.6859502,-2.0587246,0.022949937]","[0.62,0.02,0.43]",,True
30,42,scene_03_narrow_passage,20260528,ik,pinv,30072,"[-1.5708,-1.5708,1.5708,-1.5708,-1.5708,0]","[-3.2495625,-1.2804481,1.4140852,-1.7025139,-2.0564662,0.0058387255]","[0.62,0.02,0.43]",,True
31,42,scene_03_narrow_passage,20260528,ik,pinv,30073,"[-1.5708,-1.5708,1.5708,-1.5708,-1.5708,0]","[-3.2478682,-1.2732166,1.3947714,-1.6449301,-2.0678667,0.028376816]","[0.62,0.02,0.43]",,True
32,42,scene_03_narrow_passage,20260528,ik,pinv,30074,"[-1.5708,-1.5708,1.5708,-1.5708,-1.5708,0]","[-3.2524935,-1.2778674,1.4019945,-1.6666598,-2.0360995,0.0008622664]","[0.62,0.02,0.43]",,True
33,42,scene_03_narrow_passage,20260528,ik,pinv,30075,"[-1.5708,-1.5708,1.5708,-1.5708,-1.5708,0]","[-3.2529533,-1.2763198,1.3982671,-1.6606502,-2.0331926,-0.032407085]","[0.62,0.02,0.43]",,True
34,42,scene_03_narrow_passage,20260528,ik,pinv,30076,"[-1.5708,-1.5708,1.5708,-1.5708,-1.5708,0]","[-3.2452248,-1.2768573,1.4083808,-1.68116,-2.0865445,-0.014300031]","[0.62,0.02,0.43]",,True
35,42,scene_03_narrow_passage,20260528,ik,pinv,30077,"[-1.5708,-1.5708,1.5708,-1.5708,-1.5708,0]","[-3.2438612,-1.2768894,1.4106056,-1.6864704,-2.0960343,0.0071733375]","[0.62,0.02,0.43]",,True
36,42,scene_03_narrow_passage,20260528,ik,pinv,30078,"[-1.5708,-1.5708,1.5708,-1.5708,-1.5708,0]","[-3.2457843,-1.2708493,1.3915436,-1.6355034,-2.0827785,-0.023949136]","[0.62,0.02,0.43]",,True
37,42,scene_03_narrow_passage,20260528,ik,pinv,30079,"[-1.5708,-1.5708,1.5708,-1.5708,-1.5708,0]","[-3.2488709,-1.2890728,1.4195559,-1.6724946,-2.0505899,-0.020870172]","[0.62,0.02,0.43]",,True
38,42,scene_03_narrow_passage,20260528,ik,pinv,30080,"[-1.5708,-1.5708,1.5708,-1.5708,-1.5708,0]","[-3.2488529,-1.2881348,1.4297113,-1.7274196,-2.0591093,-0.014886197]","[0.62,0.02,0.43]",,True
39,42,scene_03_narrow_passage,20260528,ik,pinv,30081,"[-1.5708,-1.5708,1.5708,-1.5708,-1.5708,0]","[-3.2503983,-1.2783403,1.406476,-1.6805934,-2.050712,0.0074989745]","[0.62,0.02,0.43]",,True
40,42,scene_03_narrow_passage,20260528,ik,pinv,30082,"[-1.5708,-1.5708,1.5708,-1.5708,-1.5708,0]","[-3.2485173,-1.2796706,1.4110862,-1.6865889,-2.0636299,0.0096640905]","[0.62,0.02,0.43]",,True
41,42,scene_03_narrow_passage,20260528,ik,pinv,30083,"[-1.5708,-1.5708,1.5708,-1.5708,-1.5708,0]","[-3.2495975,-1.2790913,1.4088441,-1.6841645,-2.0558616,-0.0159022]","[0.62,0.02,0.43]",,True
42,42,scene_03_narrow_passage,20260528,ik,pinv,30084,"[-1.5708,-1.5708,1.5708,-1.5708,-1.5708,0]","[-3.2482289,-1.2781563,1.4039943,-1.6596616,-2.0635649,0.016246985]","[0.62,0.02,0.43]",,True
43,42,scene_03_narrow_passage,20260528,ik,pinv,30085,"[-1.5708,-1.5708,1.5708,-1.5708,-1.5708,0]","[-3.2458643,-1.2779973,1.4088778,-1.67649,-2.0813244,-0.047696244]","[0.62,0.02,0.43]",,True
44,42,scene_03_narrow_passage,20260528,ik,pinv,30086,"[-1.5708,-1.5708,1.5708,-1.5708,-1.5708,0]","[-3.2468909,-1.2754973,1.4018691,-1.6608623,-2.0744762,-0.0027337406]","[0.62,0.02,0.43]",,True
45,42,scene_03_narrow_passage,20260528,ik,pinv,30087,"[-1.5708,-1.5708,1.5708,-1.5708,-1.5708,0]","[-3.2531349,-1.2773768,1.4001644,-1.6628666,-2.0315656,0.017942211]","[0.62,0.02,0.43]",,True
46,42,scene_03_narrow_passage,20260528,ik,pinv,30088,"[-1.5708,-1.5708,1.5708,-1.5708,-1.5708,0]","[-3.2468948,-1.2917121,1.425003,-1.6770686,-2.0625437,0.0080186681]","[0.62,0.02,0.43]",,True
47,42,scene_03_narrow_passage,20260528,ik,pinv,30089,"[-1.5708,-1.5708,1.5708,-1.5708,-1.5708,0]","[-3.2484671,-1.2768497,1.4046882,-1.6739757,-2.0640512,-0.038877848]","[0.62,0.02,0.43]",,True
48,42,scene_03_narrow_passage,20260528,ik,pinv,30090,"[-1.5708,-1.5708,1.5708,-1.5708,-1.5708,0]","[-3.246667,-1.2784594,1.4098693,-1.6819927,-2.0762053,-0.01346961]","[0.62,0.02,0.43]",,True
49,42,scene_03_narrow_passage,20260528,ik,pinv,30091,"[-1.5708,-1.5708,1.5708,-1.5708,-1.5708,0]","[-3.251423,-1.2837945,1.413631,-1.6839711,-2.0408922,0.02086578]","[0.62,0.02,0.43]",,True
0,42,scene_03_narrow_passage,20260528,ik,dls,31042,"[-1.5708,-1.5708,1.5708,-1.5708,-1.5708,0]","[-3.2544746,-1.2889688,1.4247841,-1.7128916,-2.0253246,0.039999624]","[0.62,0.02,0.43]",,True
1,42,scene_03_narrow_passage,20260528,ik,dls,31043,"[-1.5708,-1.5708,1.5708,-1.5708,-1.5708,0]","[-3.2488099,-1.2766466,1.4007412,-1.6541462,-2.0648487,0.015189698]","[0.62,0.02,0.43]",,True
2,42,scene_03_narrow_passage,20260528,ik,dls,31044,"[-1.5708,-1.5708,1.5708,-1.5708,-1.5708,0]","[-3.2527027,-1.2782648,1.4007432,-1.6568674,-2.037962,0.0031553809]","[0.62,0.02,0.43]",,True
3,42,scene_03_narrow_passage,20260528,ik,dls,31045,"[-1.5708,-1.5708,1.5708,-1.5708,-1.5708,0]","[-3.2570524,-1.3002445,1.4377041,-1.7122357,-2.0013584,-0.011989305]","[0.62,0.02,0.43]",,True
4,42,scene_03_narrow_passage,20260528,ik,dls,31046,"[-1.5708,-1.5708,1.5708,-1.5708,-1.5708,0]","[-3.2465939,-1.2777319,1.4036293,-1.6517237,-2.0793641,-0.021332241]","[0.62,0.02,0.43]",,True
5,42,scene_03_narrow_passage,20260528,ik,dls,31047,"[-1.5708,-1.5708,1.5708,-1.5708,-1.5708,0]","[-3.2581748,-1.2838766,1.411086,-1.6905154,-2.001083,-0.013229206]","[0.62,0.02,0.43]",,True
6,42,scene_03_narrow_passage,20260528,ik,dls,31048,"[-1.5708,-1.5708,1.5708,-1.5708,-1.5708,0]","[-3.25347,-1.2830831,1.4105299,-1.6771614,-2.0321458,-0.018640634]","[0.62,0.02,0.43]",,True
7,42,scene_03_narrow_passage,20260528,ik,dls,31049,"[-1.5708,-1.5708,1.5708,-1.5708,-1.5708,0]","[-3.2545495,-1.2812869,1.4054498,-1.6660584,-2.0248876,0.0099460098]","[0.62,0.02,0.43]",,True
8,42,scene_03_narrow_passage,20260528,ik,dls,31050,"[-1.5708,-1.5708,1.5708,-1.5708,-1.5708,0]","[-3.2493703,-1.2799882,1.4078105,-1.6693436,-2.0605672,0.01361852]","[0.62,0.02,0.43]",,True
9,42,scene_03_narrow_passage,20260528,ik,dls,31051,"[-1.5708,-1.5708,1.5708,-1.5708,-1.5708,0]","[-3.2439712,-1.274318,1.4009958,-1.6531134,-2.0982674,0.0097934818]","[0.62,0.02,0.43]",,True
10,42,scene_03_narrow_passage,20260528,ik,dls,31052,"[-1.5708,-1.5708,1.5708,-1.5708,-1.5708,0]","[-3.2459454,-1.2834344,1.417622,-1.6825133,-2.0842784,0.010574745]","[0.62,0.02,0.43]",,True
11,42,scene_03_narrow_passage,20260528,ik,dls,31053,"[-1.5708,-1.5708,1.5708,-1.5708,-1.5708,0]","[-3.2493786,-1.2801617,1.4075447,-1.6665766,-2.0606282,0.018198338]","[0.62,0.02,0.43]",,True
12,42,scene_03_narrow_passage,20260528,ik,dls,31054,"[-1.5708,-1.5708,1.5708,-1.5708,-1.5708,0]","[-3.2488634,-1.2768049,1.4008565,-1.6538659,-2.064324,0.0001491189]","[0.62,0.02,0.43]",,True
13,42,scene_03_narrow_passage,20260528,ik,dls,31055,"[-1.5708,-1.5708,1.5708,-1.5708,-1.5708,0]","[-3.2484596,-1.2799396,1.4091066,-1.6735322,-2.0668381,-0.019917461]","[0.62,0.02,0.43]",,True
14,42,scene_03_narrow_passage,20260528,ik,dls,31056,"[-1.5708,-1.5708,1.5708,-1.5708,-1.5708,0]","[-3.2480967,-1.283613,1.416518,-1.6839648,-2.0688837,0.019118595]","[0.62,0.02,0.43]",,True
15,42,scene_03_narrow_passage,20260528,ik,dls,31057,"[-1.5708,-1.5708,1.5708,-1.5708,-1.5708,0]","[-3.2475506,-1.2769566,1.4028165,-1.657875,-2.0733742,-0.0089629181]","[0.62,0.02,0.43]",,True
16,42,scene_03_narrow_passage,20260528,ik,dls,31058,"[-1.5708,-1.5708,1.5708,-1.5708,-1.5708,0]","[-3.2494635,-1.2819552,1.4128614,-1.6834709,-2.0598989,0.01925705]","[0.62,0.02,0.43]",,True
17,42,scene_03_narrow_passage,20260528,ik,dls,31059,"[-1.5708,-1.5708,1.5708,-1.5708,-1.5708,0]","[-3.2521724,-1.2835919,1.4146433,-1.6896481,-2.0410567,0.013116286]","[0.62,0.02,0.43]",,True
18,42,scene_03_narrow_passage,20260528,ik,dls,31060,"[-1.5708,-1.5708,1.5708,-1.5708,-1.5708,0]","[-3.2458624,-1.2815066,1.4129538,-1.6716552,-2.0847263,0.016676252]","[0.62,0.02,0.43]",,True
19,42,scene_03_narrow_passage,20260528,ik,dls,31061,"[-1.5708,-1.5708,1.5708,-1.5708,-1.5708,0]","[-3.2539622,-1.2795455,1.4041244,-1.6701106,-2.0294566,0.025012728]","[0.62,0.02,0.43]",,True
20,42,scene_03_narrow_passage,20260528,ik,dls,31062,"[-1.5708,-1.5708,1.5708,-1.5708,-1.5708,0]","[-3.2507365,-1.2811099,1.4110513,-1.6836448,-2.0516114,-0.036458224]","[0.62,0.02,0.43]",,True
21,42,scene_03_narrow_passage,20260528,ik,dls,31063,"[-1.5708,-1.5708,1.5708,-1.5708,-1.5708,0]","[-3.2531192,-1.2806248,1.4052798,-1.6657473,-2.0347145,0.0166976]","[0.62,0.02,0.43]",,True
22,42,scene_03_narrow_passage,20260528,ik,dls,31064,"[-1.5708,-1.5708,1.5708,-1.5708,-1.5708,0]","[-3.2544322,-1.2945471,1.4247364,-1.6761992,-2.0187267,-0.0055636013]","[0.62,0.02,0.43]",,True
23,42,scene_03_narrow_passage,20260528,ik,dls,31065,"[-1.5708,-1.5708,1.5708,-1.5708,-1.5708,0]","[-3.2557893,-1.2857626,1.4164938,-1.6971547,-2.0165787,0.017282848]","[0.62,0.02,0.43]",,True
24,42,scene_03_narrow_passage,20260528,ik,dls,31066,"[-1.5708,-1.5708,1.5708,-1.5708,-1.5708,0]","[-3.2487861,-1.290962,1.4224343,-1.6692206,-2.0576567,0.005703865]","[0.62,0.02,0.43]",,True
25,42,scene_03_narrow_passage,20260528,ik,dls,31067,"[-1.5708,-1.5708,1.5708,-1.5708,-1.5708,0]","[-3.248578,-1.2823858,1.4141854,-1.6818932,-2.0659768,0.017924266]","[0.62,0.02,0.43]",,True
26,42,scene_03_narrow_passage,20260528,ik,dls,31068,"[-1.5708,-1.5708,1.5708,-1.5708,-1.5708,0]","[-3.2494557,-1.2833222,1.4174431,-1.6961879,-2.0599136,-0.016550279]","[0.62,0.02,0.43]",,True
27,42,scene_03_narrow_passage,20260528,ik,dls,31069,"[-1.5708,-1.5708,1.5708,-1.5708,-1.5708,0]","[-3.2491673,-1.280989,1.412266,-1.6859187,-2.0621912,-0.017204348]","[0.62,0.02,0.43]",,True
28,42,scene_03_narrow_passage,20260528,ik,dls,31070,"[-1.5708,-1.5708,1.5708,-1.5708,-1.5708,0]","[-3.2502656,-1.2826698,1.4120681,-1.6748029,-2.0540948,0.016813643]","[0.62,0.02,0.43]",,True
29,42,scene_03_narrow_passage,20260528,ik,dls,31071,"[-1.5708,-1.5708,1.5708,-1.5708,-1.5708,0]","[-3.2505034,-1.2821187,1.4114209,-1.6775989,-2.0522186,0.010475824]","[0.62,0.02,0.43]",,True
30,42,scene_03_narrow_passage,20260528,ik,dls,31072,"[-1.5708,-1.5708,1.5708,-1.5708,-1.5708,0]","[-3.2565898,-1.2842715,1.4102308,-1.6777551,-2.0112555,0.039564163]","[0.62,0.02,0.43]",,True
31,42,scene_03_narrow_passage,20260528,ik,dls,31073,"[-1.5708,-1.5708,1.5708,-1.5708,-1.5708,0]","[-3.2521962,-1.2780144,1.4016159,-1.6611246,-2.0413707,-0.011055546]","[0.62,0.02,0.43]",,True
32,42,scene_03_narrow_passage,20260528,ik,dls,31074,"[-1.5708,-1.5708,1.5708,-1.5708,-1.5708,0]","[-3.252724,-1.2787035,1.4017564,-1.6592531,-2.0376193,-0.0074199895]","[0.62,0.02,0.43]",,True
33,42,scene_03_narrow_passage,20260528,ik,dls,31075,"[-1.5708,-1.5708,1.5708,-1.5708,-1.5708,0]","[-3.2576051,-1.2873366,1.4207686,-1.7149824,-2.0047442,0.0049879909]","[0.62,0.02,0.43]",,True
34,42,scene_03_narrow_passage,20260528,ik,dls,31076,"[-1.5708,-1.5708,1.5708,-1.5708,-1.5708,0]","[-3.2502853,-1.2851908,1.4193315,-1.69711,-2.0543227,0.022042544]","[0.62,0.02,0.43]",,True
35,42,scene_03_narrow_passage,20260528,ik,dls,31077,"[-1.5708,-1.5708,1.5708,-1.5708,-1.5708,0]","[-3.254999,-1.2810327,1.4072983,-1.6801185,-2.0225013,0.021846056]","[0.62,0.02,0.43]",,True
36,42,scene_03_narrow_passage,20260528,ik,dls,31078,"[-1.5708,-1.5708,1.5708,-1.5708,-1.5708,0]","[-3.2502913,-1.2834908,1.4152439,-1.6873683,-2.0540472,-0.0084578545]","[0.62,0.02,0.43]",,True
37,42,scene_03_narrow_passage,20260528,ik,dls,31079,"[-1.5708,-1.5708,1.5708,-1.5708,-1.5708,0]","[-3.2523756,-1.2792389,1.4028666,-1.6589979,-2.0399697,0.0014508981]","[0.62,0.02,0.43]",,True
38,42,scene_03_narrow_passage,20260528,ik,dls,31080,"[-1.5708,-1.5708,1.5708,-1.5708,-1.5708,0]","[-3.2516049,-1.2813485,1.4089257,-1.6747158,-2.0450989,0.038444381]","[0.62,0.02,0.43]",,True
39,42,scene_03_narrow_passage,20260528,ik,dls,31081,"[-1.5708,-1.5708,1.5708,-1.5708,-1.5708,0]","[-3.2495557,-1.282676,1.4132579,-1.6794449,-2.0592424,0.0043281188]","[0.62,0.02,0.43]",,True
40,42,scene_03_narrow_passage,20260528,ik,dls,31082,"[-1.5708,-1.5708,1.5708,-1.5708,-1.5708,0]","[-3.2555958,-1.2875126,1.4206232,-1.704899,-2.0179381,0.0052794129]","[0.62,0.02,0.43]",,True
41,42,scene_03_narrow_passage,20260528,ik,dls,31083,"[-1.5708,-1.5708,1.5708,-1.5708,-1.5708,0]","[-3.2472023,-1.2810024,1.4126939,-1.6802665,-2.075479,-0.024566943]","[0.62,0.02,0.43]",,True
42,42,scene_03_narrow_passage,20260528,ik,dls,31084,"[-1.5708,-1.5708,1.5708,-1.5708,-1.5708,0]","[-3.255697,-1.2811616,1.4026689,-1.6556143,-2.017375,0.011251713]","[0.62,0.02,0.43]",,True
43,42,scene_03_narrow_passage,20260528,ik,dls,31085,"[-1.5708,-1.5708,1.5708,-1.5708,-1.5708,0]","[-3.2512544,-1.2804503,1.4090881,-1.6797285,-2.0477552,-0.033298413]","[0.62,0.02,0.43]",,True
44,42,scene_03_narrow_passage,20260528,ik,dls,31086,"[-1.5708,-1.5708,1.5708,-1.5708,-1.5708,0]","[-3.2472478,-1.2828972,1.4168873,-1.6880113,-2.0751134,-0.014128551]","[0.62,0.02,0.43]",,True
45,42,scene_03_narrow_passage,20260528,ik,dls,31087,"[-1.5708,-1.5708,1.5708,-1.5708,-1.5708,0]","[-3.2445834,-1.2812372,1.4149518,-1.6795657,-2.0938337,0.0057834854]","[0.62,0.02,0.43]",,True
46,42,scene_03_narrow_passage,20260528,ik,dls,31088,"[-1.5708,-1.5708,1.5708,-1.5708,-1.5708,0]","[-3.2482464,-1.2823899,1.4126926,-1.6726616,-2.0679704,-0.020781131]","[0.62,0.02,0.43]",,True
47,42,scene_03_narrow_passage,20260528,ik,dls,31089,"[-1.5708,-1.5708,1.5708,-1.5708,-1.5708,0]","[-3.252126,-1.2937441,1.4257707,-1.6791322,-2.0352278,-0.00080727063]","[0.62,0.02,0.43]",,True
48,42,scene_03_narrow_passage,20260528,ik,dls,31090,"[-1.5708,-1.5708,1.5708,-1.5708,-1.5708,0]","[-3.2488456,-1.2803727,1.4117042,-1.6846772,-2.0645298,0.0076106836]","[0.62,0.02,0.43]",,True
49,42,scene_03_narrow_passage,20260528,ik,dls,31091,"[-1.5708,-1.5708,1.5708,-1.5708,-1.5708,0]","[-3.2487404,-1.2810048,1.4116037,-1.6803758,-2.0650417,0.010285038]","[0.62,0.02,0.43]",,True
0,42,scene_03_narrow_passage,20260528,ik,lm,32042,"[-1.5708,-1.5708,1.5708,-1.5708,-1.5708,0]","[-3.248165,-1.2812151,1.4094113,-1.6635388,-2.0692764,0.011817826]","[0.62,0.02,0.43]",,True
1,42,scene_03_narrow_passage,20260528,ik,lm,32043,"[-1.5708,-1.5708,1.5708,-1.5708,-1.5708,0]","[-3.2537682,-1.2850389,1.4145816,-1.6844681,-2.0309214,-0.0088819187]","[0.62,0.02,0.43]",,True
2,42,scene_03_narrow_passage,20260528,ik,lm,32044,"[-1.5708,-1.5708,1.5708,-1.5708,-1.5708,0]","[-3.2501653,-1.2870477,1.4224747,-1.6982013,-2.0554612,-0.0049971825]","[0.62,0.02,0.43]",,True
3,42,scene_03_narrow_passage,20260528,ik,lm,32045,"[-1.5708,-1.5708,1.5708,-1.5708,-1.5708,0]","[-3.253143,-1.277686,1.4006206,-1.6615683,-2.0358864,-0.02069545]","[0.62,0.02,0.43]",,True
4,42,scene_03_narrow_passage,20260528,ik,lm,32046,"[-1.5708,-1.5708,1.5708,-1.5708,-1.5708,0]","[-3.2496821,-1.2830602,1.4123686,-1.6712064,-2.058817,0.034902311]","[0.62,0.02,0.43]",,True
5,42,scene_03_narrow_passage,20260528,ik,lm,32047,"[-1.5708,-1.5708,1.5708,-1.5708,-1.5708,0]","[-3.2490329,-1.2816961,1.4126547,-1.6809433,-2.063575,-0.0069467693]","[0.62,0.02,0.43]",,True
6,42,scene_03_narrow_passage,20260528,ik,lm,32048,"[-1.5708,-1.5708,1.5708,-1.5708,-1.5708,0]","[-3.2535517,-1.2821954,1.4100637,-1.6806074,-2.0330662,-0.0063819297]","[0.62,0.02,0.43]",,True
7,42,scene_03_narrow_passage,20260528,ik,lm,32049,"[-1.5708,-1.5708,1.5708,-1.5708,-1.5708,0]","[-3.2522429,-1.2818896,1.4058284,-1.653979,-2.0412247,0.017901893]","[0.62,0.02,0.43]",,True
8,42,scene_03_narrow_passage,20260528,ik,lm,32050,"[-1.5708,-1.5708,1.5708,-1.5708,-1.5708,0]","[-3.2541566,-1.2800129,1.4026625,-1.6594706,-2.0283429,0.017086657]","[0.62,0.02,0.43]",,True
9,42,scene_03_narrow_passage,20260528,ik,lm,32051,"[-1.5708,-1.5708,1.5708,-1.5708,-1.5708,0]","[-3.2486171,-1.2784213,1.4067157,-1.6711552,-2.0670206,0.039811309]","[0.62,0.02,0.43]",,True
10,42,scene_03_narrow_passage,20260528,ik,lm,32052,"[-1.5708,-1.5708,1.5708,-1.5708,-1.5708,0]","[-3.2528438,-1.2882762,1.4218803,-1.696427,-2.037117,0.01270715]","[0.62,0.02,0.43]",,True
11,42,scene_03_narrow_passage,20260528,ik,lm,32053,"[-1.5708,-1.5708,1.5708,-1.5708,-1.5708,0]","[-3.2526694,-1.2844746,1.4150503,-1.6870878,-2.0384782,-0.0074337884]","[0.62,0.02,0.43]",,True
12,42,scene_03_narrow_passage,20260528,ik,lm,32054,"[-1.5708,-1.5708,1.5708,-1.5708,-1.5708,0]","[-3.2467359,-1.2827323,1.4162555,-1.6836702,-2.0795952,0.013768393]","[0.62,0.02,0.43]",,True
13,42,scene_03_narrow_passage,20260528,ik,lm,32055,"[-1.5708,-1.5708,1.5708,-1.5708,-1.5708,0]","[-3.2491223,-1.2813831,1.4102661,-1.6701679,-2.0629669,-0.024012327]","[0.62,0.02,0.43]",,True
14,42,scene_03_narrow_passage,20260528,ik,lm,32056,"[-1.5708,-1.5708,1.5708,-1.5708,-1.5708,0]","[-3.25405,-1.2842305,1.4138675,-1.6875121,-2.0291993,0.041279257]","[0.62,0.02,0.43]",,True
15,42,scene_03_narrow_passage,20260528,ik,lm,32057,"[-1.5708,-1.5708,1.5708,-1.5708,-1.5708,0]","[-3.2540616,-1.2815841,1.4055138,-1.6624253,-2.0293588,0.00011169866]","[0.62,0.02,0.43]",,True
16,42,scene_03_narrow_passage,20260528,ik,lm,32058,"[-1.5708,-1.5708,1.5708,-1.5708,-1.5708,0]","[-3.2458505,-1.2781208,1.4056184,-1.6570236,-2.0857709,0.0028412772]","[0.62,0.02,0.43]",,True
17,42,scene_03_narrow_passage,20260528,ik,lm,32059,"[-1.5708,-1.5708,1.5708,-1.5708,-1.5708,0]","[-3.2548487,-1.2848144,1.411808,-1.6748152,-2.0236931,0.019607701]","[0.62,0.02,0.43]",,True
18,42,scene_03_narrow_passage,20260528,ik,lm,32060,"[-1.5708,-1.5708,1.5708,-1.5708,-1.5708,0]","[-3.2533711,-1.27858,1.3986226,-1.6448539,-2.0336015,0.0072587711]","[0.62,0.02,0.43]",,True
19,42,scene_03_narrow_passage,20260528,ik,lm,32061,"[-1.5708,-1.5708,1.5708,-1.5708,-1.5708,0]","[-3.2506236,-1.2845051,1.4159349,-1.6843521,-2.0524488,0.0035327434]","[0.62,0.02,0.43]",,True
20,42,scene_03_narrow_passage,20260528,ik,lm,32062,"[-1.5708,-1.5708,1.5708,-1.5708,-1.5708,0]","[-3.2506381,-1.2825139,1.4117779,-1.677582,-2.052641,0.00073233244]","[0.62,0.02,0.43]",,True
21,42,scene_03_narrow_passage,20260528,ik,lm,32063,"[-1.5708,-1.5708,1.5708,-1.5708,-1.5708,0]","[-3.2451678,-1.277669,1.4065663,-1.6625719,-2.0907312,0.00091146753]","[0.62,0.02,0.43]",,True
22,42,scene_03_narrow_passage,20260528,ik,lm,32064,"[-1.5708,-1.5708,1.5708,-1.5708,-1.5708,0]","[-3.2553848,-1.287848,1.4191006,-1.6942677,-2.0197968,-0.016979147]","[0.62,0.02,0.43]",,True
23,42,scene_03_narrow_passage,20260528,ik,lm,32065,"[-1.5708,-1.5708,1.5708,-1.5708,-1.5708,0]","[-3.251438,-1.2774884,1.4010902,-1.6588569,-2.0473345,0.03375528]","[0.62,0.02,0.43]",,True
24,42,scene_03_narrow_passage,20260528,ik,lm,32066,"[-1.5708,-1.5708,1.5708,-1.5708,-1.5708,0]","[-3.2581637,-1.2846625,1.4120161,-1.6889338,-2.0019102,-0.02348981]","[0.62,0.02,0.43]",,True
25,42,scene_03_narrow_passage,20260528,ik,lm,32067,"[-1.5708,-1.5708,1.5708,-1.5708,-1.5708,0]","[-3.2535882,-1.2855562,1.4160664,-1.688368,-2.0323338,-0.040768763]","[0.62,0.02,0.43]",,True
26,42,scene_03_narrow_passage,20260528,ik,lm,32068,"[-1.5708,-1.5708,1.5708,-1.5708,-1.5708,0]","[-3.2480726,-1.2812752,1.4102755,-1.6673575,-2.0705766,-0.0069501083]","[0.62,0.02,0.43]",,True
27,42,scene_03_narrow_passage,20260528,ik,lm,32069,"[-1.5708,-1.5708,1.5708,-1.5708,-1.5708,0]","[-3.2468799,-1.2798897,1.4075212,-1.6586173,-2.078658,0.011140286]","[0.62,0.02,0.43]",,True
28,42,scene_03_narrow_passage,20260528,ik,lm,32070,"[-1.5708,-1.5708,1.5708,-1.5708,-1.5708,0]","[-3.2558366,-1.2827001,1.4096378,-1.6825318,-2.0175258,-0.00086701739]","[0.62,0.02,0.43]",,True
29,42,scene_03_narrow_passage,20260528,ik,lm,32071,"[-1.5708,-1.5708,1.5708,-1.5708,-1.5708,0]","[-3.2494719,-1.2826084,1.4113233,-1.6706843,-2.0604418,-0.038386255]","[0.62,0.02,0.43]",,True
30,42,scene_03_narrow_passage,20260528,ik,lm,32072,"[-1.5708,-1.5708,1.5708,-1.5708,-1.5708,0]","[-3.2487609,-1.2781053,1.4049345,-1.6648361,-2.0657601,-0.019464667]","[0.62,0.02,0.43]",,True
31,42,scene_03_narrow_passage,20260528,ik,lm,32073,"[-1.5708,-1.5708,1.5708,-1.5708,-1.5708,0]","[-3.2508038,-1.2804774,1.4081667,-1.6734975,-2.0515802,0.018642908]","[0.62,0.02,0.43]",,True
32,42,scene_03_narrow_passage,20260528,ik,lm,32074,"[-1.5708,-1.5708,1.5708,-1.5708,-1.5708,0]","[-3.245013,-1.2807309,1.4138618,-1.6794145,-2.0915137,-0.041353069]","[0.62,0.02,0.43]",,True
33,42,scene_03_narrow_passage,20260528,ik,lm,32075,"[-1.5708,-1.5708,1.5708,-1.5708,-1.5708,0]","[-3.2465251,-1.2811609,1.4102646,-1.6608572,-2.0806363,-0.006940287]","[0.62,0.02,0.43]",,True
34,42,scene_03_narrow_passage,20260528,ik,lm,32076,"[-1.5708,-1.5708,1.5708,-1.5708,-1.5708,0]","[-3.2527127,-1.2802956,1.4081615,-1.6821135,-2.0389916,-0.034223237]","[0.62,0.02,0.43]",,True
35,42,scene_03_narrow_passage,20260528,ik,lm,32077,"[-1.5708,-1.5708,1.5708,-1.5708,-1.5708,0]","[-3.2495329,-1.2838281,1.4157263,-1.6840583,-2.0597121,-0.032925625]","[0.62,0.02,0.43]",,True
36,42,scene_03_narrow_passage,20260528,ik,lm,32078,"[-1.5708,-1.5708,1.5708,-1.5708,-1.5708,0]","[-3.2481245,-1.2805954,1.4083321,-1.6625047,-2.0694725,0.019919505]","[0.62,0.02,0.43]",,True
37,42,scene_03_narrow_passage,20260528,ik,lm,32079,"[-1.5708,-1.5708,1.5708,-1.5708,-1.5708,0]","[-3.2489764,-1.2863866,1.4248029,-1.7109773,-2.0640897,-0.0083472991]","[0.62,0.02,0.43]",,True
38,42,scene_03_narrow_passage,20260528,ik,lm,32080,"[-1.5708,-1.5708,1.5708,-1.5708,-1.5708,0]","[-3.2534118,-1.2790873,1.3995193,-1.6460755,-2.0333849,0.009381756]","[0.62,0.02,0.43]",,True
39,42,scene_03_narrow_passage,20260528,ik,lm,32081,"[-1.5708,-1.5708,1.5708,-1.5708,-1.5708,0]","[-3.2496679,-1.2798665,1.4082788,-1.6732619,-2.0597769,-0.0051618536]","[0.62,0.02,0.43]",,True
40,42,scene_03_narrow_passage,20260528,ik,lm,32082,"[-1.5708,-1.5708,1.5708,-1.5708,-1.5708,0]","[-3.2502706,-1.2811247,1.4068894,-1.6585658,-2.0547524,0.0043215032]","[0.62,0.02,0.43]",,True
41,42,scene_03_narrow_passage,20260528,ik,lm,32083,"[-1.5708,-1.5708,1.5708,-1.5708,-1.5708,0]","[-3.2525392,-1.2800412,1.4069861,-1.6767004,-2.0402463,0.012575567]","[0.62,0.02,0.43]",,True
42,42,scene_03_narrow_passage,20260528,ik,lm,32084,"[-1.5708,-1.5708,1.5708,-1.5708,-1.5708,0]","[-3.2501083,-1.2809085,1.4088627,-1.6709366,-2.0560184,-0.0095125568]","[0.62,0.02,0.43]",,True
43,42,scene_03_narrow_passage,20260528,ik,lm,32085,"[-1.5708,-1.5708,1.5708,-1.5708,-1.5708,0]","[-3.2525868,-1.2819521,1.4085717,-1.6705366,-2.0389797,-6.5497121e-05]","[0.62,0.02,0.43]",,True
44,42,scene_03_narrow_passage,20260528,ik,lm,32086,"[-1.5708,-1.5708,1.5708,-1.5708,-1.5708,0]","[-3.250862,-1.279311,1.405058,-1.6652948,-2.0509788,0.0067993299]","[0.62,0.02,0.43]",,True
45,42,scene_03_narrow_passage,20260528,ik,lm,32087,"[-1.5708,-1.5708,1.5708,-1.5708,-1.5708,0]","[-3.2570338,-1.2784911,1.397171,-1.650311,-2.0094605,0.0056304175]","[0.62,0.02,0.43]",,True
46,42,scene_03_narrow_passage,20260528,ik,lm,32088,"[-1.5708,-1.5708,1.5708,-1.5708,-1.5708,0]","[-3.2503571,-1.2850028,1.4182418,-1.6915047,-2.0540872,0.040742494]","[0.62,0.02,0.43]",,True
47,42,scene_03_narrow_passage,20260528,ik,lm,32089,"[-1.5708,-1.5708,1.5708,-1.5708,-1.5708,0]","[-3.2526164,-1.2844154,1.4112822,-1.6663212,-2.0385,-0.003625495]","[0.62,0.02,0.43]",,True
48,42,scene_03_narrow_passage,20260528,ik,lm,32090,"[-1.5708,-1.5708,1.5708,-1.5708,-1.5708,0]","[-3.249369,-1.2792629,1.4058051,-1.6635139,-2.0610231,-0.032955825]","[0.62,0.02,0.43]",,True
49,42,scene_03_narrow_passage,20260528,ik,lm,32091,"[-1.5708,-1.5708,1.5708,-1.5708,-1.5708,0]","[-3.2542634,-1.2884764,1.4234368,-1.7090394,-2.0277388,-0.034480868]","[0.62,0.02,0.43]",,True
0,42,scene_03_narrow_passage,20260528,ik,scipy_baseline,33042,"[-1.5708,-1.5708,1.5708,-1.5708,-1.5708,0]","[-3.4949444,-1.3028272,1.6974546,-1.927168,0.11738123,0.012795431]","[0.62,0.02,0.43]",,True
1,42,scene_03_narrow_passage,20260528,ik,scipy_baseline,33043,"[-1.5708,-1.5708,1.5708,-1.5708,-1.5708,0]","[-3.4697106,-1.2630149,1.3738916,-0.20359806,0.55981294,-0.56917442]","[0.62,0.02,0.43]",,True
2,42,scene_03_narrow_passage,20260528,ik,scipy_baseline,33044,"[-1.5708,-1.5708,1.5708,-1.5708,-1.5708,0]","[-3.1788942,-1.2240709,1.4053305,-0.74728153,-3.5716955,5.3375191]","[0.62,0.02,0.43]",,True
3,42,scene_03_narrow_passage,20260528,ik,scipy_baseline,33045,"[-1.5708,-1.5708,1.5708,-1.5708,-1.5708,0]","[-3.1643869,-1.1335863,1.2114567,-0.53476909,-3.1917963,-0.39708695]","[0.62,0.02,0.43]",,True
4,42,scene_03_narrow_passage,20260528,ik,scipy_baseline,33046,"[-1.5708,-1.5708,1.5708,-1.5708,-1.5708,0]","[-3.4950359,-1.2604307,1.4001967,-0.85133344,-0.11279795,-0.8560787]","[0.62,0.02,0.43]",,True
5,42,scene_03_narrow_passage,20260528,ik,scipy_baseline,33047,"[-1.5708,-1.5708,1.5708,-1.5708,-1.5708,0]","[-3.4758529,-0.79665242,1.0017293,1.3260876,-0.48864995,-3.6134712]","[0.62,0.02,0.43]",,True
6,42,scene_03_narrow_passage,20260528,ik,scipy_baseline,33048,"[-1.5708,-1.5708,1.5708,-1.5708,-1.5708,0]","[-3.4484928,-1.338427,1.7065191,-1.2893703,0.76163786,0.026222488]","[0.62,0.02,0.43]",,True
7,42,scene_03_narrow_passage,20260528,ik,scipy_baseline,33049,"[-1.5708,-1.5708,1.5708,-1.5708,-1.5708,0]","[-3.2058542,-1.2543266,1.6279713,-1.4055042,-3.8759446,-3.5363225]","[0.62,0.02,0.43]",,True
8,42,scene_03_narrow_passage,20260528,ik,scipy_baseline,33050,"[-1.5708,-1.5708,1.5708,-1.5708,-1.5708,0]","[-3.166057,-1.1611286,1.2674376,-0.89525932,-2.9891046,6.2616308]","[0.62,0.02,0.43]",,True
9,42,scene_03_narrow_passage,20260528,ik,scipy_baseline,33051,"[-1.5708,-1.5708,1.5708,-1.5708,-1.5708,0]","[-3.4958561,-1.3153656,1.5571057,-1.3428459,-0.057312812,-0.085631028]","[0.62,0.02,0.43]",,True
10,42,scene_03_narrow_passage,20260528,ik,scipy_baseline,33052,"[-1.5708,-1.5708,1.5708,-1.5708,-1.5708,0]","[-3.449523,-1.3350665,1.5426374,-1.8072049,-0.75286626,-0.1699875]","[0.62,0.02,0.43]",,True
11,42,scene_03_narrow_passage,20260528,ik,scipy_baseline,33053,"[-1.5708,-1.5708,1.5708,-1.5708,-1.5708,0]","[-5.885169,-3.6051106,1.5542698,-0.80942161,-5.7855093,0.27681655]","[0.62,0.02,0.43]",,True
12,42,scene_03_narrow_passage,20260528,ik,scipy_baseline,33054,"[-1.5708,-1.5708,1.5708,-1.5708,-1.5708,0]","[-3.4051583,-0.7111456,0.92595371,1.2126206,-1.0833777,-3.6084556]","[0.62,0.02,0.43]",,True
13,42,scene_03_narrow_passage,20260528,ik,scipy_baseline,33055,"[-1.5708,-1.5708,1.5708,-1.5708,-1.5708,0]","[-3.4010521,-1.339765,1.7298716,-1.2478885,1.110776,2.3247933]","[0.62,0.02,0.43]",,True
14,42,scene_03_narrow_passage,20260528,ik,scipy_baseline,33056,"[-1.5708,-1.5708,1.5708,-1.5708,-1.5708,0]","[-3.3894763,-1.3431302,1.7243014,-1.1955914,1.1863195,-0.068333905]","[0.62,0.02,0.43]",,True
15,42,scene_03_narrow_passage,20260528,ik,scipy_baseline,33057,"[-1.5708,-1.5708,1.5708,-1.5708,-1.5708,0]","[-3.4692711,-0.82037518,1.1385769,1.5293473,-0.56459965,2.9842158]","[0.62,0.02,0.43]",,True
16,42,scene_03_narrow_passage,20260528,ik,scipy_baseline,33058,"[-1.5708,-1.5708,1.5708,-1.5708,-1.5708,0]","[-3.1644291,-1.115214,1.1747231,-0.53726349,-3.0864222,-3.0829999]","[0.62,0.02,0.43]",,True
17,42,scene_03_narrow_passage,20260528,ik,scipy_baseline,33059,"[-1.5708,-1.5708,1.5708,-1.5708,-1.5708,0]","[-3.4482635,-1.3356014,1.7128826,-1.3275352,0.76358043,-1.7268918]","[0.62,0.02,0.43]",,True
18,42,scene_03_narrow_passage,20260528,ik,scipy_baseline,33060,"[-1.5708,-1.5708,1.5708,-1.5708,-1.5708,0]","[-3.3203618,-1.3242282,1.7206256,-1.2261118,1.6115206,0.084835359]","[0.62,0.02,0.43]",,True
19,42,scene_03_narrow_passage,20260528,ik,scipy_baseline,33061,"[-1.5708,-1.5708,1.5708,-1.5708,-1.5708,0]","[-3.1817858,-1.2075591,1.3470519,-0.52281132,-3.6127768,2.3369941]","[0.62,0.02,0.43]",,True
20,42,scene_03_narrow_passage,20260528,ik,scipy_baseline,33062,"[-1.5708,-1.5708,1.5708,-1.5708,-1.5708,0]","[-3.3877597,-1.2444235,1.7730563,-1.8218611,1.1973371,0.013703686]","[0.62,0.02,0.43]",,True
21,42,scene_03_narrow_passage,20260528,ik,scipy_baseline,33063,"[-1.5708,-1.5708,1.5708,-1.5708,-1.5708,0]","[-3.4883696,-1.2789554,1.4320768,-0.55840546,0.30019538,-0.45402414]","[0.62,0.02,0.43]",,True
22,42,scene_03_narrow_passage,20260528,ik,scipy_baseline,33064,"[-1.5708,-1.5708,1.5708,-1.5708,-1.5708,0]","[-3.4940803,-1.3243197,1.6164232,-1.3859443,0.15408939,0.83662874]","[0.62,0.02,0.43]",,True
23,42,scene_03_narrow_passage,20260528,ik,scipy_baseline,33065,"[-1.5708,-1.5708,1.5708,-1.5708,-1.5708,0]","[-3.4943681,-1.1084563,1.1405469,0.17335664,0.14290568,0.016528886]","[0.62,0.02,0.43]",,True
24,42,scene_03_narrow_passage,20260528,ik,scipy_baseline,33066,"[-1.5708,-1.5708,1.5708,-1.5708,-1.5708,0]","[-3.4016228,-1.3576087,1.6736105,-0.95784077,1.1069891,0.14926846]","[0.62,0.02,0.43]",,True
25,42,scene_03_narrow_passage,20260528,ik,scipy_baseline,33067,"[-1.5708,-1.5708,1.5708,-1.5708,-1.5708,0]","[-3.4585138,-1.3381088,1.569748,-1.858933,-0.67256932,0.38968601]","[0.62,0.02,0.43]",,True
26,42,scene_03_narrow_passage,20260528,ik,scipy_baseline,33068,"[-1.5708,-1.5708,1.5708,-1.5708,-1.5708,0]","[-3.4029985,-1.3226292,1.7504879,-1.4036362,1.0978324,-0.022367665]","[0.62,0.02,0.43]",,True
27,42,scene_03_narrow_passage,20260528,ik,scipy_baseline,33069,"[-1.5708,-1.5708,1.5708,-1.5708,-1.5708,0]","[-3.4321869,-1.2364494,1.7637565,-1.9552871,0.89175311,-1.2350434]","[0.62,0.02,0.43]",,True
28,42,scene_03_narrow_passage,20260528,ik,scipy_baseline,33070,"[-1.5708,-1.5708,1.5708,-1.5708,-1.5708,0]","[-3.1663587,-0.90035329,0.82674477,0.59571141,-3.3059254,2.4712217]","[0.62,0.02,0.43]",,True
29,42,scene_03_narrow_passage,20260528,ik,scipy_baseline,33071,"[-1.5708,-1.5708,1.5708,-1.5708,-1.5708,0]","[-3.1991768,-1.0745062,1.0524915,0.37666116,-3.8120994,3.5442784]","[0.62,0.02,0.43]",,True
30,42,scene_03_narrow_passage,20260528,ik,scipy_baseline,33072,"[-1.5708,-1.5708,1.5708,-1.5708,-1.5708,0]","[-3.4205065,-1.3552651,1.6743662,-1.0025337,0.97737223,0.025620815]","[0.62,0.02,0.43]",,True
31,42,scene_03_narrow_passage,20260528,ik,scipy_baseline,33073,"[-1.5708,-1.5708,1.5708,-1.5708,-1.5708,0]","[-3.4654196,-0.83273066,1.1908035,1.593562,-0.60513405,2.2960605]","[0.62,0.02,0.43]",,True
32,42,scene_03_narrow_passage,20260528,ik,scipy_baseline,33074,"[-1.5708,-1.5708,1.5708,-1.5708,-1.5708,0]","[-3.165562,-1.0040626,0.98036402,-0.098819748,-3.0108199,2.5185999]","[0.62,0.02,0.43]",,True
33,42,scene_03_narrow_passage,20260528,ik,scipy_baseline,33075,"[-1.5708,-1.5708,1.5708,-1.5708,-1.5708,0]","[-3.2604215,-1.1809347,1.1925328,0.27184254,-4.293874,3.2172807]","[0.62,0.02,0.43]",,True
34,42,scene_03_narrow_passage,20260528,ik,scipy_baseline,33076,"[-1.5708,-1.5708,1.5708,-1.5708,-1.5708,0]","[-3.3905244,-1.357463,1.6083369,-0.69125625,1.179571,0.002771296]","[0.62,0.02,0.43]",,True
35,42,scene_03_narrow_passage,20260528,ik,scipy_baseline,33077,"[-1.5708,-1.5708,1.5708,-1.5708,-1.5708,0]","[-3.4601928,-1.3440784,1.6597477,-1.1195947,0.65670631,-0.4886991]","[0.62,0.02,0.43]",,True
36,42,scene_03_narrow_passage,20260528,ik,scipy_baseline,33078,"[-1.5708,-1.5708,1.5708,-1.5708,-1.5708,0]","[-3.4851935,-1.315063,1.6979755,-1.6390906,0.3569608,2.7031118]","[0.62,0.02,0.43]",,True
37,42,scene_03_narrow_passage,20260528,ik,scipy_baseline,33079,"[-1.5708,-1.5708,1.5708,-1.5708,-1.5708,0]","[-3.4343341,-1.3282134,1.5038822,-1.7437966,-0.87541857,6.2203077]","[0.62,0.02,0.43]",,True
38,42,scene_03_narrow_passage,20260528,ik,scipy_baseline,33080,"[-1.5708,-1.5708,1.5708,-1.5708,-1.5708,0]","[-3.4184145,-1.3461329,1.7122868,-1.1864246,0.99220515,-0.26246555]","[0.62,0.02,0.43]",,True
39,42,scene_03_narrow_passage,20260528,ik,scipy_baseline,33081,"[-1.5708,-1.5708,1.5708,-1.5708,-1.5708,0]","[-3.4930397,-1.3176846,1.6744262,-1.6672974,0.18913716,-1.4250017]","[0.62,0.02,0.43]",,True
40,42,scene_03_narrow_passage,20260528,ik,scipy_baseline,33082,"[-1.5708,-1.5708,1.5708,-1.5708,-1.5708,0]","[-3.4075063,-1.3242698,1.7483395,-1.3972156,1.0675473,0.40898119]","[0.62,0.02,0.43]",,True
41,42,scene_03_narrow_passage,20260528,ik,scipy_baseline,33083,"[-1.5708,-1.5708,1.5708,-1.5708,-1.5708,0]","[-3.4157204,-1.3436401,1.719137,-1.2179504,1.011113,-0.45146478]","[0.62,0.02,0.43]",,True
42,42,scene_03_narrow_passage,20260528,ik,scipy_baseline,33084,"[-1.5708,-1.5708,1.5708,-1.5708,-1.5708,0]","[-3.4961379,-1.3004615,1.5027086,-1.0875791,-0.006716258,-6.215383]","[0.62,0.02,0.43]",,True
43,42,scene_03_narrow_passage,20260528,ik,scipy_baseline,33085,"[-1.5708,-1.5708,1.5708,-1.5708,-1.5708,0]","[-3.1854214,-1.2232629,1.383157,-0.59053746,-3.6601385,-1.3406818]","[0.62,0.02,0.43]",,True
44,42,scene_03_narrow_passage,20260528,ik,scipy_baseline,33086,"[-1.5708,-1.5708,1.5708,-1.5708,-1.5708,0]","[-3.4900942,-1.3257875,1.6517591,-1.4485007,0.26453639,-0.00029775347]","[0.62,0.02,0.43]",,True
45,42,scene_03_narrow_passage,20260528,ik,scipy_baseline,33087,"[-1.5708,-1.5708,1.5708,-1.5708,-1.5708,0]","[-3.4209329,-1.2860585,1.7662671,-1.6747594,0.97433199,0.084438123]","[0.62,0.02,0.43]",,True
46,42,scene_03_narrow_passage,20260528,ik,scipy_baseline,33088,"[-1.5708,-1.5708,1.5708,-1.5708,-1.5708,0]","[-3.4617062,-1.3221632,1.5128874,-0.57107116,0.64213206,-1.1972134]","[0.62,0.02,0.43]",,True
47,42,scene_03_narrow_passage,20260528,ik,scipy_baseline,33089,"[-1.5708,-1.5708,1.5708,-1.5708,-1.5708,0]","[-3.1722464,-1.2286055,1.455721,-1.0504433,-3.458927,6.0520292]","[0.62,0.02,0.43]",,True
48,42,scene_03_narrow_passage,20260528,ik,scipy_baseline,33090,"[-1.5708,-1.5708,1.5708,-1.5708,-1.5708,0]","[-3.484463,-1.3315091,1.6259875,-1.2123277,0.36883643,-0.015664853]","[0.62,0.02,0.43]",,True
49,42,scene_03_narrow_passage,20260528,ik,scipy_baseline,33091,"[-1.5708,-1.5708,1.5708,-1.5708,-1.5708,0]","[-3.4882846,-1.1321027,1.1665687,-0.362034,-0.30184725,-1.5438638]","[0.62,0.02,0.43]",,True
0,42,scene_04_near_singularity,20260529,ik,pinv,40042,"[-1.5708,-1.5708,1.5708,-1.5708,-1.5708,0]","[-3.3300989,-0.98060434,0.94490263,-1.8502079,-2.0908951,-0.035821696]","[0.76,-0.06,0.48]",,True
1,42,scene_04_near_singularity,20260529,ik,pinv,40043,"[-1.5708,-1.5708,1.5708,-1.5708,-1.5708,0]","[-3.3298403,-0.9871671,0.96717906,-1.9007033,-2.0925268,-0.0078799919]","[0.76,-0.06,0.48]",,True
2,42,scene_04_near_singularity,20260529,ik,pinv,40044,"[-1.5708,-1.5708,1.5708,-1.5708,-1.5708,0]","[-3.3387948,-0.98876084,0.96051878,-1.8927,-2.0177442,0.0022778879]","[0.76,-0.06,0.48]",,True
3,42,scene_04_near_singularity,20260529,ik,pinv,40045,"[-1.5708,-1.5708,1.5708,-1.5708,-1.5708,0]","[-3.3347097,-0.98570409,0.96162456,-1.9040065,-2.0526322,-0.012484331]","[0.76,-0.06,0.48]",,True
4,42,scene_04_near_singularity,20260529,ik,pinv,40046,"[-1.5708,-1.5708,1.5708,-1.5708,-1.5708,0]","[-3.3321012,-0.97901317,0.95066546,-1.8927593,-2.077297,0.011941146]","[0.76,-0.06,0.48]",,True
5,42,scene_04_near_singularity,20260529,ik,pinv,40047,"[-1.5708,-1.5708,1.5708,-1.5708,-1.5708,0]","[-3.3313199,-0.99166403,0.96987654,-1.8889327,-2.0786616,-0.02382785]","[0.76,-0.06,0.48]",,True
6,42,scene_04_near_singularity,20260529,ik,pinv,40048,"[-1.5708,-1.5708,1.5708,-1.5708,-1.5708,0]","[-3.3327094,-0.99546293,0.97649481,-1.8957691,-2.0648326,0.029323168]","[0.76,-0.06,0.48]",,True
7,42,scene_04_near_singularity,20260529,ik,pinv,40049,"[-1.5708,-1.5708,1.5708,-1.5708,-1.5708,0]","[-3.3370574,-0.98280176,0.94624357,-1.8656937,-2.0329536,-0.012036885]","[0.76,-0.06,0.48]",,True
8,42,scene_04_near_singularity,20260529,ik,pinv,40050,"[-1.5708,-1.5708,1.5708,-1.5708,-1.5708,0]","[-3.3258549,-0.99128035,0.97127606,-1.875605,-2.1236231,-0.033050188]","[0.76,-0.06,0.48]",,True
9,42,scene_04_near_singularity,20260529,ik,pinv,40051,"[-1.5708,-1.5708,1.5708,-1.5708,-1.5708,0]","[-3.3376682,-0.98876403,0.95865252,-1.881526,-2.0264651,0.029917589]","[0.76,-0.06,0.48]",,True
10,42,scene_04_near_singularity,20260529,ik,pinv,40052,"[-1.5708,-1.5708,1.5708,-1.5708,-1.5708,0]","[-3.337714,-0.98083426,0.94481478,-1.8741491,-2.0290766,-0.020785267]","[0.76,-0.06,0.48]",,True
11,42,scene_04_near_singularity,20260529,ik,pinv,40053,"[-1.5708,-1.5708,1.5708,-1.5708,-1.5708,0]","[-3.3364066,-0.98962951,0.9630085,-1.8904159,-2.0369175,-0.0027250792]","[0.76,-0.06,0.48]",,True
12,42,scene_04_near_singularity,20260529,ik,pinv,40054,"[-1.5708,-1.5708,1.5708,-1.5708,-1.5708,0]","[-3.3341351,-0.98124577,0.95056626,-1.8842183,-2.0587379,0.00077731831]","[0.76,-0.06,0.48]",,True
13,42,scene_04_near_singularity,20260529,ik,pinv,40055,"[-1.5708,-1.5708,1.5708,-1.5708,-1.5708,0]","[-3.3333335,-0.99001631,0.97018405,-1.9076313,-2.0620811,0.025033617]","[0.76,-0.06,0.48]",,True
14,42,scene_04_near_singularity,20260529,ik,pinv,40056,"[-1.5708,-1.5708,1.5708,-1.5708,-1.5708,0]","[-3.3303874,-0.98724373,0.96244315,-1.8819841,-2.0868534,-0.028136483]","[0.76,-0.06,0.48]",,True
15,42,scene_04_near_singularity,20260529,ik,pinv,40057,"[-1.5708,-1.5708,1.5708,-1.5708,-1.5708,0]","[-3.3317572,-0.98738566,0.95867924,-1.8711076,-2.0752617,0.015438333]","[0.76,-0.06,0.48]",,True
16,42,scene_04_near_singularity,20260529,ik,pinv,40058,"[-1.5708,-1.5708,1.5708,-1.5708,-1.5708,0]","[-3.3326491,-0.98469843,0.96378414,-1.9133582,-2.0708858,0.018389424]","[0.76,-0.06,0.48]",,True
17,42,scene_04_near_singularity,20260529,ik,pinv,40059,"[-1.5708,-1.5708,1.5708,-1.5708,-1.5708,0]","[-3.3334081,-0.98648089,0.96153422,-1.8946896,-2.0626252,-0.019531839]","[0.76,-0.06,0.48]",,True
18,42,scene_04_near_singularity,20260529,ik,pinv,40060,"[-1.5708,-1.5708,1.5708,-1.5708,-1.5708,0]","[-3.3320011,-0.98260118,0.94863498,-1.8592951,-2.0740096,0.030861084]","[0.76,-0.06,0.48]",,True
19,42,scene_04_near_singularity,20260529,ik,pinv,40061,"[-1.5708,-1.5708,1.5708,-1.5708,-1.5708,0]","[-3.3388826,-0.98586194,0.95753872,-1.8994173,-2.0184852,-0.0083499334]","[0.76,-0.06,0.48]",,True
20,42,scene_04_near_singularity,20260529,ik,pinv,40062,"[-1.5708,-1.5708,1.5708,-1.5708,-1.5708,0]","[-3.3354757,-0.98293967,0.95353921,-1.8905681,-2.0471287,-0.015893976]","[0.76,-0.06,0.48]",,True
21,42,scene_04_near_singularity,20260529,ik,pinv,40063,"[-1.5708,-1.5708,1.5708,-1.5708,-1.5708,0]","[-3.3355703,-0.97961786,0.94087886,-1.8583451,-2.0464756,-0.0093665034]","[0.76,-0.06,0.48]",,True
22,42,scene_04_near_singularity,20260529,ik,pinv,40064,"[-1.5708,-1.5708,1.5708,-1.5708,-1.5708,0]","[-3.3314902,-0.99052182,0.96935329,-1.8949034,-2.077476,-0.010736738]","[0.76,-0.06,0.48]",,True
23,42,scene_04_near_singularity,20260529,ik,pinv,40065,"[-1.5708,-1.5708,1.5708,-1.5708,-1.5708,0]","[-3.3345978,-0.98510822,0.95360615,-1.8737239,-2.0524472,-0.01437002]","[0.76,-0.06,0.48]",,True
24,42,scene_04_near_singularity,20260529,ik,pinv,40066,"[-1.5708,-1.5708,1.5708,-1.5708,-1.5708,0]","[-3.3304331,-0.98720445,0.95747881,-1.8616885,-2.0861593,-0.00087942886]","[0.76,-0.06,0.48]",,True
25,42,scene_04_near_singularity,20260529,ik,pinv,40067,"[-1.5708,-1.5708,1.5708,-1.5708,-1.5708,0]","[-3.333595,-0.98099009,0.94762076,-1.8720513,-2.0625253,0.018659018]","[0.76,-0.06,0.48]",,True
26,42,scene_04_near_singularity,20260529,ik,pinv,40068,"[-1.5708,-1.5708,1.5708,-1.5708,-1.5708,0]","[-3.3357553,-0.9813587,0.95230191,-1.8967531,-2.0458222,0.058833985]","[0.76,-0.06,0.48]",,True
27,42,scene_04_near_singularity,20260529,ik,pinv,40069,"[-1.5708,-1.5708,1.5708,-1.5708,-1.5708,0]","[-3.3322705,-0.99131991,0.96401787,-1.8678983,-2.0690401,-0.0031740431]","[0.76,-0.06,0.48]",,True
28,42,scene_04_near_singularity,20260529,ik,pinv,40070,"[-1.5708,-1.5708,1.5708,-1.5708,-1.5708,0]","[-3.3303803,-0.98365041,0.95092829,-1.8561718,-2.0875848,-0.013037772]","[0.76,-0.06,0.48]",,True
29,42,scene_04_near_singularity,20260529,ik,pinv,40071,"[-1.5708,-1.5708,1.5708,-1.5708,-1.5708,0]","[-3.3365523,-0.98193512,0.95101623,-1.8900027,-2.0387205,-0.0076753116]","[0.76,-0.06,0.48]",,True
30,42,scene_04_near_singularity,20260529,ik,pinv,40072,"[-1.5708,-1.5708,1.5708,-1.5708,-1.5708,0]","[-3.3380253,-0.9863227,0.95100268,-1.865401,-2.0233372,-0.0057750322]","[0.76,-0.06,0.48]",,True
31,42,scene_04_near_singularity,20260529,ik,pinv,40073,"[-1.5708,-1.5708,1.5708,-1.5708,-1.5708,0]","[-3.330063,-0.98396806,0.95328385,-1.8632432,-2.0898154,-0.030450607]","[0.76,-0.06,0.48]",,True
32,42,scene_04_near_singularity,20260529,ik,pinv,40074,"[-1.5708,-1.5708,1.5708,-1.5708,-1.5708,0]","[-3.3302483,-0.9778079,0.95374042,-1.9072232,-2.0945937,0.002814645]","[0.76,-0.06,0.48]",,True
33,42,scene_04_near_singularity,20260529,ik,pinv,40075,"[-1.5708,-1.5708,1.5708,-1.5708,-1.5708,0]","[-3.3351897,-0.98542817,0.95590923,-1.8835388,-2.047908,0.0061847881]","[0.76,-0.06,0.48]",,True
34,42,scene_04_near_singularity,20260529,ik,pinv,40076,"[-1.5708,-1.5708,1.5708,-1.5708,-1.5708,0]","[-3.3326189,-0.98491148,0.95622217,-1.8790938,-2.0690005,0.034626153]","[0.76,-0.06,0.48]",,True
35,42,scene_04_near_singularity,20260529,ik,pinv,40077,"[-1.5708,-1.5708,1.5708,-1.5708,-1.5708,0]","[-3.3351529,-0.99129895,0.97393995,-1.9221036,-2.0476269,-0.0025281786]","[0.76,-0.06,0.48]",,True
36,42,scene_04_near_singularity,20260529,ik,pinv,40078,"[-1.5708,-1.5708,1.5708,-1.5708,-1.5708,0]","[-3.3351902,-0.98354077,0.95252792,-1.880995,-2.0486224,0.003987121]","[0.76,-0.06,0.48]",,True
37,42,scene_04_near_singularity,20260529,ik,pinv,40079,"[-1.5708,-1.5708,1.5708,-1.5708,-1.5708,0]","[-3.3276729,-0.9824829,0.95497302,-1.8714207,-2.1115443,0.0092686255]","[0.76,-0.06,0.48]",,True
38,42,scene_04_near_singularity,20260529,ik,pinv,40080,"[-1.5708,-1.5708,1.5708,-1.5708,-1.5708,0]","[-3.3350046,-0.9859704,0.95543136,-1.8773161,-2.0490219,0.039425891]","[0.76,-0.06,0.48]",,True
39,42,scene_04_near_singularity,20260529,ik,pinv,40081,"[-1.5708,-1.5708,1.5708,-1.5708,-1.5708,0]","[-3.3329258,-0.98841415,0.96275632,-1.8849632,-2.0653521,-0.016527388]","[0.76,-0.06,0.48]",,True
40,42,scene_04_near_singularity,20260529,ik,pinv,40082,"[-1.5708,-1.5708,1.5708,-1.5708,-1.5708,0]","[-3.3384993,-0.98366911,0.95157407,-1.8872623,-2.0220349,0.0069117998]","[0.76,-0.06,0.48]",,True
41,42,scene_04_near_singularity,20260529,ik,pinv,40083,"[-1.5708,-1.5708,1.5708,-1.5708,-1.5708,0]","[-3.3310811,-0.98320706,0.95381658,-1.8749203,-2.0823083,0.027270585]","[0.76,-0.06,0.48]",,True
42,42,scene_04_near_singularity,20260529,ik,pinv,40084,"[-1.5708,-1.5708,1.5708,-1.5708,-1.5708,0]","[-3.3350228,-0.98245909,0.95455006,-1.8970147,-2.0514053,-0.0037055309]","[0.76,-0.06,0.48]",,True
43,42,scene_04_near_singularity,20260529,ik,pinv,40085,"[-1.5708,-1.5708,1.5708,-1.5708,-1.5708,0]","[-3.3329983,-0.98711765,0.96197718,-1.8913096,-2.0659219,-0.0075075869]","[0.76,-0.06,0.48]",,True
44,42,scene_04_near_singularity,20260529,ik,pinv,40086,"[-1.5708,-1.5708,1.5708,-1.5708,-1.5708,0]","[-3.3405396,-0.98582239,0.95914484,-1.9121145,-2.0059283,0.0041204674]","[0.76,-0.06,0.48]",,True
45,42,scene_04_near_singularity,20260529,ik,pinv,40087,"[-1.5708,-1.5708,1.5708,-1.5708,-1.5708,0]","[-3.3333912,-0.98951703,0.96712821,-1.8979571,-2.0617611,0.01611937]","[0.76,-0.06,0.48]",,True
46,42,scene_04_near_singularity,20260529,ik,pinv,40088,"[-1.5708,-1.5708,1.5708,-1.5708,-1.5708,0]","[-3.3312386,-0.98653274,0.95770067,-1.8694904,-2.0791941,-0.0033792188]","[0.76,-0.06,0.48]",,True
47,42,scene_04_near_singularity,20260529,ik,pinv,40089,"[-1.5708,-1.5708,1.5708,-1.5708,-1.5708,0]","[-3.3336509,-0.98614931,0.95666643,-1.8763916,-2.0599692,0.0041478174]","[0.76,-0.06,0.48]",,True
48,42,scene_04_near_singularity,20260529,ik,pinv,40090,"[-1.5708,-1.5708,1.5708,-1.5708,-1.5708,0]","[-3.3304248,-0.9839926,0.95478721,-1.8717333,-2.0878692,-0.021474731]","[0.76,-0.06,0.48]",,True
49,42,scene_04_near_singularity,20260529,ik,pinv,40091,"[-1.5708,-1.5708,1.5708,-1.5708,-1.5708,0]","[-3.3285233,-0.97955428,0.94708908,-1.8591629,-2.1046099,-0.0082835302]","[0.76,-0.06,0.48]",,True
0,42,scene_04_near_singularity,20260529,ik,dls,41042,"[-1.5708,-1.5708,1.5708,-1.5708,-1.5708,0]","[-3.3379171,-0.99341488,0.96809382,-1.8859737,-2.0315159,0.012106352]","[0.76,-0.06,0.48]",,True
1,42,scene_04_near_singularity,20260529,ik,dls,41043,"[-1.5708,-1.5708,1.5708,-1.5708,-1.5708,0]","[-3.338638,-0.98823622,0.96090635,-1.8934718,-2.0263455,0.0054614829]","[0.76,-0.06,0.48]",,True
2,42,scene_04_near_singularity,20260529,ik,dls,41044,"[-1.5708,-1.5708,1.5708,-1.5708,-1.5708,0]","[-3.3386373,-0.9928729,0.96583874,-1.8821161,-2.0257291,-0.0029186353]","[0.76,-0.06,0.48]",,True
3,42,scene_04_near_singularity,20260529,ik,dls,41045,"[-1.5708,-1.5708,1.5708,-1.5708,-1.5708,0]","[-3.3412791,-0.99038341,0.95882915,-1.8777605,-2.0040214,0.0063186355]","[0.76,-0.06,0.48]",,True
4,42,scene_04_near_singularity,20260529,ik,dls,41046,"[-1.5708,-1.5708,1.5708,-1.5708,-1.5708,0]","[-3.3358087,-0.98750053,0.96195053,-1.8929095,-2.0499943,-0.013283939]","[0.76,-0.06,0.48]",,True
5,42,scene_04_near_singularity,20260529,ik,dls,41047,"[-1.5708,-1.5708,1.5708,-1.5708,-1.5708,0]","[-3.3409264,-0.99210664,0.9681769,-1.9056613,-2.0070249,0.0077987698]","[0.76,-0.06,0.48]",,True
6,42,scene_04_near_singularity,20260529,ik,dls,41048,"[-1.5708,-1.5708,1.5708,-1.5708,-1.5708,0]","[-3.3356489,-0.9879648,0.96136806,-1.8865312,-2.0513449,-0.02416125]","[0.76,-0.06,0.48]",,True
7,42,scene_04_near_singularity,20260529,ik,dls,41049,"[-1.5708,-1.5708,1.5708,-1.5708,-1.5708,0]","[-3.3341102,-0.98833102,0.9593455,-1.8691461,-2.0638983,0.030726901]","[0.76,-0.06,0.48]",,True
8,42,scene_04_near_singularity,20260529,ik,dls,41050,"[-1.5708,-1.5708,1.5708,-1.5708,-1.5708,0]","[-3.338893,-0.99343624,0.9652468,-1.8759279,-2.0230651,-0.01491328]","[0.76,-0.06,0.48]",,True
9,42,scene_04_near_singularity,20260529,ik,dls,41051,"[-1.5708,-1.5708,1.5708,-1.5708,-1.5708,0]","[-3.336045,-0.98885708,0.96337185,-1.8907495,-2.0477622,-0.01035652]","[0.76,-0.06,0.48]",,True
10,42,scene_04_near_singularity,20260529,ik,dls,41052,"[-1.5708,-1.5708,1.5708,-1.5708,-1.5708,0]","[-3.3312193,-0.99231617,0.96805834,-1.8694159,-2.0875746,-0.0074790692]","[0.76,-0.06,0.48]",,True
11,42,scene_04_near_singularity,20260529,ik,dls,41053,"[-1.5708,-1.5708,1.5708,-1.5708,-1.5708,0]","[-3.3394464,-0.99423374,0.97603817,-1.9195877,-2.0189612,-0.011422628]","[0.76,-0.06,0.48]",,True
12,42,scene_04_near_singularity,20260529,ik,dls,41054,"[-1.5708,-1.5708,1.5708,-1.5708,-1.5708,0]","[-3.3362332,-0.99240482,0.97189031,-1.9036063,-2.0462586,-0.0050059775]","[0.76,-0.06,0.48]",,True
13,42,scene_04_near_singularity,20260529,ik,dls,41055,"[-1.5708,-1.5708,1.5708,-1.5708,-1.5708,0]","[-3.3327628,-0.99220673,0.96636414,-1.8688251,-2.0746549,0.013800978]","[0.76,-0.06,0.48]",,True
14,42,scene_04_near_singularity,20260529,ik,dls,41056,"[-1.5708,-1.5708,1.5708,-1.5708,-1.5708,0]","[-3.3324587,-0.98949558,0.96232728,-1.8677742,-2.0775162,0.0094169664]","[0.76,-0.06,0.48]",,True
15,42,scene_04_near_singularity,20260529,ik,dls,41057,"[-1.5708,-1.5708,1.5708,-1.5708,-1.5708,0]","[-3.3396572,-0.99144116,0.96337062,-1.884349,-2.0174271,-0.0071529652]","[0.76,-0.06,0.48]",,True
16,42,scene_04_near_singularity,20260529,ik,dls,41058,"[-1.5708,-1.5708,1.5708,-1.5708,-1.5708,0]","[-3.3358406,-0.98848654,0.96198948,-1.8860809,-2.0497056,0.0024372448]","[0.76,-0.06,0.48]",,True
17,42,scene_04_near_singularity,20260529,ik,dls,41059,"[-1.5708,-1.5708,1.5708,-1.5708,-1.5708,0]","[-3.3355743,-0.99727528,0.97724116,-1.8906533,-2.0501337,-0.019497705]","[0.76,-0.06,0.48]",,True
18,42,scene_04_near_singularity,20260529,ik,dls,41060,"[-1.5708,-1.5708,1.5708,-1.5708,-1.5708,0]","[-3.331998,-0.97972661,0.95088518,-1.8846948,-2.0836512,-0.036084271]","[0.76,-0.06,0.48]",,True
19,42,scene_04_near_singularity,20260529,ik,dls,41061,"[-1.5708,-1.5708,1.5708,-1.5708,-1.5708,0]","[-3.3382803,-0.98994543,0.96010802,-1.8760402,-2.0289231,0.011350045]","[0.76,-0.06,0.48]",,True
20,42,scene_04_near_singularity,20260529,ik,dls,41062,"[-1.5708,-1.5708,1.5708,-1.5708,-1.5708,0]","[-3.3376125,-0.99146899,0.96062562,-1.8655564,-2.0340899,0.04764533]","[0.76,-0.06,0.48]",,True
21,42,scene_04_near_singularity,20260529,ik,dls,41063,"[-1.5708,-1.5708,1.5708,-1.5708,-1.5708,0]","[-3.3357752,-0.98618882,0.95812651,-1.8851764,-2.0501973,-0.006508327]","[0.76,-0.06,0.48]",,True
22,42,scene_04_near_singularity,20260529,ik,dls,41064,"[-1.5708,-1.5708,1.5708,-1.5708,-1.5708,0]","[-3.3346647,-0.98744138,0.96492176,-1.9025973,-2.0597937,-0.0227393]","[0.76,-0.06,0.48]",,True
23,42,scene_04_near_singularity,20260529,ik,dls,41065,"[-1.5708,-1.5708,1.5708,-1.5708,-1.5708,0]","[-3.3344451,-0.99131038,0.96673089,-1.8821281,-2.0608198,-0.040097686]","[0.76,-0.06,0.48]",,True
24,42,scene_04_near_singularity,20260529,ik,dls,41066,"[-1.5708,-1.5708,1.5708,-1.5708,-1.5708,0]","[-3.3333522,-0.98640127,0.95737982,-1.8707893,-2.0707014,-0.010232893]","[0.76,-0.06,0.48]",,True
25,42,scene_04_near_singularity,20260529,ik,dls,41067,"[-1.5708,-1.5708,1.5708,-1.5708,-1.5708,0]","[-3.3347355,-0.98563222,0.95301981,-1.8621301,-2.0591486,-0.008774059]","[0.76,-0.06,0.48]",,True
26,42,scene_04_near_singularity,20260529,ik,dls,41068,"[-1.5708,-1.5708,1.5708,-1.5708,-1.5708,0]","[-3.3368392,-0.99647272,0.97680374,-1.9000917,-2.0403172,0.028500035]","[0.76,-0.06,0.48]",,True
27,42,scene_04_near_singularity,20260529,ik,dls,41069,"[-1.5708,-1.5708,1.5708,-1.5708,-1.5708,0]","[-3.3326709,-0.99104358,0.96893394,-1.8875972,-2.0762734,-0.013508269]","[0.76,-0.06,0.48]",,True
28,42,scene_04_near_singularity,20260529,ik,dls,41070,"[-1.5708,-1.5708,1.5708,-1.5708,-1.5708,0]","[-3.3347377,-0.98925353,0.96423821,-1.8867694,-2.0589767,0.0081040239]","[0.76,-0.06,0.48]",,True
29,42,scene_04_near_singularity,20260529,ik,dls,41071,"[-1.5708,-1.5708,1.5708,-1.5708,-1.5708,0]","[-3.3398676,-0.99130532,0.96439281,-1.8908374,-2.0156589,-0.016651998]","[0.76,-0.06,0.48]",,True
30,42,scene_04_near_singularity,20260529,ik,dls,41072,"[-1.5708,-1.5708,1.5708,-1.5708,-1.5708,0]","[-3.3395712,-0.98854491,0.95539452,-1.869749,-2.0181997,0.0047608889]","[0.76,-0.06,0.48]",,True
31,42,scene_04_near_singularity,20260529,ik,dls,41073,"[-1.5708,-1.5708,1.5708,-1.5708,-1.5708,0]","[-3.3348932,-0.98889897,0.95960172,-1.8692103,-2.0575263,0.036600184]","[0.76,-0.06,0.48]",,True
32,42,scene_04_near_singularity,20260529,ik,dls,41074,"[-1.5708,-1.5708,1.5708,-1.5708,-1.5708,0]","[-3.3320502,-0.98871272,0.96751364,-1.8949327,-2.0818742,0.013071381]","[0.76,-0.06,0.48]",,True
33,42,scene_04_near_singularity,20260529,ik,dls,41075,"[-1.5708,-1.5708,1.5708,-1.5708,-1.5708,0]","[-3.3324469,-0.98692207,0.95896392,-1.8709958,-2.078311,0.037858225]","[0.76,-0.06,0.48]",,True
34,42,scene_04_near_singularity,20260529,ik,dls,41076,"[-1.5708,-1.5708,1.5708,-1.5708,-1.5708,0]","[-3.3360965,-0.98839381,0.96078793,-1.8828674,-2.0475194,-0.013246234]","[0.76,-0.06,0.48]",,True
35,42,scene_04_near_singularity,20260529,ik,dls,41077,"[-1.5708,-1.5708,1.5708,-1.5708,-1.5708,0]","[-3.3306028,-0.98745097,0.96044316,-1.8664851,-2.0937996,0.017533176]","[0.76,-0.06,0.48]",,True
36,42,scene_04_near_singularity,20260529,ik,dls,41078,"[-1.5708,-1.5708,1.5708,-1.5708,-1.5708,0]","[-3.3322138,-0.98900998,0.96667261,-1.8891005,-2.080234,0.018819349]","[0.76,-0.06,0.48]",,True
37,42,scene_04_near_singularity,20260529,ik,dls,41079,"[-1.5708,-1.5708,1.5708,-1.5708,-1.5708,0]","[-3.3349076,-0.98514088,0.95050926,-1.8551898,-2.0574519,-0.017845964]","[0.76,-0.06,0.48]",,True
38,42,scene_04_near_singularity,20260529,ik,dls,41080,"[-1.5708,-1.5708,1.5708,-1.5708,-1.5708,0]","[-3.3394374,-0.9961005,0.97231255,-1.8905659,-2.0184981,-0.01462439]","[0.76,-0.06,0.48]",,True
39,42,scene_04_near_singularity,20260529,ik,dls,41081,"[-1.5708,-1.5708,1.5708,-1.5708,-1.5708,0]","[-3.3362087,-0.99838703,0.98686321,-1.9274767,-2.0456589,0.0031721952]","[0.76,-0.06,0.48]",,True
40,42,scene_04_near_singularity,20260529,ik,dls,41082,"[-1.5708,-1.5708,1.5708,-1.5708,-1.5708,0]","[-3.3334005,-0.98460172,0.95868452,-1.8904392,-2.070632,-0.018595197]","[0.76,-0.06,0.48]",,True
41,42,scene_04_near_singularity,20260529,ik,dls,41083,"[-1.5708,-1.5708,1.5708,-1.5708,-1.5708,0]","[-3.3374917,-0.99439525,0.97905611,-1.9255433,-2.0357498,-0.0075031553]","[0.76,-0.06,0.48]",,True
42,42,scene_04_near_singularity,20260529,ik,dls,41084,"[-1.5708,-1.5708,1.5708,-1.5708,-1.5708,0]","[-3.3412729,-0.99017848,0.95846096,-1.8773764,-2.0042506,-0.0026019873]","[0.76,-0.06,0.48]",,True
43,42,scene_04_near_singularity,20260529,ik,dls,41085,"[-1.5708,-1.5708,1.5708,-1.5708,-1.5708,0]","[-3.3393763,-0.98740398,0.95342098,-1.8685071,-2.0200549,0.020947616]","[0.76,-0.06,0.48]",,True
44,42,scene_04_near_singularity,20260529,ik,dls,41086,"[-1.5708,-1.5708,1.5708,-1.5708,-1.5708,0]","[-3.3338583,-0.991233,0.96498762,-1.8721146,-2.0654032,0.0025995149]","[0.76,-0.06,0.48]",,True
45,42,scene_04_near_singularity,20260529,ik,dls,41087,"[-1.5708,-1.5708,1.5708,-1.5708,-1.5708,0]","[-3.3342836,-0.98449601,0.95447439,-1.8754129,-2.062805,0.013136743]","[0.76,-0.06,0.48]",,True
46,42,scene_04_near_singularity,20260529,ik,dls,41088,"[-1.5708,-1.5708,1.5708,-1.5708,-1.5708,0]","[-3.333581,-0.99359654,0.97606694,-1.9040728,-2.06794,-0.037796191]","[0.76,-0.06,0.48]",,True
47,42,scene_04_near_singularity,20260529,ik,dls,41089,"[-1.5708,-1.5708,1.5708,-1.5708,-1.5708,0]","[-3.3358206,-0.99222877,0.9744467,-1.9150057,-2.0499082,-0.0037654265]","[0.76,-0.06,0.48]",,True
48,42,scene_04_near_singularity,20260529,ik,dls,41090,"[-1.5708,-1.5708,1.5708,-1.5708,-1.5708,0]","[-3.3409444,-0.98742255,0.9495872,-1.8564218,-2.0068895,-0.023390351]","[0.76,-0.06,0.48]",,True
49,42,scene_04_near_singularity,20260529,ik,dls,41091,"[-1.5708,-1.5708,1.5708,-1.5708,-1.5708,0]","[-3.3326185,-0.98782392,0.96165359,-1.876842,-2.0767103,-0.011349887]","[0.76,-0.06,0.48]",,True
0,42,scene_04_near_singularity,20260529,ik,lm,42042,"[-1.5708,-1.5708,1.5708,-1.5708,-1.5708,0]","[-3.3416115,-0.99500797,0.97380193,-1.9115341,-2.0025432,0.020051652]","[0.76,-0.06,0.48]",,True
1,42,scene_04_near_singularity,20260529,ik,lm,42043,"[-1.5708,-1.5708,1.5708,-1.5708,-1.5708,0]","[-3.3359967,-0.98782542,0.95592345,-1.8638245,-2.0495415,0.038173783]","[0.76,-0.06,0.48]",,True
2,42,scene_04_near_singularity,20260529,ik,lm,42044,"[-1.5708,-1.5708,1.5708,-1.5708,-1.5708,0]","[-3.3335346,-0.99778989,0.9850612,-1.9130015,-2.069796,-0.01609767]","[0.76,-0.06,0.48]",,True
3,42,scene_04_near_singularity,20260529,ik,lm,42045,"[-1.5708,-1.5708,1.5708,-1.5708,-1.5708,0]","[-3.3338471,-0.98837913,0.96308575,-1.8836341,-2.0680221,0.0018777712]","[0.76,-0.06,0.48]",,True
4,42,scene_04_near_singularity,20260529,ik,lm,42046,"[-1.5708,-1.5708,1.5708,-1.5708,-1.5708,0]","[-3.3366949,-0.98710349,0.95747538,-1.8788339,-2.0437805,0.019455199]","[0.76,-0.06,0.48]",,True
5,42,scene_04_near_singularity,20260529,ik,lm,42047,"[-1.5708,-1.5708,1.5708,-1.5708,-1.5708,0]","[-3.3326904,-0.99398336,0.97180825,-1.8781186,-2.077063,-0.038049918]","[0.76,-0.06,0.48]",,True
6,42,scene_04_near_singularity,20260529,ik,lm,42048,"[-1.5708,-1.5708,1.5708,-1.5708,-1.5708,0]","[-3.3338536,-0.9879751,0.96374158,-1.8890488,-2.0678614,-0.032557027]","[0.76,-0.06,0.48]",,True
7,42,scene_04_near_singularity,20260529,ik,lm,42049,"[-1.5708,-1.5708,1.5708,-1.5708,-1.5708,0]","[-3.3363395,-0.98970645,0.95969403,-1.8681321,-2.0465844,-0.0076655954]","[0.76,-0.06,0.48]",,True
8,42,scene_04_near_singularity,20260529,ik,lm,42050,"[-1.5708,-1.5708,1.5708,-1.5708,-1.5708,0]","[-3.3382273,-0.9959171,0.97396578,-1.8938438,-2.0306257,-0.018266467]","[0.76,-0.06,0.48]",,True
9,42,scene_04_near_singularity,20260529,ik,lm,42051,"[-1.5708,-1.5708,1.5708,-1.5708,-1.5708,0]","[-3.3379306,-0.98961777,0.95785457,-1.86644,-2.0332908,-0.013368813]","[0.76,-0.06,0.48]",,True
10,42,scene_04_near_singularity,20260529,ik,lm,42052,"[-1.5708,-1.5708,1.5708,-1.5708,-1.5708,0]","[-3.3388877,-0.99141393,0.96298238,-1.8794054,-2.0251679,0.0022464902]","[0.76,-0.06,0.48]",,True
11,42,scene_04_near_singularity,20260529,ik,lm,42053,"[-1.5708,-1.5708,1.5708,-1.5708,-1.5708,0]","[-3.3353952,-0.98986056,0.96145688,-1.8706613,-2.054604,0.0092260282]","[0.76,-0.06,0.48]",,True
12,42,scene_04_near_singularity,20260529,ik,lm,42054,"[-1.5708,-1.5708,1.5708,-1.5708,-1.5708,0]","[-3.3351554,-0.99801591,0.97705351,-1.8827806,-2.0556635,0.0097571055]","[0.76,-0.06,0.48]",,True
13,42,scene_04_near_singularity,20260529,ik,lm,42055,"[-1.5708,-1.5708,1.5708,-1.5708,-1.5708,0]","[-3.3359636,-0.98987588,0.96262263,-1.8788281,-2.049696,-0.0021528877]","[0.76,-0.06,0.48]",,True
14,42,scene_04_near_singularity,20260529,ik,lm,42056,"[-1.5708,-1.5708,1.5708,-1.5708,-1.5708,0]","[-3.3359417,-0.99459263,0.97191621,-1.8866895,-2.0496231,-0.0003300603]","[0.76,-0.06,0.48]",,True
15,42,scene_04_near_singularity,20260529,ik,lm,42057,"[-1.5708,-1.5708,1.5708,-1.5708,-1.5708,0]","[-3.3388928,-0.99614583,0.97385425,-1.8945771,-2.0252004,-0.026294214]","[0.76,-0.06,0.48]",,True
16,42,scene_04_near_singularity,20260529,ik,lm,42058,"[-1.5708,-1.5708,1.5708,-1.5708,-1.5708,0]","[-3.3325103,-0.98895194,0.96405861,-1.8781614,-2.0795964,-0.015980686]","[0.76,-0.06,0.48]",,True
17,42,scene_04_near_singularity,20260529,ik,lm,42059,"[-1.5708,-1.5708,1.5708,-1.5708,-1.5708,0]","[-3.3377316,-0.99695783,0.97435042,-1.886687,-2.0342094,0.0055199183]","[0.76,-0.06,0.48]",,True
18,42,scene_04_near_singularity,20260529,ik,lm,42060,"[-1.5708,-1.5708,1.5708,-1.5708,-1.5708,0]","[-3.3384456,-0.99322812,0.9692472,-1.8929884,-2.0289719,0.010164163]","[0.76,-0.06,0.48]",,True
19,42,scene_04_near_singularity,20260529,ik,lm,42061,"[-1.5708,-1.5708,1.5708,-1.5708,-1.5708,0]","[-3.335812,-0.99158483,0.96650161,-1.8833213,-2.0511354,0.0061958431]","[0.76,-0.06,0.48]",,True
20,42,scene_04_near_singularity,20260529,ik,lm,42062,"[-1.5708,-1.5708,1.5708,-1.5708,-1.5708,0]","[-3.3385808,-0.99245632,0.96860904,-1.8958812,-2.0277184,0.0077592995]","[0.76,-0.06,0.48]",,True
21,42,scene_04_near_singularity,20260529,ik,lm,42063,"[-1.5708,-1.5708,1.5708,-1.5708,-1.5708,0]","[-3.3372596,-0.98616295,0.95261337,-1.8656658,-2.0389783,0.0046034697]","[0.76,-0.06,0.48]",,True
22,42,scene_04_near_singularity,20260529,ik,lm,42064,"[-1.5708,-1.5708,1.5708,-1.5708,-1.5708,0]","[-3.3346306,-0.9911246,0.96444043,-1.8727648,-2.0609981,0.023177567]","[0.76,-0.06,0.48]",,True
23,42,scene_04_near_singularity,20260529,ik,lm,42065,"[-1.5708,-1.5708,1.5708,-1.5708,-1.5708,0]","[-3.3381834,-0.99769327,0.97436137,-1.8838327,-2.0307388,0.00019354638]","[0.76,-0.06,0.48]",,True
24,42,scene_04_near_singularity,20260529,ik,lm,42066,"[-1.5708,-1.5708,1.5708,-1.5708,-1.5708,0]","[-3.3376249,-0.98884791,0.9652018,-1.90395,-2.0360008,-0.0020271188]","[0.76,-0.06,0.48]",,True
25,42,scene_04_near_singularity,20260529,ik,lm,42067,"[-1.5708,-1.5708,1.5708,-1.5708,-1.5708,0]","[-3.3343947,-0.99549595,0.97265483,-1.8774976,-2.0623084,-0.023565755]","[0.76,-0.06,0.48]",,True
26,42,scene_04_near_singularity,20260529,ik,lm,42068,"[-1.5708,-1.5708,1.5708,-1.5708,-1.5708,0]","[-3.331154,-0.98451611,0.95612673,-1.869179,-2.0910444,0.001443881]","[0.76,-0.06,0.48]",,True
27,42,scene_04_near_singularity,20260529,ik,lm,42069,"[-1.5708,-1.5708,1.5708,-1.5708,-1.5708,0]","[-3.3399423,-0.99304271,0.96945262,-1.9003111,-2.016364,-0.060278365]","[0.76,-0.06,0.48]",,True
28,42,scene_04_near_singularity,20260529,ik,lm,42070,"[-1.5708,-1.5708,1.5708,-1.5708,-1.5708,0]","[-3.3418195,-0.99503693,0.96778997,-1.8847653,-2.0008248,0.026650889]","[0.76,-0.06,0.48]",,True
29,42,scene_04_near_singularity,20260529,ik,lm,42071,"[-1.5708,-1.5708,1.5708,-1.5708,-1.5708,0]","[-3.3374658,-0.99161393,0.96687189,-1.8906642,-2.0371632,0.0084259699]","[0.76,-0.06,0.48]",,True
30,42,scene_04_near_singularity,20260529,ik,lm,42072,"[-1.5708,-1.5708,1.5708,-1.5708,-1.5708,0]","[-3.3355369,-0.99565139,0.97142125,-1.874953,-2.0526307,0.0022805379]","[0.76,-0.06,0.48]",,True
31,42,scene_04_near_singularity,20260529,ik,lm,42073,"[-1.5708,-1.5708,1.5708,-1.5708,-1.5708,0]","[-3.3368406,-0.98941435,0.9590416,-1.8683794,-2.042513,-0.0065036984]","[0.76,-0.06,0.48]",,True
32,42,scene_04_near_singularity,20260529,ik,lm,42074,"[-1.5708,-1.5708,1.5708,-1.5708,-1.5708,0]","[-3.3361317,-0.98878861,0.95926614,-1.8720241,-2.0483029,-0.00080410121]","[0.76,-0.06,0.48]",,True
33,42,scene_04_near_singularity,20260529,ik,lm,42075,"[-1.5708,-1.5708,1.5708,-1.5708,-1.5708,0]","[-3.3392532,-0.99429082,0.97246646,-1.902246,-2.0223441,-0.0099972119]","[0.76,-0.06,0.48]",,True
34,42,scene_04_near_singularity,20260529,ik,lm,42076,"[-1.5708,-1.5708,1.5708,-1.5708,-1.5708,0]","[-3.3367348,-0.99032917,0.9614322,-1.8728207,-2.0434086,-0.0035241489]","[0.76,-0.06,0.48]",,True
35,42,scene_04_near_singularity,20260529,ik,lm,42077,"[-1.5708,-1.5708,1.5708,-1.5708,-1.5708,0]","[-3.3357372,-0.99519565,0.9715149,-1.8798234,-2.0508732,-0.018674195]","[0.76,-0.06,0.48]",,True
36,42,scene_04_near_singularity,20260529,ik,lm,42078,"[-1.5708,-1.5708,1.5708,-1.5708,-1.5708,0]","[-3.3348391,-0.99163097,0.97055444,-1.8967647,-2.0594655,0.032389535]","[0.76,-0.06,0.48]",,True
37,42,scene_04_near_singularity,20260529,ik,lm,42079,"[-1.5708,-1.5708,1.5708,-1.5708,-1.5708,0]","[-3.3360189,-0.99168797,0.96824173,-1.8912859,-2.0494593,-0.019681759]","[0.76,-0.06,0.48]",,True
38,42,scene_04_near_singularity,20260529,ik,lm,42080,"[-1.5708,-1.5708,1.5708,-1.5708,-1.5708,0]","[-3.3345103,-0.98994742,0.96458991,-1.8813947,-2.0622219,0.0026308904]","[0.76,-0.06,0.48]",,True
39,42,scene_04_near_singularity,20260529,ik,lm,42081,"[-1.5708,-1.5708,1.5708,-1.5708,-1.5708,0]","[-3.3368065,-0.98772178,0.96147098,-1.8926136,-2.0427135,-0.021409966]","[0.76,-0.06,0.48]",,True
40,42,scene_04_near_singularity,20260529,ik,lm,42082,"[-1.5708,-1.5708,1.5708,-1.5708,-1.5708,0]","[-3.3361985,-0.98880165,0.9633388,-1.8905773,-2.0480362,0.0072682792]","[0.76,-0.06,0.48]",,True
41,42,scene_04_near_singularity,20260529,ik,lm,42083,"[-1.5708,-1.5708,1.5708,-1.5708,-1.5708,0]","[-3.3378708,-0.99703471,0.97025845,-1.8688519,-2.0328367,-0.023580689]","[0.76,-0.06,0.48]",,True
42,42,scene_04_near_singularity,20260529,ik,lm,42084,"[-1.5708,-1.5708,1.5708,-1.5708,-1.5708,0]","[-3.3389013,-0.98205625,0.94156342,-1.851573,-2.0251457,0.010332272]","[0.76,-0.06,0.48]",,True
43,42,scene_04_near_singularity,20260529,ik,lm,42085,"[-1.5708,-1.5708,1.5708,-1.5708,-1.5708,0]","[-3.3359218,-0.98589842,0.9509314,-1.8550447,-2.0502395,0.0041783023]","[0.76,-0.06,0.48]",,True
44,42,scene_04_near_singularity,20260529,ik,lm,42086,"[-1.5708,-1.5708,1.5708,-1.5708,-1.5708,0]","[-3.3374238,-0.99845973,0.9746104,-1.8755808,-2.0364786,0.018260113]","[0.76,-0.06,0.48]",,True
45,42,scene_04_near_singularity,20260529,ik,lm,42087,"[-1.5708,-1.5708,1.5708,-1.5708,-1.5708,0]","[-3.3319981,-0.98631886,0.95697055,-1.8634375,-2.0840304,0.043170543]","[0.76,-0.06,0.48]",,True
46,42,scene_04_near_singularity,20260529,ik,lm,42088,"[-1.5708,-1.5708,1.5708,-1.5708,-1.5708,0]","[-3.336602,-0.98210868,0.95071804,-1.8834517,-2.0453436,-0.024985562]","[0.76,-0.06,0.48]",,True
47,42,scene_04_near_singularity,20260529,ik,lm,42089,"[-1.5708,-1.5708,1.5708,-1.5708,-1.5708,0]","[-3.3344733,-0.99200294,0.97098863,-1.8952798,-2.0627751,-0.0060194463]","[0.76,-0.06,0.48]",,True
48,42,scene_04_near_singularity,20260529,ik,lm,42090,"[-1.5708,-1.5708,1.5708,-1.5708,-1.5708,0]","[-3.3377669,-0.99193682,0.96569725,-1.8837154,-2.0347734,0.0021985345]","[0.76,-0.06,0.48]",,True
49,42,scene_04_near_singularity,20260529,ik,lm,42091,"[-1.5708,-1.5708,1.5708,-1.5708,-1.5708,0]","[-3.3364858,-0.99125627,0.96673513,-1.8888557,-2.0455694,0.019043905]","[0.76,-0.06,0.48]",,True
0,42,scene_04_near_singularity,20260529,ik,scipy_baseline,43042,"[-1.5708,-1.5708,1.5708,-1.5708,-1.5708,0]","[-3.2767709,-0.6887867,0.34064074,0.10144594,2.7147999,-0.0059829701]","[0.76,-0.06,0.48]",,True
1,42,scene_04_near_singularity,20260529,ik,scipy_baseline,43043,"[-1.5708,-1.5708,1.5708,-1.5708,-1.5708,0]","[-3.2736956,-0.51623353,-0.01561226,-0.3432321,-2.7754276,3.5750054]","[0.76,-0.06,0.48]",,True
2,42,scene_04_near_singularity,20260529,ik,scipy_baseline,43044,"[-1.5708,-1.5708,1.5708,-1.5708,-1.5708,0]","[-3.2895039,-0.90540823,1.0426343,-2.5539049,3.7623853,-0.63043101]","[0.76,-0.06,0.48]",,True
3,42,scene_04_near_singularity,20260529,ik,scipy_baseline,43045,"[-1.5708,-1.5708,1.5708,-1.5708,-1.5708,0]","[-3.3909804,-0.78949929,1.0606048,-2.074094,1.6164888,0.52948721]","[0.76,-0.06,0.48]",,True
4,42,scene_04_near_singularity,20260529,ik,scipy_baseline,43046,"[-1.5708,-1.5708,1.5708,-1.5708,-1.5708,0]","[-3.3904419,-0.94068069,1.1947785,-1.5759158,1.6205396,0.73149318]","[0.76,-0.06,0.48]",,True
5,42,scene_04_near_singularity,20260529,ik,scipy_baseline,43047,"[-1.5708,-1.5708,1.5708,-1.5708,-1.5708,0]","[-3.2885237,-0.84564581,1.0230289,-1.8620123,2.5337334,0.4699125]","[0.76,-0.06,0.48]",,True
6,42,scene_04_near_singularity,20260529,ik,scipy_baseline,43048,"[-1.5708,-1.5708,1.5708,-1.5708,-1.5708,0]","[-3.3071681,-0.56158262,0.031125862,-0.62275232,-2.3174174,-1.8943759]","[0.76,-0.06,0.48]",,True
7,42,scene_04_near_singularity,20260529,ik,scipy_baseline,43049,"[-1.5708,-1.5708,1.5708,-1.5708,-1.5708,0]","[-3.5009147,-0.97856573,1.1769979,-1.5609393,0.69073142,3.0695879]","[0.76,-0.06,0.48]",,True
8,42,scene_04_near_singularity,20260529,ik,scipy_baseline,43050,"[-1.5708,-1.5708,1.5708,-1.5708,-1.5708,0]","[-3.345127,-0.94979194,0.85492924,-0.22678674,-4.3102239,4.2111247]","[0.76,-0.06,0.48]",,True
9,42,scene_04_near_singularity,20260529,ik,scipy_baseline,43051,"[-1.5708,-1.5708,1.5708,-1.5708,-1.5708,0]","[-3.2772087,-0.82250771,0.64014885,-1.1384293,-2.7068186,2.8204077]","[0.76,-0.06,0.48]",,True
10,42,scene_04_near_singularity,20260529,ik,scipy_baseline,43052,"[-1.5708,-1.5708,1.5708,-1.5708,-1.5708,0]","[-3.3626548,-0.94593308,1.1767822,-1.4958152,1.8327593,0.65075955]","[0.76,-0.06,0.48]",,True
11,42,scene_04_near_singularity,20260529,ik,scipy_baseline,43053,"[-1.5708,-1.5708,1.5708,-1.5708,-1.5708,0]","[-3.3664711,-0.93331895,1.1763659,-1.5659961,1.803064,-0.14158777]","[0.76,-0.06,0.48]",,True
12,42,scene_04_near_singularity,20260529,ik,scipy_baseline,43054,"[-1.5708,-1.5708,1.5708,-1.5708,-1.5708,0]","[-3.2837343,-0.89336818,1.0264231,-1.5716435,2.6008101,0.071321347]","[0.76,-0.06,0.48]",,True
13,42,scene_04_near_singularity,20260529,ik,scipy_baseline,43055,"[-1.5708,-1.5708,1.5708,-1.5708,-1.5708,0]","[-3.4735883,-0.78334036,1.0381878,-2.247568,0.96449175,2.8984182]","[0.76,-0.06,0.48]",,True
14,42,scene_04_near_singularity,20260529,ik,scipy_baseline,43056,"[-1.5708,-1.5708,1.5708,-1.5708,-1.5708,0]","[-3.3571922,0.19315735,-1.1596815,-0.42475994,1.8757167,3.0720213]","[0.76,-0.06,0.48]",,True
15,42,scene_04_near_singularity,20260529,ik,scipy_baseline,43057,"[-1.5708,-1.5708,1.5708,-1.5708,-1.5708,0]","[-3.4359672,-1.0066218,1.2089696,-1.2777971,1.2756453,-1.8808402]","[0.76,-0.06,0.48]",,True
16,42,scene_04_near_singularity,20260529,ik,scipy_baseline,43058,"[-1.5708,-1.5708,1.5708,-1.5708,-1.5708,0]","[-3.3581277,-0.95600264,1.173335,-1.4288785,1.8683186,-0.53834881]","[0.76,-0.06,0.48]",,True
17,42,scene_04_near_singularity,20260529,ik,scipy_baseline,43059,"[-1.5708,-1.5708,1.5708,-1.5708,-1.5708,0]","[-3.3885249,-1.000709,1.1908078,-1.2143505,1.6349695,0.22681886]","[0.76,-0.06,0.48]",,True
18,42,scene_04_near_singularity,20260529,ik,scipy_baseline,43060,"[-1.5708,-1.5708,1.5708,-1.5708,-1.5708,0]","[-3.2865224,-0.89392829,1.0355672,-1.5786848,-3.7222625,-0.012789361]","[0.76,-0.06,0.48]",,True
19,42,scene_04_near_singularity,20260529,ik,scipy_baseline,43061,"[-1.5708,-1.5708,1.5708,-1.5708,-1.5708,0]","[-3.4838077,-0.77557796,1.0204177,-2.3054297,0.86956617,-0.28155737]","[0.76,-0.06,0.48]",,True
20,42,scene_04_near_singularity,20260529,ik,scipy_baseline,43062,"[-1.5708,-1.5708,1.5708,-1.5708,-1.5708,0]","[-3.3961499,-1.0047376,1.1943443,-1.2045208,1.5776526,1.1970105]","[0.76,-0.06,0.48]",,True
21,42,scene_04_near_singularity,20260529,ik,scipy_baseline,43063,"[-1.5708,-1.5708,1.5708,-1.5708,-1.5708,0]","[-3.2813379,-0.89244528,1.0179902,-1.568547,2.6373499,-1.1454086]","[0.76,-0.06,0.48]",,True
22,42,scene_04_near_singularity,20260529,ik,scipy_baseline,43064,"[-1.5708,-1.5708,1.5708,-1.5708,-1.5708,0]","[-3.3892311,-0.99925358,1.1925905,-1.2289094,1.6296514,1.1276564]","[0.76,-0.06,0.48]",,True
23,42,scene_04_near_singularity,20260529,ik,scipy_baseline,43065,"[-1.5708,-1.5708,1.5708,-1.5708,-1.5708,0]","[-3.4720791,-0.8092781,1.0728915,-2.1743349,0.97798649,-0.66636438]","[0.76,-0.06,0.48]",,True
24,42,scene_04_near_singularity,20260529,ik,scipy_baseline,43066,"[-1.5708,-1.5708,1.5708,-1.5708,-1.5708,0]","[-3.2987194,-0.94626548,0.99416127,-0.95420165,-3.8743198,-2.3375778]","[0.76,-0.06,0.48]",,True
25,42,scene_04_near_singularity,20260529,ik,scipy_baseline,43067,"[-1.5708,-1.5708,1.5708,-1.5708,-1.5708,0]","[0.21176365,-2.5987739,0.01059246,2.3910898,-0.56610012,3.6698681]","[0.76,-0.06,0.48]",,True
26,42,scene_04_near_singularity,20260529,ik,scipy_baseline,43068,"[-1.5708,-1.5708,1.5708,-1.5708,-1.5708,0]","[-3.2815712,0.075861873,-0.74040328,-1.7644721,-3.6494987,3.0484656]","[0.76,-0.06,0.48]",,True
27,42,scene_04_near_singularity,20260529,ik,scipy_baseline,43069,"[-1.5708,-1.5708,1.5708,-1.5708,-1.5708,0]","[-3.2651933,-0.70957735,0.40804082,-0.34730789,-3.1973247,-5.3514377]","[0.76,-0.06,0.48]",,True
28,42,scene_04_near_singularity,20260529,ik,scipy_baseline,43070,"[-1.5708,-1.5708,1.5708,-1.5708,-1.5708,0]","[-3.4217166,-0.91279471,1.1878503,-1.7403159,1.3851357,1.4616283]","[0.76,-0.06,0.48]",,True
29,42,scene_04_near_singularity,20260529,ik,scipy_baseline,43071,"[-1.5708,-1.5708,1.5708,-1.5708,-1.5708,0]","[-3.4278505,-0.25959382,0.061147343,2.2090565,-1.3383232,0.6089888]","[0.76,-0.06,0.48]",,True
30,42,scene_04_near_singularity,20260529,ik,scipy_baseline,43072,"[-1.5708,-1.5708,1.5708,-1.5708,-1.5708,0]","[-3.2753955,-0.44334929,-0.1703474,-0.31620166,-2.7408387,-3.5415544]","[0.76,-0.06,0.48]",,True
31,42,scene_04_near_singularity,20260529,ik,scipy_baseline,43073,"[-1.5708,-1.5708,1.5708,-1.5708,-1.5708,0]","[-3.2767741,-0.36749561,-0.32947845,0.45737985,2.7147404,0.021037046]","[0.76,-0.06,0.48]",,True
32,42,scene_04_near_singularity,20260529,ik,scipy_baseline,43074,"[-1.5708,-1.5708,1.5708,-1.5708,-1.5708,0]","[-3.450803,-0.94143389,1.2022536,-1.6717655,1.1579857,3.2767967]","[0.76,-0.06,0.48]",,True
33,42,scene_04_near_singularity,20260529,ik,scipy_baseline,43075,"[-1.5708,-1.5708,1.5708,-1.5708,-1.5708,0]","[-3.2687785,-0.43001623,-0.1860999,-0.1852889,-2.9007827,-3.6000791]","[0.76,-0.06,0.48]",,True
34,42,scene_04_near_singularity,20260529,ik,scipy_baseline,43076,"[-1.5708,-1.5708,1.5708,-1.5708,-1.5708,0]","[-3.4173337,-0.52181052,0.61120136,-2.5315104,1.4183642,-5.3144937]","[0.76,-0.06,0.48]",,True
35,42,scene_04_near_singularity,20260529,ik,scipy_baseline,43077,"[-1.5708,-1.5708,1.5708,-1.5708,-1.5708,0]","[-3.2763968,-0.90469834,0.974519,-1.3481048,-3.5614539,-4.0714845]","[0.76,-0.06,0.48]",,True
36,42,scene_04_near_singularity,20260529,ik,scipy_baseline,43078,"[-1.5708,-1.5708,1.5708,-1.5708,-1.5708,0]","[-6.1504595,-2.7012659,-0.43938647,-5.2907546,1.3072769,4.9825038]","[0.76,-0.06,0.48]",,True
37,42,scene_04_near_singularity,20260529,ik,scipy_baseline,43079,"[-1.5708,-1.5708,1.5708,-1.5708,-1.5708,0]","[-3.4107223,-0.93810363,1.200951,-1.6208993,1.4682352,0.40855836]","[0.76,-0.06,0.48]",,True
38,42,scene_04_near_singularity,20260529,ik,scipy_baseline,43080,"[-1.5708,-1.5708,1.5708,-1.5708,-1.5708,0]","[-3.510764,-1.0010518,1.1379046,-1.3252168,0.568278,-0.023764017]","[0.76,-0.06,0.48]",,True
39,42,scene_04_near_singularity,20260529,ik,scipy_baseline,43081,"[-1.5708,-1.5708,1.5708,-1.5708,-1.5708,0]","[-3.4552804,-1.009293,1.2034855,-1.2787517,1.1214252,-2.3227224]","[0.76,-0.06,0.48]",,True
40,42,scene_04_near_singularity,20260529,ik,scipy_baseline,43082,"[-1.5708,-1.5708,1.5708,-1.5708,-1.5708,0]","[-3.3284554,-0.97007097,1.1132224,-1.1767153,-4.1682885,0.38203324]","[0.76,-0.06,0.48]",,True
41,42,scene_04_near_singularity,20260529,ik,scipy_baseline,43083,"[-1.5708,-1.5708,1.5708,-1.5708,-1.5708,0]","[-3.2699651,-0.83275536,0.68487411,-0.59546321,-3.4177529,0.28632461]","[0.76,-0.06,0.48]",,True
42,42,scene_04_near_singularity,20260529,ik,scipy_baseline,43084,"[-1.5708,-1.5708,1.5708,-1.5708,-1.5708,0]","[-3.4022531,-0.9619967,1.2066039,-1.4945754,1.5318557,-0.40468708]","[0.76,-0.06,0.48]",,True
43,42,scene_04_near_singularity,20260529,ik,scipy_baseline,43085,"[-1.5708,-1.5708,1.5708,-1.5708,-1.5708,0]","[-3.3154241,-0.75262822,0.42233182,5.287766,4.0481226,-0.061198118]","[0.76,-0.06,0.48]",,True
44,42,scene_04_near_singularity,20260529,ik,scipy_baseline,43086,"[-1.5708,-1.5708,1.5708,-1.5708,-1.5708,0]","[-3.4286777,-1.0268858,1.1827518,-1.0575602,1.3319773,-0.65027964]","[0.76,-0.06,0.48]",,True
45,42,scene_04_near_singularity,20260529,ik,scipy_baseline,43087,"[-1.5708,-1.5708,1.5708,-1.5708,-1.5708,0]","[-3.4404696,-0.98675944,1.2150009,-1.4220885,1.2404218,-0.7502015]","[0.76,-0.06,0.48]",,True
46,42,scene_04_near_singularity,20260529,ik,scipy_baseline,43088,"[-1.5708,-1.5708,1.5708,-1.5708,-1.5708,0]","[-3.3284651,-0.84441962,1.081803,-1.868736,2.1148112,1.3565036]","[0.76,-0.06,0.48]",,True
47,42,scene_04_near_singularity,20260529,ik,scipy_baseline,43089,"[-1.5708,-1.5708,1.5708,-1.5708,-1.5708,0]","[-3.3707606,-0.97040669,1.1860137,-1.3775672,-4.5132329,-0.71063014]","[0.76,-0.06,0.48]",,True
48,42,scene_04_near_singularity,20260529,ik,scipy_baseline,43090,"[-1.5708,-1.5708,1.5708,-1.5708,-1.5708,0]","[-3.2700764,-0.84264828,0.71116294,-0.64950595,-3.4208432,0.01062072]","[0.76,-0.06,0.48]",,True
49,42,scene_04_near_singularity,20260529,ik,scipy_baseline,43091,"[-1.5708,-1.5708,1.5708,-1.5708,-1.5708,0]","[-3.4999084,-0.98552714,1.1764213,-1.5052215,0.70222453,2.127717]","[0.76,-0.06,0.48]",,True
0,42,scene_05_mixed_maze_passage,20260601,ik,pinv,50042,"[-1.5708,-1.5708,1.5708,-1.5708,-1.5708,0]","[-3.239979,-1.426721,1.5710723,-1.5989506,-2.0851493,-0.0013756516]","[0.55,0.03,0.43]",,True
1,42,scene_05_mixed_maze_passage,20260601,ik,pinv,50043,"[-1.5708,-1.5708,1.5708,-1.5708,-1.5708,0]","[-3.2418411,-1.4293866,1.5714304,-1.590405,-2.0703373,-0.01792962]","[0.55,0.03,0.43]",,True
2,42,scene_05_mixed_maze_passage,20260601,ik,pinv,50044,"[-1.5708,-1.5708,1.5708,-1.5708,-1.5708,0]","[-3.2393001,-1.4283249,1.5703381,-1.5818258,-2.0847715,-0.035497315]","[0.55,0.03,0.43]",,True
3,42,scene_05_mixed_maze_passage,20260601,ik,pinv,50045,"[-1.5708,-1.5708,1.5708,-1.5708,-1.5708,0]","[-3.2442721,-1.4285213,1.5679544,-1.5835887,-2.0557216,-0.014171186]","[0.55,0.03,0.43]",,True
4,42,scene_05_mixed_maze_passage,20260601,ik,pinv,50046,"[-1.5708,-1.5708,1.5708,-1.5708,-1.5708,0]","[-3.2424995,-1.4253164,1.5662338,-1.588533,-2.0697059,-0.01076445]","[0.55,0.03,0.43]",,True
5,42,scene_05_mixed_maze_passage,20260601,ik,pinv,50047,"[-1.5708,-1.5708,1.5708,-1.5708,-1.5708,0]","[-3.2404355,-1.4348232,1.5838829,-1.6186436,-2.0775012,-0.0014995176]","[0.55,0.03,0.43]",,True
6,42,scene_05_mixed_maze_passage,20260601,ik,pinv,50048,"[-1.5708,-1.5708,1.5708,-1.5708,-1.5708,0]","[-3.2390037,-1.4296346,1.5750947,-1.5986047,-2.0876332,-0.027456026]","[0.55,0.03,0.43]",,True
7,42,scene_05_mixed_maze_passage,20260601,ik,pinv,50049,"[-1.5708,-1.5708,1.5708,-1.5708,-1.5708,0]","[-3.2416425,-1.4293422,1.5764101,-1.6148935,-2.074607,0.01434938]","[0.55,0.03,0.43]",,True
8,42,scene_05_mixed_maze_passage,20260601,ik,pinv,50050,"[-1.5708,-1.5708,1.5708,-1.5708,-1.5708,0]","[-3.2469558,-1.4352409,1.5824278,-1.6294569,-2.0405291,-0.004179083]","[0.55,0.03,0.43]",,True
9,42,scene_05_mixed_maze_passage,20260601,ik,pinv,50051,"[-1.5708,-1.5708,1.5708,-1.5708,-1.5708,0]","[-3.2417726,-1.4295299,1.5787762,-1.6283406,-2.0756637,-0.020790507]","[0.55,0.03,0.43]",,True
10,42,scene_05_mixed_maze_passage,20260601,ik,pinv,50052,"[-1.5708,-1.5708,1.5708,-1.5708,-1.5708,0]","[-3.2397363,-1.4311988,1.5749181,-1.5898559,-2.0813847,-0.0091406783]","[0.55,0.03,0.43]",,True
11,42,scene_05_mixed_maze_passage,20260601,ik,pinv,50053,"[-1.5708,-1.5708,1.5708,-1.5708,-1.5708,0]","[-3.2363873,-1.4262861,1.5687013,-1.574541,-2.1031025,-0.018761143]","[0.55,0.03,0.43]",,True
12,42,scene_05_mixed_maze_passage,20260601,ik,pinv,50054,"[-1.5708,-1.5708,1.5708,-1.5708,-1.5708,0]","[-3.235232,-1.4307821,1.5789589,-1.600242,-2.1101246,0.0066379201]","[0.55,0.03,0.43]",,True
13,42,scene_05_mixed_maze_passage,20260601,ik,pinv,50055,"[-1.5708,-1.5708,1.5708,-1.5708,-1.5708,0]","[-3.247343,-1.4275265,1.5668556,-1.5932086,-2.0401538,-0.0083657518]","[0.55,0.03,0.43]",,True
14,42,scene_05_mixed_maze_passage,20260601,ik,pinv,50056,"[-1.5708,-1.5708,1.5708,-1.5708,-1.5708,0]","[-3.2414274,-1.4254746,1.5683844,-1.5948897,-2.0767315,0.0054256214]","[0.55,0.03,0.43]",,True
15,42,scene_05_mixed_maze_passage,20260601,ik,pinv,50057,"[-1.5708,-1.5708,1.5708,-1.5708,-1.5708,0]","[-3.237013,-1.4292219,1.5730309,-1.5829784,-2.098115,0.0054555319]","[0.55,0.03,0.43]",,True
16,42,scene_05_mixed_maze_passage,20260601,ik,pinv,50058,"[-1.5708,-1.5708,1.5708,-1.5708,-1.5708,0]","[-3.241988,-1.42649,1.5706958,-1.60327,-2.0737178,0.0021642719]","[0.55,0.03,0.43]",,True
17,42,scene_05_mixed_maze_passage,20260601,ik,pinv,50059,"[-1.5708,-1.5708,1.5708,-1.5708,-1.5708,0]","[-3.2355751,-1.4268295,1.5706428,-1.5798697,-2.1086488,0.0010841834]","[0.55,0.03,0.43]",,True
18,42,scene_05_mixed_maze_passage,20260601,ik,pinv,50060,"[-1.5708,-1.5708,1.5708,-1.5708,-1.5708,0]","[-3.2401737,-1.4310684,1.5749926,-1.5922425,-2.0787776,0.014329496]","[0.55,0.03,0.43]",,True
19,42,scene_05_mixed_maze_passage,20260601,ik,pinv,50061,"[-1.5708,-1.5708,1.5708,-1.5708,-1.5708,0]","[-3.2362104,-1.4275747,1.5713142,-1.5822169,-2.1039323,-0.020708596]","[0.55,0.03,0.43]",,True
20,42,scene_05_mixed_maze_passage,20260601,ik,pinv,50062,"[-1.5708,-1.5708,1.5708,-1.5708,-1.5708,0]","[-3.2444293,-1.4273366,1.5674703,-1.5907508,-2.0568839,0.014630189]","[0.55,0.03,0.43]",,True
21,42,scene_05_mixed_maze_passage,20260601,ik,pinv,50063,"[-1.5708,-1.5708,1.5708,-1.5708,-1.5708,0]","[-3.2366176,-1.4252221,1.5670919,-1.5738478,-2.1026662,-0.038901055]","[0.55,0.03,0.43]",,True
22,42,scene_05_mixed_maze_passage,20260601,ik,pinv,50064,"[-1.5708,-1.5708,1.5708,-1.5708,-1.5708,0]","[-3.2419871,-1.4278429,1.568073,-1.5822576,-2.0690518,-0.0047846268]","[0.55,0.03,0.43]",,True
23,42,scene_05_mixed_maze_passage,20260601,ik,pinv,50065,"[-1.5708,-1.5708,1.5708,-1.5708,-1.5708,0]","[-3.2451372,-1.4299046,1.5721395,-1.6018866,-2.052487,0.010146636]","[0.55,0.03,0.43]",,True
24,42,scene_05_mixed_maze_passage,20260601,ik,pinv,50066,"[-1.5708,-1.5708,1.5708,-1.5708,-1.5708,0]","[-3.2390838,-1.4324196,1.5750293,-1.5795914,-2.0835366,0.0046904336]","[0.55,0.03,0.43]",,True
25,42,scene_05_mixed_maze_passage,20260601,ik,pinv,50067,"[-1.5708,-1.5708,1.5708,-1.5708,-1.5708,0]","[-3.2416818,-1.4313249,1.5769346,-1.607997,-2.0721438,-0.020470485]","[0.55,0.03,0.43]",,True
26,42,scene_05_mixed_maze_passage,20260601,ik,pinv,50068,"[-1.5708,-1.5708,1.5708,-1.5708,-1.5708,0]","[-3.2455348,-1.4304634,1.565544,-1.5601617,-2.0434716,-0.00017415083]","[0.55,0.03,0.43]",,True
27,42,scene_05_mixed_maze_passage,20260601,ik,pinv,50069,"[-1.5708,-1.5708,1.5708,-1.5708,-1.5708,0]","[-3.2379275,-1.4252739,1.5662457,-1.5711265,-2.0937295,-0.023409797]","[0.55,0.03,0.43]",,True
28,42,scene_05_mixed_maze_passage,20260601,ik,pinv,50070,"[-1.5708,-1.5708,1.5708,-1.5708,-1.5708,0]","[-3.2440316,-1.4272151,1.5626422,-1.5633929,-2.0558429,-0.026493486]","[0.55,0.03,0.43]",,True
29,42,scene_05_mixed_maze_passage,20260601,ik,pinv,50071,"[-1.5708,-1.5708,1.5708,-1.5708,-1.5708,0]","[-3.2405685,-1.4230535,1.5646694,-1.5880773,-2.0832027,0.0068825743]","[0.55,0.03,0.43]",,True
30,42,scene_05_mixed_maze_passage,20260601,ik,pinv,50072,"[-1.5708,-1.5708,1.5708,-1.5708,-1.5708,0]","[-3.2417691,-1.4293332,1.5724971,-1.5949899,-2.0713223,0.023295708]","[0.55,0.03,0.43]",,True
31,42,scene_05_mixed_maze_passage,20260601,ik,pinv,50073,"[-1.5708,-1.5708,1.5708,-1.5708,-1.5708,0]","[-3.2438964,-1.4283663,1.5682055,-1.5871375,-2.0589601,0.012137584]","[0.55,0.03,0.43]",,True
32,42,scene_05_mixed_maze_passage,20260601,ik,pinv,50074,"[-1.5708,-1.5708,1.5708,-1.5708,-1.5708,0]","[-3.240722,-1.4206044,1.5563647,-1.5575156,-2.0798032,0.019395123]","[0.55,0.03,0.43]",,True
33,42,scene_05_mixed_maze_passage,20260601,ik,pinv,50075,"[-1.5708,-1.5708,1.5708,-1.5708,-1.5708,0]","[-3.2358495,-1.4380124,1.5911885,-1.6209874,-2.1027104,0.0017808061]","[0.55,0.03,0.43]",,True
34,42,scene_05_mixed_maze_passage,20260601,ik,pinv,50076,"[-1.5708,-1.5708,1.5708,-1.5708,-1.5708,0]","[-3.2446399,-1.4276137,1.5694189,-1.5991012,-2.0568311,-0.018602993]","[0.55,0.03,0.43]",,True
35,42,scene_05_mixed_maze_passage,20260601,ik,pinv,50077,"[-1.5708,-1.5708,1.5708,-1.5708,-1.5708,0]","[-3.2376058,-1.4262968,1.578174,-1.6305454,-2.1040699,0.009729367]","[0.55,0.03,0.43]",,True
36,42,scene_05_mixed_maze_passage,20260601,ik,pinv,50078,"[-1.5708,-1.5708,1.5708,-1.5708,-1.5708,0]","[-3.2411261,-1.4278482,1.5675002,-1.5763511,-2.0740501,0.010572613]","[0.55,0.03,0.43]",,True
37,42,scene_05_mixed_maze_passage,20260601,ik,pinv,50079,"[-1.5708,-1.5708,1.5708,-1.5708,-1.5708,0]","[-3.2479296,-1.4279344,1.5668566,-1.5931771,-2.0364048,-0.0059155868]","[0.55,0.03,0.43]",,True
38,42,scene_05_mixed_maze_passage,20260601,ik,pinv,50080,"[-1.5708,-1.5708,1.5708,-1.5708,-1.5708,0]","[-3.2404309,-1.4261094,1.5668193,-1.5800152,-2.079684,0.0040720752]","[0.55,0.03,0.43]",,True
39,42,scene_05_mixed_maze_passage,20260601,ik,pinv,50081,"[-1.5708,-1.5708,1.5708,-1.5708,-1.5708,0]","[-3.2375057,-1.4340096,1.5831112,-1.6075313,-2.0939657,-0.0046082963]","[0.55,0.03,0.43]",,True
40,42,scene_05_mixed_maze_passage,20260601,ik,pinv,50082,"[-1.5708,-1.5708,1.5708,-1.5708,-1.5708,0]","[-3.2456983,-1.4362505,1.5803067,-1.6077252,-2.044291,-0.0087559242]","[0.55,0.03,0.43]",,True
41,42,scene_05_mixed_maze_passage,20260601,ik,pinv,50083,"[-1.5708,-1.5708,1.5708,-1.5708,-1.5708,0]","[-3.2392627,-1.4272184,1.5656133,-1.5640865,-2.0836675,-0.028529187]","[0.55,0.03,0.43]",,True
42,42,scene_05_mixed_maze_passage,20260601,ik,pinv,50084,"[-1.5708,-1.5708,1.5708,-1.5708,-1.5708,0]","[-3.2405078,-1.4246026,1.5672888,-1.5927715,-2.0827883,0.021250544]","[0.55,0.03,0.43]",,True
43,42,scene_05_mixed_maze_passage,20260601,ik,pinv,50085,"[-1.5708,-1.5708,1.5708,-1.5708,-1.5708,0]","[-3.2425271,-1.4306424,1.5764152,-1.6109633,-2.0677276,0.0038998273]","[0.55,0.03,0.43]",,True
44,42,scene_05_mixed_maze_passage,20260601,ik,pinv,50086,"[-1.5708,-1.5708,1.5708,-1.5708,-1.5708,0]","[-3.2405414,-1.4226432,1.5588223,-1.5586971,-2.0785909,-0.014266163]","[0.55,0.03,0.43]",,True
45,42,scene_05_mixed_maze_passage,20260601,ik,pinv,50087,"[-1.5708,-1.5708,1.5708,-1.5708,-1.5708,0]","[-3.2409632,-1.4349159,1.584474,-1.6246112,-2.0754022,0.0064836645]","[0.55,0.03,0.43]",,True
46,42,scene_05_mixed_maze_passage,20260601,ik,pinv,50088,"[-1.5708,-1.5708,1.5708,-1.5708,-1.5708,0]","[-3.2418989,-1.4357569,1.585793,-1.628296,-2.0691628,0.023320611]","[0.55,0.03,0.43]",,True
47,42,scene_05_mixed_maze_passage,20260601,ik,pinv,50089,"[-1.5708,-1.5708,1.5708,-1.5708,-1.5708,0]","[-3.2449287,-1.4250376,1.5627646,-1.5798182,-2.0543528,0.018042416]","[0.55,0.03,0.43]",,True
48,42,scene_05_mixed_maze_passage,20260601,ik,pinv,50090,"[-1.5708,-1.5708,1.5708,-1.5708,-1.5708,0]","[-3.2417178,-1.4354896,1.5820721,-1.6081036,-2.0677911,0.035262462]","[0.55,0.03,0.43]",,True
49,42,scene_05_mixed_maze_passage,20260601,ik,pinv,50091,"[-1.5708,-1.5708,1.5708,-1.5708,-1.5708,0]","[-3.2428464,-1.4299061,1.5728224,-1.5973037,-2.0646986,-0.0093971312]","[0.55,0.03,0.43]",,True
0,42,scene_05_mixed_maze_passage,20260601,ik,dls,51042,"[-1.5708,-1.5708,1.5708,-1.5708,-1.5708,0]","[-3.2390037,-1.4308259,1.576427,-1.5949193,-2.0931836,0.0018274355]","[0.55,0.03,0.43]",,True
1,42,scene_05_mixed_maze_passage,20260601,ik,dls,51043,"[-1.5708,-1.5708,1.5708,-1.5708,-1.5708,0]","[-3.2457593,-1.433698,1.5744353,-1.5899462,-2.0507912,0.029897524]","[0.55,0.03,0.43]",,True
2,42,scene_05_mixed_maze_passage,20260601,ik,dls,51044,"[-1.5708,-1.5708,1.5708,-1.5708,-1.5708,0]","[-3.2403089,-1.4348,1.5834776,-1.6115234,-2.0834749,-0.025269443]","[0.55,0.03,0.43]",,True
3,42,scene_05_mixed_maze_passage,20260601,ik,dls,51045,"[-1.5708,-1.5708,1.5708,-1.5708,-1.5708,0]","[-3.2438622,-1.429116,1.5685069,-1.5789748,-2.0636355,0.047153862]","[0.55,0.03,0.43]",,True
4,42,scene_05_mixed_maze_passage,20260601,ik,dls,51046,"[-1.5708,-1.5708,1.5708,-1.5708,-1.5708,0]","[-3.2470704,-1.4269459,1.5684144,-1.6041279,-2.0475993,0.0053923181]","[0.55,0.03,0.43]",,True
5,42,scene_05_mixed_maze_passage,20260601,ik,dls,51047,"[-1.5708,-1.5708,1.5708,-1.5708,-1.5708,0]","[-3.2452981,-1.4301902,1.569829,-1.5831603,-2.0552813,0.013384191]","[0.55,0.03,0.43]",,True
6,42,scene_05_mixed_maze_passage,20260601,ik,dls,51048,"[-1.5708,-1.5708,1.5708,-1.5708,-1.5708,0]","[-3.2382969,-1.4358657,1.5849899,-1.6073007,-2.0952776,-0.018102004]","[0.55,0.03,0.43]",,True
7,42,scene_05_mixed_maze_passage,20260601,ik,dls,51049,"[-1.5708,-1.5708,1.5708,-1.5708,-1.5708,0]","[-3.2374582,-1.4389033,1.5884123,-1.6044965,-2.0986009,-0.0094069462]","[0.55,0.03,0.43]",,True
8,42,scene_05_mixed_maze_passage,20260601,ik,dls,51050,"[-1.5708,-1.5708,1.5708,-1.5708,-1.5708,0]","[-3.2427137,-1.4328566,1.5782265,-1.604077,-2.0704024,-0.0090010991]","[0.55,0.03,0.43]",,True
9,42,scene_05_mixed_maze_passage,20260601,ik,dls,51051,"[-1.5708,-1.5708,1.5708,-1.5708,-1.5708,0]","[-3.2395742,-1.4251884,1.5659144,-1.5733889,-2.0911448,0.048460351]","[0.55,0.03,0.43]",,True
10,42,scene_05_mixed_maze_passage,20260601,ik,dls,51052,"[-1.5708,-1.5708,1.5708,-1.5708,-1.5708,0]","[-3.2376189,-1.4314202,1.5790547,-1.6005308,-2.1016975,-0.018987085]","[0.55,0.03,0.43]",,True
11,42,scene_05_mixed_maze_passage,20260601,ik,dls,51053,"[-1.5708,-1.5708,1.5708,-1.5708,-1.5708,0]","[-3.2424336,-1.4271512,1.5684885,-1.587816,-2.0733747,-0.01743468]","[0.55,0.03,0.43]",,True
12,42,scene_05_mixed_maze_passage,20260601,ik,dls,51054,"[-1.5708,-1.5708,1.5708,-1.5708,-1.5708,0]","[-3.2483358,-1.4333478,1.573105,-1.5920113,-2.0359269,-0.0059885131]","[0.55,0.03,0.43]",,True
13,42,scene_05_mixed_maze_passage,20260601,ik,dls,51055,"[-1.5708,-1.5708,1.5708,-1.5708,-1.5708,0]","[-3.2441369,-1.4287482,1.5715403,-1.6017836,-2.0635515,-0.0078106075]","[0.55,0.03,0.43]",,True
14,42,scene_05_mixed_maze_passage,20260601,ik,dls,51056,"[-1.5708,-1.5708,1.5708,-1.5708,-1.5708,0]","[-3.2477903,-1.4277435,1.5647286,-1.5790105,-2.0407148,0.0054872051]","[0.55,0.03,0.43]",,True
15,42,scene_05_mixed_maze_passage,20260601,ik,dls,51057,"[-1.5708,-1.5708,1.5708,-1.5708,-1.5708,0]","[-3.2392046,-1.4322427,1.5748286,-1.5763094,-2.0894019,0.0087502276]","[0.55,0.03,0.43]",,True
16,42,scene_05_mixed_maze_passage,20260601,ik,dls,51058,"[-1.5708,-1.5708,1.5708,-1.5708,-1.5708,0]","[-3.2433357,-1.431357,1.5699775,-1.5701939,-2.0638358,0.018166682]","[0.55,0.03,0.43]",,True
17,42,scene_05_mixed_maze_passage,20260601,ik,dls,51059,"[-1.5708,-1.5708,1.5708,-1.5708,-1.5708,0]","[-3.2443301,-1.4359272,1.5809278,-1.6046191,-2.0583013,0.0035436038]","[0.55,0.03,0.43]",,True
18,42,scene_05_mixed_maze_passage,20260601,ik,dls,51060,"[-1.5708,-1.5708,1.5708,-1.5708,-1.5708,0]","[-3.2432533,-1.43183,1.5718337,-1.577116,-2.0654224,0.031611283]","[0.55,0.03,0.43]",,True
19,42,scene_05_mixed_maze_passage,20260601,ik,dls,51061,"[-1.5708,-1.5708,1.5708,-1.5708,-1.5708,0]","[-3.2442907,-1.42675,1.5663117,-1.5843719,-2.0618551,0.05892193]","[0.55,0.03,0.43]",,True
20,42,scene_05_mixed_maze_passage,20260601,ik,dls,51062,"[-1.5708,-1.5708,1.5708,-1.5708,-1.5708,0]","[-3.2386656,-1.4348277,1.5839308,-1.607396,-2.0931011,0.032347217]","[0.55,0.03,0.43]",,True
21,42,scene_05_mixed_maze_passage,20260601,ik,dls,51063,"[-1.5708,-1.5708,1.5708,-1.5708,-1.5708,0]","[-3.2411448,-1.4261334,1.5695654,-1.5959591,-2.0816494,0.023644965]","[0.55,0.03,0.43]",,True
22,42,scene_05_mixed_maze_passage,20260601,ik,dls,51064,"[-1.5708,-1.5708,1.5708,-1.5708,-1.5708,0]","[-3.2428658,-1.4302004,1.5727774,-1.59294,-2.0713652,0.02515402]","[0.55,0.03,0.43]",,True
23,42,scene_05_mixed_maze_passage,20260601,ik,dls,51065,"[-1.5708,-1.5708,1.5708,-1.5708,-1.5708,0]","[-3.2483685,-1.4281164,1.5661791,-1.5896152,-2.0370029,-0.018383574]","[0.55,0.03,0.43]",,True
24,42,scene_05_mixed_maze_passage,20260601,ik,dls,51066,"[-1.5708,-1.5708,1.5708,-1.5708,-1.5708,0]","[-3.2418208,-1.4360817,1.5812674,-1.5975821,-2.0731864,-0.013631432]","[0.55,0.03,0.43]",,True
25,42,scene_05_mixed_maze_passage,20260601,ik,dls,51067,"[-1.5708,-1.5708,1.5708,-1.5708,-1.5708,0]","[-3.2433118,-1.4341924,1.57673,-1.5904917,-2.0648054,0.0020217028]","[0.55,0.03,0.43]",,True
26,42,scene_05_mixed_maze_passage,20260601,ik,dls,51068,"[-1.5708,-1.5708,1.5708,-1.5708,-1.5708,0]","[-3.2399051,-1.4277953,1.569629,-1.5795307,-2.0887078,0.045130329]","[0.55,0.03,0.43]",,True
27,42,scene_05_mixed_maze_passage,20260601,ik,dls,51069,"[-1.5708,-1.5708,1.5708,-1.5708,-1.5708,0]","[-3.2386342,-1.4271735,1.5658158,-1.5581801,-2.0931862,-0.013636582]","[0.55,0.03,0.43]",,True
28,42,scene_05_mixed_maze_passage,20260601,ik,dls,51070,"[-1.5708,-1.5708,1.5708,-1.5708,-1.5708,0]","[-3.2464971,-1.427036,1.5645673,-1.5799032,-2.0483961,0.033114498]","[0.55,0.03,0.43]",,True
29,42,scene_05_mixed_maze_passage,20260601,ik,dls,51071,"[-1.5708,-1.5708,1.5708,-1.5708,-1.5708,0]","[-3.2438339,-1.4357861,1.5780263,-1.5886696,-2.0601,-0.034151665]","[0.55,0.03,0.43]",,True
30,42,scene_05_mixed_maze_passage,20260601,ik,dls,51072,"[-1.5708,-1.5708,1.5708,-1.5708,-1.5708,0]","[-3.2466887,-1.4382019,1.5835591,-1.6110708,-2.0443003,-0.0073650838]","[0.55,0.03,0.43]",,True
31,42,scene_05_mixed_maze_passage,20260601,ik,dls,51073,"[-1.5708,-1.5708,1.5708,-1.5708,-1.5708,0]","[-3.2432924,-1.4317247,1.577863,-1.6103439,-2.0683293,-0.0090006481]","[0.55,0.03,0.43]",,True
32,42,scene_05_mixed_maze_passage,20260601,ik,dls,51074,"[-1.5708,-1.5708,1.5708,-1.5708,-1.5708,0]","[-3.2411161,-1.4239588,1.5615408,-1.5626228,-2.0821426,-0.015131393]","[0.55,0.03,0.43]",,True
33,42,scene_05_mixed_maze_passage,20260601,ik,dls,51075,"[-1.5708,-1.5708,1.5708,-1.5708,-1.5708,0]","[-3.2452439,-1.431596,1.5707677,-1.5787602,-2.0531823,-0.0077749001]","[0.55,0.03,0.43]",,True
34,42,scene_05_mixed_maze_passage,20260601,ik,dls,51076,"[-1.5708,-1.5708,1.5708,-1.5708,-1.5708,0]","[-3.2418206,-1.428061,1.5683732,-1.5769355,-2.076422,0.047343007]","[0.55,0.03,0.43]",,True
35,42,scene_05_mixed_maze_passage,20260601,ik,dls,51077,"[-1.5708,-1.5708,1.5708,-1.5708,-1.5708,0]","[-3.2417478,-1.4207911,1.5597869,-1.5789827,-2.0806496,0.031526781]","[0.55,0.03,0.43]",,True
36,42,scene_05_mixed_maze_passage,20260601,ik,dls,51078,"[-1.5708,-1.5708,1.5708,-1.5708,-1.5708,0]","[-3.2416611,-1.4341954,1.5761169,-1.5804522,-2.0733745,-0.0032847962]","[0.55,0.03,0.43]",,True
37,42,scene_05_mixed_maze_passage,20260601,ik,dls,51079,"[-1.5708,-1.5708,1.5708,-1.5708,-1.5708,0]","[-3.2461128,-1.4305902,1.5715289,-1.5936406,-2.0507147,0.004854757]","[0.55,0.03,0.43]",,True
38,42,scene_05_mixed_maze_passage,20260601,ik,dls,51080,"[-1.5708,-1.5708,1.5708,-1.5708,-1.5708,0]","[-3.2452083,-1.426356,1.5649834,-1.5836319,-2.0567155,-0.032517735]","[0.55,0.03,0.43]",,True
39,42,scene_05_mixed_maze_passage,20260601,ik,dls,51081,"[-1.5708,-1.5708,1.5708,-1.5708,-1.5708,0]","[-3.2434256,-1.4277792,1.5676467,-1.5820824,-2.0671633,0.013414491]","[0.55,0.03,0.43]",,True
40,42,scene_05_mixed_maze_passage,20260601,ik,dls,51082,"[-1.5708,-1.5708,1.5708,-1.5708,-1.5708,0]","[-3.2440544,-1.4351159,1.5799567,-1.6043467,-2.0609821,-0.0034846931]","[0.55,0.03,0.43]",,True
41,42,scene_05_mixed_maze_passage,20260601,ik,dls,51083,"[-1.5708,-1.5708,1.5708,-1.5708,-1.5708,0]","[-3.2435967,-1.4312509,1.5739547,-1.5937963,-2.0652315,-0.0026910555]","[0.55,0.03,0.43]",,True
42,42,scene_05_mixed_maze_passage,20260601,ik,dls,51084,"[-1.5708,-1.5708,1.5708,-1.5708,-1.5708,0]","[-3.2347092,-1.4302842,1.5815412,-1.6094311,-2.1214211,-0.0031860296]","[0.55,0.03,0.43]",,True
43,42,scene_05_mixed_maze_passage,20260601,ik,dls,51085,"[-1.5708,-1.5708,1.5708,-1.5708,-1.5708,0]","[-3.2446776,-1.4394561,1.5864887,-1.6158072,-2.0561062,-0.040574344]","[0.55,0.03,0.43]",,True
44,42,scene_05_mixed_maze_passage,20260601,ik,dls,51086,"[-1.5708,-1.5708,1.5708,-1.5708,-1.5708,0]","[-3.243909,-1.4320998,1.5723939,-1.5801746,-2.0612393,-0.0089645298]","[0.55,0.03,0.43]",,True
45,42,scene_05_mixed_maze_passage,20260601,ik,dls,51087,"[-1.5708,-1.5708,1.5708,-1.5708,-1.5708,0]","[-3.2412769,-1.4268495,1.5692702,-1.5891398,-2.0807119,0.016049666]","[0.55,0.03,0.43]",,True
46,42,scene_05_mixed_maze_passage,20260601,ik,dls,51088,"[-1.5708,-1.5708,1.5708,-1.5708,-1.5708,0]","[-3.2385706,-1.4321358,1.577004,-1.5876011,-2.0934158,-0.017352715]","[0.55,0.03,0.43]",,True
47,42,scene_05_mixed_maze_passage,20260601,ik,dls,51089,"[-1.5708,-1.5708,1.5708,-1.5708,-1.5708,0]","[-3.2438035,-1.4269523,1.5657125,-1.5749633,-2.0656149,0.0057186498]","[0.55,0.03,0.43]",,True
48,42,scene_05_mixed_maze_passage,20260601,ik,dls,51090,"[-1.5708,-1.5708,1.5708,-1.5708,-1.5708,0]","[-3.2420641,-1.4379702,1.5884644,-1.6248806,-2.073016,-0.0056127577]","[0.55,0.03,0.43]",,True
49,42,scene_05_mixed_maze_passage,20260601,ik,dls,51091,"[-1.5708,-1.5708,1.5708,-1.5708,-1.5708,0]","[-3.2439939,-1.4349494,1.5843516,-1.6294873,-2.0639914,0.022781514]","[0.55,0.03,0.43]",,True
0,42,scene_05_mixed_maze_passage,20260601,ik,lm,52042,"[-1.5708,-1.5708,1.5708,-1.5708,-1.5708,0]","[-3.2393276,-1.4338643,1.58165,-1.6023743,-2.0914277,0.029318489]","[0.55,0.03,0.43]",,True
1,42,scene_05_mixed_maze_passage,20260601,ik,lm,52043,"[-1.5708,-1.5708,1.5708,-1.5708,-1.5708,0]","[-3.2351901,-1.4345879,1.5841123,-1.5971702,-2.1147524,-0.014896566]","[0.55,0.03,0.43]",,True
2,42,scene_05_mixed_maze_passage,20260601,ik,lm,52044,"[-1.5708,-1.5708,1.5708,-1.5708,-1.5708,0]","[-3.2392895,-1.4274763,1.5666114,-1.5596106,-2.0908953,0.011890659]","[0.55,0.03,0.43]",,True
3,42,scene_05_mixed_maze_passage,20260601,ik,lm,52045,"[-1.5708,-1.5708,1.5708,-1.5708,-1.5708,0]","[-3.2408692,-1.4366033,1.581902,-1.5932744,-2.0785853,-0.040368062]","[0.55,0.03,0.43]",,True
4,42,scene_05_mixed_maze_passage,20260601,ik,lm,52046,"[-1.5708,-1.5708,1.5708,-1.5708,-1.5708,0]","[-3.2455283,-1.4290307,1.5700746,-1.5939619,-2.0555279,0.0093339315]","[0.55,0.03,0.43]",,True
5,42,scene_05_mixed_maze_passage,20260601,ik,lm,52047,"[-1.5708,-1.5708,1.5708,-1.5708,-1.5708,0]","[-3.2361189,-1.4255991,1.5697166,-1.5788234,-2.1129316,0.026193852]","[0.55,0.03,0.43]",,True
6,42,scene_05_mixed_maze_passage,20260601,ik,lm,52048,"[-1.5708,-1.5708,1.5708,-1.5708,-1.5708,0]","[-3.2462477,-1.4328052,1.5777192,-1.6131678,-2.0508829,0.0097631138]","[0.55,0.03,0.43]",,True
7,42,scene_05_mixed_maze_passage,20260601,ik,lm,52049,"[-1.5708,-1.5708,1.5708,-1.5708,-1.5708,0]","[-3.2348395,-1.4304444,1.5771467,-1.5849212,-2.1184104,-0.0025377144]","[0.55,0.03,0.43]",,True
8,42,scene_05_mixed_maze_passage,20260601,ik,lm,52050,"[-1.5708,-1.5708,1.5708,-1.5708,-1.5708,0]","[-3.2421069,-1.4355933,1.5796355,-1.5925907,-2.0722264,0.027310824]","[0.55,0.03,0.43]",,True
9,42,scene_05_mixed_maze_passage,20260601,ik,lm,52051,"[-1.5708,-1.5708,1.5708,-1.5708,-1.5708,0]","[-3.2432147,-1.4259624,1.5699322,-1.6063667,-2.0723575,0.019080874]","[0.55,0.03,0.43]",,True
10,42,scene_05_mixed_maze_passage,20260601,ik,lm,52052,"[-1.5708,-1.5708,1.5708,-1.5708,-1.5708,0]","[-3.2434373,-1.4211429,1.5590739,-1.5775361,-2.0707323,0.0094100934]","[0.55,0.03,0.43]",,True
11,42,scene_05_mixed_maze_passage,20260601,ik,lm,52053,"[-1.5708,-1.5708,1.5708,-1.5708,-1.5708,0]","[-3.2400777,-1.4244212,1.564596,-1.5743661,-2.0887359,0.0060712041]","[0.55,0.03,0.43]",,True
12,42,scene_05_mixed_maze_passage,20260601,ik,lm,52054,"[-1.5708,-1.5708,1.5708,-1.5708,-1.5708,0]","[-3.2451221,-1.4351495,1.5767922,-1.587784,-2.0543553,-0.040936455]","[0.55,0.03,0.43]",,True
13,42,scene_05_mixed_maze_passage,20260601,ik,lm,52055,"[-1.5708,-1.5708,1.5708,-1.5708,-1.5708,0]","[-3.2423078,-1.4302225,1.5686285,-1.56575,-2.0719319,-0.02117742]","[0.55,0.03,0.43]",,True
14,42,scene_05_mixed_maze_passage,20260601,ik,lm,52056,"[-1.5708,-1.5708,1.5708,-1.5708,-1.5708,0]","[-3.2416017,-1.4346357,1.5849236,-1.6229685,-2.0793485,0.014759283]","[0.55,0.03,0.43]",,True
15,42,scene_05_mixed_maze_passage,20260601,ik,lm,52057,"[-1.5708,-1.5708,1.5708,-1.5708,-1.5708,0]","[-3.2392835,-1.4358784,1.5822314,-1.5938615,-2.0893615,0.012882403]","[0.55,0.03,0.43]",,True
16,42,scene_05_mixed_maze_passage,20260601,ik,lm,52058,"[-1.5708,-1.5708,1.5708,-1.5708,-1.5708,0]","[-3.2431412,-1.422725,1.5591182,-1.566106,-2.0698816,0.013607463]","[0.55,0.03,0.43]",,True
17,42,scene_05_mixed_maze_passage,20260601,ik,lm,52059,"[-1.5708,-1.5708,1.5708,-1.5708,-1.5708,0]","[-3.2466773,-1.4360492,1.5763182,-1.5855536,-2.0445054,-0.031531504]","[0.55,0.03,0.43]",,True
18,42,scene_05_mixed_maze_passage,20260601,ik,lm,52060,"[-1.5708,-1.5708,1.5708,-1.5708,-1.5708,0]","[-3.2415692,-1.4387368,1.5841315,-1.5944669,-2.0735708,-0.0098512546]","[0.55,0.03,0.43]",,True
19,42,scene_05_mixed_maze_passage,20260601,ik,lm,52061,"[-1.5708,-1.5708,1.5708,-1.5708,-1.5708,0]","[-3.2465888,-1.428661,1.5679322,-1.5880147,-2.0483851,-0.0094027554]","[0.55,0.03,0.43]",,True
20,42,scene_05_mixed_maze_passage,20260601,ik,lm,52062,"[-1.5708,-1.5708,1.5708,-1.5708,-1.5708,0]","[-3.2414053,-1.4250433,1.5626512,-1.56324,-2.0805548,-0.0039053774]","[0.55,0.03,0.43]",,True
21,42,scene_05_mixed_maze_passage,20260601,ik,lm,52063,"[-1.5708,-1.5708,1.5708,-1.5708,-1.5708,0]","[-3.2412856,-1.4290218,1.5706224,-1.5807136,-2.0800312,0.0013820968]","[0.55,0.03,0.43]",,True
22,42,scene_05_mixed_maze_passage,20260601,ik,lm,52064,"[-1.5708,-1.5708,1.5708,-1.5708,-1.5708,0]","[-3.2405486,-1.4273416,1.5685529,-1.577826,-2.0859966,-0.0035435186]","[0.55,0.03,0.43]",,True
23,42,scene_05_mixed_maze_passage,20260601,ik,lm,52065,"[-1.5708,-1.5708,1.5708,-1.5708,-1.5708,0]","[-3.2463296,-1.4327696,1.5778626,-1.6157702,-2.0506196,-0.0081219064]","[0.55,0.03,0.43]",,True
24,42,scene_05_mixed_maze_passage,20260601,ik,lm,52066,"[-1.5708,-1.5708,1.5708,-1.5708,-1.5708,0]","[-3.237366,-1.4338483,1.5844014,-1.6107913,-2.103874,-0.012346714]","[0.55,0.03,0.43]",,True
25,42,scene_05_mixed_maze_passage,20260601,ik,lm,52067,"[-1.5708,-1.5708,1.5708,-1.5708,-1.5708,0]","[-3.2418947,-1.4357018,1.5867874,-1.629266,-2.0777521,-0.034627415]","[0.55,0.03,0.43]",,True
26,42,scene_05_mixed_maze_passage,20260601,ik,lm,52068,"[-1.5708,-1.5708,1.5708,-1.5708,-1.5708,0]","[-3.2380162,-1.4361198,1.5854748,-1.6047163,-2.0976031,-0.004879877]","[0.55,0.03,0.43]",,True
27,42,scene_05_mixed_maze_passage,20260601,ik,lm,52069,"[-1.5708,-1.5708,1.5708,-1.5708,-1.5708,0]","[-3.2441536,-1.4361303,1.5831516,-1.6143608,-2.061879,-0.0038178955]","[0.55,0.03,0.43]",,True
28,42,scene_05_mixed_maze_passage,20260601,ik,lm,52070,"[-1.5708,-1.5708,1.5708,-1.5708,-1.5708,0]","[-3.2456968,-1.425851,1.5606649,-1.562176,-2.0540531,-0.0081883253]","[0.55,0.03,0.43]",,True
29,42,scene_05_mixed_maze_passage,20260601,ik,lm,52071,"[-1.5708,-1.5708,1.5708,-1.5708,-1.5708,0]","[-3.2428034,-1.4358971,1.5780113,-1.5806848,-2.0663535,-0.0444505]","[0.55,0.03,0.43]",,True
30,42,scene_05_mixed_maze_passage,20260601,ik,lm,52072,"[-1.5708,-1.5708,1.5708,-1.5708,-1.5708,0]","[-3.2450074,-1.4309615,1.5723253,-1.5915422,-2.0583221,0.017702621]","[0.55,0.03,0.43]",,True
31,42,scene_05_mixed_maze_passage,20260601,ik,lm,52073,"[-1.5708,-1.5708,1.5708,-1.5708,-1.5708,0]","[-3.244843,-1.4367506,1.5804267,-1.5974242,-2.0557965,-0.016333785]","[0.55,0.03,0.43]",,True
32,42,scene_05_mixed_maze_passage,20260601,ik,lm,52074,"[-1.5708,-1.5708,1.5708,-1.5708,-1.5708,0]","[-3.2423992,-1.4361604,1.5783529,-1.5816181,-2.0696361,-0.012873465]","[0.55,0.03,0.43]",,True
33,42,scene_05_mixed_maze_passage,20260601,ik,lm,52075,"[-1.5708,-1.5708,1.5708,-1.5708,-1.5708,0]","[-3.2402712,-1.4221995,1.5621223,-1.5751706,-2.0897708,0.0052417009]","[0.55,0.03,0.43]",,True
34,42,scene_05_mixed_maze_passage,20260601,ik,lm,52076,"[-1.5708,-1.5708,1.5708,-1.5708,-1.5708,0]","[-3.2434854,-1.4300825,1.5721352,-1.5898025,-2.0672709,-0.0041320934]","[0.55,0.03,0.43]",,True
35,42,scene_05_mixed_maze_passage,20260601,ik,lm,52077,"[-1.5708,-1.5708,1.5708,-1.5708,-1.5708,0]","[-3.2462019,-1.4320613,1.5745296,-1.6005738,-2.0508169,0.026861328]","[0.55,0.03,0.43]",,True
36,42,scene_05_mixed_maze_passage,20260601,ik,lm,52078,"[-1.5708,-1.5708,1.5708,-1.5708,-1.5708,0]","[-3.2469042,-1.4323154,1.5755459,-1.6078624,-2.0465411,-0.016573235]","[0.55,0.03,0.43]",,True
37,42,scene_05_mixed_maze_passage,20260601,ik,lm,52079,"[-1.5708,-1.5708,1.5708,-1.5708,-1.5708,0]","[-3.2489409,-1.4295525,1.5639779,-1.5659675,-2.0333977,-0.015972102]","[0.55,0.03,0.43]",,True
38,42,scene_05_mixed_maze_passage,20260601,ik,lm,52080,"[-1.5708,-1.5708,1.5708,-1.5708,-1.5708,0]","[-3.2440215,-1.4324939,1.5722291,-1.5771779,-2.0622886,-0.027874407]","[0.55,0.03,0.43]",,True
39,42,scene_05_mixed_maze_passage,20260601,ik,lm,52081,"[-1.5708,-1.5708,1.5708,-1.5708,-1.5708,0]","[-3.2443735,-1.4294868,1.5695759,-1.5815348,-2.0618126,0.0041669082]","[0.55,0.03,0.43]",,True
40,42,scene_05_mixed_maze_passage,20260601,ik,lm,52082,"[-1.5708,-1.5708,1.5708,-1.5708,-1.5708,0]","[-3.2438762,-1.4281164,1.5687363,-1.5873464,-2.0653628,-0.0073374241]","[0.55,0.03,0.43]",,True
41,42,scene_05_mixed_maze_passage,20260601,ik,lm,52083,"[-1.5708,-1.5708,1.5708,-1.5708,-1.5708,0]","[-3.2385708,-1.4301891,1.5742537,-1.5849389,-2.0971248,0.005836899]","[0.55,0.03,0.43]",,True
42,42,scene_05_mixed_maze_passage,20260601,ik,lm,52084,"[-1.5708,-1.5708,1.5708,-1.5708,-1.5708,0]","[-3.2474863,-1.4408023,1.5870554,-1.6173314,-2.0395772,0.010983861]","[0.55,0.03,0.43]",,True
43,42,scene_05_mixed_maze_passage,20260601,ik,lm,52085,"[-1.5708,-1.5708,1.5708,-1.5708,-1.5708,0]","[-3.2396594,-1.4378449,1.5860361,-1.6034825,-2.0859911,0.0082258527]","[0.55,0.03,0.43]",,True
44,42,scene_05_mixed_maze_passage,20260601,ik,lm,52086,"[-1.5708,-1.5708,1.5708,-1.5708,-1.5708,0]","[-3.2401415,-1.4327937,1.5778524,-1.5920036,-2.085952,0.036676612]","[0.55,0.03,0.43]",,True
45,42,scene_05_mixed_maze_passage,20260601,ik,lm,52087,"[-1.5708,-1.5708,1.5708,-1.5708,-1.5708,0]","[-3.2423706,-1.430129,1.5806243,-1.63558,-2.0774382,0.023868181]","[0.55,0.03,0.43]",,True
46,42,scene_05_mixed_maze_passage,20260601,ik,lm,52088,"[-1.5708,-1.5708,1.5708,-1.5708,-1.5708,0]","[-3.247624,-1.4287041,1.5651057,-1.5738852,-2.0426876,0.003244937]","[0.55,0.03,0.43]",,True
47,42,scene_05_mixed_maze_passage,20260601,ik,lm,52089,"[-1.5708,-1.5708,1.5708,-1.5708,-1.5708,0]","[-3.2438175,-1.4243479,1.5603055,-1.5634616,-2.0652783,-0.0003348955]","[0.55,0.03,0.43]",,True
48,42,scene_05_mixed_maze_passage,20260601,ik,lm,52090,"[-1.5708,-1.5708,1.5708,-1.5708,-1.5708,0]","[-3.2402965,-1.4340139,1.5779261,-1.5858735,-2.0838718,-0.0026994013]","[0.55,0.03,0.43]",,True
49,42,scene_05_mixed_maze_passage,20260601,ik,lm,52091,"[-1.5708,-1.5708,1.5708,-1.5708,-1.5708,0]","[-3.2491999,-1.433106,1.571941,-1.5887417,-2.0321798,0.0089546828]","[0.55,0.03,0.43]",,True
0,42,scene_05_mixed_maze_passage,20260601,ik,scipy_baseline,53042,"[-1.5708,-1.5708,1.5708,-1.5708,-1.5708,0]","[-3.194896,-1.3938313,1.5693303,-0.39747605,-3.8682547,6.2343989]","[0.55,0.03,0.43]",,True
1,42,scene_05_mixed_maze_passage,20260601,ik,scipy_baseline,53043,"[-1.5708,-1.5708,1.5708,-1.5708,-1.5708,0]","[-3.525121,-1.4710961,1.6998069,-1.1544402,-0.086323777,-0.96668752]","[0.55,0.03,0.43]",,True
2,42,scene_05_mixed_maze_passage,20260601,ik,scipy_baseline,53044,"[-1.5708,-1.5708,1.5708,-1.5708,-1.5708,0]","[-3.1808198,-1.3898418,1.5863817,-0.54681033,-3.7430062,5.2538314]","[0.55,0.03,0.43]",,True
3,42,scene_05_mixed_maze_passage,20260601,ik,scipy_baseline,53045,"[-1.5708,-1.5708,1.5708,-1.5708,-1.5708,0]","[-3.1817497,-1.3598349,1.5092453,-1.3415133,-2.5312251,0.29793085]","[0.55,0.03,0.43]",,True
4,42,scene_05_mixed_maze_passage,20260601,ik,scipy_baseline,53046,"[-1.5708,-1.5708,1.5708,-1.5708,-1.5708,0]","[-3.5209234,-1.1034818,1.6769321,2.1447086,-0.22264162,0.0068981574]","[0.55,0.03,0.43]",,True
5,42,scene_05_mixed_maze_passage,20260601,ik,scipy_baseline,53047,"[-1.5708,-1.5708,1.5708,-1.5708,-1.5708,0]","[-5.7947324,-3.2782577,1.7037788,-3.6385174,-6.0637178,-5.7025968]","[0.55,0.03,0.43]",,True
6,42,scene_05_mixed_maze_passage,20260601,ik,scipy_baseline,53048,"[-1.5708,-1.5708,1.5708,-1.5708,-1.5708,0]","[-3.1663675,-1.3635332,1.5463067,-1.3627429,-2.6994676,-0.36409818]","[0.55,0.03,0.43]",,True
7,42,scene_05_mixed_maze_passage,20260601,ik,scipy_baseline,53049,"[-1.5708,-1.5708,1.5708,-1.5708,-1.5708,0]","[-3.1739527,-1.3635129,1.5310812,-1.366581,-2.6104089,-0.088832624]","[0.55,0.03,0.43]",,True
8,42,scene_05_mixed_maze_passage,20260601,ik,scipy_baseline,53050,"[-1.5708,-1.5708,1.5708,-1.5708,-1.5708,0]","[-3.1727254,-1.3244738,1.4492661,-1.112395,-2.6238592,2.2681809]","[0.55,0.03,0.43]",,True
9,42,scene_05_mixed_maze_passage,20260601,ik,scipy_baseline,53051,"[-1.5708,-1.5708,1.5708,-1.5708,-1.5708,0]","[-3.5165507,-1.1339911,1.7376757,-4.054537,-0.30634942,0.14575569]","[0.55,0.03,0.43]",,True
10,42,scene_05_mixed_maze_passage,20260601,ik,scipy_baseline,53052,"[-1.5708,-1.5708,1.5708,-1.5708,-1.5708,0]","[-3.3765438,-1.5011255,1.9155364,-1.2198928,1.3365266,-0.02909294]","[0.55,0.03,0.43]",,True
11,42,scene_05_mixed_maze_passage,20260601,ik,scipy_baseline,53053,"[-1.5708,-1.5708,1.5708,-1.5708,-1.5708,0]","[-3.1494088,-1.3306527,1.5033429,-0.7684253,-3.2188033,-2.5739754]","[0.55,0.03,0.43]",,True
12,42,scene_05_mixed_maze_passage,20260601,ik,scipy_baseline,53054,"[-1.5708,-1.5708,1.5708,-1.5708,-1.5708,0]","[-3.166019,-1.3639789,1.5482144,-1.3661508,-2.703961,0.30178755]","[0.55,0.03,0.43]",,True
13,42,scene_05_mixed_maze_passage,20260601,ik,scipy_baseline,53055,"[-1.5708,-1.5708,1.5708,-1.5708,-1.5708,0]","[-3.4434618,-1.5172189,1.8869779,-1.1353672,0.95008491,0.10972873]","[0.55,0.03,0.43]",,True
14,42,scene_05_mixed_maze_passage,20260601,ik,scipy_baseline,53056,"[-1.5708,-1.5708,1.5708,-1.5708,-1.5708,0]","[-3.2374327,-0.83487972,1.1109248,1.0491063,-2.1118778,-3.9744893]","[0.55,0.03,0.43]",,True
15,42,scene_05_mixed_maze_passage,20260601,ik,scipy_baseline,53057,"[-1.5708,-1.5708,1.5708,-1.5708,-1.5708,0]","[-3.1701551,-1.3543824,1.5165665,-1.2967103,-2.6531189,0.23154781]","[0.55,0.03,0.43]",,True
16,42,scene_05_mixed_maze_passage,20260601,ik,scipy_baseline,53058,"[-1.5708,-1.5708,1.5708,-1.5708,-1.5708,0]","[-3.151906,-1.0959517,1.1368996,0.14440338,-2.9585446,-3.5328747]","[0.55,0.03,0.43]",,True
17,42,scene_05_mixed_maze_passage,20260601,ik,scipy_baseline,53059,"[-1.5708,-1.5708,1.5708,-1.5708,-1.5708,0]","[-3.1784481,-1.3506577,1.4943191,-1.2804589,-2.5635701,0.24489002]","[0.55,0.03,0.43]",,True
18,42,scene_05_mixed_maze_passage,20260601,ik,scipy_baseline,53060,"[-1.5708,-1.5708,1.5708,-1.5708,-1.5708,0]","[-3.1701064,-1.361301,1.5330569,-1.3480719,-2.6536889,0.0098147579]","[0.55,0.03,0.43]",,True
19,42,scene_05_mixed_maze_passage,20260601,ik,scipy_baseline,53061,"[-1.5708,-1.5708,1.5708,-1.5708,-1.5708,0]","[-3.5067431,-1.0400574,1.5604926,1.7168442,-0.4412583,2.2240079]","[0.55,0.03,0.43]",,True
20,42,scene_05_mixed_maze_passage,20260601,ik,scipy_baseline,53062,"[-1.5708,-1.5708,1.5708,-1.5708,-1.5708,0]","[-3.1953387,-1.4091038,1.6123133,-0.52945673,-3.8718958,-2.4605124]","[0.55,0.03,0.43]",,True
21,42,scene_05_mixed_maze_passage,20260601,ik,scipy_baseline,53063,"[-1.5708,-1.5708,1.5708,-1.5708,-1.5708,0]","[-5.7899274,-3.2663995,1.6762835,2.357149,-6.2828362,-3.0445386]","[0.55,0.03,0.43]",,True
22,42,scene_05_mixed_maze_passage,20260601,ik,scipy_baseline,53064,"[-1.5708,-1.5708,1.5708,-1.5708,-1.5708,0]","[-3.4524808,-1.4554148,1.958547,-1.6829895,0.8916968,-0.03657973]","[0.55,0.03,0.43]",,True
23,42,scene_05_mixed_maze_passage,20260601,ik,scipy_baseline,53065,"[-1.5708,-1.5708,1.5708,-1.5708,-1.5708,0]","[-3.4821698,-1.5047156,1.8941982,-1.3312776,0.67622686,4.9028727]","[0.55,0.03,0.43]",,True
24,42,scene_05_mixed_maze_passage,20260601,ik,scipy_baseline,53066,"[-1.5708,-1.5708,1.5708,-1.5708,-1.5708,0]","[-3.1492366,-1.2778916,1.3984246,-0.57191382,-3.0778242,4.1540442]","[0.55,0.03,0.43]",,True
25,42,scene_05_mixed_maze_passage,20260601,ik,scipy_baseline,53067,"[-1.5708,-1.5708,1.5708,-1.5708,-1.5708,0]","[-3.2617843,-1.4436925,1.8919058,-1.3858085,-4.3196714,2.3396741]","[0.55,0.03,0.43]",,True
26,42,scene_05_mixed_maze_passage,20260601,ik,scipy_baseline,53068,"[-1.5708,-1.5708,1.5708,-1.5708,-1.5708,0]","[-3.1692854,-1.3629628,1.5387731,-1.3604735,-2.6633917,-0.14861211]","[0.55,0.03,0.43]",,True
27,42,scene_05_mixed_maze_passage,20260601,ik,scipy_baseline,53069,"[-1.5708,-1.5708,1.5708,-1.5708,-1.5708,0]","[-3.4571428,-1.5187412,1.8713724,-1.0981731,0.8605048,1.1039521]","[0.55,0.03,0.43]",,True
28,42,scene_05_mixed_maze_passage,20260601,ik,scipy_baseline,53070,"[-1.5708,-1.5708,1.5708,-1.5708,-1.5708,0]","[-3.1593216,-1.361556,1.5573925,-1.3314495,-2.8009588,-3.55393]","[0.55,0.03,0.43]",,True
29,42,scene_05_mixed_maze_passage,20260601,ik,scipy_baseline,53071,"[-1.5708,-1.5708,1.5708,-1.5708,-1.5708,0]","[-3.1597017,-0.97627495,1.0183949,0.49444319,-2.7947627,5.6971391]","[0.55,0.03,0.43]",,True
30,42,scene_05_mixed_maze_passage,20260601,ik,scipy_baseline,53072,"[-1.5708,-1.5708,1.5708,-1.5708,-1.5708,0]","[-3.4678044,-1.0550301,1.6618039,1.752955,-0.785985,1.6824153]","[0.55,0.03,0.43]",,True
31,42,scene_05_mixed_maze_passage,20260601,ik,scipy_baseline,53073,"[-1.5708,-1.5708,1.5708,-1.5708,-1.5708,0]","[-3.1554467,-1.3153,1.4586667,-0.43350474,-3.4113558,2.6331454]","[0.55,0.03,0.43]",,True
32,42,scene_05_mixed_maze_passage,20260601,ik,scipy_baseline,53074,"[-1.5708,-1.5708,1.5708,-1.5708,-1.5708,0]","[-3.1541168,-1.3810879,1.6466811,-1.5904144,-2.9007717,-6.2749885]","[0.55,0.03,0.43]",,True
33,42,scene_05_mixed_maze_passage,20260601,ik,scipy_baseline,53075,"[-1.5708,-1.5708,1.5708,-1.5708,-1.5708,0]","[-3.1523187,-1.2651136,1.3713802,-0.61688361,-2.9464756,2.6662458]","[0.55,0.03,0.43]",,True
34,42,scene_05_mixed_maze_passage,20260601,ik,scipy_baseline,53076,"[-1.5708,-1.5708,1.5708,-1.5708,-1.5708,0]","[-3.4513381,-1.5218844,1.8577717,-1.0178791,0.89923064,1.4250104]","[0.55,0.03,0.43]",,True
35,42,scene_05_mixed_maze_passage,20260601,ik,scipy_baseline,53077,"[-1.5708,-1.5708,1.5708,-1.5708,-1.5708,0]","[-3.476657,-1.0605965,1.6618741,1.7790851,-0.71988539,1.1799838]","[0.55,0.03,0.43]",,True
36,42,scene_05_mixed_maze_passage,20260601,ik,scipy_baseline,53078,"[-1.5708,-1.5708,1.5708,-1.5708,-1.5708,0]","[-3.1680711,-1.3648966,1.5461586,-1.3753913,-2.6780877,0.42393959]","[0.55,0.03,0.43]",,True
37,42,scene_05_mixed_maze_passage,20260601,ik,scipy_baseline,53079,"[-1.5708,-1.5708,1.5708,-1.5708,-1.5708,0]","[-3.4661616,-1.5202739,1.8224632,-0.91360113,0.79779352,-0.62592042]","[0.55,0.03,0.43]",,True
38,42,scene_05_mixed_maze_passage,20260601,ik,scipy_baseline,53080,"[-1.5708,-1.5708,1.5708,-1.5708,-1.5708,0]","[-3.1569094,-0.99221029,1.0331202,0.47079694,-2.8431532,-3.0958597]","[0.55,0.03,0.43]",,True
39,42,scene_05_mixed_maze_passage,20260601,ik,scipy_baseline,53081,"[-1.5708,-1.5708,1.5708,-1.5708,-1.5708,0]","[-3.4576468,-1.5178666,1.8751151,-1.1179125,0.85708583,0.45165313]","[0.55,0.03,0.43]",,True
40,42,scene_05_mixed_maze_passage,20260601,ik,scipy_baseline,53082,"[-1.5708,-1.5708,1.5708,-1.5708,-1.5708,0]","[-3.1683095,-1.3384111,1.4844554,-1.1840571,-2.6751686,-4.7179034]","[0.55,0.03,0.43]",,True
41,42,scene_05_mixed_maze_passage,20260601,ik,scipy_baseline,53083,"[-1.5708,-1.5708,1.5708,-1.5708,-1.5708,0]","[-3.1586431,-1.3690913,1.5810254,-0.77963676,-3.4708869,-1.1563451]","[0.55,0.03,0.43]",,True
42,42,scene_05_mixed_maze_passage,20260601,ik,scipy_baseline,53084,"[-1.5708,-1.5708,1.5708,-1.5708,-1.5708,0]","[-3.4928893,-1.070613,1.6591614,1.8394015,-0.5839092,-3.9045761]","[0.55,0.03,0.43]",,True
43,42,scene_05_mixed_maze_passage,20260601,ik,scipy_baseline,53085,"[-1.5708,-1.5708,1.5708,-1.5708,-1.5708,0]","[-3.1504596,-1.355448,1.5640292,-1.184044,-3.0091637,-4.3419871]","[0.55,0.03,0.43]",,True
44,42,scene_05_mixed_maze_passage,20260601,ik,scipy_baseline,53086,"[-1.5708,-1.5708,1.5708,-1.5708,-1.5708,0]","[-3.4963549,-1.3023747,1.3787417,0.39056518,0.55130931,-5.4113327]","[0.55,0.03,0.43]",,True
45,42,scene_05_mixed_maze_passage,20260601,ik,scipy_baseline,53087,"[-1.5708,-1.5708,1.5708,-1.5708,-1.5708,0]","[-3.2058836,-1.3367098,1.4321014,-1.2133379,-2.3285106,4.6998012]","[0.55,0.03,0.43]",,True
46,42,scene_05_mixed_maze_passage,20260601,ik,scipy_baseline,53088,"[-1.5708,-1.5708,1.5708,-1.5708,-1.5708,0]","[-3.3890412,-1.5143216,1.8930617,-1.0977033,1.2682175,-0.59094702]","[0.55,0.03,0.43]",,True
47,42,scene_05_mixed_maze_passage,20260601,ik,scipy_baseline,53089,"[-1.5708,-1.5708,1.5708,-1.5708,-1.5708,0]","[-3.4748023,-1.5130617,1.8765441,-1.1945576,0.73411042,4.2174555]","[0.55,0.03,0.43]",,True
48,42,scene_05_mixed_maze_passage,20260601,ik,scipy_baseline,53090,"[-1.5708,-1.5708,1.5708,-1.5708,-1.5708,0]","[-3.2066114,-1.3217862,1.4042316,-1.1419196,-2.3230454,4.6262016]","[0.55,0.03,0.43]",,True
49,42,scene_05_mixed_maze_passage,20260601,ik,scipy_baseline,53091,"[-1.5708,-1.5708,1.5708,-1.5708,-1.5708,0]","[-3.1666871,-0.88145019,1.030703,0.98965564,-2.6953829,-5.6203902]","[0.55,0.03,0.43]",,True
0,42,scene_pass_through_maze,20260602,ik,pinv,60042,"[-1.5708,-1.5708,1.5708,-1.5708,-1.5708,0]","[-3.4082619,-0.94397519,1.5136277,-4.4055043,-1.0577344,-2.6107755]","[0.62,0.02,0.43]","[0.44614,0.282258,0.366804,0.765993]",True
1,42,scene_pass_through_maze,20260602,ik,pinv,60043,"[-1.5708,-1.5708,1.5708,-1.5708,-1.5708,0]","[-3.4075629,-0.94677786,1.5198364,-4.4056426,-1.0602349,-2.6133256]","[0.62,0.02,0.43]","[0.44614,0.282258,0.366804,0.765993]",True
2,42,scene_pass_through_maze,20260602,ik,pinv,60044,"[-1.5708,-1.5708,1.5708,-1.5708,-1.5708,0]","[-3.4095869,-0.92908112,1.48428,-4.406867,-1.051006,-2.6038102]","[0.62,0.02,0.43]","[0.44614,0.282258,0.366804,0.765993]",True
3,42,scene_pass_through_maze,20260602,ik,pinv,60045,"[-1.5708,-1.5708,1.5708,-1.5708,-1.5708,0]","[-3.4085937,-0.93967843,1.5054819,-4.4059804,-1.0558341,-2.6091903]","[0.62,0.02,0.43]","[0.44614,0.282258,0.366804,0.765993]",True
4,42,scene_pass_through_maze,20260602,ik,pinv,60046,"[-1.5708,-1.5708,1.5708,-1.5708,-1.5708,0]","[-3.4089685,-0.93612703,1.4985759,-4.4068688,-1.0541787,-2.6077802]","[0.62,0.02,0.43]","[0.44614,0.282258,0.366804,0.765993]",True
5,42,scene_pass_through_maze,20260602,ik,pinv,60047,"[-1.5708,-1.5708,1.5708,-1.5708,-1.5708,0]","[-3.4091119,-0.93610857,1.4983496,-4.4067695,-1.0540641,-2.6071907]","[0.62,0.02,0.43]","[0.44614,0.282258,0.366804,0.765993]",True
6,42,scene_pass_through_maze,20260602,ik,pinv,60048,"[-1.5708,-1.5708,1.5708,-1.5708,-1.5708,0]","[-3.4093813,-0.93116903,1.4885111,-4.4069178,-1.0519949,-2.6048685]","[0.62,0.02,0.43]","[0.44614,0.282258,0.366804,0.765993]",True
7,42,scene_pass_through_maze,20260602,ik,pinv,60049,"[-1.5708,-1.5708,1.5708,-1.5708,-1.5708,0]","[-3.4084923,-0.94001583,1.5064808,-4.406045,-1.056083,-2.6098828]","[0.62,0.02,0.43]","[0.44614,0.282258,0.366804,0.765993]",True
8,42,scene_pass_through_maze,20260602,ik,pinv,60050,"[-1.5708,-1.5708,1.5708,-1.5708,-1.5708,0]","[-3.4082192,-0.94424124,1.5144838,-4.4059556,-1.0580154,-2.6109285]","[0.62,0.02,0.43]","[0.44614,0.282258,0.366804,0.765993]",True
9,42,scene_pass_through_maze,20260602,ik,pinv,60051,"[-1.5708,-1.5708,1.5708,-1.5708,-1.5708,0]","[-3.4087881,-0.93759928,1.5018184,-4.4070818,-1.055267,-2.6085612]","[0.62,0.02,0.43]","[0.44614,0.282258,0.366804,0.765993]",True
10,42,scene_pass_through_maze,20260602,ik,pinv,60052,"[-1.5708,-1.5708,1.5708,-1.5708,-1.5708,0]","[-3.4081819,-0.9436617,1.5135156,-4.4062506,-1.0578611,-2.610835]","[0.62,0.02,0.43]","[0.44614,0.282258,0.366804,0.765993]",True
11,42,scene_pass_through_maze,20260602,ik,pinv,60053,"[-1.5708,-1.5708,1.5708,-1.5708,-1.5708,0]","[-3.4082002,-0.94253141,1.5113231,-4.4063482,-1.0576271,-2.6105229]","[0.62,0.02,0.43]","[0.44614,0.282258,0.366804,0.765993]",True
12,42,scene_pass_through_maze,20260602,ik,pinv,60054,"[-1.5708,-1.5708,1.5708,-1.5708,-1.5708,0]","[-3.4092324,-0.93203223,1.4900725,-4.4065313,-1.0527388,-2.60556]","[0.62,0.02,0.43]","[0.44614,0.282258,0.366804,0.765993]",True
13,42,scene_pass_through_maze,20260602,ik,pinv,60055,"[-1.5708,-1.5708,1.5708,-1.5708,-1.5708,0]","[-3.4085332,-0.9402801,1.5067445,-4.406149,-1.0559634,-2.6093991]","[0.62,0.02,0.43]","[0.44614,0.282258,0.366804,0.765993]",True
14,42,scene_pass_through_maze,20260602,ik,pinv,60056,"[-1.5708,-1.5708,1.5708,-1.5708,-1.5708,0]","[-3.4093447,-0.93185631,1.4897671,-4.4067661,-1.0524118,-2.6052193]","[0.62,0.02,0.43]","[0.44614,0.282258,0.366804,0.765993]",True
15,42,scene_pass_through_maze,20260602,ik,pinv,60057,"[-1.5708,-1.5708,1.5708,-1.5708,-1.5708,0]","[-3.4085822,-0.93739442,1.5008868,-4.4062471,-1.0557022,-2.6081294]","[0.62,0.02,0.43]","[0.44614,0.282258,0.366804,0.765993]",True
16,42,scene_pass_through_maze,20260602,ik,pinv,60058,"[-1.5708,-1.5708,1.5708,-1.5708,-1.5708,0]","[-3.4076096,-0.9464827,1.5189428,-4.4056769,-1.0603361,-2.6128251]","[0.62,0.02,0.43]","[0.44614,0.282258,0.366804,0.765993]",True
17,42,scene_pass_through_maze,20260602,ik,pinv,60059,"[-1.5708,-1.5708,1.5708,-1.5708,-1.5708,0]","[-3.4090525,-0.93411621,1.494496,-4.4069858,-1.0534517,-2.6063967]","[0.62,0.02,0.43]","[0.44614,0.282258,0.366804,0.765993]",True
18,42,scene_pass_through_maze,20260602,ik,pinv,60060,"[-1.5708,-1.5708,1.5708,-1.5708,-1.5708,0]","[-3.4092748,-0.93364194,1.493497,-4.4068641,-1.0530118,-2.6060491]","[0.62,0.02,0.43]","[0.44614,0.282258,0.366804,0.765993]",True
19,42,scene_pass_through_maze,20260602,ik,pinv,60061,"[-1.5708,-1.5708,1.5708,-1.5708,-1.5708,0]","[-3.4078211,-0.94696214,1.5197833,-4.4051957,-1.059563,-2.6130151]","[0.62,0.02,0.43]","[0.44614,0.282258,0.366804,0.765993]",True
20,42,scene_pass_through_maze,20260602,ik,pinv,60062,"[-1.5708,-1.5708,1.5708,-1.5708,-1.5708,0]","[-3.4092567,-0.93314114,1.4923371,-4.4066047,-1.052926,-2.6059212]","[0.62,0.02,0.43]","[0.44614,0.282258,0.366804,0.765993]",True
21,42,scene_pass_through_maze,20260602,ik,pinv,60063,"[-1.5708,-1.5708,1.5708,-1.5708,-1.5708,0]","[-3.4093759,-0.9321057,1.4902227,-4.4067397,-1.0523152,-2.6051557]","[0.62,0.02,0.43]","[0.44614,0.282258,0.366804,0.765993]",True
22,42,scene_pass_through_maze,20260602,ik,pinv,60064,"[-1.5708,-1.5708,1.5708,-1.5708,-1.5708,0]","[-3.4095951,-0.9302292,1.4863817,-4.4066752,-1.0513382,-2.6040899]","[0.62,0.02,0.43]","[0.44614,0.282258,0.366804,0.765993]",True
23,42,scene_pass_through_maze,20260602,ik,pinv,60065,"[-1.5708,-1.5708,1.5708,-1.5708,-1.5708,0]","[-3.4086154,-0.94149945,1.5091646,-4.4062955,-1.0563817,-2.6095585]","[0.62,0.02,0.43]","[0.44614,0.282258,0.366804,0.765993]",True
24,42,scene_pass_through_maze,20260602,ik,pinv,60066,"[-1.5708,-1.5708,1.5708,-1.5708,-1.5708,0]","[-3.4094652,-0.93020201,1.486563,-4.4068919,-1.0515379,-2.6044333]","[0.62,0.02,0.43]","[0.44614,0.282258,0.366804,0.765993]",True
25,42,scene_pass_through_maze,20260602,ik,pinv,60067,"[-1.5708,-1.5708,1.5708,-1.5708,-1.5708,0]","[-3.4089869,-0.93444732,1.4949477,-4.406346,-1.0536858,-2.6063138]","[0.62,0.02,0.43]","[0.44614,0.282258,0.366804,0.765993]",True
26,42,scene_pass_through_maze,20260602,ik,pinv,60068,"[-1.5708,-1.5708,1.5708,-1.5708,-1.5708,0]","[-3.4079926,-0.94363858,1.5136031,-4.4058986,-1.0587909,-2.6114643]","[0.62,0.02,0.43]","[0.44614,0.282258,0.366804,0.765993]",True
27,42,scene_pass_through_maze,20260602,ik,pinv,60069,"[-1.5708,-1.5708,1.5708,-1.5708,-1.5708,0]","[-3.4079993,-0.94491991,1.5158441,-4.4057211,-1.0585444,-2.6118609]","[0.62,0.02,0.43]","[0.44614,0.282258,0.366804,0.765993]",True
28,42,scene_pass_through_maze,20260602,ik,pinv,60070,"[-1.5708,-1.5708,1.5708,-1.5708,-1.5708,0]","[-3.4084548,-0.94139528,1.5089691,-4.4058453,-1.0567893,-2.6102169]","[0.62,0.02,0.43]","[0.44614,0.282258,0.366804,0.765993]",True
29,42,scene_pass_through_maze,20260602,ik,pinv,60071,"[-1.5708,-1.5708,1.5708,-1.5708,-1.5708,0]","[-3.4092939,-0.93265587,1.4914157,-4.4067703,-1.0528411,-2.6055429]","[0.62,0.02,0.43]","[0.44614,0.282258,0.366804,0.765993]",True
30,42,scene_pass_through_maze,20260602,ik,pinv,60072,"[-1.5708,-1.5708,1.5708,-1.5708,-1.5708,0]","[-3.4096822,-0.92903128,1.4841144,-4.4067996,-1.0511792,-2.6035052]","[0.62,0.02,0.43]","[0.44614,0.282258,0.366804,0.765993]",True
31,42,scene_pass_through_maze,20260602,ik,pinv,60073,"[-1.5708,-1.5708,1.5708,-1.5708,-1.5708,0]","[-3.4077022,-0.94677354,1.5191301,-4.4053582,-1.0599271,-2.6122462]","[0.62,0.02,0.43]","[0.44614,0.282258,0.366804,0.765993]",True
32,42,scene_pass_through_maze,20260602,ik,pinv,60074,"[-1.5708,-1.5708,1.5708,-1.5708,-1.5708,0]","[-3.4085635,-0.93850671,1.5028732,-4.4061458,-1.0559386,-2.6079365]","[0.62,0.02,0.43]","[0.44614,0.282258,0.366804,0.765993]",True
33,42,scene_pass_through_maze,20260602,ik,pinv,60075,"[-1.5708,-1.5708,1.5708,-1.5708,-1.5708,0]","[-3.4097032,-0.92937087,1.4846889,-4.4068865,-1.0508169,-2.6034695]","[0.62,0.02,0.43]","[0.44614,0.282258,0.366804,0.765993]",True
34,42,scene_pass_through_maze,20260602,ik,pinv,60076,"[-1.5708,-1.5708,1.5708,-1.5708,-1.5708,0]","[-3.4090223,-0.93562907,1.4976754,-4.4070192,-1.0540529,-2.6073657]","[0.62,0.02,0.43]","[0.44614,0.282258,0.366804,0.765993]",True
35,42,scene_pass_through_maze,20260602,ik,pinv,60077,"[-1.5708,-1.5708,1.5708,-1.5708,-1.5708,0]","[-3.4085025,-0.93938269,1.5045547,-4.4059199,-1.0561187,-2.6085184]","[0.62,0.02,0.43]","[0.44614,0.282258,0.366804,0.765993]",True
36,42,scene_pass_through_maze,20260602,ik,pinv,60078,"[-1.5708,-1.5708,1.5708,-1.5708,-1.5708,0]","[-3.4089957,-0.93538958,1.4970729,-4.4067703,-1.0540795,-2.6072375]","[0.62,0.02,0.43]","[0.44614,0.282258,0.366804,0.765993]",True
37,42,scene_pass_through_maze,20260602,ik,pinv,60079,"[-1.5708,-1.5708,1.5708,-1.5708,-1.5708,0]","[-3.4089723,-0.93361485,1.4934505,-4.4067115,-1.0537807,-2.6065433]","[0.62,0.02,0.43]","[0.44614,0.282258,0.366804,0.765993]",True
38,42,scene_pass_through_maze,20260602,ik,pinv,60080,"[-1.5708,-1.5708,1.5708,-1.5708,-1.5708,0]","[-3.4080888,-0.94534876,1.5166639,-4.4059819,-1.0580097,-2.6116545]","[0.62,0.02,0.43]","[0.44614,0.282258,0.366804,0.765993]",True
39,42,scene_pass_through_maze,20260602,ik,pinv,60081,"[-1.5708,-1.5708,1.5708,-1.5708,-1.5708,0]","[-3.4095871,-0.93007376,1.4861415,-4.4067637,-1.0514385,-2.6041094]","[0.62,0.02,0.43]","[0.44614,0.282258,0.366804,0.765993]",True
40,42,scene_pass_through_maze,20260602,ik,pinv,60082,"[-1.5708,-1.5708,1.5708,-1.5708,-1.5708,0]","[-3.4094956,-0.93087841,1.4878656,-4.4070317,-1.051714,-2.6044997]","[0.62,0.02,0.43]","[0.44614,0.282258,0.366804,0.765993]",True
41,42,scene_pass_through_maze,20260602,ik,pinv,60083,"[-1.5708,-1.5708,1.5708,-1.5708,-1.5708,0]","[-3.4085595,-0.93914498,1.5042938,-4.4062396,-1.0560234,-2.6083193]","[0.62,0.02,0.43]","[0.44614,0.282258,0.366804,0.765993]",True
42,42,scene_pass_through_maze,20260602,ik,pinv,60084,"[-1.5708,-1.5708,1.5708,-1.5708,-1.5708,0]","[-3.4094138,-0.93075067,1.4876573,-4.4069968,-1.0518181,-2.6045485]","[0.62,0.02,0.43]","[0.44614,0.282258,0.366804,0.765993]",True
43,42,scene_pass_through_maze,20260602,ik,pinv,60085,"[-1.5708,-1.5708,1.5708,-1.5708,-1.5708,0]","[-3.4086001,-0.93946127,1.505006,-4.4065298,-1.0557658,-2.6084739]","[0.62,0.02,0.43]","[0.44614,0.282258,0.366804,0.765993]",True
44,42,scene_pass_through_maze,20260602,ik,pinv,60086,"[-1.5708,-1.5708,1.5708,-1.5708,-1.5708,0]","[-3.4092399,-0.93068537,1.48759,-4.4067463,-1.052607,-2.6049701]","[0.62,0.02,0.43]","[0.44614,0.282258,0.366804,0.765993]",True
45,42,scene_pass_through_maze,20260602,ik,pinv,60087,"[-1.5708,-1.5708,1.5708,-1.5708,-1.5708,0]","[-3.4075222,-0.94578233,1.5173999,-4.4049672,-1.060344,-2.6127579]","[0.62,0.02,0.43]","[0.44614,0.282258,0.366804,0.765993]",True
46,42,scene_pass_through_maze,20260602,ik,pinv,60088,"[-1.5708,-1.5708,1.5708,-1.5708,-1.5708,0]","[-3.4091262,-0.93454746,1.4951931,-4.4070285,-1.0536885,-2.6061614]","[0.62,0.02,0.43]","[0.44614,0.282258,0.366804,0.765993]",True
47,42,scene_pass_through_maze,20260602,ik,pinv,60089,"[-1.5708,-1.5708,1.5708,-1.5708,-1.5708,0]","[-3.4093652,-0.93231957,1.4906001,-4.4065015,-1.0523706,-2.6053987]","[0.62,0.02,0.43]","[0.44614,0.282258,0.366804,0.765993]",True
48,42,scene_pass_through_maze,20260602,ik,pinv,60090,"[-1.5708,-1.5708,1.5708,-1.5708,-1.5708,0]","[-3.4095239,-0.93127611,1.4886226,-4.4070474,-1.0515293,-2.6045933]","[0.62,0.02,0.43]","[0.44614,0.282258,0.366804,0.765993]",True
49,42,scene_pass_through_maze,20260602,ik,pinv,60091,"[-1.5708,-1.5708,1.5708,-1.5708,-1.5708,0]","[-3.4080489,-0.94368184,1.5133793,-4.4055353,-1.0581778,-2.6115274]","[0.62,0.02,0.43]","[0.44614,0.282258,0.366804,0.765993]",True
0,42,scene_pass_through_maze,20260602,ik,dls,61042,"[-1.5708,-1.5708,1.5708,-1.5708,-1.5708,0]","[-3.4051038,-0.94916227,1.5191531,-4.4000699,-1.0658045,-2.621733]","[0.62,0.02,0.43]","[0.44614,0.282258,0.366804,0.765993]",True
1,42,scene_pass_through_maze,20260602,ik,dls,61043,"[-1.5708,-1.5708,1.5708,-1.5708,-1.5708,0]","[-3.4067673,-0.9390803,1.5003946,-4.4020963,-1.0597394,-2.6140151]","[0.62,0.02,0.43]","[0.44614,0.282258,0.366804,0.765993]",True
2,42,scene_pass_through_maze,20260602,ik,dls,61044,"[-1.5708,-1.5708,1.5708,-1.5708,-1.5708,0]","[-3.405461,-0.94607299,1.5131958,-4.3998156,-1.0639929,-2.6200349]","[0.62,0.02,0.43]","[0.44614,0.282258,0.366804,0.765993]",True
3,42,scene_pass_through_maze,20260602,ik,dls,61045,"[-1.5708,-1.5708,1.5708,-1.5708,-1.5708,0]","[-3.4044644,-0.94877134,1.5184425,-4.3991529,-1.0673111,-2.6227187]","[0.62,0.02,0.43]","[0.44614,0.282258,0.366804,0.765993]",True
4,42,scene_pass_through_maze,20260602,ik,dls,61046,"[-1.5708,-1.5708,1.5708,-1.5708,-1.5708,0]","[-3.4065198,-0.9399155,1.5018781,-4.4015291,-1.0603468,-2.6150264]","[0.62,0.02,0.43]","[0.44614,0.282258,0.366804,0.765993]",True
5,42,scene_pass_through_maze,20260602,ik,dls,61047,"[-1.5708,-1.5708,1.5708,-1.5708,-1.5708,0]","[-3.4062729,-0.94059928,1.5037239,-4.4020385,-1.0612697,-2.6164567]","[0.62,0.02,0.43]","[0.44614,0.282258,0.366804,0.765993]",True
6,42,scene_pass_through_maze,20260602,ik,dls,61048,"[-1.5708,-1.5708,1.5708,-1.5708,-1.5708,0]","[-3.4069957,-0.93713976,1.4972138,-4.4028741,-1.0587627,-2.6133457]","[0.62,0.02,0.43]","[0.44614,0.282258,0.366804,0.765993]",True
7,42,scene_pass_through_maze,20260602,ik,dls,61049,"[-1.5708,-1.5708,1.5708,-1.5708,-1.5708,0]","[-3.4065467,-0.9407551,1.5036071,-4.4018785,-1.0605825,-2.6159022]","[0.62,0.02,0.43]","[0.44614,0.282258,0.366804,0.765993]",True
8,42,scene_pass_through_maze,20260602,ik,dls,61050,"[-1.5708,-1.5708,1.5708,-1.5708,-1.5708,0]","[-3.4055923,-0.94637589,1.5135814,-4.400068,-1.0638961,-2.6195805]","[0.62,0.02,0.43]","[0.44614,0.282258,0.366804,0.765993]",True
9,42,scene_pass_through_maze,20260602,ik,dls,61051,"[-1.5708,-1.5708,1.5708,-1.5708,-1.5708,0]","[-3.4068136,-0.93924626,1.5008338,-4.4022535,-1.0597601,-2.6146543]","[0.62,0.02,0.43]","[0.44614,0.282258,0.366804,0.765993]",True
10,42,scene_pass_through_maze,20260602,ik,dls,61052,"[-1.5708,-1.5708,1.5708,-1.5708,-1.5708,0]","[-3.4073025,-0.9366285,1.4963949,-4.4032482,-1.0578148,-2.6129667]","[0.62,0.02,0.43]","[0.44614,0.282258,0.366804,0.765993]",True
11,42,scene_pass_through_maze,20260602,ik,dls,61053,"[-1.5708,-1.5708,1.5708,-1.5708,-1.5708,0]","[-3.408326,-0.93244095,1.4885314,-4.4042515,-1.0545716,-2.6092146]","[0.62,0.02,0.43]","[0.44614,0.282258,0.366804,0.765993]",True
12,42,scene_pass_through_maze,20260602,ik,dls,61054,"[-1.5708,-1.5708,1.5708,-1.5708,-1.5708,0]","[-3.4071395,-0.93783494,1.4982131,-4.4024077,-1.0584372,-2.613377]","[0.62,0.02,0.43]","[0.44614,0.282258,0.366804,0.765993]",True
13,42,scene_pass_through_maze,20260602,ik,dls,61055,"[-1.5708,-1.5708,1.5708,-1.5708,-1.5708,0]","[-3.4078531,-0.93321298,1.4901837,-4.4039097,-1.055823,-2.6108351]","[0.62,0.02,0.43]","[0.44614,0.282258,0.366804,0.765993]",True
14,42,scene_pass_through_maze,20260602,ik,dls,61056,"[-1.5708,-1.5708,1.5708,-1.5708,-1.5708,0]","[-3.4074536,-0.93615613,1.4953202,-4.4031328,-1.0574448,-2.6123871]","[0.62,0.02,0.43]","[0.44614,0.282258,0.366804,0.765993]",True
15,42,scene_pass_through_maze,20260602,ik,dls,61057,"[-1.5708,-1.5708,1.5708,-1.5708,-1.5708,0]","[-3.4054441,-0.94792547,1.5165674,-4.3999445,-1.0644471,-2.6205869]","[0.62,0.02,0.43]","[0.44614,0.282258,0.366804,0.765993]",True
16,42,scene_pass_through_maze,20260602,ik,dls,61058,"[-1.5708,-1.5708,1.5708,-1.5708,-1.5708,0]","[-3.4057382,-0.94547487,1.5119508,-4.4002133,-1.0634495,-2.6189009]","[0.62,0.02,0.43]","[0.44614,0.282258,0.366804,0.765993]",True
17,42,scene_pass_through_maze,20260602,ik,dls,61059,"[-1.5708,-1.5708,1.5708,-1.5708,-1.5708,0]","[-3.4084169,-0.93201577,1.4876964,-4.4041771,-1.0541175,-2.6090573]","[0.62,0.02,0.43]","[0.44614,0.282258,0.366804,0.765993]",True
18,42,scene_pass_through_maze,20260602,ik,dls,61060,"[-1.5708,-1.5708,1.5708,-1.5708,-1.5708,0]","[-3.4069621,-0.93954184,1.5014431,-4.4024988,-1.0593534,-2.61467]","[0.62,0.02,0.43]","[0.44614,0.282258,0.366804,0.765993]",True
19,42,scene_pass_through_maze,20260602,ik,dls,61061,"[-1.5708,-1.5708,1.5708,-1.5708,-1.5708,0]","[-3.405288,-0.94787166,1.5163844,-4.399564,-1.064966,-2.6209699]","[0.62,0.02,0.43]","[0.44614,0.282258,0.366804,0.765993]",True
20,42,scene_pass_through_maze,20260602,ik,dls,61062,"[-1.5708,-1.5708,1.5708,-1.5708,-1.5708,0]","[-3.4068645,-0.93894219,1.5003227,-4.4022306,-1.0592953,-2.6147857]","[0.62,0.02,0.43]","[0.44614,0.282258,0.366804,0.765993]",True
21,42,scene_pass_through_maze,20260602,ik,dls,61063,"[-1.5708,-1.5708,1.5708,-1.5708,-1.5708,0]","[-3.407156,-0.93963556,1.5013077,-4.4022914,-1.0585983,-2.6138398]","[0.62,0.02,0.43]","[0.44614,0.282258,0.366804,0.765993]",True
22,42,scene_pass_through_maze,20260602,ik,dls,61064,"[-1.5708,-1.5708,1.5708,-1.5708,-1.5708,0]","[-3.4082228,-0.93228811,1.4882644,-4.4041022,-1.0547017,-2.6094178]","[0.62,0.02,0.43]","[0.44614,0.282258,0.366804,0.765993]",True
23,42,scene_pass_through_maze,20260602,ik,dls,61065,"[-1.5708,-1.5708,1.5708,-1.5708,-1.5708,0]","[-3.4068773,-0.93884016,1.5002728,-4.4024539,-1.0593425,-2.614649]","[0.62,0.02,0.43]","[0.44614,0.282258,0.366804,0.765993]",True
24,42,scene_pass_through_maze,20260602,ik,dls,61066,"[-1.5708,-1.5708,1.5708,-1.5708,-1.5708,0]","[-3.4047543,-0.94933195,1.5193215,-4.3995904,-1.0669154,-2.6219714]","[0.62,0.02,0.43]","[0.44614,0.282258,0.366804,0.765993]",True
25,42,scene_pass_through_maze,20260602,ik,dls,61067,"[-1.5708,-1.5708,1.5708,-1.5708,-1.5708,0]","[-3.4074012,-0.93634057,1.495667,-4.4030678,-1.0576035,-2.6125674]","[0.62,0.02,0.43]","[0.44614,0.282258,0.366804,0.765993]",True
26,42,scene_pass_through_maze,20260602,ik,dls,61068,"[-1.5708,-1.5708,1.5708,-1.5708,-1.5708,0]","[-3.4052502,-0.94754686,1.5159545,-4.3998956,-1.06527,-2.6205626]","[0.62,0.02,0.43]","[0.44614,0.282258,0.366804,0.765993]",True
27,42,scene_pass_through_maze,20260602,ik,dls,61069,"[-1.5708,-1.5708,1.5708,-1.5708,-1.5708,0]","[-3.4059755,-0.94395748,1.5094309,-4.4010133,-1.0625623,-2.6178491]","[0.62,0.02,0.43]","[0.44614,0.282258,0.366804,0.765993]",True
28,42,scene_pass_through_maze,20260602,ik,dls,61070,"[-1.5708,-1.5708,1.5708,-1.5708,-1.5708,0]","[-3.4084643,-0.93217448,1.4879785,-4.404261,-1.0540413,-2.609003]","[0.62,0.02,0.43]","[0.44614,0.282258,0.366804,0.765993]",True
29,42,scene_pass_through_maze,20260602,ik,dls,61071,"[-1.5708,-1.5708,1.5708,-1.5708,-1.5708,0]","[-3.4055033,-0.94650499,1.5137982,-4.3998432,-1.0642922,-2.619581]","[0.62,0.02,0.43]","[0.44614,0.282258,0.366804,0.765993]",True
30,42,scene_pass_through_maze,20260602,ik,dls,61072,"[-1.5708,-1.5708,1.5708,-1.5708,-1.5708,0]","[-3.4060712,-0.94338804,1.5084402,-4.401502,-1.0623276,-2.6170659]","[0.62,0.02,0.43]","[0.44614,0.282258,0.366804,0.765993]",True
31,42,scene_pass_through_maze,20260602,ik,dls,61073,"[-1.5708,-1.5708,1.5708,-1.5708,-1.5708,0]","[-3.4047812,-0.94953661,1.5194221,-4.3990184,-1.0668313,-2.6223003]","[0.62,0.02,0.43]","[0.44614,0.282258,0.366804,0.765993]",True
32,42,scene_pass_through_maze,20260602,ik,dls,61074,"[-1.5708,-1.5708,1.5708,-1.5708,-1.5708,0]","[-3.4076738,-0.93422038,1.4918842,-4.4034571,-1.0564342,-2.6113315]","[0.62,0.02,0.43]","[0.44614,0.282258,0.366804,0.765993]",True
33,42,scene_pass_through_maze,20260602,ik,dls,61075,"[-1.5708,-1.5708,1.5708,-1.5708,-1.5708,0]","[-3.4052993,-0.9457304,1.5128018,-4.4004796,-1.0648641,-2.6194515]","[0.62,0.02,0.43]","[0.44614,0.282258,0.366804,0.765993]",True
34,42,scene_pass_through_maze,20260602,ik,dls,61076,"[-1.5708,-1.5708,1.5708,-1.5708,-1.5708,0]","[-3.4055583,-0.9450548,1.5112542,-4.4001748,-1.063582,-2.6191068]","[0.62,0.02,0.43]","[0.44614,0.282258,0.366804,0.765993]",True
35,42,scene_pass_through_maze,20260602,ik,dls,61077,"[-1.5708,-1.5708,1.5708,-1.5708,-1.5708,0]","[-3.4080136,-0.93261302,1.4890247,-4.4040545,-1.0554095,-2.6099367]","[0.62,0.02,0.43]","[0.44614,0.282258,0.366804,0.765993]",True
36,42,scene_pass_through_maze,20260602,ik,dls,61078,"[-1.5708,-1.5708,1.5708,-1.5708,-1.5708,0]","[-3.4053694,-0.94638852,1.513895,-4.4000876,-1.0643841,-2.6201601]","[0.62,0.02,0.43]","[0.44614,0.282258,0.366804,0.765993]",True
37,42,scene_pass_through_maze,20260602,ik,dls,61079,"[-1.5708,-1.5708,1.5708,-1.5708,-1.5708,0]","[-3.4064317,-0.94355471,1.5084543,-4.4010695,-1.0610337,-2.6171759]","[0.62,0.02,0.43]","[0.44614,0.282258,0.366804,0.765993]",True
38,42,scene_pass_through_maze,20260602,ik,dls,61080,"[-1.5708,-1.5708,1.5708,-1.5708,-1.5708,0]","[-3.4056072,-0.9471208,1.5150712,-4.40034,-1.0641705,-2.6198246]","[0.62,0.02,0.43]","[0.44614,0.282258,0.366804,0.765993]",True
39,42,scene_pass_through_maze,20260602,ik,dls,61081,"[-1.5708,-1.5708,1.5708,-1.5708,-1.5708,0]","[-3.4071807,-0.93657306,1.496071,-4.4026964,-1.0581245,-2.6131198]","[0.62,0.02,0.43]","[0.44614,0.282258,0.366804,0.765993]",True
40,42,scene_pass_through_maze,20260602,ik,dls,61082,"[-1.5708,-1.5708,1.5708,-1.5708,-1.5708,0]","[-3.4059655,-0.94545534,1.5117926,-4.4004848,-1.0628708,-2.6182871]","[0.62,0.02,0.43]","[0.44614,0.282258,0.366804,0.765993]",True
41,42,scene_pass_through_maze,20260602,ik,dls,61083,"[-1.5708,-1.5708,1.5708,-1.5708,-1.5708,0]","[-3.4083378,-0.93213463,1.4880463,-4.4042896,-1.0543246,-2.6092313]","[0.62,0.02,0.43]","[0.44614,0.282258,0.366804,0.765993]",True
42,42,scene_pass_through_maze,20260602,ik,dls,61084,"[-1.5708,-1.5708,1.5708,-1.5708,-1.5708,0]","[-3.4082297,-0.93219103,1.4881066,-4.4040897,-1.0547312,-2.6093915]","[0.62,0.02,0.43]","[0.44614,0.282258,0.366804,0.765993]",True
43,42,scene_pass_through_maze,20260602,ik,dls,61085,"[-1.5708,-1.5708,1.5708,-1.5708,-1.5708,0]","[-3.4081362,-0.93252567,1.4886762,-4.4039135,-1.0549692,-2.609664]","[0.62,0.02,0.43]","[0.44614,0.282258,0.366804,0.765993]",True
44,42,scene_pass_through_maze,20260602,ik,dls,61086,"[-1.5708,-1.5708,1.5708,-1.5708,-1.5708,0]","[-3.4077419,-0.93425821,1.4919596,-4.4036216,-1.0562931,-2.6111695]","[0.62,0.02,0.43]","[0.44614,0.282258,0.366804,0.765993]",True
45,42,scene_pass_through_maze,20260602,ik,dls,61087,"[-1.5708,-1.5708,1.5708,-1.5708,-1.5708,0]","[-3.4056864,-0.94785358,1.5163903,-4.4002153,-1.0639798,-2.6201033]","[0.62,0.02,0.43]","[0.44614,0.282258,0.366804,0.765993]",True
46,42,scene_pass_through_maze,20260602,ik,dls,61088,"[-1.5708,-1.5708,1.5708,-1.5708,-1.5708,0]","[-3.4056374,-0.94603989,1.5129511,-4.4000926,-1.0638593,-2.6191982]","[0.62,0.02,0.43]","[0.44614,0.282258,0.366804,0.765993]",True
47,42,scene_pass_through_maze,20260602,ik,dls,61089,"[-1.5708,-1.5708,1.5708,-1.5708,-1.5708,0]","[-3.4056467,-0.94358368,1.5086711,-4.4006055,-1.06324,-2.6181073]","[0.62,0.02,0.43]","[0.44614,0.282258,0.366804,0.765993]",True
48,42,scene_pass_through_maze,20260602,ik,dls,61090,"[-1.5708,-1.5708,1.5708,-1.5708,-1.5708,0]","[-3.4078401,-0.93389875,1.4912231,-4.4035506,-1.0559271,-2.6108625]","[0.62,0.02,0.43]","[0.44614,0.282258,0.366804,0.765993]",True
49,42,scene_pass_through_maze,20260602,ik,dls,61091,"[-1.5708,-1.5708,1.5708,-1.5708,-1.5708,0]","[-3.4064666,-0.93907286,1.5008389,-4.4021729,-1.0605002,-2.615354]","[0.62,0.02,0.43]","[0.44614,0.282258,0.366804,0.765993]",True
0,42,scene_pass_through_maze,20260602,ik,lm,62042,"[-1.5708,-1.5708,1.5708,-1.5708,-1.5708,0]","[-3.4067921,-0.93700589,1.4959661,-4.4014695,-1.0584584,-2.6146386]","[0.62,0.02,0.43]","[0.44614,0.282258,0.366804,0.765993]",True
1,42,scene_pass_through_maze,20260602,ik,lm,62043,"[-1.5708,-1.5708,1.5708,-1.5708,-1.5708,0]","[-3.4070863,-0.93507553,1.4925427,-4.4020885,-1.0573859,-2.6133157]","[0.62,0.02,0.43]","[0.44614,0.282258,0.366804,0.765993]",True
2,42,scene_pass_through_maze,20260602,ik,lm,62044,"[-1.5708,-1.5708,1.5708,-1.5708,-1.5708,0]","[-3.407163,-0.93440444,1.4912479,-4.401956,-1.0569927,-2.612672]","[0.62,0.02,0.43]","[0.44614,0.282258,0.366804,0.765993]",True
3,42,scene_pass_through_maze,20260602,ik,lm,62045,"[-1.5708,-1.5708,1.5708,-1.5708,-1.5708,0]","[-3.4063221,-0.9379329,1.4976204,-4.4008985,-1.0597907,-2.6157259]","[0.62,0.02,0.43]","[0.44614,0.282258,0.366804,0.765993]",True
4,42,scene_pass_through_maze,20260602,ik,lm,62046,"[-1.5708,-1.5708,1.5708,-1.5708,-1.5708,0]","[-3.4068496,-0.93560643,1.4934934,-4.4017065,-1.0580618,-2.6137573]","[0.62,0.02,0.43]","[0.44614,0.282258,0.366804,0.765993]",True
5,42,scene_pass_through_maze,20260602,ik,lm,62047,"[-1.5708,-1.5708,1.5708,-1.5708,-1.5708,0]","[-3.4043166,-0.94643456,1.5124136,-4.3975295,-1.0659455,-2.6225575]","[0.62,0.02,0.43]","[0.44614,0.282258,0.366804,0.765993]",True
6,42,scene_pass_through_maze,20260602,ik,lm,62048,"[-1.5708,-1.5708,1.5708,-1.5708,-1.5708,0]","[-3.4070247,-0.93469517,1.4917626,-4.4017873,-1.0573696,-2.6130646]","[0.62,0.02,0.43]","[0.44614,0.282258,0.366804,0.765993]",True
7,42,scene_pass_through_maze,20260602,ik,lm,62049,"[-1.5708,-1.5708,1.5708,-1.5708,-1.5708,0]","[-3.4062201,-0.93787885,1.497495,-4.4004964,-1.0597442,-2.6163213]","[0.62,0.02,0.43]","[0.44614,0.282258,0.366804,0.765993]",True
8,42,scene_pass_through_maze,20260602,ik,lm,62050,"[-1.5708,-1.5708,1.5708,-1.5708,-1.5708,0]","[-3.4072323,-0.93367328,1.4899744,-4.4022486,-1.0567631,-2.612097]","[0.62,0.02,0.43]","[0.44614,0.282258,0.366804,0.765993]",True
9,42,scene_pass_through_maze,20260602,ik,lm,62051,"[-1.5708,-1.5708,1.5708,-1.5708,-1.5708,0]","[-3.406954,-0.93389324,1.4904119,-4.401872,-1.0573602,-2.6127833]","[0.62,0.02,0.43]","[0.44614,0.282258,0.366804,0.765993]",True
10,42,scene_pass_through_maze,20260602,ik,lm,62052,"[-1.5708,-1.5708,1.5708,-1.5708,-1.5708,0]","[-3.4067354,-0.93551076,1.493424,-4.4016426,-1.0582544,-2.6140826]","[0.62,0.02,0.43]","[0.44614,0.282258,0.366804,0.765993]",True
11,42,scene_pass_through_maze,20260602,ik,lm,62053,"[-1.5708,-1.5708,1.5708,-1.5708,-1.5708,0]","[-3.4023414,-0.94970775,1.5186213,-4.3958649,-1.071581,-2.6266779]","[0.62,0.02,0.43]","[0.44614,0.282258,0.366804,0.765993]",True
12,42,scene_pass_through_maze,20260602,ik,lm,62054,"[-1.5708,-1.5708,1.5708,-1.5708,-1.5708,0]","[-3.4044521,-0.94556971,1.5110831,-4.3983515,-1.0656451,-2.6221555]","[0.62,0.02,0.43]","[0.44614,0.282258,0.366804,0.765993]",True
13,42,scene_pass_through_maze,20260602,ik,lm,62055,"[-1.5708,-1.5708,1.5708,-1.5708,-1.5708,0]","[-3.406986,-0.93571114,1.4935606,-4.4016184,-1.0576227,-2.6136521]","[0.62,0.02,0.43]","[0.44614,0.282258,0.366804,0.765993]",True
14,42,scene_pass_through_maze,20260602,ik,lm,62056,"[-1.5708,-1.5708,1.5708,-1.5708,-1.5708,0]","[-3.4064772,-0.93659541,1.4952719,-4.4011523,-1.0590484,-2.6149668]","[0.62,0.02,0.43]","[0.44614,0.282258,0.366804,0.765993]",True
15,42,scene_pass_through_maze,20260602,ik,lm,62057,"[-1.5708,-1.5708,1.5708,-1.5708,-1.5708,0]","[-3.4037176,-0.94968523,1.5181754,-4.3966427,-1.0679986,-2.6248661]","[0.62,0.02,0.43]","[0.44614,0.282258,0.366804,0.765993]",True
16,42,scene_pass_through_maze,20260602,ik,lm,62058,"[-1.5708,-1.5708,1.5708,-1.5708,-1.5708,0]","[-3.4075274,-0.9341496,1.4906269,-4.4022748,-1.0561067,-2.6117619]","[0.62,0.02,0.43]","[0.44614,0.282258,0.366804,0.765993]",True
17,42,scene_pass_through_maze,20260602,ik,lm,62059,"[-1.5708,-1.5708,1.5708,-1.5708,-1.5708,0]","[-3.4071846,-0.93455199,1.491545,-4.4021772,-1.0570705,-2.6125939]","[0.62,0.02,0.43]","[0.44614,0.282258,0.366804,0.765993]",True
18,42,scene_pass_through_maze,20260602,ik,lm,62060,"[-1.5708,-1.5708,1.5708,-1.5708,-1.5708,0]","[-3.40731,-0.93394208,1.490301,-4.4021357,-1.0567028,-2.6119194]","[0.62,0.02,0.43]","[0.44614,0.282258,0.366804,0.765993]",True
19,42,scene_pass_through_maze,20260602,ik,lm,62061,"[-1.5708,-1.5708,1.5708,-1.5708,-1.5708,0]","[-3.4070873,-0.93543044,1.4930242,-4.4018599,-1.0574461,-2.613155]","[0.62,0.02,0.43]","[0.44614,0.282258,0.366804,0.765993]",True
20,42,scene_pass_through_maze,20260602,ik,lm,62062,"[-1.5708,-1.5708,1.5708,-1.5708,-1.5708,0]","[-3.4062184,-0.938458,1.4986038,-4.400777,-1.0600039,-2.6163318]","[0.62,0.02,0.43]","[0.44614,0.282258,0.366804,0.765993]",True
21,42,scene_pass_through_maze,20260602,ik,lm,62063,"[-1.5708,-1.5708,1.5708,-1.5708,-1.5708,0]","[-3.4071549,-0.93564012,1.4934082,-4.4017463,-1.0572049,-2.6134441]","[0.62,0.02,0.43]","[0.44614,0.282258,0.366804,0.765993]",True
22,42,scene_pass_through_maze,20260602,ik,lm,62064,"[-1.5708,-1.5708,1.5708,-1.5708,-1.5708,0]","[-3.4066176,-0.93697272,1.4959204,-4.4013457,-1.0588865,-2.6147936]","[0.62,0.02,0.43]","[0.44614,0.282258,0.366804,0.765993]",True
23,42,scene_pass_through_maze,20260602,ik,lm,62065,"[-1.5708,-1.5708,1.5708,-1.5708,-1.5708,0]","[-3.4066927,-0.9372081,1.4962995,-4.4012224,-1.0585636,-2.6150447]","[0.62,0.02,0.43]","[0.44614,0.282258,0.366804,0.765993]",True
24,42,scene_pass_through_maze,20260602,ik,lm,62066,"[-1.5708,-1.5708,1.5708,-1.5708,-1.5708,0]","[-3.4027542,-0.94926494,1.5179394,-4.3964682,-1.0706757,-2.6264558]","[0.62,0.02,0.43]","[0.44614,0.282258,0.366804,0.765993]",True
25,42,scene_pass_through_maze,20260602,ik,lm,62067,"[-1.5708,-1.5708,1.5708,-1.5708,-1.5708,0]","[-3.4049627,-0.94184793,1.5046646,-4.3991825,-1.0636718,-2.6198412]","[0.62,0.02,0.43]","[0.44614,0.282258,0.366804,0.765993]",True
26,42,scene_pass_through_maze,20260602,ik,lm,62068,"[-1.5708,-1.5708,1.5708,-1.5708,-1.5708,0]","[-3.4049777,-0.9446485,1.509159,-4.3984876,-1.0642168,-2.6203893]","[0.62,0.02,0.43]","[0.44614,0.282258,0.366804,0.765993]",True
27,42,scene_pass_through_maze,20260602,ik,lm,62069,"[-1.5708,-1.5708,1.5708,-1.5708,-1.5708,0]","[-3.40714,-0.93339422,1.4895898,-4.4022782,-1.056891,-2.6123975]","[0.62,0.02,0.43]","[0.44614,0.282258,0.366804,0.765993]",True
28,42,scene_pass_through_maze,20260602,ik,lm,62070,"[-1.5708,-1.5708,1.5708,-1.5708,-1.5708,0]","[-3.4073809,-0.93368191,1.4899221,-4.4023014,-1.0563593,-2.6118375]","[0.62,0.02,0.43]","[0.44614,0.282258,0.366804,0.765993]",True
29,42,scene_pass_through_maze,20260602,ik,lm,62071,"[-1.5708,-1.5708,1.5708,-1.5708,-1.5708,0]","[-3.4057434,-0.93880392,1.4991867,-4.4000349,-1.0611688,-2.6172668]","[0.62,0.02,0.43]","[0.44614,0.282258,0.366804,0.765993]",True
30,42,scene_pass_through_maze,20260602,ik,lm,62072,"[-1.5708,-1.5708,1.5708,-1.5708,-1.5708,0]","[-3.40723,-0.93512147,1.4925204,-4.401989,-1.0568621,-2.6130439]","[0.62,0.02,0.43]","[0.44614,0.282258,0.366804,0.765993]",True
31,42,scene_pass_through_maze,20260602,ik,lm,62073,"[-1.5708,-1.5708,1.5708,-1.5708,-1.5708,0]","[-3.4066685,-0.93612024,1.4944421,-4.4014086,-1.0584822,-2.6144237]","[0.62,0.02,0.43]","[0.44614,0.282258,0.366804,0.765993]",True
32,42,scene_pass_through_maze,20260602,ik,lm,62074,"[-1.5708,-1.5708,1.5708,-1.5708,-1.5708,0]","[-3.4069854,-0.93438588,1.4913086,-4.4019427,-1.0574567,-2.612893]","[0.62,0.02,0.43]","[0.44614,0.282258,0.366804,0.765993]",True
33,42,scene_pass_through_maze,20260602,ik,lm,62075,"[-1.5708,-1.5708,1.5708,-1.5708,-1.5708,0]","[-3.4073049,-0.93438101,1.4912122,-4.402214,-1.0566294,-2.6124413]","[0.62,0.02,0.43]","[0.44614,0.282258,0.366804,0.765993]",True
34,42,scene_pass_through_maze,20260602,ik,lm,62076,"[-1.5708,-1.5708,1.5708,-1.5708,-1.5708,0]","[-3.4050964,-0.94136258,1.5036857,-4.399309,-1.0634302,-2.6191715]","[0.62,0.02,0.43]","[0.44614,0.282258,0.366804,0.765993]",True
35,42,scene_pass_through_maze,20260602,ik,lm,62077,"[-1.5708,-1.5708,1.5708,-1.5708,-1.5708,0]","[-3.4071871,-0.93372136,1.4899865,-4.4020606,-1.0568669,-2.6121566]","[0.62,0.02,0.43]","[0.44614,0.282258,0.366804,0.765993]",True
36,42,scene_pass_through_maze,20260602,ik,lm,62078,"[-1.5708,-1.5708,1.5708,-1.5708,-1.5708,0]","[-3.4065304,-0.93711063,1.4962059,-4.4011464,-1.0590957,-2.615132]","[0.62,0.02,0.43]","[0.44614,0.282258,0.366804,0.765993]",True
37,42,scene_pass_through_maze,20260602,ik,lm,62079,"[-1.5708,-1.5708,1.5708,-1.5708,-1.5708,0]","[-3.4034734,-0.94911993,1.5173269,-4.3965224,-1.068494,-2.6251273]","[0.62,0.02,0.43]","[0.44614,0.282258,0.366804,0.765993]",True
38,42,scene_pass_through_maze,20260602,ik,lm,62080,"[-1.5708,-1.5708,1.5708,-1.5708,-1.5708,0]","[-3.4071491,-0.93526991,1.4928228,-4.4020311,-1.0572372,-2.6130778]","[0.62,0.02,0.43]","[0.44614,0.282258,0.366804,0.765993]",True
39,42,scene_pass_through_maze,20260602,ik,lm,62081,"[-1.5708,-1.5708,1.5708,-1.5708,-1.5708,0]","[-3.4045374,-0.9448608,1.5096986,-4.398218,-1.0653096,-2.6211834]","[0.62,0.02,0.43]","[0.44614,0.282258,0.366804,0.765993]",True
40,42,scene_pass_through_maze,20260602,ik,lm,62082,"[-1.5708,-1.5708,1.5708,-1.5708,-1.5708,0]","[-3.4037147,-0.94547669,1.5110708,-4.3975654,-1.0674463,-2.6232242]","[0.62,0.02,0.43]","[0.44614,0.282258,0.366804,0.765993]",True
41,42,scene_pass_through_maze,20260602,ik,lm,62083,"[-1.5708,-1.5708,1.5708,-1.5708,-1.5708,0]","[-3.4045674,-0.94241745,1.5058095,-4.3990116,-1.0648646,-2.6205401]","[0.62,0.02,0.43]","[0.44614,0.282258,0.366804,0.765993]",True
42,42,scene_pass_through_maze,20260602,ik,lm,62084,"[-1.5708,-1.5708,1.5708,-1.5708,-1.5708,0]","[-3.4069988,-0.93421341,1.4910163,-4.4019406,-1.0573259,-2.6129006]","[0.62,0.02,0.43]","[0.44614,0.282258,0.366804,0.765993]",True
43,42,scene_pass_through_maze,20260602,ik,lm,62085,"[-1.5708,-1.5708,1.5708,-1.5708,-1.5708,0]","[-3.404148,-0.94465502,1.5095817,-4.3981385,-1.066294,-2.6220831]","[0.62,0.02,0.43]","[0.44614,0.282258,0.366804,0.765993]",True
44,42,scene_pass_through_maze,20260602,ik,lm,62086,"[-1.5708,-1.5708,1.5708,-1.5708,-1.5708,0]","[-3.4064092,-0.93784621,1.4975181,-4.4009312,-1.0593673,-2.6158758]","[0.62,0.02,0.43]","[0.44614,0.282258,0.366804,0.765993]",True
45,42,scene_pass_through_maze,20260602,ik,lm,62087,"[-1.5708,-1.5708,1.5708,-1.5708,-1.5708,0]","[-3.4063753,-0.93789205,1.4974939,-4.4007761,-1.0595113,-2.6157789]","[0.62,0.02,0.43]","[0.44614,0.282258,0.366804,0.765993]",True
46,42,scene_pass_through_maze,20260602,ik,lm,62088,"[-1.5708,-1.5708,1.5708,-1.5708,-1.5708,0]","[-3.4060807,-0.93819514,1.4980823,-4.4005336,-1.0603539,-2.616346]","[0.62,0.02,0.43]","[0.44614,0.282258,0.366804,0.765993]",True
47,42,scene_pass_through_maze,20260602,ik,lm,62089,"[-1.5708,-1.5708,1.5708,-1.5708,-1.5708,0]","[-3.4037102,-0.94699509,1.5134896,-4.3968765,-1.0674112,-2.6238165]","[0.62,0.02,0.43]","[0.44614,0.282258,0.366804,0.765993]",True
48,42,scene_pass_through_maze,20260602,ik,lm,62090,"[-1.5708,-1.5708,1.5708,-1.5708,-1.5708,0]","[-3.4038193,-0.94962969,1.5178714,-4.3965107,-1.0677813,-2.6245803]","[0.62,0.02,0.43]","[0.44614,0.282258,0.366804,0.765993]",True
49,42,scene_pass_through_maze,20260602,ik,lm,62091,"[-1.5708,-1.5708,1.5708,-1.5708,-1.5708,0]","[-3.4054234,-0.94060172,1.5024629,-4.3997691,-1.0621793,-2.6186062]","[0.62,0.02,0.43]","[0.44614,0.282258,0.366804,0.765993]",True
0,42,scene_pass_through_maze,20260602,ik,scipy_baseline,63042,"[-1.5708,-1.5708,1.5708,-1.5708,-1.5708,0]","[-3.4106444,-1.3536613,1.6919226,-1.059583,-5.2369956,0.54336803]","[0.62,0.02,0.43]","[0.44614,0.282258,0.366804,0.765993]",True
1,42,scene_pass_through_maze,20260602,ik,scipy_baseline,63043,"[-1.5708,-1.5708,1.5708,-1.5708,-1.5708,0]","[-3.4106444,-1.3536613,1.6919226,-1.059583,-5.2369956,0.54336803]","[0.62,0.02,0.43]","[0.44614,0.282258,0.366804,0.765993]",True
2,42,scene_pass_through_maze,20260602,ik,scipy_baseline,63044,"[-1.5708,-1.5708,1.5708,-1.5708,-1.5708,0]","[-3.4106444,-1.3536613,1.6919226,-1.059583,-5.2369956,0.54336803]","[0.62,0.02,0.43]","[0.44614,0.282258,0.366804,0.765993]",True
3,42,scene_pass_through_maze,20260602,ik,scipy_baseline,63045,"[-1.5708,-1.5708,1.5708,-1.5708,-1.5708,0]","[-3.4106444,-1.3536613,1.6919226,-1.059583,-5.2369956,0.54336803]","[0.62,0.02,0.43]","[0.44614,0.282258,0.366804,0.765993]",True
4,42,scene_pass_through_maze,20260602,ik,scipy_baseline,63046,"[-1.5708,-1.5708,1.5708,-1.5708,-1.5708,0]","[-3.4106444,-1.3536613,1.6919226,-1.059583,-5.2369956,0.54336803]","[0.62,0.02,0.43]","[0.44614,0.282258,0.366804,0.765993]",True
5,42,scene_pass_through_maze,20260602,ik,scipy_baseline,63047,"[-1.5708,-1.5708,1.5708,-1.5708,-1.5708,0]","[-3.4106444,-1.3536613,1.6919226,-1.059583,-5.2369956,0.54336803]","[0.62,0.02,0.43]","[0.44614,0.282258,0.366804,0.765993]",True
6,42,scene_pass_through_maze,20260602,ik,scipy_baseline,63048,"[-1.5708,-1.5708,1.5708,-1.5708,-1.5708,0]","[-3.4106444,-1.3536613,1.6919226,-1.059583,-5.2369956,0.54336803]","[0.62,0.02,0.43]","[0.44614,0.282258,0.366804,0.765993]",True
7,42,scene_pass_through_maze,20260602,ik,scipy_baseline,63049,"[-1.5708,-1.5708,1.5708,-1.5708,-1.5708,0]","[-3.4106444,-1.3536613,1.6919226,-1.059583,-5.2369956,0.54336803]","[0.62,0.02,0.43]","[0.44614,0.282258,0.366804,0.765993]",True
8,42,scene_pass_through_maze,20260602,ik,scipy_baseline,63050,"[-1.5708,-1.5708,1.5708,-1.5708,-1.5708,0]","[-3.4106444,-1.3536613,1.6919226,-1.059583,-5.2369956,0.54336803]","[0.62,0.02,0.43]","[0.44614,0.282258,0.366804,0.765993]",True
9,42,scene_pass_through_maze,20260602,ik,scipy_baseline,63051,"[-1.5708,-1.5708,1.5708,-1.5708,-1.5708,0]","[-3.4106444,-1.3536613,1.6919226,-1.059583,-5.2369956,0.54336803]","[0.62,0.02,0.43]","[0.44614,0.282258,0.366804,0.765993]",True
10,42,scene_pass_through_maze,20260602,ik,scipy_baseline,63052,"[-1.5708,-1.5708,1.5708,-1.5708,-1.5708,0]","[-3.4106444,-1.3536613,1.6919226,-1.059583,-5.2369956,0.54336803]","[0.62,0.02,0.43]","[0.44614,0.282258,0.366804,0.765993]",True
11,42,scene_pass_through_maze,20260602,ik,scipy_baseline,63053,"[-1.5708,-1.5708,1.5708,-1.5708,-1.5708,0]","[-3.4106444,-1.3536613,1.6919226,-1.059583,-5.2369956,0.54336803]","[0.62,0.02,0.43]","[0.44614,0.282258,0.366804,0.765993]",True
12,42,scene_pass_through_maze,20260602,ik,scipy_baseline,63054,"[-1.5708,-1.5708,1.5708,-1.5708,-1.5708,0]","[-3.4106444,-1.3536613,1.6919226,-1.059583,-5.2369956,0.54336803]","[0.62,0.02,0.43]","[0.44614,0.282258,0.366804,0.765993]",True
13,42,scene_pass_through_maze,20260602,ik,scipy_baseline,63055,"[-1.5708,-1.5708,1.5708,-1.5708,-1.5708,0]","[-3.4106444,-1.3536613,1.6919226,-1.059583,-5.2369956,0.54336803]","[0.62,0.02,0.43]","[0.44614,0.282258,0.366804,0.765993]",True
14,42,scene_pass_through_maze,20260602,ik,scipy_baseline,63056,"[-1.5708,-1.5708,1.5708,-1.5708,-1.5708,0]","[-3.4106444,-1.3536613,1.6919226,-1.059583,-5.2369956,0.54336803]","[0.62,0.02,0.43]","[0.44614,0.282258,0.366804,0.765993]",True
15,42,scene_pass_through_maze,20260602,ik,scipy_baseline,63057,"[-1.5708,-1.5708,1.5708,-1.5708,-1.5708,0]","[-3.4106444,-1.3536613,1.6919226,-1.059583,-5.2369956,0.54336803]","[0.62,0.02,0.43]","[0.44614,0.282258,0.366804,0.765993]",True
16,42,scene_pass_through_maze,20260602,ik,scipy_baseline,63058,"[-1.5708,-1.5708,1.5708,-1.5708,-1.5708,0]","[-3.4106444,-1.3536613,1.6919226,-1.059583,-5.2369956,0.54336803]","[0.62,0.02,0.43]","[0.44614,0.282258,0.366804,0.765993]",True
17,42,scene_pass_through_maze,20260602,ik,scipy_baseline,63059,"[-1.5708,-1.5708,1.5708,-1.5708,-1.5708,0]","[-3.4106444,-1.3536613,1.6919226,-1.059583,-5.2369956,0.54336803]","[0.62,0.02,0.43]","[0.44614,0.282258,0.366804,0.765993]",True
18,42,scene_pass_through_maze,20260602,ik,scipy_baseline,63060,"[-1.5708,-1.5708,1.5708,-1.5708,-1.5708,0]","[-3.4106444,-1.3536613,1.6919226,-1.059583,-5.2369956,0.54336803]","[0.62,0.02,0.43]","[0.44614,0.282258,0.366804,0.765993]",True
19,42,scene_pass_through_maze,20260602,ik,scipy_baseline,63061,"[-1.5708,-1.5708,1.5708,-1.5708,-1.5708,0]","[-3.4106444,-1.3536613,1.6919226,-1.059583,-5.2369956,0.54336803]","[0.62,0.02,0.43]","[0.44614,0.282258,0.366804,0.765993]",True
20,42,scene_pass_through_maze,20260602,ik,scipy_baseline,63062,"[-1.5708,-1.5708,1.5708,-1.5708,-1.5708,0]","[-3.4106444,-1.3536613,1.6919226,-1.059583,-5.2369956,0.54336803]","[0.62,0.02,0.43]","[0.44614,0.282258,0.366804,0.765993]",True
21,42,scene_pass_through_maze,20260602,ik,scipy_baseline,63063,"[-1.5708,-1.5708,1.5708,-1.5708,-1.5708,0]","[-3.4106444,-1.3536613,1.6919226,-1.059583,-5.2369956,0.54336803]","[0.62,0.02,0.43]","[0.44614,0.282258,0.366804,0.765993]",True
22,42,scene_pass_through_maze,20260602,ik,scipy_baseline,63064,"[-1.5708,-1.5708,1.5708,-1.5708,-1.5708,0]","[-3.4106444,-1.3536613,1.6919226,-1.059583,-5.2369956,0.54336803]","[0.62,0.02,0.43]","[0.44614,0.282258,0.366804,0.765993]",True
23,42,scene_pass_through_maze,20260602,ik,scipy_baseline,63065,"[-1.5708,-1.5708,1.5708,-1.5708,-1.5708,0]","[-3.4106444,-1.3536613,1.6919226,-1.059583,-5.2369956,0.54336803]","[0.62,0.02,0.43]","[0.44614,0.282258,0.366804,0.765993]",True
24,42,scene_pass_through_maze,20260602,ik,scipy_baseline,63066,"[-1.5708,-1.5708,1.5708,-1.5708,-1.5708,0]","[-3.4106444,-1.3536613,1.6919226,-1.059583,-5.2369956,0.54336803]","[0.62,0.02,0.43]","[0.44614,0.282258,0.366804,0.765993]",True
25,42,scene_pass_through_maze,20260602,ik,scipy_baseline,63067,"[-1.5708,-1.5708,1.5708,-1.5708,-1.5708,0]","[-3.4106444,-1.3536613,1.6919226,-1.059583,-5.2369956,0.54336803]","[0.62,0.02,0.43]","[0.44614,0.282258,0.366804,0.765993]",True
26,42,scene_pass_through_maze,20260602,ik,scipy_baseline,63068,"[-1.5708,-1.5708,1.5708,-1.5708,-1.5708,0]","[-3.4106444,-1.3536613,1.6919226,-1.059583,-5.2369956,0.54336803]","[0.62,0.02,0.43]","[0.44614,0.282258,0.366804,0.765993]",True
27,42,scene_pass_through_maze,20260602,ik,scipy_baseline,63069,"[-1.5708,-1.5708,1.5708,-1.5708,-1.5708,0]","[-3.4106444,-1.3536613,1.6919226,-1.059583,-5.2369956,0.54336803]","[0.62,0.02,0.43]","[0.44614,0.282258,0.366804,0.765993]",True
28,42,scene_pass_through_maze,20260602,ik,scipy_baseline,63070,"[-1.5708,-1.5708,1.5708,-1.5708,-1.5708,0]","[-3.4106444,-1.3536613,1.6919226,-1.059583,-5.2369956,0.54336803]","[0.62,0.02,0.43]","[0.44614,0.282258,0.366804,0.765993]",True
29,42,scene_pass_through_maze,20260602,ik,scipy_baseline,63071,"[-1.5708,-1.5708,1.5708,-1.5708,-1.5708,0]","[-3.4106444,-1.3536613,1.6919226,-1.059583,-5.2369956,0.54336803]","[0.62,0.02,0.43]","[0.44614,0.282258,0.366804,0.765993]",True
30,42,scene_pass_through_maze,20260602,ik,scipy_baseline,63072,"[-1.5708,-1.5708,1.5708,-1.5708,-1.5708,0]","[-3.4106444,-1.3536613,1.6919226,-1.059583,-5.2369956,0.54336803]","[0.62,0.02,0.43]","[0.44614,0.282258,0.366804,0.765993]",True
31,42,scene_pass_through_maze,20260602,ik,scipy_baseline,63073,"[-1.5708,-1.5708,1.5708,-1.5708,-1.5708,0]","[-3.4106444,-1.3536613,1.6919226,-1.059583,-5.2369956,0.54336803]","[0.62,0.02,0.43]","[0.44614,0.282258,0.366804,0.765993]",True
32,42,scene_pass_through_maze,20260602,ik,scipy_baseline,63074,"[-1.5708,-1.5708,1.5708,-1.5708,-1.5708,0]","[-3.4106444,-1.3536613,1.6919226,-1.059583,-5.2369956,0.54336803]","[0.62,0.02,0.43]","[0.44614,0.282258,0.366804,0.765993]",True
33,42,scene_pass_through_maze,20260602,ik,scipy_baseline,63075,"[-1.5708,-1.5708,1.5708,-1.5708,-1.5708,0]","[-3.4106444,-1.3536613,1.6919226,-1.059583,-5.2369956,0.54336803]","[0.62,0.02,0.43]","[0.44614,0.282258,0.366804,0.765993]",True
34,42,scene_pass_through_maze,20260602,ik,scipy_baseline,63076,"[-1.5708,-1.5708,1.5708,-1.5708,-1.5708,0]","[-3.4106444,-1.3536613,1.6919226,-1.059583,-5.2369956,0.54336803]","[0.62,0.02,0.43]","[0.44614,0.282258,0.366804,0.765993]",True
35,42,scene_pass_through_maze,20260602,ik,scipy_baseline,63077,"[-1.5708,-1.5708,1.5708,-1.5708,-1.5708,0]","[-3.4106444,-1.3536613,1.6919226,-1.059583,-5.2369956,0.54336803]","[0.62,0.02,0.43]","[0.44614,0.282258,0.366804,0.765993]",True
36,42,scene_pass_through_maze,20260602,ik,scipy_baseline,63078,"[-1.5708,-1.5708,1.5708,-1.5708,-1.5708,0]","[-3.4106444,-1.3536613,1.6919226,-1.059583,-5.2369956,0.54336803]","[0.62,0.02,0.43]","[0.44614,0.282258,0.366804,0.765993]",True
37,42,scene_pass_through_maze,20260602,ik,scipy_baseline,63079,"[-1.5708,-1.5708,1.5708,-1.5708,-1.5708,0]","[-3.4106444,-1.3536613,1.6919226,-1.059583,-5.2369956,0.54336803]","[0.62,0.02,0.43]","[0.44614,0.282258,0.366804,0.765993]",True
38,42,scene_pass_through_maze,20260602,ik,scipy_baseline,63080,"[-1.5708,-1.5708,1.5708,-1.5708,-1.5708,0]","[-3.4106444,-1.3536613,1.6919226,-1.059583,-5.2369956,0.54336803]","[0.62,0.02,0.43]","[0.44614,0.282258,0.366804,0.765993]",True
39,42,scene_pass_through_maze,20260602,ik,scipy_baseline,63081,"[-1.5708,-1.5708,1.5708,-1.5708,-1.5708,0]","[-3.4106444,-1.3536613,1.6919226,-1.059583,-5.2369956,0.54336803]","[0.62,0.02,0.43]","[0.44614,0.282258,0.366804,0.765993]",True
40,42,scene_pass_through_maze,20260602,ik,scipy_baseline,63082,"[-1.5708,-1.5708,1.5708,-1.5708,-1.5708,0]","[-3.4106444,-1.3536613,1.6919226,-1.059583,-5.2369956,0.54336803]","[0.62,0.02,0.43]","[0.44614,0.282258,0.366804,0.765993]",True
41,42,scene_pass_through_maze,20260602,ik,scipy_baseline,63083,"[-1.5708,-1.5708,1.5708,-1.5708,-1.5708,0]","[-3.4106444,-1.3536613,1.6919226,-1.059583,-5.2369956,0.54336803]","[0.62,0.02,0.43]","[0.44614,0.282258,0.366804,0.765993]",True
42,42,scene_pass_through_maze,20260602,ik,scipy_baseline,63084,"[-1.5708,-1.5708,1.5708,-1.5708,-1.5708,0]","[-3.4106444,-1.3536613,1.6919226,-1.059583,-5.2369956,0.54336803]","[0.62,0.02,0.43]","[0.44614,0.282258,0.366804,0.765993]",True
43,42,scene_pass_through_maze,20260602,ik,scipy_baseline,63085,"[-1.5708,-1.5708,1.5708,-1.5708,-1.5708,0]","[-3.4106444,-1.3536613,1.6919226,-1.059583,-5.2369956,0.54336803]","[0.62,0.02,0.43]","[0.44614,0.282258,0.366804,0.765993]",True
44,42,scene_pass_through_maze,20260602,ik,scipy_baseline,63086,"[-1.5708,-1.5708,1.5708,-1.5708,-1.5708,0]","[-3.4106444,-1.3536613,1.6919226,-1.059583,-5.2369956,0.54336803]","[0.62,0.02,0.43]","[0.44614,0.282258,0.366804,0.765993]",True
45,42,scene_pass_through_maze,20260602,ik,scipy_baseline,63087,"[-1.5708,-1.5708,1.5708,-1.5708,-1.5708,0]","[-3.4106444,-1.3536613,1.6919226,-1.059583,-5.2369956,0.54336803]","[0.62,0.02,0.43]","[0.44614,0.282258,0.366804,0.765993]",True
46,42,scene_pass_through_maze,20260602,ik,scipy_baseline,63088,"[-1.5708,-1.5708,1.5708,-1.5708,-1.5708,0]","[-3.4106444,-1.3536613,1.6919226,-1.059583,-5.2369956,0.54336803]","[0.62,0.02,0.43]","[0.44614,0.282258,0.366804,0.765993]",True
47,42,scene_pass_through_maze,20260602,ik,scipy_baseline,63089,"[-1.5708,-1.5708,1.5708,-1.5708,-1.5708,0]","[-3.4106444,-1.3536613,1.6919226,-1.059583,-5.2369956,0.54336803]","[0.62,0.02,0.43]","[0.44614,0.282258,0.366804,0.765993]",True
48,42,scene_pass_through_maze,20260602,ik,scipy_baseline,63090,"[-1.5708,-1.5708,1.5708,-1.5708,-1.5708,0]","[-3.4106444,-1.3536613,1.6919226,-1.059583,-5.2369956,0.54336803]","[0.62,0.02,0.43]","[0.44614,0.282258,0.366804,0.765993]",True
49,42,scene_pass_through_maze,20260602,ik,scipy_baseline,63091,"[-1.5708,-1.5708,1.5708,-1.5708,-1.5708,0]","[-3.4106444,-1.3536613,1.6919226,-1.059583,-5.2369956,0.54336803]","[0.62,0.02,0.43]","[0.44614,0.282258,0.366804,0.765993]",True
0,42,scene_00_no_obstacle,20260525,planner,rrt,42,"[-1.5708,-1.5708,1.5708,-1.5708,-1.5708,0]","[-3.2411051,-1.0356398,1.1025,0.90258716,0.07058072,-0.47616428]","[0.55,0.18,0.44]",,True
1,42,scene_00_no_obstacle,20260525,planner,rrt,43,"[-1.5708,-1.5708,1.5708,-1.5708,-1.5708,0]","[-3.2411051,-1.0356398,1.1025,0.90258716,0.07058072,-0.47616428]","[0.55,0.18,0.44]",,True
2,42,scene_00_no_obstacle,20260525,planner,rrt,44,"[-1.5708,-1.5708,1.5708,-1.5708,-1.5708,0]","[-3.2411051,-1.0356398,1.1025,0.90258716,0.07058072,-0.47616428]","[0.55,0.18,0.44]",,True
3,42,scene_00_no_obstacle,20260525,planner,rrt,45,"[-1.5708,-1.5708,1.5708,-1.5708,-1.5708,0]","[-3.2411051,-1.0356398,1.1025,0.90258716,0.07058072,-0.47616428]","[0.55,0.18,0.44]",,True
4,42,scene_00_no_obstacle,20260525,planner,rrt,46,"[-1.5708,-1.5708,1.5708,-1.5708,-1.5708,0]","[-3.2411051,-1.0356398,1.1025,0.90258716,0.07058072,-0.47616428]","[0.55,0.18,0.44]",,True
5,42,scene_00_no_obstacle,20260525,planner,rrt,47,"[-1.5708,-1.5708,1.5708,-1.5708,-1.5708,0]","[-3.2411051,-1.0356398,1.1025,0.90258716,0.07058072,-0.47616428]","[0.55,0.18,0.44]",,True
6,42,scene_00_no_obstacle,20260525,planner,rrt,48,"[-1.5708,-1.5708,1.5708,-1.5708,-1.5708,0]","[-3.2411051,-1.0356398,1.1025,0.90258716,0.07058072,-0.47616428]","[0.55,0.18,0.44]",,True
7,42,scene_00_no_obstacle,20260525,planner,rrt,49,"[-1.5708,-1.5708,1.5708,-1.5708,-1.5708,0]","[-3.2411051,-1.0356398,1.1025,0.90258716,0.07058072,-0.47616428]","[0.55,0.18,0.44]",,True
8,42,scene_00_no_obstacle,20260525,planner,rrt,50,"[-1.5708,-1.5708,1.5708,-1.5708,-1.5708,0]","[-3.2411051,-1.0356398,1.1025,0.90258716,0.07058072,-0.47616428]","[0.55,0.18,0.44]",,True
9,42,scene_00_no_obstacle,20260525,planner,rrt,51,"[-1.5708,-1.5708,1.5708,-1.5708,-1.5708,0]","[-3.2411051,-1.0356398,1.1025,0.90258716,0.07058072,-0.47616428]","[0.55,0.18,0.44]",,True
10,42,scene_00_no_obstacle,20260525,planner,rrt,52,"[-1.5708,-1.5708,1.5708,-1.5708,-1.5708,0]","[-3.2411051,-1.0356398,1.1025,0.90258716,0.07058072,-0.47616428]","[0.55,0.18,0.44]",,True
11,42,scene_00_no_obstacle,20260525,planner,rrt,53,"[-1.5708,-1.5708,1.5708,-1.5708,-1.5708,0]","[-3.2411051,-1.0356398,1.1025,0.90258716,0.07058072,-0.47616428]","[0.55,0.18,0.44]",,True
12,42,scene_00_no_obstacle,20260525,planner,rrt,54,"[-1.5708,-1.5708,1.5708,-1.5708,-1.5708,0]","[-3.2411051,-1.0356398,1.1025,0.90258716,0.07058072,-0.47616428]","[0.55,0.18,0.44]",,True
13,42,scene_00_no_obstacle,20260525,planner,rrt,55,"[-1.5708,-1.5708,1.5708,-1.5708,-1.5708,0]","[-3.2411051,-1.0356398,1.1025,0.90258716,0.07058072,-0.47616428]","[0.55,0.18,0.44]",,True
14,42,scene_00_no_obstacle,20260525,planner,rrt,56,"[-1.5708,-1.5708,1.5708,-1.5708,-1.5708,0]","[-3.2411051,-1.0356398,1.1025,0.90258716,0.07058072,-0.47616428]","[0.55,0.18,0.44]",,True
15,42,scene_00_no_obstacle,20260525,planner,rrt,57,"[-1.5708,-1.5708,1.5708,-1.5708,-1.5708,0]","[-3.2411051,-1.0356398,1.1025,0.90258716,0.07058072,-0.47616428]","[0.55,0.18,0.44]",,True
16,42,scene_00_no_obstacle,20260525,planner,rrt,58,"[-1.5708,-1.5708,1.5708,-1.5708,-1.5708,0]","[-3.2411051,-1.0356398,1.1025,0.90258716,0.07058072,-0.47616428]","[0.55,0.18,0.44]",,True
17,42,scene_00_no_obstacle,20260525,planner,rrt,59,"[-1.5708,-1.5708,1.5708,-1.5708,-1.5708,0]","[-3.2411051,-1.0356398,1.1025,0.90258716,0.07058072,-0.47616428]","[0.55,0.18,0.44]",,True
18,42,scene_00_no_obstacle,20260525,planner,rrt,60,"[-1.5708,-1.5708,1.5708,-1.5708,-1.5708,0]","[-3.2411051,-1.0356398,1.1025,0.90258716,0.07058072,-0.47616428]","[0.55,0.18,0.44]",,True
19,42,scene_00_no_obstacle,20260525,planner,rrt,61,"[-1.5708,-1.5708,1.5708,-1.5708,-1.5708,0]","[-3.2411051,-1.0356398,1.1025,0.90258716,0.07058072,-0.47616428]","[0.55,0.18,0.44]",,True
20,42,scene_00_no_obstacle,20260525,planner,rrt,62,"[-1.5708,-1.5708,1.5708,-1.5708,-1.5708,0]","[-3.2411051,-1.0356398,1.1025,0.90258716,0.07058072,-0.47616428]","[0.55,0.18,0.44]",,True
21,42,scene_00_no_obstacle,20260525,planner,rrt,63,"[-1.5708,-1.5708,1.5708,-1.5708,-1.5708,0]","[-3.2411051,-1.0356398,1.1025,0.90258716,0.07058072,-0.47616428]","[0.55,0.18,0.44]",,True
22,42,scene_00_no_obstacle,20260525,planner,rrt,64,"[-1.5708,-1.5708,1.5708,-1.5708,-1.5708,0]","[-3.2411051,-1.0356398,1.1025,0.90258716,0.07058072,-0.47616428]","[0.55,0.18,0.44]",,True
23,42,scene_00_no_obstacle,20260525,planner,rrt,65,"[-1.5708,-1.5708,1.5708,-1.5708,-1.5708,0]","[-3.2411051,-1.0356398,1.1025,0.90258716,0.07058072,-0.47616428]","[0.55,0.18,0.44]",,True
24,42,scene_00_no_obstacle,20260525,planner,rrt,66,"[-1.5708,-1.5708,1.5708,-1.5708,-1.5708,0]","[-3.2411051,-1.0356398,1.1025,0.90258716,0.07058072,-0.47616428]","[0.55,0.18,0.44]",,True
25,42,scene_00_no_obstacle,20260525,planner,rrt,67,"[-1.5708,-1.5708,1.5708,-1.5708,-1.5708,0]","[-3.2411051,-1.0356398,1.1025,0.90258716,0.07058072,-0.47616428]","[0.55,0.18,0.44]",,True
26,42,scene_00_no_obstacle,20260525,planner,rrt,68,"[-1.5708,-1.5708,1.5708,-1.5708,-1.5708,0]","[-3.2411051,-1.0356398,1.1025,0.90258716,0.07058072,-0.47616428]","[0.55,0.18,0.44]",,True
27,42,scene_00_no_obstacle,20260525,planner,rrt,69,"[-1.5708,-1.5708,1.5708,-1.5708,-1.5708,0]","[-3.2411051,-1.0356398,1.1025,0.90258716,0.07058072,-0.47616428]","[0.55,0.18,0.44]",,True
28,42,scene_00_no_obstacle,20260525,planner,rrt,70,"[-1.5708,-1.5708,1.5708,-1.5708,-1.5708,0]","[-3.2411051,-1.0356398,1.1025,0.90258716,0.07058072,-0.47616428]","[0.55,0.18,0.44]",,True
29,42,scene_00_no_obstacle,20260525,planner,rrt,71,"[-1.5708,-1.5708,1.5708,-1.5708,-1.5708,0]","[-3.2411051,-1.0356398,1.1025,0.90258716,0.07058072,-0.47616428]","[0.55,0.18,0.44]",,True
30,42,scene_00_no_obstacle,20260525,planner,rrt,72,"[-1.5708,-1.5708,1.5708,-1.5708,-1.5708,0]","[-3.2411051,-1.0356398,1.1025,0.90258716,0.07058072,-0.47616428]","[0.55,0.18,0.44]",,True
31,42,scene_00_no_obstacle,20260525,planner,rrt,73,"[-1.5708,-1.5708,1.5708,-1.5708,-1.5708,0]","[-3.2411051,-1.0356398,1.1025,0.90258716,0.07058072,-0.47616428]","[0.55,0.18,0.44]",,True
32,42,scene_00_no_obstacle,20260525,planner,rrt,74,"[-1.5708,-1.5708,1.5708,-1.5708,-1.5708,0]","[-3.2411051,-1.0356398,1.1025,0.90258716,0.07058072,-0.47616428]","[0.55,0.18,0.44]",,True
33,42,scene_00_no_obstacle,20260525,planner,rrt,75,"[-1.5708,-1.5708,1.5708,-1.5708,-1.5708,0]","[-3.2411051,-1.0356398,1.1025,0.90258716,0.07058072,-0.47616428]","[0.55,0.18,0.44]",,True
34,42,scene_00_no_obstacle,20260525,planner,rrt,76,"[-1.5708,-1.5708,1.5708,-1.5708,-1.5708,0]","[-3.2411051,-1.0356398,1.1025,0.90258716,0.07058072,-0.47616428]","[0.55,0.18,0.44]",,True
35,42,scene_00_no_obstacle,20260525,planner,rrt,77,"[-1.5708,-1.5708,1.5708,-1.5708,-1.5708,0]","[-3.2411051,-1.0356398,1.1025,0.90258716,0.07058072,-0.47616428]","[0.55,0.18,0.44]",,True
36,42,scene_00_no_obstacle,20260525,planner,rrt,78,"[-1.5708,-1.5708,1.5708,-1.5708,-1.5708,0]","[-3.2411051,-1.0356398,1.1025,0.90258716,0.07058072,-0.47616428]","[0.55,0.18,0.44]",,True
37,42,scene_00_no_obstacle,20260525,planner,rrt,79,"[-1.5708,-1.5708,1.5708,-1.5708,-1.5708,0]","[-3.2411051,-1.0356398,1.1025,0.90258716,0.07058072,-0.47616428]","[0.55,0.18,0.44]",,True
38,42,scene_00_no_obstacle,20260525,planner,rrt,80,"[-1.5708,-1.5708,1.5708,-1.5708,-1.5708,0]","[-3.2411051,-1.0356398,1.1025,0.90258716,0.07058072,-0.47616428]","[0.55,0.18,0.44]",,True
39,42,scene_00_no_obstacle,20260525,planner,rrt,81,"[-1.5708,-1.5708,1.5708,-1.5708,-1.5708,0]","[-3.2411051,-1.0356398,1.1025,0.90258716,0.07058072,-0.47616428]","[0.55,0.18,0.44]",,True
40,42,scene_00_no_obstacle,20260525,planner,rrt,82,"[-1.5708,-1.5708,1.5708,-1.5708,-1.5708,0]","[-3.2411051,-1.0356398,1.1025,0.90258716,0.07058072,-0.47616428]","[0.55,0.18,0.44]",,True
41,42,scene_00_no_obstacle,20260525,planner,rrt,83,"[-1.5708,-1.5708,1.5708,-1.5708,-1.5708,0]","[-3.2411051,-1.0356398,1.1025,0.90258716,0.07058072,-0.47616428]","[0.55,0.18,0.44]",,True
42,42,scene_00_no_obstacle,20260525,planner,rrt,84,"[-1.5708,-1.5708,1.5708,-1.5708,-1.5708,0]","[-3.2411051,-1.0356398,1.1025,0.90258716,0.07058072,-0.47616428]","[0.55,0.18,0.44]",,True
43,42,scene_00_no_obstacle,20260525,planner,rrt,85,"[-1.5708,-1.5708,1.5708,-1.5708,-1.5708,0]","[-3.2411051,-1.0356398,1.1025,0.90258716,0.07058072,-0.47616428]","[0.55,0.18,0.44]",,True
44,42,scene_00_no_obstacle,20260525,planner,rrt,86,"[-1.5708,-1.5708,1.5708,-1.5708,-1.5708,0]","[-3.2411051,-1.0356398,1.1025,0.90258716,0.07058072,-0.47616428]","[0.55,0.18,0.44]",,True
45,42,scene_00_no_obstacle,20260525,planner,rrt,87,"[-1.5708,-1.5708,1.5708,-1.5708,-1.5708,0]","[-3.2411051,-1.0356398,1.1025,0.90258716,0.07058072,-0.47616428]","[0.55,0.18,0.44]",,True
46,42,scene_00_no_obstacle,20260525,planner,rrt,88,"[-1.5708,-1.5708,1.5708,-1.5708,-1.5708,0]","[-3.2411051,-1.0356398,1.1025,0.90258716,0.07058072,-0.47616428]","[0.55,0.18,0.44]",,True
47,42,scene_00_no_obstacle,20260525,planner,rrt,89,"[-1.5708,-1.5708,1.5708,-1.5708,-1.5708,0]","[-3.2411051,-1.0356398,1.1025,0.90258716,0.07058072,-0.47616428]","[0.55,0.18,0.44]",,True
48,42,scene_00_no_obstacle,20260525,planner,rrt,90,"[-1.5708,-1.5708,1.5708,-1.5708,-1.5708,0]","[-3.2411051,-1.0356398,1.1025,0.90258716,0.07058072,-0.47616428]","[0.55,0.18,0.44]",,True
49,42,scene_00_no_obstacle,20260525,planner,rrt,91,"[-1.5708,-1.5708,1.5708,-1.5708,-1.5708,0]","[-3.2411051,-1.0356398,1.1025,0.90258716,0.07058072,-0.47616428]","[0.55,0.18,0.44]",,True
0,42,scene_00_no_obstacle,20260525,planner,rrt_connect,1042,"[-1.5708,-1.5708,1.5708,-1.5708,-1.5708,0]","[-3.2411051,-1.0356398,1.1025,0.90258716,0.07058072,-0.47616428]","[0.55,0.18,0.44]",,True
1,42,scene_00_no_obstacle,20260525,planner,rrt_connect,1043,"[-1.5708,-1.5708,1.5708,-1.5708,-1.5708,0]","[-3.2411051,-1.0356398,1.1025,0.90258716,0.07058072,-0.47616428]","[0.55,0.18,0.44]",,True
2,42,scene_00_no_obstacle,20260525,planner,rrt_connect,1044,"[-1.5708,-1.5708,1.5708,-1.5708,-1.5708,0]","[-3.2411051,-1.0356398,1.1025,0.90258716,0.07058072,-0.47616428]","[0.55,0.18,0.44]",,True
3,42,scene_00_no_obstacle,20260525,planner,rrt_connect,1045,"[-1.5708,-1.5708,1.5708,-1.5708,-1.5708,0]","[-3.2411051,-1.0356398,1.1025,0.90258716,0.07058072,-0.47616428]","[0.55,0.18,0.44]",,True
4,42,scene_00_no_obstacle,20260525,planner,rrt_connect,1046,"[-1.5708,-1.5708,1.5708,-1.5708,-1.5708,0]","[-3.2411051,-1.0356398,1.1025,0.90258716,0.07058072,-0.47616428]","[0.55,0.18,0.44]",,True
5,42,scene_00_no_obstacle,20260525,planner,rrt_connect,1047,"[-1.5708,-1.5708,1.5708,-1.5708,-1.5708,0]","[-3.2411051,-1.0356398,1.1025,0.90258716,0.07058072,-0.47616428]","[0.55,0.18,0.44]",,True
6,42,scene_00_no_obstacle,20260525,planner,rrt_connect,1048,"[-1.5708,-1.5708,1.5708,-1.5708,-1.5708,0]","[-3.2411051,-1.0356398,1.1025,0.90258716,0.07058072,-0.47616428]","[0.55,0.18,0.44]",,True
7,42,scene_00_no_obstacle,20260525,planner,rrt_connect,1049,"[-1.5708,-1.5708,1.5708,-1.5708,-1.5708,0]","[-3.2411051,-1.0356398,1.1025,0.90258716,0.07058072,-0.47616428]","[0.55,0.18,0.44]",,True
8,42,scene_00_no_obstacle,20260525,planner,rrt_connect,1050,"[-1.5708,-1.5708,1.5708,-1.5708,-1.5708,0]","[-3.2411051,-1.0356398,1.1025,0.90258716,0.07058072,-0.47616428]","[0.55,0.18,0.44]",,True
9,42,scene_00_no_obstacle,20260525,planner,rrt_connect,1051,"[-1.5708,-1.5708,1.5708,-1.5708,-1.5708,0]","[-3.2411051,-1.0356398,1.1025,0.90258716,0.07058072,-0.47616428]","[0.55,0.18,0.44]",,True
10,42,scene_00_no_obstacle,20260525,planner,rrt_connect,1052,"[-1.5708,-1.5708,1.5708,-1.5708,-1.5708,0]","[-3.2411051,-1.0356398,1.1025,0.90258716,0.07058072,-0.47616428]","[0.55,0.18,0.44]",,True
11,42,scene_00_no_obstacle,20260525,planner,rrt_connect,1053,"[-1.5708,-1.5708,1.5708,-1.5708,-1.5708,0]","[-3.2411051,-1.0356398,1.1025,0.90258716,0.07058072,-0.47616428]","[0.55,0.18,0.44]",,True
12,42,scene_00_no_obstacle,20260525,planner,rrt_connect,1054,"[-1.5708,-1.5708,1.5708,-1.5708,-1.5708,0]","[-3.2411051,-1.0356398,1.1025,0.90258716,0.07058072,-0.47616428]","[0.55,0.18,0.44]",,True
13,42,scene_00_no_obstacle,20260525,planner,rrt_connect,1055,"[-1.5708,-1.5708,1.5708,-1.5708,-1.5708,0]","[-3.2411051,-1.0356398,1.1025,0.90258716,0.07058072,-0.47616428]","[0.55,0.18,0.44]",,True
14,42,scene_00_no_obstacle,20260525,planner,rrt_connect,1056,"[-1.5708,-1.5708,1.5708,-1.5708,-1.5708,0]","[-3.2411051,-1.0356398,1.1025,0.90258716,0.07058072,-0.47616428]","[0.55,0.18,0.44]",,True
15,42,scene_00_no_obstacle,20260525,planner,rrt_connect,1057,"[-1.5708,-1.5708,1.5708,-1.5708,-1.5708,0]","[-3.2411051,-1.0356398,1.1025,0.90258716,0.07058072,-0.47616428]","[0.55,0.18,0.44]",,True
16,42,scene_00_no_obstacle,20260525,planner,rrt_connect,1058,"[-1.5708,-1.5708,1.5708,-1.5708,-1.5708,0]","[-3.2411051,-1.0356398,1.1025,0.90258716,0.07058072,-0.47616428]","[0.55,0.18,0.44]",,True
17,42,scene_00_no_obstacle,20260525,planner,rrt_connect,1059,"[-1.5708,-1.5708,1.5708,-1.5708,-1.5708,0]","[-3.2411051,-1.0356398,1.1025,0.90258716,0.07058072,-0.47616428]","[0.55,0.18,0.44]",,True
18,42,scene_00_no_obstacle,20260525,planner,rrt_connect,1060,"[-1.5708,-1.5708,1.5708,-1.5708,-1.5708,0]","[-3.2411051,-1.0356398,1.1025,0.90258716,0.07058072,-0.47616428]","[0.55,0.18,0.44]",,True
19,42,scene_00_no_obstacle,20260525,planner,rrt_connect,1061,"[-1.5708,-1.5708,1.5708,-1.5708,-1.5708,0]","[-3.2411051,-1.0356398,1.1025,0.90258716,0.07058072,-0.47616428]","[0.55,0.18,0.44]",,True
20,42,scene_00_no_obstacle,20260525,planner,rrt_connect,1062,"[-1.5708,-1.5708,1.5708,-1.5708,-1.5708,0]","[-3.2411051,-1.0356398,1.1025,0.90258716,0.07058072,-0.47616428]","[0.55,0.18,0.44]",,True
21,42,scene_00_no_obstacle,20260525,planner,rrt_connect,1063,"[-1.5708,-1.5708,1.5708,-1.5708,-1.5708,0]","[-3.2411051,-1.0356398,1.1025,0.90258716,0.07058072,-0.47616428]","[0.55,0.18,0.44]",,True
22,42,scene_00_no_obstacle,20260525,planner,rrt_connect,1064,"[-1.5708,-1.5708,1.5708,-1.5708,-1.5708,0]","[-3.2411051,-1.0356398,1.1025,0.90258716,0.07058072,-0.47616428]","[0.55,0.18,0.44]",,True
23,42,scene_00_no_obstacle,20260525,planner,rrt_connect,1065,"[-1.5708,-1.5708,1.5708,-1.5708,-1.5708,0]","[-3.2411051,-1.0356398,1.1025,0.90258716,0.07058072,-0.47616428]","[0.55,0.18,0.44]",,True
24,42,scene_00_no_obstacle,20260525,planner,rrt_connect,1066,"[-1.5708,-1.5708,1.5708,-1.5708,-1.5708,0]","[-3.2411051,-1.0356398,1.1025,0.90258716,0.07058072,-0.47616428]","[0.55,0.18,0.44]",,True
25,42,scene_00_no_obstacle,20260525,planner,rrt_connect,1067,"[-1.5708,-1.5708,1.5708,-1.5708,-1.5708,0]","[-3.2411051,-1.0356398,1.1025,0.90258716,0.07058072,-0.47616428]","[0.55,0.18,0.44]",,True
26,42,scene_00_no_obstacle,20260525,planner,rrt_connect,1068,"[-1.5708,-1.5708,1.5708,-1.5708,-1.5708,0]","[-3.2411051,-1.0356398,1.1025,0.90258716,0.07058072,-0.47616428]","[0.55,0.18,0.44]",,True
27,42,scene_00_no_obstacle,20260525,planner,rrt_connect,1069,"[-1.5708,-1.5708,1.5708,-1.5708,-1.5708,0]","[-3.2411051,-1.0356398,1.1025,0.90258716,0.07058072,-0.47616428]","[0.55,0.18,0.44]",,True
28,42,scene_00_no_obstacle,20260525,planner,rrt_connect,1070,"[-1.5708,-1.5708,1.5708,-1.5708,-1.5708,0]","[-3.2411051,-1.0356398,1.1025,0.90258716,0.07058072,-0.47616428]","[0.55,0.18,0.44]",,True
29,42,scene_00_no_obstacle,20260525,planner,rrt_connect,1071,"[-1.5708,-1.5708,1.5708,-1.5708,-1.5708,0]","[-3.2411051,-1.0356398,1.1025,0.90258716,0.07058072,-0.47616428]","[0.55,0.18,0.44]",,True
30,42,scene_00_no_obstacle,20260525,planner,rrt_connect,1072,"[-1.5708,-1.5708,1.5708,-1.5708,-1.5708,0]","[-3.2411051,-1.0356398,1.1025,0.90258716,0.07058072,-0.47616428]","[0.55,0.18,0.44]",,True
31,42,scene_00_no_obstacle,20260525,planner,rrt_connect,1073,"[-1.5708,-1.5708,1.5708,-1.5708,-1.5708,0]","[-3.2411051,-1.0356398,1.1025,0.90258716,0.07058072,-0.47616428]","[0.55,0.18,0.44]",,True
32,42,scene_00_no_obstacle,20260525,planner,rrt_connect,1074,"[-1.5708,-1.5708,1.5708,-1.5708,-1.5708,0]","[-3.2411051,-1.0356398,1.1025,0.90258716,0.07058072,-0.47616428]","[0.55,0.18,0.44]",,True
33,42,scene_00_no_obstacle,20260525,planner,rrt_connect,1075,"[-1.5708,-1.5708,1.5708,-1.5708,-1.5708,0]","[-3.2411051,-1.0356398,1.1025,0.90258716,0.07058072,-0.47616428]","[0.55,0.18,0.44]",,True
34,42,scene_00_no_obstacle,20260525,planner,rrt_connect,1076,"[-1.5708,-1.5708,1.5708,-1.5708,-1.5708,0]","[-3.2411051,-1.0356398,1.1025,0.90258716,0.07058072,-0.47616428]","[0.55,0.18,0.44]",,True
35,42,scene_00_no_obstacle,20260525,planner,rrt_connect,1077,"[-1.5708,-1.5708,1.5708,-1.5708,-1.5708,0]","[-3.2411051,-1.0356398,1.1025,0.90258716,0.07058072,-0.47616428]","[0.55,0.18,0.44]",,True
36,42,scene_00_no_obstacle,20260525,planner,rrt_connect,1078,"[-1.5708,-1.5708,1.5708,-1.5708,-1.5708,0]","[-3.2411051,-1.0356398,1.1025,0.90258716,0.07058072,-0.47616428]","[0.55,0.18,0.44]",,True
37,42,scene_00_no_obstacle,20260525,planner,rrt_connect,1079,"[-1.5708,-1.5708,1.5708,-1.5708,-1.5708,0]","[-3.2411051,-1.0356398,1.1025,0.90258716,0.07058072,-0.47616428]","[0.55,0.18,0.44]",,True
38,42,scene_00_no_obstacle,20260525,planner,rrt_connect,1080,"[-1.5708,-1.5708,1.5708,-1.5708,-1.5708,0]","[-3.2411051,-1.0356398,1.1025,0.90258716,0.07058072,-0.47616428]","[0.55,0.18,0.44]",,True
39,42,scene_00_no_obstacle,20260525,planner,rrt_connect,1081,"[-1.5708,-1.5708,1.5708,-1.5708,-1.5708,0]","[-3.2411051,-1.0356398,1.1025,0.90258716,0.07058072,-0.47616428]","[0.55,0.18,0.44]",,True
40,42,scene_00_no_obstacle,20260525,planner,rrt_connect,1082,"[-1.5708,-1.5708,1.5708,-1.5708,-1.5708,0]","[-3.2411051,-1.0356398,1.1025,0.90258716,0.07058072,-0.47616428]","[0.55,0.18,0.44]",,True
41,42,scene_00_no_obstacle,20260525,planner,rrt_connect,1083,"[-1.5708,-1.5708,1.5708,-1.5708,-1.5708,0]","[-3.2411051,-1.0356398,1.1025,0.90258716,0.07058072,-0.47616428]","[0.55,0.18,0.44]",,True
42,42,scene_00_no_obstacle,20260525,planner,rrt_connect,1084,"[-1.5708,-1.5708,1.5708,-1.5708,-1.5708,0]","[-3.2411051,-1.0356398,1.1025,0.90258716,0.07058072,-0.47616428]","[0.55,0.18,0.44]",,True
43,42,scene_00_no_obstacle,20260525,planner,rrt_connect,1085,"[-1.5708,-1.5708,1.5708,-1.5708,-1.5708,0]","[-3.2411051,-1.0356398,1.1025,0.90258716,0.07058072,-0.47616428]","[0.55,0.18,0.44]",,True
44,42,scene_00_no_obstacle,20260525,planner,rrt_connect,1086,"[-1.5708,-1.5708,1.5708,-1.5708,-1.5708,0]","[-3.2411051,-1.0356398,1.1025,0.90258716,0.07058072,-0.47616428]","[0.55,0.18,0.44]",,True
45,42,scene_00_no_obstacle,20260525,planner,rrt_connect,1087,"[-1.5708,-1.5708,1.5708,-1.5708,-1.5708,0]","[-3.2411051,-1.0356398,1.1025,0.90258716,0.07058072,-0.47616428]","[0.55,0.18,0.44]",,True
46,42,scene_00_no_obstacle,20260525,planner,rrt_connect,1088,"[-1.5708,-1.5708,1.5708,-1.5708,-1.5708,0]","[-3.2411051,-1.0356398,1.1025,0.90258716,0.07058072,-0.47616428]","[0.55,0.18,0.44]",,True
47,42,scene_00_no_obstacle,20260525,planner,rrt_connect,1089,"[-1.5708,-1.5708,1.5708,-1.5708,-1.5708,0]","[-3.2411051,-1.0356398,1.1025,0.90258716,0.07058072,-0.47616428]","[0.55,0.18,0.44]",,True
48,42,scene_00_no_obstacle,20260525,planner,rrt_connect,1090,"[-1.5708,-1.5708,1.5708,-1.5708,-1.5708,0]","[-3.2411051,-1.0356398,1.1025,0.90258716,0.07058072,-0.47616428]","[0.55,0.18,0.44]",,True
49,42,scene_00_no_obstacle,20260525,planner,rrt_connect,1091,"[-1.5708,-1.5708,1.5708,-1.5708,-1.5708,0]","[-3.2411051,-1.0356398,1.1025,0.90258716,0.07058072,-0.47616428]","[0.55,0.18,0.44]",,True
0,42,scene_00_no_obstacle,20260525,planner,prm,2042,"[-1.5708,-1.5708,1.5708,-1.5708,-1.5708,0]","[-3.2411051,-1.0356398,1.1025,0.90258716,0.07058072,-0.47616428]","[0.55,0.18,0.44]",,True
1,42,scene_00_no_obstacle,20260525,planner,prm,2043,"[-1.5708,-1.5708,1.5708,-1.5708,-1.5708,0]","[-3.2411051,-1.0356398,1.1025,0.90258716,0.07058072,-0.47616428]","[0.55,0.18,0.44]",,True
2,42,scene_00_no_obstacle,20260525,planner,prm,2044,"[-1.5708,-1.5708,1.5708,-1.5708,-1.5708,0]","[-3.2411051,-1.0356398,1.1025,0.90258716,0.07058072,-0.47616428]","[0.55,0.18,0.44]",,True
3,42,scene_00_no_obstacle,20260525,planner,prm,2045,"[-1.5708,-1.5708,1.5708,-1.5708,-1.5708,0]","[-3.2411051,-1.0356398,1.1025,0.90258716,0.07058072,-0.47616428]","[0.55,0.18,0.44]",,True
4,42,scene_00_no_obstacle,20260525,planner,prm,2046,"[-1.5708,-1.5708,1.5708,-1.5708,-1.5708,0]","[-3.2411051,-1.0356398,1.1025,0.90258716,0.07058072,-0.47616428]","[0.55,0.18,0.44]",,True
5,42,scene_00_no_obstacle,20260525,planner,prm,2047,"[-1.5708,-1.5708,1.5708,-1.5708,-1.5708,0]","[-3.2411051,-1.0356398,1.1025,0.90258716,0.07058072,-0.47616428]","[0.55,0.18,0.44]",,True
6,42,scene_00_no_obstacle,20260525,planner,prm,2048,"[-1.5708,-1.5708,1.5708,-1.5708,-1.5708,0]","[-3.2411051,-1.0356398,1.1025,0.90258716,0.07058072,-0.47616428]","[0.55,0.18,0.44]",,True
7,42,scene_00_no_obstacle,20260525,planner,prm,2049,"[-1.5708,-1.5708,1.5708,-1.5708,-1.5708,0]","[-3.2411051,-1.0356398,1.1025,0.90258716,0.07058072,-0.47616428]","[0.55,0.18,0.44]",,True
8,42,scene_00_no_obstacle,20260525,planner,prm,2050,"[-1.5708,-1.5708,1.5708,-1.5708,-1.5708,0]","[-3.2411051,-1.0356398,1.1025,0.90258716,0.07058072,-0.47616428]","[0.55,0.18,0.44]",,True
9,42,scene_00_no_obstacle,20260525,planner,prm,2051,"[-1.5708,-1.5708,1.5708,-1.5708,-1.5708,0]","[-3.2411051,-1.0356398,1.1025,0.90258716,0.07058072,-0.47616428]","[0.55,0.18,0.44]",,True
10,42,scene_00_no_obstacle,20260525,planner,prm,2052,"[-1.5708,-1.5708,1.5708,-1.5708,-1.5708,0]","[-3.2411051,-1.0356398,1.1025,0.90258716,0.07058072,-0.47616428]","[0.55,0.18,0.44]",,True
11,42,scene_00_no_obstacle,20260525,planner,prm,2053,"[-1.5708,-1.5708,1.5708,-1.5708,-1.5708,0]","[-3.2411051,-1.0356398,1.1025,0.90258716,0.07058072,-0.47616428]","[0.55,0.18,0.44]",,True
12,42,scene_00_no_obstacle,20260525,planner,prm,2054,"[-1.5708,-1.5708,1.5708,-1.5708,-1.5708,0]","[-3.2411051,-1.0356398,1.1025,0.90258716,0.07058072,-0.47616428]","[0.55,0.18,0.44]",,True
13,42,scene_00_no_obstacle,20260525,planner,prm,2055,"[-1.5708,-1.5708,1.5708,-1.5708,-1.5708,0]","[-3.2411051,-1.0356398,1.1025,0.90258716,0.07058072,-0.47616428]","[0.55,0.18,0.44]",,True
14,42,scene_00_no_obstacle,20260525,planner,prm,2056,"[-1.5708,-1.5708,1.5708,-1.5708,-1.5708,0]","[-3.2411051,-1.0356398,1.1025,0.90258716,0.07058072,-0.47616428]","[0.55,0.18,0.44]",,True
15,42,scene_00_no_obstacle,20260525,planner,prm,2057,"[-1.5708,-1.5708,1.5708,-1.5708,-1.5708,0]","[-3.2411051,-1.0356398,1.1025,0.90258716,0.07058072,-0.47616428]","[0.55,0.18,0.44]",,True
16,42,scene_00_no_obstacle,20260525,planner,prm,2058,"[-1.5708,-1.5708,1.5708,-1.5708,-1.5708,0]","[-3.2411051,-1.0356398,1.1025,0.90258716,0.07058072,-0.47616428]","[0.55,0.18,0.44]",,True
17,42,scene_00_no_obstacle,20260525,planner,prm,2059,"[-1.5708,-1.5708,1.5708,-1.5708,-1.5708,0]","[-3.2411051,-1.0356398,1.1025,0.90258716,0.07058072,-0.47616428]","[0.55,0.18,0.44]",,True
18,42,scene_00_no_obstacle,20260525,planner,prm,2060,"[-1.5708,-1.5708,1.5708,-1.5708,-1.5708,0]","[-3.2411051,-1.0356398,1.1025,0.90258716,0.07058072,-0.47616428]","[0.55,0.18,0.44]",,True
19,42,scene_00_no_obstacle,20260525,planner,prm,2061,"[-1.5708,-1.5708,1.5708,-1.5708,-1.5708,0]","[-3.2411051,-1.0356398,1.1025,0.90258716,0.07058072,-0.47616428]","[0.55,0.18,0.44]",,True
20,42,scene_00_no_obstacle,20260525,planner,prm,2062,"[-1.5708,-1.5708,1.5708,-1.5708,-1.5708,0]","[-3.2411051,-1.0356398,1.1025,0.90258716,0.07058072,-0.47616428]","[0.55,0.18,0.44]",,True
21,42,scene_00_no_obstacle,20260525,planner,prm,2063,"[-1.5708,-1.5708,1.5708,-1.5708,-1.5708,0]","[-3.2411051,-1.0356398,1.1025,0.90258716,0.07058072,-0.47616428]","[0.55,0.18,0.44]",,True
22,42,scene_00_no_obstacle,20260525,planner,prm,2064,"[-1.5708,-1.5708,1.5708,-1.5708,-1.5708,0]","[-3.2411051,-1.0356398,1.1025,0.90258716,0.07058072,-0.47616428]","[0.55,0.18,0.44]",,True
23,42,scene_00_no_obstacle,20260525,planner,prm,2065,"[-1.5708,-1.5708,1.5708,-1.5708,-1.5708,0]","[-3.2411051,-1.0356398,1.1025,0.90258716,0.07058072,-0.47616428]","[0.55,0.18,0.44]",,True
24,42,scene_00_no_obstacle,20260525,planner,prm,2066,"[-1.5708,-1.5708,1.5708,-1.5708,-1.5708,0]","[-3.2411051,-1.0356398,1.1025,0.90258716,0.07058072,-0.47616428]","[0.55,0.18,0.44]",,True
25,42,scene_00_no_obstacle,20260525,planner,prm,2067,"[-1.5708,-1.5708,1.5708,-1.5708,-1.5708,0]","[-3.2411051,-1.0356398,1.1025,0.90258716,0.07058072,-0.47616428]","[0.55,0.18,0.44]",,True
26,42,scene_00_no_obstacle,20260525,planner,prm,2068,"[-1.5708,-1.5708,1.5708,-1.5708,-1.5708,0]","[-3.2411051,-1.0356398,1.1025,0.90258716,0.07058072,-0.47616428]","[0.55,0.18,0.44]",,True
27,42,scene_00_no_obstacle,20260525,planner,prm,2069,"[-1.5708,-1.5708,1.5708,-1.5708,-1.5708,0]","[-3.2411051,-1.0356398,1.1025,0.90258716,0.07058072,-0.47616428]","[0.55,0.18,0.44]",,True
28,42,scene_00_no_obstacle,20260525,planner,prm,2070,"[-1.5708,-1.5708,1.5708,-1.5708,-1.5708,0]","[-3.2411051,-1.0356398,1.1025,0.90258716,0.07058072,-0.47616428]","[0.55,0.18,0.44]",,True
29,42,scene_00_no_obstacle,20260525,planner,prm,2071,"[-1.5708,-1.5708,1.5708,-1.5708,-1.5708,0]","[-3.2411051,-1.0356398,1.1025,0.90258716,0.07058072,-0.47616428]","[0.55,0.18,0.44]",,True
30,42,scene_00_no_obstacle,20260525,planner,prm,2072,"[-1.5708,-1.5708,1.5708,-1.5708,-1.5708,0]","[-3.2411051,-1.0356398,1.1025,0.90258716,0.07058072,-0.47616428]","[0.55,0.18,0.44]",,True
31,42,scene_00_no_obstacle,20260525,planner,prm,2073,"[-1.5708,-1.5708,1.5708,-1.5708,-1.5708,0]","[-3.2411051,-1.0356398,1.1025,0.90258716,0.07058072,-0.47616428]","[0.55,0.18,0.44]",,True
32,42,scene_00_no_obstacle,20260525,planner,prm,2074,"[-1.5708,-1.5708,1.5708,-1.5708,-1.5708,0]","[-3.2411051,-1.0356398,1.1025,0.90258716,0.07058072,-0.47616428]","[0.55,0.18,0.44]",,True
33,42,scene_00_no_obstacle,20260525,planner,prm,2075,"[-1.5708,-1.5708,1.5708,-1.5708,-1.5708,0]","[-3.2411051,-1.0356398,1.1025,0.90258716,0.07058072,-0.47616428]","[0.55,0.18,0.44]",,True
34,42,scene_00_no_obstacle,20260525,planner,prm,2076,"[-1.5708,-1.5708,1.5708,-1.5708,-1.5708,0]","[-3.2411051,-1.0356398,1.1025,0.90258716,0.07058072,-0.47616428]","[0.55,0.18,0.44]",,True
35,42,scene_00_no_obstacle,20260525,planner,prm,2077,"[-1.5708,-1.5708,1.5708,-1.5708,-1.5708,0]","[-3.2411051,-1.0356398,1.1025,0.90258716,0.07058072,-0.47616428]","[0.55,0.18,0.44]",,True
36,42,scene_00_no_obstacle,20260525,planner,prm,2078,"[-1.5708,-1.5708,1.5708,-1.5708,-1.5708,0]","[-3.2411051,-1.0356398,1.1025,0.90258716,0.07058072,-0.47616428]","[0.55,0.18,0.44]",,True
37,42,scene_00_no_obstacle,20260525,planner,prm,2079,"[-1.5708,-1.5708,1.5708,-1.5708,-1.5708,0]","[-3.2411051,-1.0356398,1.1025,0.90258716,0.07058072,-0.47616428]","[0.55,0.18,0.44]",,True
38,42,scene_00_no_obstacle,20260525,planner,prm,2080,"[-1.5708,-1.5708,1.5708,-1.5708,-1.5708,0]","[-3.2411051,-1.0356398,1.1025,0.90258716,0.07058072,-0.47616428]","[0.55,0.18,0.44]",,True
39,42,scene_00_no_obstacle,20260525,planner,prm,2081,"[-1.5708,-1.5708,1.5708,-1.5708,-1.5708,0]","[-3.2411051,-1.0356398,1.1025,0.90258716,0.07058072,-0.47616428]","[0.55,0.18,0.44]",,True
40,42,scene_00_no_obstacle,20260525,planner,prm,2082,"[-1.5708,-1.5708,1.5708,-1.5708,-1.5708,0]","[-3.2411051,-1.0356398,1.1025,0.90258716,0.07058072,-0.47616428]","[0.55,0.18,0.44]",,True
41,42,scene_00_no_obstacle,20260525,planner,prm,2083,"[-1.5708,-1.5708,1.5708,-1.5708,-1.5708,0]","[-3.2411051,-1.0356398,1.1025,0.90258716,0.07058072,-0.47616428]","[0.55,0.18,0.44]",,True
42,42,scene_00_no_obstacle,20260525,planner,prm,2084,"[-1.5708,-1.5708,1.5708,-1.5708,-1.5708,0]","[-3.2411051,-1.0356398,1.1025,0.90258716,0.07058072,-0.47616428]","[0.55,0.18,0.44]",,True
43,42,scene_00_no_obstacle,20260525,planner,prm,2085,"[-1.5708,-1.5708,1.5708,-1.5708,-1.5708,0]","[-3.2411051,-1.0356398,1.1025,0.90258716,0.07058072,-0.47616428]","[0.55,0.18,0.44]",,True
44,42,scene_00_no_obstacle,20260525,planner,prm,2086,"[-1.5708,-1.5708,1.5708,-1.5708,-1.5708,0]","[-3.2411051,-1.0356398,1.1025,0.90258716,0.07058072,-0.47616428]","[0.55,0.18,0.44]",,True
45,42,scene_00_no_obstacle,20260525,planner,prm,2087,"[-1.5708,-1.5708,1.5708,-1.5708,-1.5708,0]","[-3.2411051,-1.0356398,1.1025,0.90258716,0.07058072,-0.47616428]","[0.55,0.18,0.44]",,True
46,42,scene_00_no_obstacle,20260525,planner,prm,2088,"[-1.5708,-1.5708,1.5708,-1.5708,-1.5708,0]","[-3.2411051,-1.0356398,1.1025,0.90258716,0.07058072,-0.47616428]","[0.55,0.18,0.44]",,True
47,42,scene_00_no_obstacle,20260525,planner,prm,2089,"[-1.5708,-1.5708,1.5708,-1.5708,-1.5708,0]","[-3.2411051,-1.0356398,1.1025,0.90258716,0.07058072,-0.47616428]","[0.55,0.18,0.44]",,True
48,42,scene_00_no_obstacle,20260525,planner,prm,2090,"[-1.5708,-1.5708,1.5708,-1.5708,-1.5708,0]","[-3.2411051,-1.0356398,1.1025,0.90258716,0.07058072,-0.47616428]","[0.55,0.18,0.44]",,True
49,42,scene_00_no_obstacle,20260525,planner,prm,2091,"[-1.5708,-1.5708,1.5708,-1.5708,-1.5708,0]","[-3.2411051,-1.0356398,1.1025,0.90258716,0.07058072,-0.47616428]","[0.55,0.18,0.44]",,True
0,42,scene_00_no_obstacle,20260525,planner,apf,3042,"[-1.5708,-1.5708,1.5708,-1.5708,-1.5708,0]","[-3.2411051,-1.0356398,1.1025,0.90258716,0.07058072,-0.47616428]","[0.55,0.18,0.44]",,True
1,42,scene_00_no_obstacle,20260525,planner,apf,3043,"[-1.5708,-1.5708,1.5708,-1.5708,-1.5708,0]","[-3.2411051,-1.0356398,1.1025,0.90258716,0.07058072,-0.47616428]","[0.55,0.18,0.44]",,True
2,42,scene_00_no_obstacle,20260525,planner,apf,3044,"[-1.5708,-1.5708,1.5708,-1.5708,-1.5708,0]","[-3.2411051,-1.0356398,1.1025,0.90258716,0.07058072,-0.47616428]","[0.55,0.18,0.44]",,True
3,42,scene_00_no_obstacle,20260525,planner,apf,3045,"[-1.5708,-1.5708,1.5708,-1.5708,-1.5708,0]","[-3.2411051,-1.0356398,1.1025,0.90258716,0.07058072,-0.47616428]","[0.55,0.18,0.44]",,True
4,42,scene_00_no_obstacle,20260525,planner,apf,3046,"[-1.5708,-1.5708,1.5708,-1.5708,-1.5708,0]","[-3.2411051,-1.0356398,1.1025,0.90258716,0.07058072,-0.47616428]","[0.55,0.18,0.44]",,True
5,42,scene_00_no_obstacle,20260525,planner,apf,3047,"[-1.5708,-1.5708,1.5708,-1.5708,-1.5708,0]","[-3.2411051,-1.0356398,1.1025,0.90258716,0.07058072,-0.47616428]","[0.55,0.18,0.44]",,True
6,42,scene_00_no_obstacle,20260525,planner,apf,3048,"[-1.5708,-1.5708,1.5708,-1.5708,-1.5708,0]","[-3.2411051,-1.0356398,1.1025,0.90258716,0.07058072,-0.47616428]","[0.55,0.18,0.44]",,True
7,42,scene_00_no_obstacle,20260525,planner,apf,3049,"[-1.5708,-1.5708,1.5708,-1.5708,-1.5708,0]","[-3.2411051,-1.0356398,1.1025,0.90258716,0.07058072,-0.47616428]","[0.55,0.18,0.44]",,True
8,42,scene_00_no_obstacle,20260525,planner,apf,3050,"[-1.5708,-1.5708,1.5708,-1.5708,-1.5708,0]","[-3.2411051,-1.0356398,1.1025,0.90258716,0.07058072,-0.47616428]","[0.55,0.18,0.44]",,True
9,42,scene_00_no_obstacle,20260525,planner,apf,3051,"[-1.5708,-1.5708,1.5708,-1.5708,-1.5708,0]","[-3.2411051,-1.0356398,1.1025,0.90258716,0.07058072,-0.47616428]","[0.55,0.18,0.44]",,True
10,42,scene_00_no_obstacle,20260525,planner,apf,3052,"[-1.5708,-1.5708,1.5708,-1.5708,-1.5708,0]","[-3.2411051,-1.0356398,1.1025,0.90258716,0.07058072,-0.47616428]","[0.55,0.18,0.44]",,True
11,42,scene_00_no_obstacle,20260525,planner,apf,3053,"[-1.5708,-1.5708,1.5708,-1.5708,-1.5708,0]","[-3.2411051,-1.0356398,1.1025,0.90258716,0.07058072,-0.47616428]","[0.55,0.18,0.44]",,True
12,42,scene_00_no_obstacle,20260525,planner,apf,3054,"[-1.5708,-1.5708,1.5708,-1.5708,-1.5708,0]","[-3.2411051,-1.0356398,1.1025,0.90258716,0.07058072,-0.47616428]","[0.55,0.18,0.44]",,True
13,42,scene_00_no_obstacle,20260525,planner,apf,3055,"[-1.5708,-1.5708,1.5708,-1.5708,-1.5708,0]","[-3.2411051,-1.0356398,1.1025,0.90258716,0.07058072,-0.47616428]","[0.55,0.18,0.44]",,True
14,42,scene_00_no_obstacle,20260525,planner,apf,3056,"[-1.5708,-1.5708,1.5708,-1.5708,-1.5708,0]","[-3.2411051,-1.0356398,1.1025,0.90258716,0.07058072,-0.47616428]","[0.55,0.18,0.44]",,True
15,42,scene_00_no_obstacle,20260525,planner,apf,3057,"[-1.5708,-1.5708,1.5708,-1.5708,-1.5708,0]","[-3.2411051,-1.0356398,1.1025,0.90258716,0.07058072,-0.47616428]","[0.55,0.18,0.44]",,True
16,42,scene_00_no_obstacle,20260525,planner,apf,3058,"[-1.5708,-1.5708,1.5708,-1.5708,-1.5708,0]","[-3.2411051,-1.0356398,1.1025,0.90258716,0.07058072,-0.47616428]","[0.55,0.18,0.44]",,True
17,42,scene_00_no_obstacle,20260525,planner,apf,3059,"[-1.5708,-1.5708,1.5708,-1.5708,-1.5708,0]","[-3.2411051,-1.0356398,1.1025,0.90258716,0.07058072,-0.47616428]","[0.55,0.18,0.44]",,True
18,42,scene_00_no_obstacle,20260525,planner,apf,3060,"[-1.5708,-1.5708,1.5708,-1.5708,-1.5708,0]","[-3.2411051,-1.0356398,1.1025,0.90258716,0.07058072,-0.47616428]","[0.55,0.18,0.44]",,True
19,42,scene_00_no_obstacle,20260525,planner,apf,3061,"[-1.5708,-1.5708,1.5708,-1.5708,-1.5708,0]","[-3.2411051,-1.0356398,1.1025,0.90258716,0.07058072,-0.47616428]","[0.55,0.18,0.44]",,True
20,42,scene_00_no_obstacle,20260525,planner,apf,3062,"[-1.5708,-1.5708,1.5708,-1.5708,-1.5708,0]","[-3.2411051,-1.0356398,1.1025,0.90258716,0.07058072,-0.47616428]","[0.55,0.18,0.44]",,True
21,42,scene_00_no_obstacle,20260525,planner,apf,3063,"[-1.5708,-1.5708,1.5708,-1.5708,-1.5708,0]","[-3.2411051,-1.0356398,1.1025,0.90258716,0.07058072,-0.47616428]","[0.55,0.18,0.44]",,True
22,42,scene_00_no_obstacle,20260525,planner,apf,3064,"[-1.5708,-1.5708,1.5708,-1.5708,-1.5708,0]","[-3.2411051,-1.0356398,1.1025,0.90258716,0.07058072,-0.47616428]","[0.55,0.18,0.44]",,True
23,42,scene_00_no_obstacle,20260525,planner,apf,3065,"[-1.5708,-1.5708,1.5708,-1.5708,-1.5708,0]","[-3.2411051,-1.0356398,1.1025,0.90258716,0.07058072,-0.47616428]","[0.55,0.18,0.44]",,True
24,42,scene_00_no_obstacle,20260525,planner,apf,3066,"[-1.5708,-1.5708,1.5708,-1.5708,-1.5708,0]","[-3.2411051,-1.0356398,1.1025,0.90258716,0.07058072,-0.47616428]","[0.55,0.18,0.44]",,True
25,42,scene_00_no_obstacle,20260525,planner,apf,3067,"[-1.5708,-1.5708,1.5708,-1.5708,-1.5708,0]","[-3.2411051,-1.0356398,1.1025,0.90258716,0.07058072,-0.47616428]","[0.55,0.18,0.44]",,True
26,42,scene_00_no_obstacle,20260525,planner,apf,3068,"[-1.5708,-1.5708,1.5708,-1.5708,-1.5708,0]","[-3.2411051,-1.0356398,1.1025,0.90258716,0.07058072,-0.47616428]","[0.55,0.18,0.44]",,True
27,42,scene_00_no_obstacle,20260525,planner,apf,3069,"[-1.5708,-1.5708,1.5708,-1.5708,-1.5708,0]","[-3.2411051,-1.0356398,1.1025,0.90258716,0.07058072,-0.47616428]","[0.55,0.18,0.44]",,True
28,42,scene_00_no_obstacle,20260525,planner,apf,3070,"[-1.5708,-1.5708,1.5708,-1.5708,-1.5708,0]","[-3.2411051,-1.0356398,1.1025,0.90258716,0.07058072,-0.47616428]","[0.55,0.18,0.44]",,True
29,42,scene_00_no_obstacle,20260525,planner,apf,3071,"[-1.5708,-1.5708,1.5708,-1.5708,-1.5708,0]","[-3.2411051,-1.0356398,1.1025,0.90258716,0.07058072,-0.47616428]","[0.55,0.18,0.44]",,True
30,42,scene_00_no_obstacle,20260525,planner,apf,3072,"[-1.5708,-1.5708,1.5708,-1.5708,-1.5708,0]","[-3.2411051,-1.0356398,1.1025,0.90258716,0.07058072,-0.47616428]","[0.55,0.18,0.44]",,True
31,42,scene_00_no_obstacle,20260525,planner,apf,3073,"[-1.5708,-1.5708,1.5708,-1.5708,-1.5708,0]","[-3.2411051,-1.0356398,1.1025,0.90258716,0.07058072,-0.47616428]","[0.55,0.18,0.44]",,True
32,42,scene_00_no_obstacle,20260525,planner,apf,3074,"[-1.5708,-1.5708,1.5708,-1.5708,-1.5708,0]","[-3.2411051,-1.0356398,1.1025,0.90258716,0.07058072,-0.47616428]","[0.55,0.18,0.44]",,True
33,42,scene_00_no_obstacle,20260525,planner,apf,3075,"[-1.5708,-1.5708,1.5708,-1.5708,-1.5708,0]","[-3.2411051,-1.0356398,1.1025,0.90258716,0.07058072,-0.47616428]","[0.55,0.18,0.44]",,True
34,42,scene_00_no_obstacle,20260525,planner,apf,3076,"[-1.5708,-1.5708,1.5708,-1.5708,-1.5708,0]","[-3.2411051,-1.0356398,1.1025,0.90258716,0.07058072,-0.47616428]","[0.55,0.18,0.44]",,True
35,42,scene_00_no_obstacle,20260525,planner,apf,3077,"[-1.5708,-1.5708,1.5708,-1.5708,-1.5708,0]","[-3.2411051,-1.0356398,1.1025,0.90258716,0.07058072,-0.47616428]","[0.55,0.18,0.44]",,True
36,42,scene_00_no_obstacle,20260525,planner,apf,3078,"[-1.5708,-1.5708,1.5708,-1.5708,-1.5708,0]","[-3.2411051,-1.0356398,1.1025,0.90258716,0.07058072,-0.47616428]","[0.55,0.18,0.44]",,True
37,42,scene_00_no_obstacle,20260525,planner,apf,3079,"[-1.5708,-1.5708,1.5708,-1.5708,-1.5708,0]","[-3.2411051,-1.0356398,1.1025,0.90258716,0.07058072,-0.47616428]","[0.55,0.18,0.44]",,True
38,42,scene_00_no_obstacle,20260525,planner,apf,3080,"[-1.5708,-1.5708,1.5708,-1.5708,-1.5708,0]","[-3.2411051,-1.0356398,1.1025,0.90258716,0.07058072,-0.47616428]","[0.55,0.18,0.44]",,True
39,42,scene_00_no_obstacle,20260525,planner,apf,3081,"[-1.5708,-1.5708,1.5708,-1.5708,-1.5708,0]","[-3.2411051,-1.0356398,1.1025,0.90258716,0.07058072,-0.47616428]","[0.55,0.18,0.44]",,True
40,42,scene_00_no_obstacle,20260525,planner,apf,3082,"[-1.5708,-1.5708,1.5708,-1.5708,-1.5708,0]","[-3.2411051,-1.0356398,1.1025,0.90258716,0.07058072,-0.47616428]","[0.55,0.18,0.44]",,True
41,42,scene_00_no_obstacle,20260525,planner,apf,3083,"[-1.5708,-1.5708,1.5708,-1.5708,-1.5708,0]","[-3.2411051,-1.0356398,1.1025,0.90258716,0.07058072,-0.47616428]","[0.55,0.18,0.44]",,True
42,42,scene_00_no_obstacle,20260525,planner,apf,3084,"[-1.5708,-1.5708,1.5708,-1.5708,-1.5708,0]","[-3.2411051,-1.0356398,1.1025,0.90258716,0.07058072,-0.47616428]","[0.55,0.18,0.44]",,True
43,42,scene_00_no_obstacle,20260525,planner,apf,3085,"[-1.5708,-1.5708,1.5708,-1.5708,-1.5708,0]","[-3.2411051,-1.0356398,1.1025,0.90258716,0.07058072,-0.47616428]","[0.55,0.18,0.44]",,True
44,42,scene_00_no_obstacle,20260525,planner,apf,3086,"[-1.5708,-1.5708,1.5708,-1.5708,-1.5708,0]","[-3.2411051,-1.0356398,1.1025,0.90258716,0.07058072,-0.47616428]","[0.55,0.18,0.44]",,True
45,42,scene_00_no_obstacle,20260525,planner,apf,3087,"[-1.5708,-1.5708,1.5708,-1.5708,-1.5708,0]","[-3.2411051,-1.0356398,1.1025,0.90258716,0.07058072,-0.47616428]","[0.55,0.18,0.44]",,True
46,42,scene_00_no_obstacle,20260525,planner,apf,3088,"[-1.5708,-1.5708,1.5708,-1.5708,-1.5708,0]","[-3.2411051,-1.0356398,1.1025,0.90258716,0.07058072,-0.47616428]","[0.55,0.18,0.44]",,True
47,42,scene_00_no_obstacle,20260525,planner,apf,3089,"[-1.5708,-1.5708,1.5708,-1.5708,-1.5708,0]","[-3.2411051,-1.0356398,1.1025,0.90258716,0.07058072,-0.47616428]","[0.55,0.18,0.44]",,True
48,42,scene_00_no_obstacle,20260525,planner,apf,3090,"[-1.5708,-1.5708,1.5708,-1.5708,-1.5708,0]","[-3.2411051,-1.0356398,1.1025,0.90258716,0.07058072,-0.47616428]","[0.55,0.18,0.44]",,True
49,42,scene_00_no_obstacle,20260525,planner,apf,3091,"[-1.5708,-1.5708,1.5708,-1.5708,-1.5708,0]","[-3.2411051,-1.0356398,1.1025,0.90258716,0.07058072,-0.47616428]","[0.55,0.18,0.44]",,True
0,42,scene_01_single_box,20260526,planner,rrt,10042,"[-1.5708,-1.5708,1.5708,-1.5708,-1.5708,0]","[-3.1674122,-1.1011656,1.4081904,1.0357216,-0.19727183,-0.24138721]","[0.47,0.22,0.42]",,True
1,42,scene_01_single_box,20260526,planner,rrt,10043,"[-1.5708,-1.5708,1.5708,-1.5708,-1.5708,0]","[-3.1674122,-1.1011656,1.4081904,1.0357216,-0.19727183,-0.24138721]","[0.47,0.22,0.42]",,True
2,42,scene_01_single_box,20260526,planner,rrt,10044,"[-1.5708,-1.5708,1.5708,-1.5708,-1.5708,0]","[-3.1674122,-1.1011656,1.4081904,1.0357216,-0.19727183,-0.24138721]","[0.47,0.22,0.42]",,True
3,42,scene_01_single_box,20260526,planner,rrt,10045,"[-1.5708,-1.5708,1.5708,-1.5708,-1.5708,0]","[-3.1674122,-1.1011656,1.4081904,1.0357216,-0.19727183,-0.24138721]","[0.47,0.22,0.42]",,True
4,42,scene_01_single_box,20260526,planner,rrt,10046,"[-1.5708,-1.5708,1.5708,-1.5708,-1.5708,0]","[-3.1674122,-1.1011656,1.4081904,1.0357216,-0.19727183,-0.24138721]","[0.47,0.22,0.42]",,True
5,42,scene_01_single_box,20260526,planner,rrt,10047,"[-1.5708,-1.5708,1.5708,-1.5708,-1.5708,0]","[-3.1674122,-1.1011656,1.4081904,1.0357216,-0.19727183,-0.24138721]","[0.47,0.22,0.42]",,True
6,42,scene_01_single_box,20260526,planner,rrt,10048,"[-1.5708,-1.5708,1.5708,-1.5708,-1.5708,0]","[-3.1674122,-1.1011656,1.4081904,1.0357216,-0.19727183,-0.24138721]","[0.47,0.22,0.42]",,True
7,42,scene_01_single_box,20260526,planner,rrt,10049,"[-1.5708,-1.5708,1.5708,-1.5708,-1.5708,0]","[-3.1674122,-1.1011656,1.4081904,1.0357216,-0.19727183,-0.24138721]","[0.47,0.22,0.42]",,True
8,42,scene_01_single_box,20260526,planner,rrt,10050,"[-1.5708,-1.5708,1.5708,-1.5708,-1.5708,0]","[-3.1674122,-1.1011656,1.4081904,1.0357216,-0.19727183,-0.24138721]","[0.47,0.22,0.42]",,True
9,42,scene_01_single_box,20260526,planner,rrt,10051,"[-1.5708,-1.5708,1.5708,-1.5708,-1.5708,0]","[-3.1674122,-1.1011656,1.4081904,1.0357216,-0.19727183,-0.24138721]","[0.47,0.22,0.42]",,True
10,42,scene_01_single_box,20260526,planner,rrt,10052,"[-1.5708,-1.5708,1.5708,-1.5708,-1.5708,0]","[-3.1674122,-1.1011656,1.4081904,1.0357216,-0.19727183,-0.24138721]","[0.47,0.22,0.42]",,True
11,42,scene_01_single_box,20260526,planner,rrt,10053,"[-1.5708,-1.5708,1.5708,-1.5708,-1.5708,0]","[-3.1674122,-1.1011656,1.4081904,1.0357216,-0.19727183,-0.24138721]","[0.47,0.22,0.42]",,True
12,42,scene_01_single_box,20260526,planner,rrt,10054,"[-1.5708,-1.5708,1.5708,-1.5708,-1.5708,0]","[-3.1674122,-1.1011656,1.4081904,1.0357216,-0.19727183,-0.24138721]","[0.47,0.22,0.42]",,True
13,42,scene_01_single_box,20260526,planner,rrt,10055,"[-1.5708,-1.5708,1.5708,-1.5708,-1.5708,0]","[-3.1674122,-1.1011656,1.4081904,1.0357216,-0.19727183,-0.24138721]","[0.47,0.22,0.42]",,True
14,42,scene_01_single_box,20260526,planner,rrt,10056,"[-1.5708,-1.5708,1.5708,-1.5708,-1.5708,0]","[-3.1674122,-1.1011656,1.4081904,1.0357216,-0.19727183,-0.24138721]","[0.47,0.22,0.42]",,True
15,42,scene_01_single_box,20260526,planner,rrt,10057,"[-1.5708,-1.5708,1.5708,-1.5708,-1.5708,0]","[-3.1674122,-1.1011656,1.4081904,1.0357216,-0.19727183,-0.24138721]","[0.47,0.22,0.42]",,True
16,42,scene_01_single_box,20260526,planner,rrt,10058,"[-1.5708,-1.5708,1.5708,-1.5708,-1.5708,0]","[-3.1674122,-1.1011656,1.4081904,1.0357216,-0.19727183,-0.24138721]","[0.47,0.22,0.42]",,True
17,42,scene_01_single_box,20260526,planner,rrt,10059,"[-1.5708,-1.5708,1.5708,-1.5708,-1.5708,0]","[-3.1674122,-1.1011656,1.4081904,1.0357216,-0.19727183,-0.24138721]","[0.47,0.22,0.42]",,True
18,42,scene_01_single_box,20260526,planner,rrt,10060,"[-1.5708,-1.5708,1.5708,-1.5708,-1.5708,0]","[-3.1674122,-1.1011656,1.4081904,1.0357216,-0.19727183,-0.24138721]","[0.47,0.22,0.42]",,True
19,42,scene_01_single_box,20260526,planner,rrt,10061,"[-1.5708,-1.5708,1.5708,-1.5708,-1.5708,0]","[-3.1674122,-1.1011656,1.4081904,1.0357216,-0.19727183,-0.24138721]","[0.47,0.22,0.42]",,True
20,42,scene_01_single_box,20260526,planner,rrt,10062,"[-1.5708,-1.5708,1.5708,-1.5708,-1.5708,0]","[-3.1674122,-1.1011656,1.4081904,1.0357216,-0.19727183,-0.24138721]","[0.47,0.22,0.42]",,True
21,42,scene_01_single_box,20260526,planner,rrt,10063,"[-1.5708,-1.5708,1.5708,-1.5708,-1.5708,0]","[-3.1674122,-1.1011656,1.4081904,1.0357216,-0.19727183,-0.24138721]","[0.47,0.22,0.42]",,True
22,42,scene_01_single_box,20260526,planner,rrt,10064,"[-1.5708,-1.5708,1.5708,-1.5708,-1.5708,0]","[-3.1674122,-1.1011656,1.4081904,1.0357216,-0.19727183,-0.24138721]","[0.47,0.22,0.42]",,True
23,42,scene_01_single_box,20260526,planner,rrt,10065,"[-1.5708,-1.5708,1.5708,-1.5708,-1.5708,0]","[-3.1674122,-1.1011656,1.4081904,1.0357216,-0.19727183,-0.24138721]","[0.47,0.22,0.42]",,True
24,42,scene_01_single_box,20260526,planner,rrt,10066,"[-1.5708,-1.5708,1.5708,-1.5708,-1.5708,0]","[-3.1674122,-1.1011656,1.4081904,1.0357216,-0.19727183,-0.24138721]","[0.47,0.22,0.42]",,True
25,42,scene_01_single_box,20260526,planner,rrt,10067,"[-1.5708,-1.5708,1.5708,-1.5708,-1.5708,0]","[-3.1674122,-1.1011656,1.4081904,1.0357216,-0.19727183,-0.24138721]","[0.47,0.22,0.42]",,True
26,42,scene_01_single_box,20260526,planner,rrt,10068,"[-1.5708,-1.5708,1.5708,-1.5708,-1.5708,0]","[-3.1674122,-1.1011656,1.4081904,1.0357216,-0.19727183,-0.24138721]","[0.47,0.22,0.42]",,True
27,42,scene_01_single_box,20260526,planner,rrt,10069,"[-1.5708,-1.5708,1.5708,-1.5708,-1.5708,0]","[-3.1674122,-1.1011656,1.4081904,1.0357216,-0.19727183,-0.24138721]","[0.47,0.22,0.42]",,True
28,42,scene_01_single_box,20260526,planner,rrt,10070,"[-1.5708,-1.5708,1.5708,-1.5708,-1.5708,0]","[-3.1674122,-1.1011656,1.4081904,1.0357216,-0.19727183,-0.24138721]","[0.47,0.22,0.42]",,True
29,42,scene_01_single_box,20260526,planner,rrt,10071,"[-1.5708,-1.5708,1.5708,-1.5708,-1.5708,0]","[-3.1674122,-1.1011656,1.4081904,1.0357216,-0.19727183,-0.24138721]","[0.47,0.22,0.42]",,True
30,42,scene_01_single_box,20260526,planner,rrt,10072,"[-1.5708,-1.5708,1.5708,-1.5708,-1.5708,0]","[-3.1674122,-1.1011656,1.4081904,1.0357216,-0.19727183,-0.24138721]","[0.47,0.22,0.42]",,True
31,42,scene_01_single_box,20260526,planner,rrt,10073,"[-1.5708,-1.5708,1.5708,-1.5708,-1.5708,0]","[-3.1674122,-1.1011656,1.4081904,1.0357216,-0.19727183,-0.24138721]","[0.47,0.22,0.42]",,True
32,42,scene_01_single_box,20260526,planner,rrt,10074,"[-1.5708,-1.5708,1.5708,-1.5708,-1.5708,0]","[-3.1674122,-1.1011656,1.4081904,1.0357216,-0.19727183,-0.24138721]","[0.47,0.22,0.42]",,True
33,42,scene_01_single_box,20260526,planner,rrt,10075,"[-1.5708,-1.5708,1.5708,-1.5708,-1.5708,0]","[-3.1674122,-1.1011656,1.4081904,1.0357216,-0.19727183,-0.24138721]","[0.47,0.22,0.42]",,True
34,42,scene_01_single_box,20260526,planner,rrt,10076,"[-1.5708,-1.5708,1.5708,-1.5708,-1.5708,0]","[-3.1674122,-1.1011656,1.4081904,1.0357216,-0.19727183,-0.24138721]","[0.47,0.22,0.42]",,True
35,42,scene_01_single_box,20260526,planner,rrt,10077,"[-1.5708,-1.5708,1.5708,-1.5708,-1.5708,0]","[-3.1674122,-1.1011656,1.4081904,1.0357216,-0.19727183,-0.24138721]","[0.47,0.22,0.42]",,True
36,42,scene_01_single_box,20260526,planner,rrt,10078,"[-1.5708,-1.5708,1.5708,-1.5708,-1.5708,0]","[-3.1674122,-1.1011656,1.4081904,1.0357216,-0.19727183,-0.24138721]","[0.47,0.22,0.42]",,True
37,42,scene_01_single_box,20260526,planner,rrt,10079,"[-1.5708,-1.5708,1.5708,-1.5708,-1.5708,0]","[-3.1674122,-1.1011656,1.4081904,1.0357216,-0.19727183,-0.24138721]","[0.47,0.22,0.42]",,True
38,42,scene_01_single_box,20260526,planner,rrt,10080,"[-1.5708,-1.5708,1.5708,-1.5708,-1.5708,0]","[-3.1674122,-1.1011656,1.4081904,1.0357216,-0.19727183,-0.24138721]","[0.47,0.22,0.42]",,True
39,42,scene_01_single_box,20260526,planner,rrt,10081,"[-1.5708,-1.5708,1.5708,-1.5708,-1.5708,0]","[-3.1674122,-1.1011656,1.4081904,1.0357216,-0.19727183,-0.24138721]","[0.47,0.22,0.42]",,True
40,42,scene_01_single_box,20260526,planner,rrt,10082,"[-1.5708,-1.5708,1.5708,-1.5708,-1.5708,0]","[-3.1674122,-1.1011656,1.4081904,1.0357216,-0.19727183,-0.24138721]","[0.47,0.22,0.42]",,True
41,42,scene_01_single_box,20260526,planner,rrt,10083,"[-1.5708,-1.5708,1.5708,-1.5708,-1.5708,0]","[-3.1674122,-1.1011656,1.4081904,1.0357216,-0.19727183,-0.24138721]","[0.47,0.22,0.42]",,True
42,42,scene_01_single_box,20260526,planner,rrt,10084,"[-1.5708,-1.5708,1.5708,-1.5708,-1.5708,0]","[-3.1674122,-1.1011656,1.4081904,1.0357216,-0.19727183,-0.24138721]","[0.47,0.22,0.42]",,True
43,42,scene_01_single_box,20260526,planner,rrt,10085,"[-1.5708,-1.5708,1.5708,-1.5708,-1.5708,0]","[-3.1674122,-1.1011656,1.4081904,1.0357216,-0.19727183,-0.24138721]","[0.47,0.22,0.42]",,True
44,42,scene_01_single_box,20260526,planner,rrt,10086,"[-1.5708,-1.5708,1.5708,-1.5708,-1.5708,0]","[-3.1674122,-1.1011656,1.4081904,1.0357216,-0.19727183,-0.24138721]","[0.47,0.22,0.42]",,True
45,42,scene_01_single_box,20260526,planner,rrt,10087,"[-1.5708,-1.5708,1.5708,-1.5708,-1.5708,0]","[-3.1674122,-1.1011656,1.4081904,1.0357216,-0.19727183,-0.24138721]","[0.47,0.22,0.42]",,True
46,42,scene_01_single_box,20260526,planner,rrt,10088,"[-1.5708,-1.5708,1.5708,-1.5708,-1.5708,0]","[-3.1674122,-1.1011656,1.4081904,1.0357216,-0.19727183,-0.24138721]","[0.47,0.22,0.42]",,True
47,42,scene_01_single_box,20260526,planner,rrt,10089,"[-1.5708,-1.5708,1.5708,-1.5708,-1.5708,0]","[-3.1674122,-1.1011656,1.4081904,1.0357216,-0.19727183,-0.24138721]","[0.47,0.22,0.42]",,True
48,42,scene_01_single_box,20260526,planner,rrt,10090,"[-1.5708,-1.5708,1.5708,-1.5708,-1.5708,0]","[-3.1674122,-1.1011656,1.4081904,1.0357216,-0.19727183,-0.24138721]","[0.47,0.22,0.42]",,True
49,42,scene_01_single_box,20260526,planner,rrt,10091,"[-1.5708,-1.5708,1.5708,-1.5708,-1.5708,0]","[-3.1674122,-1.1011656,1.4081904,1.0357216,-0.19727183,-0.24138721]","[0.47,0.22,0.42]",,True
0,42,scene_01_single_box,20260526,planner,rrt_connect,11042,"[-1.5708,-1.5708,1.5708,-1.5708,-1.5708,0]","[-3.1674122,-1.1011656,1.4081904,1.0357216,-0.19727183,-0.24138721]","[0.47,0.22,0.42]",,True
1,42,scene_01_single_box,20260526,planner,rrt_connect,11043,"[-1.5708,-1.5708,1.5708,-1.5708,-1.5708,0]","[-3.1674122,-1.1011656,1.4081904,1.0357216,-0.19727183,-0.24138721]","[0.47,0.22,0.42]",,True
2,42,scene_01_single_box,20260526,planner,rrt_connect,11044,"[-1.5708,-1.5708,1.5708,-1.5708,-1.5708,0]","[-3.1674122,-1.1011656,1.4081904,1.0357216,-0.19727183,-0.24138721]","[0.47,0.22,0.42]",,True
3,42,scene_01_single_box,20260526,planner,rrt_connect,11045,"[-1.5708,-1.5708,1.5708,-1.5708,-1.5708,0]","[-3.1674122,-1.1011656,1.4081904,1.0357216,-0.19727183,-0.24138721]","[0.47,0.22,0.42]",,True
4,42,scene_01_single_box,20260526,planner,rrt_connect,11046,"[-1.5708,-1.5708,1.5708,-1.5708,-1.5708,0]","[-3.1674122,-1.1011656,1.4081904,1.0357216,-0.19727183,-0.24138721]","[0.47,0.22,0.42]",,True
5,42,scene_01_single_box,20260526,planner,rrt_connect,11047,"[-1.5708,-1.5708,1.5708,-1.5708,-1.5708,0]","[-3.1674122,-1.1011656,1.4081904,1.0357216,-0.19727183,-0.24138721]","[0.47,0.22,0.42]",,True
6,42,scene_01_single_box,20260526,planner,rrt_connect,11048,"[-1.5708,-1.5708,1.5708,-1.5708,-1.5708,0]","[-3.1674122,-1.1011656,1.4081904,1.0357216,-0.19727183,-0.24138721]","[0.47,0.22,0.42]",,True
7,42,scene_01_single_box,20260526,planner,rrt_connect,11049,"[-1.5708,-1.5708,1.5708,-1.5708,-1.5708,0]","[-3.1674122,-1.1011656,1.4081904,1.0357216,-0.19727183,-0.24138721]","[0.47,0.22,0.42]",,True
8,42,scene_01_single_box,20260526,planner,rrt_connect,11050,"[-1.5708,-1.5708,1.5708,-1.5708,-1.5708,0]","[-3.1674122,-1.1011656,1.4081904,1.0357216,-0.19727183,-0.24138721]","[0.47,0.22,0.42]",,True
9,42,scene_01_single_box,20260526,planner,rrt_connect,11051,"[-1.5708,-1.5708,1.5708,-1.5708,-1.5708,0]","[-3.1674122,-1.1011656,1.4081904,1.0357216,-0.19727183,-0.24138721]","[0.47,0.22,0.42]",,True
10,42,scene_01_single_box,20260526,planner,rrt_connect,11052,"[-1.5708,-1.5708,1.5708,-1.5708,-1.5708,0]","[-3.1674122,-1.1011656,1.4081904,1.0357216,-0.19727183,-0.24138721]","[0.47,0.22,0.42]",,True
11,42,scene_01_single_box,20260526,planner,rrt_connect,11053,"[-1.5708,-1.5708,1.5708,-1.5708,-1.5708,0]","[-3.1674122,-1.1011656,1.4081904,1.0357216,-0.19727183,-0.24138721]","[0.47,0.22,0.42]",,True
12,42,scene_01_single_box,20260526,planner,rrt_connect,11054,"[-1.5708,-1.5708,1.5708,-1.5708,-1.5708,0]","[-3.1674122,-1.1011656,1.4081904,1.0357216,-0.19727183,-0.24138721]","[0.47,0.22,0.42]",,True
13,42,scene_01_single_box,20260526,planner,rrt_connect,11055,"[-1.5708,-1.5708,1.5708,-1.5708,-1.5708,0]","[-3.1674122,-1.1011656,1.4081904,1.0357216,-0.19727183,-0.24138721]","[0.47,0.22,0.42]",,True
14,42,scene_01_single_box,20260526,planner,rrt_connect,11056,"[-1.5708,-1.5708,1.5708,-1.5708,-1.5708,0]","[-3.1674122,-1.1011656,1.4081904,1.0357216,-0.19727183,-0.24138721]","[0.47,0.22,0.42]",,True
15,42,scene_01_single_box,20260526,planner,rrt_connect,11057,"[-1.5708,-1.5708,1.5708,-1.5708,-1.5708,0]","[-3.1674122,-1.1011656,1.4081904,1.0357216,-0.19727183,-0.24138721]","[0.47,0.22,0.42]",,True
16,42,scene_01_single_box,20260526,planner,rrt_connect,11058,"[-1.5708,-1.5708,1.5708,-1.5708,-1.5708,0]","[-3.1674122,-1.1011656,1.4081904,1.0357216,-0.19727183,-0.24138721]","[0.47,0.22,0.42]",,True
17,42,scene_01_single_box,20260526,planner,rrt_connect,11059,"[-1.5708,-1.5708,1.5708,-1.5708,-1.5708,0]","[-3.1674122,-1.1011656,1.4081904,1.0357216,-0.19727183,-0.24138721]","[0.47,0.22,0.42]",,True
18,42,scene_01_single_box,20260526,planner,rrt_connect,11060,"[-1.5708,-1.5708,1.5708,-1.5708,-1.5708,0]","[-3.1674122,-1.1011656,1.4081904,1.0357216,-0.19727183,-0.24138721]","[0.47,0.22,0.42]",,True
19,42,scene_01_single_box,20260526,planner,rrt_connect,11061,"[-1.5708,-1.5708,1.5708,-1.5708,-1.5708,0]","[-3.1674122,-1.1011656,1.4081904,1.0357216,-0.19727183,-0.24138721]","[0.47,0.22,0.42]",,True
20,42,scene_01_single_box,20260526,planner,rrt_connect,11062,"[-1.5708,-1.5708,1.5708,-1.5708,-1.5708,0]","[-3.1674122,-1.1011656,1.4081904,1.0357216,-0.19727183,-0.24138721]","[0.47,0.22,0.42]",,True
21,42,scene_01_single_box,20260526,planner,rrt_connect,11063,"[-1.5708,-1.5708,1.5708,-1.5708,-1.5708,0]","[-3.1674122,-1.1011656,1.4081904,1.0357216,-0.19727183,-0.24138721]","[0.47,0.22,0.42]",,True
22,42,scene_01_single_box,20260526,planner,rrt_connect,11064,"[-1.5708,-1.5708,1.5708,-1.5708,-1.5708,0]","[-3.1674122,-1.1011656,1.4081904,1.0357216,-0.19727183,-0.24138721]","[0.47,0.22,0.42]",,True
23,42,scene_01_single_box,20260526,planner,rrt_connect,11065,"[-1.5708,-1.5708,1.5708,-1.5708,-1.5708,0]","[-3.1674122,-1.1011656,1.4081904,1.0357216,-0.19727183,-0.24138721]","[0.47,0.22,0.42]",,True
24,42,scene_01_single_box,20260526,planner,rrt_connect,11066,"[-1.5708,-1.5708,1.5708,-1.5708,-1.5708,0]","[-3.1674122,-1.1011656,1.4081904,1.0357216,-0.19727183,-0.24138721]","[0.47,0.22,0.42]",,True
25,42,scene_01_single_box,20260526,planner,rrt_connect,11067,"[-1.5708,-1.5708,1.5708,-1.5708,-1.5708,0]","[-3.1674122,-1.1011656,1.4081904,1.0357216,-0.19727183,-0.24138721]","[0.47,0.22,0.42]",,True
26,42,scene_01_single_box,20260526,planner,rrt_connect,11068,"[-1.5708,-1.5708,1.5708,-1.5708,-1.5708,0]","[-3.1674122,-1.1011656,1.4081904,1.0357216,-0.19727183,-0.24138721]","[0.47,0.22,0.42]",,True
27,42,scene_01_single_box,20260526,planner,rrt_connect,11069,"[-1.5708,-1.5708,1.5708,-1.5708,-1.5708,0]","[-3.1674122,-1.1011656,1.4081904,1.0357216,-0.19727183,-0.24138721]","[0.47,0.22,0.42]",,True
28,42,scene_01_single_box,20260526,planner,rrt_connect,11070,"[-1.5708,-1.5708,1.5708,-1.5708,-1.5708,0]","[-3.1674122,-1.1011656,1.4081904,1.0357216,-0.19727183,-0.24138721]","[0.47,0.22,0.42]",,True
29,42,scene_01_single_box,20260526,planner,rrt_connect,11071,"[-1.5708,-1.5708,1.5708,-1.5708,-1.5708,0]","[-3.1674122,-1.1011656,1.4081904,1.0357216,-0.19727183,-0.24138721]","[0.47,0.22,0.42]",,True
30,42,scene_01_single_box,20260526,planner,rrt_connect,11072,"[-1.5708,-1.5708,1.5708,-1.5708,-1.5708,0]","[-3.1674122,-1.1011656,1.4081904,1.0357216,-0.19727183,-0.24138721]","[0.47,0.22,0.42]",,True
31,42,scene_01_single_box,20260526,planner,rrt_connect,11073,"[-1.5708,-1.5708,1.5708,-1.5708,-1.5708,0]","[-3.1674122,-1.1011656,1.4081904,1.0357216,-0.19727183,-0.24138721]","[0.47,0.22,0.42]",,True
32,42,scene_01_single_box,20260526,planner,rrt_connect,11074,"[-1.5708,-1.5708,1.5708,-1.5708,-1.5708,0]","[-3.1674122,-1.1011656,1.4081904,1.0357216,-0.19727183,-0.24138721]","[0.47,0.22,0.42]",,True
33,42,scene_01_single_box,20260526,planner,rrt_connect,11075,"[-1.5708,-1.5708,1.5708,-1.5708,-1.5708,0]","[-3.1674122,-1.1011656,1.4081904,1.0357216,-0.19727183,-0.24138721]","[0.47,0.22,0.42]",,True
34,42,scene_01_single_box,20260526,planner,rrt_connect,11076,"[-1.5708,-1.5708,1.5708,-1.5708,-1.5708,0]","[-3.1674122,-1.1011656,1.4081904,1.0357216,-0.19727183,-0.24138721]","[0.47,0.22,0.42]",,True
35,42,scene_01_single_box,20260526,planner,rrt_connect,11077,"[-1.5708,-1.5708,1.5708,-1.5708,-1.5708,0]","[-3.1674122,-1.1011656,1.4081904,1.0357216,-0.19727183,-0.24138721]","[0.47,0.22,0.42]",,True
36,42,scene_01_single_box,20260526,planner,rrt_connect,11078,"[-1.5708,-1.5708,1.5708,-1.5708,-1.5708,0]","[-3.1674122,-1.1011656,1.4081904,1.0357216,-0.19727183,-0.24138721]","[0.47,0.22,0.42]",,True
37,42,scene_01_single_box,20260526,planner,rrt_connect,11079,"[-1.5708,-1.5708,1.5708,-1.5708,-1.5708,0]","[-3.1674122,-1.1011656,1.4081904,1.0357216,-0.19727183,-0.24138721]","[0.47,0.22,0.42]",,True
38,42,scene_01_single_box,20260526,planner,rrt_connect,11080,"[-1.5708,-1.5708,1.5708,-1.5708,-1.5708,0]","[-3.1674122,-1.1011656,1.4081904,1.0357216,-0.19727183,-0.24138721]","[0.47,0.22,0.42]",,True
39,42,scene_01_single_box,20260526,planner,rrt_connect,11081,"[-1.5708,-1.5708,1.5708,-1.5708,-1.5708,0]","[-3.1674122,-1.1011656,1.4081904,1.0357216,-0.19727183,-0.24138721]","[0.47,0.22,0.42]",,True
40,42,scene_01_single_box,20260526,planner,rrt_connect,11082,"[-1.5708,-1.5708,1.5708,-1.5708,-1.5708,0]","[-3.1674122,-1.1011656,1.4081904,1.0357216,-0.19727183,-0.24138721]","[0.47,0.22,0.42]",,True
41,42,scene_01_single_box,20260526,planner,rrt_connect,11083,"[-1.5708,-1.5708,1.5708,-1.5708,-1.5708,0]","[-3.1674122,-1.1011656,1.4081904,1.0357216,-0.19727183,-0.24138721]","[0.47,0.22,0.42]",,True
42,42,scene_01_single_box,20260526,planner,rrt_connect,11084,"[-1.5708,-1.5708,1.5708,-1.5708,-1.5708,0]","[-3.1674122,-1.1011656,1.4081904,1.0357216,-0.19727183,-0.24138721]","[0.47,0.22,0.42]",,True
43,42,scene_01_single_box,20260526,planner,rrt_connect,11085,"[-1.5708,-1.5708,1.5708,-1.5708,-1.5708,0]","[-3.1674122,-1.1011656,1.4081904,1.0357216,-0.19727183,-0.24138721]","[0.47,0.22,0.42]",,True
44,42,scene_01_single_box,20260526,planner,rrt_connect,11086,"[-1.5708,-1.5708,1.5708,-1.5708,-1.5708,0]","[-3.1674122,-1.1011656,1.4081904,1.0357216,-0.19727183,-0.24138721]","[0.47,0.22,0.42]",,True
45,42,scene_01_single_box,20260526,planner,rrt_connect,11087,"[-1.5708,-1.5708,1.5708,-1.5708,-1.5708,0]","[-3.1674122,-1.1011656,1.4081904,1.0357216,-0.19727183,-0.24138721]","[0.47,0.22,0.42]",,True
46,42,scene_01_single_box,20260526,planner,rrt_connect,11088,"[-1.5708,-1.5708,1.5708,-1.5708,-1.5708,0]","[-3.1674122,-1.1011656,1.4081904,1.0357216,-0.19727183,-0.24138721]","[0.47,0.22,0.42]",,True
47,42,scene_01_single_box,20260526,planner,rrt_connect,11089,"[-1.5708,-1.5708,1.5708,-1.5708,-1.5708,0]","[-3.1674122,-1.1011656,1.4081904,1.0357216,-0.19727183,-0.24138721]","[0.47,0.22,0.42]",,True
48,42,scene_01_single_box,20260526,planner,rrt_connect,11090,"[-1.5708,-1.5708,1.5708,-1.5708,-1.5708,0]","[-3.1674122,-1.1011656,1.4081904,1.0357216,-0.19727183,-0.24138721]","[0.47,0.22,0.42]",,True
49,42,scene_01_single_box,20260526,planner,rrt_connect,11091,"[-1.5708,-1.5708,1.5708,-1.5708,-1.5708,0]","[-3.1674122,-1.1011656,1.4081904,1.0357216,-0.19727183,-0.24138721]","[0.47,0.22,0.42]",,True
0,42,scene_01_single_box,20260526,planner,prm,12042,"[-1.5708,-1.5708,1.5708,-1.5708,-1.5708,0]","[-3.1674122,-1.1011656,1.4081904,1.0357216,-0.19727183,-0.24138721]","[0.47,0.22,0.42]",,True
1,42,scene_01_single_box,20260526,planner,prm,12043,"[-1.5708,-1.5708,1.5708,-1.5708,-1.5708,0]","[-3.1674122,-1.1011656,1.4081904,1.0357216,-0.19727183,-0.24138721]","[0.47,0.22,0.42]",,True
2,42,scene_01_single_box,20260526,planner,prm,12044,"[-1.5708,-1.5708,1.5708,-1.5708,-1.5708,0]","[-3.1674122,-1.1011656,1.4081904,1.0357216,-0.19727183,-0.24138721]","[0.47,0.22,0.42]",,True
3,42,scene_01_single_box,20260526,planner,prm,12045,"[-1.5708,-1.5708,1.5708,-1.5708,-1.5708,0]","[-3.1674122,-1.1011656,1.4081904,1.0357216,-0.19727183,-0.24138721]","[0.47,0.22,0.42]",,True
4,42,scene_01_single_box,20260526,planner,prm,12046,"[-1.5708,-1.5708,1.5708,-1.5708,-1.5708,0]","[-3.1674122,-1.1011656,1.4081904,1.0357216,-0.19727183,-0.24138721]","[0.47,0.22,0.42]",,True
5,42,scene_01_single_box,20260526,planner,prm,12047,"[-1.5708,-1.5708,1.5708,-1.5708,-1.5708,0]","[-3.1674122,-1.1011656,1.4081904,1.0357216,-0.19727183,-0.24138721]","[0.47,0.22,0.42]",,True
6,42,scene_01_single_box,20260526,planner,prm,12048,"[-1.5708,-1.5708,1.5708,-1.5708,-1.5708,0]","[-3.1674122,-1.1011656,1.4081904,1.0357216,-0.19727183,-0.24138721]","[0.47,0.22,0.42]",,True
7,42,scene_01_single_box,20260526,planner,prm,12049,"[-1.5708,-1.5708,1.5708,-1.5708,-1.5708,0]","[-3.1674122,-1.1011656,1.4081904,1.0357216,-0.19727183,-0.24138721]","[0.47,0.22,0.42]",,True
8,42,scene_01_single_box,20260526,planner,prm,12050,"[-1.5708,-1.5708,1.5708,-1.5708,-1.5708,0]","[-3.1674122,-1.1011656,1.4081904,1.0357216,-0.19727183,-0.24138721]","[0.47,0.22,0.42]",,True
9,42,scene_01_single_box,20260526,planner,prm,12051,"[-1.5708,-1.5708,1.5708,-1.5708,-1.5708,0]","[-3.1674122,-1.1011656,1.4081904,1.0357216,-0.19727183,-0.24138721]","[0.47,0.22,0.42]",,True
10,42,scene_01_single_box,20260526,planner,prm,12052,"[-1.5708,-1.5708,1.5708,-1.5708,-1.5708,0]","[-3.1674122,-1.1011656,1.4081904,1.0357216,-0.19727183,-0.24138721]","[0.47,0.22,0.42]",,True
11,42,scene_01_single_box,20260526,planner,prm,12053,"[-1.5708,-1.5708,1.5708,-1.5708,-1.5708,0]","[-3.1674122,-1.1011656,1.4081904,1.0357216,-0.19727183,-0.24138721]","[0.47,0.22,0.42]",,True
12,42,scene_01_single_box,20260526,planner,prm,12054,"[-1.5708,-1.5708,1.5708,-1.5708,-1.5708,0]","[-3.1674122,-1.1011656,1.4081904,1.0357216,-0.19727183,-0.24138721]","[0.47,0.22,0.42]",,True
13,42,scene_01_single_box,20260526,planner,prm,12055,"[-1.5708,-1.5708,1.5708,-1.5708,-1.5708,0]","[-3.1674122,-1.1011656,1.4081904,1.0357216,-0.19727183,-0.24138721]","[0.47,0.22,0.42]",,True
14,42,scene_01_single_box,20260526,planner,prm,12056,"[-1.5708,-1.5708,1.5708,-1.5708,-1.5708,0]","[-3.1674122,-1.1011656,1.4081904,1.0357216,-0.19727183,-0.24138721]","[0.47,0.22,0.42]",,True
15,42,scene_01_single_box,20260526,planner,prm,12057,"[-1.5708,-1.5708,1.5708,-1.5708,-1.5708,0]","[-3.1674122,-1.1011656,1.4081904,1.0357216,-0.19727183,-0.24138721]","[0.47,0.22,0.42]",,True
16,42,scene_01_single_box,20260526,planner,prm,12058,"[-1.5708,-1.5708,1.5708,-1.5708,-1.5708,0]","[-3.1674122,-1.1011656,1.4081904,1.0357216,-0.19727183,-0.24138721]","[0.47,0.22,0.42]",,True
17,42,scene_01_single_box,20260526,planner,prm,12059,"[-1.5708,-1.5708,1.5708,-1.5708,-1.5708,0]","[-3.1674122,-1.1011656,1.4081904,1.0357216,-0.19727183,-0.24138721]","[0.47,0.22,0.42]",,True
18,42,scene_01_single_box,20260526,planner,prm,12060,"[-1.5708,-1.5708,1.5708,-1.5708,-1.5708,0]","[-3.1674122,-1.1011656,1.4081904,1.0357216,-0.19727183,-0.24138721]","[0.47,0.22,0.42]",,True
19,42,scene_01_single_box,20260526,planner,prm,12061,"[-1.5708,-1.5708,1.5708,-1.5708,-1.5708,0]","[-3.1674122,-1.1011656,1.4081904,1.0357216,-0.19727183,-0.24138721]","[0.47,0.22,0.42]",,True
20,42,scene_01_single_box,20260526,planner,prm,12062,"[-1.5708,-1.5708,1.5708,-1.5708,-1.5708,0]","[-3.1674122,-1.1011656,1.4081904,1.0357216,-0.19727183,-0.24138721]","[0.47,0.22,0.42]",,True
21,42,scene_01_single_box,20260526,planner,prm,12063,"[-1.5708,-1.5708,1.5708,-1.5708,-1.5708,0]","[-3.1674122,-1.1011656,1.4081904,1.0357216,-0.19727183,-0.24138721]","[0.47,0.22,0.42]",,True
22,42,scene_01_single_box,20260526,planner,prm,12064,"[-1.5708,-1.5708,1.5708,-1.5708,-1.5708,0]","[-3.1674122,-1.1011656,1.4081904,1.0357216,-0.19727183,-0.24138721]","[0.47,0.22,0.42]",,True
23,42,scene_01_single_box,20260526,planner,prm,12065,"[-1.5708,-1.5708,1.5708,-1.5708,-1.5708,0]","[-3.1674122,-1.1011656,1.4081904,1.0357216,-0.19727183,-0.24138721]","[0.47,0.22,0.42]",,True
24,42,scene_01_single_box,20260526,planner,prm,12066,"[-1.5708,-1.5708,1.5708,-1.5708,-1.5708,0]","[-3.1674122,-1.1011656,1.4081904,1.0357216,-0.19727183,-0.24138721]","[0.47,0.22,0.42]",,True
25,42,scene_01_single_box,20260526,planner,prm,12067,"[-1.5708,-1.5708,1.5708,-1.5708,-1.5708,0]","[-3.1674122,-1.1011656,1.4081904,1.0357216,-0.19727183,-0.24138721]","[0.47,0.22,0.42]",,True
26,42,scene_01_single_box,20260526,planner,prm,12068,"[-1.5708,-1.5708,1.5708,-1.5708,-1.5708,0]","[-3.1674122,-1.1011656,1.4081904,1.0357216,-0.19727183,-0.24138721]","[0.47,0.22,0.42]",,True
27,42,scene_01_single_box,20260526,planner,prm,12069,"[-1.5708,-1.5708,1.5708,-1.5708,-1.5708,0]","[-3.1674122,-1.1011656,1.4081904,1.0357216,-0.19727183,-0.24138721]","[0.47,0.22,0.42]",,True
28,42,scene_01_single_box,20260526,planner,prm,12070,"[-1.5708,-1.5708,1.5708,-1.5708,-1.5708,0]","[-3.1674122,-1.1011656,1.4081904,1.0357216,-0.19727183,-0.24138721]","[0.47,0.22,0.42]",,True
29,42,scene_01_single_box,20260526,planner,prm,12071,"[-1.5708,-1.5708,1.5708,-1.5708,-1.5708,0]","[-3.1674122,-1.1011656,1.4081904,1.0357216,-0.19727183,-0.24138721]","[0.47,0.22,0.42]",,True
30,42,scene_01_single_box,20260526,planner,prm,12072,"[-1.5708,-1.5708,1.5708,-1.5708,-1.5708,0]","[-3.1674122,-1.1011656,1.4081904,1.0357216,-0.19727183,-0.24138721]","[0.47,0.22,0.42]",,True
31,42,scene_01_single_box,20260526,planner,prm,12073,"[-1.5708,-1.5708,1.5708,-1.5708,-1.5708,0]","[-3.1674122,-1.1011656,1.4081904,1.0357216,-0.19727183,-0.24138721]","[0.47,0.22,0.42]",,True
32,42,scene_01_single_box,20260526,planner,prm,12074,"[-1.5708,-1.5708,1.5708,-1.5708,-1.5708,0]","[-3.1674122,-1.1011656,1.4081904,1.0357216,-0.19727183,-0.24138721]","[0.47,0.22,0.42]",,True
33,42,scene_01_single_box,20260526,planner,prm,12075,"[-1.5708,-1.5708,1.5708,-1.5708,-1.5708,0]","[-3.1674122,-1.1011656,1.4081904,1.0357216,-0.19727183,-0.24138721]","[0.47,0.22,0.42]",,True
34,42,scene_01_single_box,20260526,planner,prm,12076,"[-1.5708,-1.5708,1.5708,-1.5708,-1.5708,0]","[-3.1674122,-1.1011656,1.4081904,1.0357216,-0.19727183,-0.24138721]","[0.47,0.22,0.42]",,True
35,42,scene_01_single_box,20260526,planner,prm,12077,"[-1.5708,-1.5708,1.5708,-1.5708,-1.5708,0]","[-3.1674122,-1.1011656,1.4081904,1.0357216,-0.19727183,-0.24138721]","[0.47,0.22,0.42]",,True
36,42,scene_01_single_box,20260526,planner,prm,12078,"[-1.5708,-1.5708,1.5708,-1.5708,-1.5708,0]","[-3.1674122,-1.1011656,1.4081904,1.0357216,-0.19727183,-0.24138721]","[0.47,0.22,0.42]",,True
37,42,scene_01_single_box,20260526,planner,prm,12079,"[-1.5708,-1.5708,1.5708,-1.5708,-1.5708,0]","[-3.1674122,-1.1011656,1.4081904,1.0357216,-0.19727183,-0.24138721]","[0.47,0.22,0.42]",,True
38,42,scene_01_single_box,20260526,planner,prm,12080,"[-1.5708,-1.5708,1.5708,-1.5708,-1.5708,0]","[-3.1674122,-1.1011656,1.4081904,1.0357216,-0.19727183,-0.24138721]","[0.47,0.22,0.42]",,True
39,42,scene_01_single_box,20260526,planner,prm,12081,"[-1.5708,-1.5708,1.5708,-1.5708,-1.5708,0]","[-3.1674122,-1.1011656,1.4081904,1.0357216,-0.19727183,-0.24138721]","[0.47,0.22,0.42]",,True
40,42,scene_01_single_box,20260526,planner,prm,12082,"[-1.5708,-1.5708,1.5708,-1.5708,-1.5708,0]","[-3.1674122,-1.1011656,1.4081904,1.0357216,-0.19727183,-0.24138721]","[0.47,0.22,0.42]",,True
41,42,scene_01_single_box,20260526,planner,prm,12083,"[-1.5708,-1.5708,1.5708,-1.5708,-1.5708,0]","[-3.1674122,-1.1011656,1.4081904,1.0357216,-0.19727183,-0.24138721]","[0.47,0.22,0.42]",,True
42,42,scene_01_single_box,20260526,planner,prm,12084,"[-1.5708,-1.5708,1.5708,-1.5708,-1.5708,0]","[-3.1674122,-1.1011656,1.4081904,1.0357216,-0.19727183,-0.24138721]","[0.47,0.22,0.42]",,True
43,42,scene_01_single_box,20260526,planner,prm,12085,"[-1.5708,-1.5708,1.5708,-1.5708,-1.5708,0]","[-3.1674122,-1.1011656,1.4081904,1.0357216,-0.19727183,-0.24138721]","[0.47,0.22,0.42]",,True
44,42,scene_01_single_box,20260526,planner,prm,12086,"[-1.5708,-1.5708,1.5708,-1.5708,-1.5708,0]","[-3.1674122,-1.1011656,1.4081904,1.0357216,-0.19727183,-0.24138721]","[0.47,0.22,0.42]",,True
45,42,scene_01_single_box,20260526,planner,prm,12087,"[-1.5708,-1.5708,1.5708,-1.5708,-1.5708,0]","[-3.1674122,-1.1011656,1.4081904,1.0357216,-0.19727183,-0.24138721]","[0.47,0.22,0.42]",,True
46,42,scene_01_single_box,20260526,planner,prm,12088,"[-1.5708,-1.5708,1.5708,-1.5708,-1.5708,0]","[-3.1674122,-1.1011656,1.4081904,1.0357216,-0.19727183,-0.24138721]","[0.47,0.22,0.42]",,True
47,42,scene_01_single_box,20260526,planner,prm,12089,"[-1.5708,-1.5708,1.5708,-1.5708,-1.5708,0]","[-3.1674122,-1.1011656,1.4081904,1.0357216,-0.19727183,-0.24138721]","[0.47,0.22,0.42]",,True
48,42,scene_01_single_box,20260526,planner,prm,12090,"[-1.5708,-1.5708,1.5708,-1.5708,-1.5708,0]","[-3.1674122,-1.1011656,1.4081904,1.0357216,-0.19727183,-0.24138721]","[0.47,0.22,0.42]",,True
49,42,scene_01_single_box,20260526,planner,prm,12091,"[-1.5708,-1.5708,1.5708,-1.5708,-1.5708,0]","[-3.1674122,-1.1011656,1.4081904,1.0357216,-0.19727183,-0.24138721]","[0.47,0.22,0.42]",,True
0,42,scene_01_single_box,20260526,planner,apf,13042,"[-1.5708,-1.5708,1.5708,-1.5708,-1.5708,0]","[-3.1674122,-1.1011656,1.4081904,1.0357216,-0.19727183,-0.24138721]","[0.47,0.22,0.42]",,False
1,42,scene_01_single_box,20260526,planner,apf,13043,"[-1.5708,-1.5708,1.5708,-1.5708,-1.5708,0]","[-3.1674122,-1.1011656,1.4081904,1.0357216,-0.19727183,-0.24138721]","[0.47,0.22,0.42]",,False
2,42,scene_01_single_box,20260526,planner,apf,13044,"[-1.5708,-1.5708,1.5708,-1.5708,-1.5708,0]","[-3.1674122,-1.1011656,1.4081904,1.0357216,-0.19727183,-0.24138721]","[0.47,0.22,0.42]",,False
3,42,scene_01_single_box,20260526,planner,apf,13045,"[-1.5708,-1.5708,1.5708,-1.5708,-1.5708,0]","[-3.1674122,-1.1011656,1.4081904,1.0357216,-0.19727183,-0.24138721]","[0.47,0.22,0.42]",,False
4,42,scene_01_single_box,20260526,planner,apf,13046,"[-1.5708,-1.5708,1.5708,-1.5708,-1.5708,0]","[-3.1674122,-1.1011656,1.4081904,1.0357216,-0.19727183,-0.24138721]","[0.47,0.22,0.42]",,False
5,42,scene_01_single_box,20260526,planner,apf,13047,"[-1.5708,-1.5708,1.5708,-1.5708,-1.5708,0]","[-3.1674122,-1.1011656,1.4081904,1.0357216,-0.19727183,-0.24138721]","[0.47,0.22,0.42]",,False
6,42,scene_01_single_box,20260526,planner,apf,13048,"[-1.5708,-1.5708,1.5708,-1.5708,-1.5708,0]","[-3.1674122,-1.1011656,1.4081904,1.0357216,-0.19727183,-0.24138721]","[0.47,0.22,0.42]",,False
7,42,scene_01_single_box,20260526,planner,apf,13049,"[-1.5708,-1.5708,1.5708,-1.5708,-1.5708,0]","[-3.1674122,-1.1011656,1.4081904,1.0357216,-0.19727183,-0.24138721]","[0.47,0.22,0.42]",,False
8,42,scene_01_single_box,20260526,planner,apf,13050,"[-1.5708,-1.5708,1.5708,-1.5708,-1.5708,0]","[-3.1674122,-1.1011656,1.4081904,1.0357216,-0.19727183,-0.24138721]","[0.47,0.22,0.42]",,False
9,42,scene_01_single_box,20260526,planner,apf,13051,"[-1.5708,-1.5708,1.5708,-1.5708,-1.5708,0]","[-3.1674122,-1.1011656,1.4081904,1.0357216,-0.19727183,-0.24138721]","[0.47,0.22,0.42]",,False
10,42,scene_01_single_box,20260526,planner,apf,13052,"[-1.5708,-1.5708,1.5708,-1.5708,-1.5708,0]","[-3.1674122,-1.1011656,1.4081904,1.0357216,-0.19727183,-0.24138721]","[0.47,0.22,0.42]",,False
11,42,scene_01_single_box,20260526,planner,apf,13053,"[-1.5708,-1.5708,1.5708,-1.5708,-1.5708,0]","[-3.1674122,-1.1011656,1.4081904,1.0357216,-0.19727183,-0.24138721]","[0.47,0.22,0.42]",,False
12,42,scene_01_single_box,20260526,planner,apf,13054,"[-1.5708,-1.5708,1.5708,-1.5708,-1.5708,0]","[-3.1674122,-1.1011656,1.4081904,1.0357216,-0.19727183,-0.24138721]","[0.47,0.22,0.42]",,False
13,42,scene_01_single_box,20260526,planner,apf,13055,"[-1.5708,-1.5708,1.5708,-1.5708,-1.5708,0]","[-3.1674122,-1.1011656,1.4081904,1.0357216,-0.19727183,-0.24138721]","[0.47,0.22,0.42]",,False
14,42,scene_01_single_box,20260526,planner,apf,13056,"[-1.5708,-1.5708,1.5708,-1.5708,-1.5708,0]","[-3.1674122,-1.1011656,1.4081904,1.0357216,-0.19727183,-0.24138721]","[0.47,0.22,0.42]",,False
15,42,scene_01_single_box,20260526,planner,apf,13057,"[-1.5708,-1.5708,1.5708,-1.5708,-1.5708,0]","[-3.1674122,-1.1011656,1.4081904,1.0357216,-0.19727183,-0.24138721]","[0.47,0.22,0.42]",,False
16,42,scene_01_single_box,20260526,planner,apf,13058,"[-1.5708,-1.5708,1.5708,-1.5708,-1.5708,0]","[-3.1674122,-1.1011656,1.4081904,1.0357216,-0.19727183,-0.24138721]","[0.47,0.22,0.42]",,False
17,42,scene_01_single_box,20260526,planner,apf,13059,"[-1.5708,-1.5708,1.5708,-1.5708,-1.5708,0]","[-3.1674122,-1.1011656,1.4081904,1.0357216,-0.19727183,-0.24138721]","[0.47,0.22,0.42]",,False
18,42,scene_01_single_box,20260526,planner,apf,13060,"[-1.5708,-1.5708,1.5708,-1.5708,-1.5708,0]","[-3.1674122,-1.1011656,1.4081904,1.0357216,-0.19727183,-0.24138721]","[0.47,0.22,0.42]",,False
19,42,scene_01_single_box,20260526,planner,apf,13061,"[-1.5708,-1.5708,1.5708,-1.5708,-1.5708,0]","[-3.1674122,-1.1011656,1.4081904,1.0357216,-0.19727183,-0.24138721]","[0.47,0.22,0.42]",,False
20,42,scene_01_single_box,20260526,planner,apf,13062,"[-1.5708,-1.5708,1.5708,-1.5708,-1.5708,0]","[-3.1674122,-1.1011656,1.4081904,1.0357216,-0.19727183,-0.24138721]","[0.47,0.22,0.42]",,False
21,42,scene_01_single_box,20260526,planner,apf,13063,"[-1.5708,-1.5708,1.5708,-1.5708,-1.5708,0]","[-3.1674122,-1.1011656,1.4081904,1.0357216,-0.19727183,-0.24138721]","[0.47,0.22,0.42]",,False
22,42,scene_01_single_box,20260526,planner,apf,13064,"[-1.5708,-1.5708,1.5708,-1.5708,-1.5708,0]","[-3.1674122,-1.1011656,1.4081904,1.0357216,-0.19727183,-0.24138721]","[0.47,0.22,0.42]",,False
23,42,scene_01_single_box,20260526,planner,apf,13065,"[-1.5708,-1.5708,1.5708,-1.5708,-1.5708,0]","[-3.1674122,-1.1011656,1.4081904,1.0357216,-0.19727183,-0.24138721]","[0.47,0.22,0.42]",,False
24,42,scene_01_single_box,20260526,planner,apf,13066,"[-1.5708,-1.5708,1.5708,-1.5708,-1.5708,0]","[-3.1674122,-1.1011656,1.4081904,1.0357216,-0.19727183,-0.24138721]","[0.47,0.22,0.42]",,False
25,42,scene_01_single_box,20260526,planner,apf,13067,"[-1.5708,-1.5708,1.5708,-1.5708,-1.5708,0]","[-3.1674122,-1.1011656,1.4081904,1.0357216,-0.19727183,-0.24138721]","[0.47,0.22,0.42]",,False
26,42,scene_01_single_box,20260526,planner,apf,13068,"[-1.5708,-1.5708,1.5708,-1.5708,-1.5708,0]","[-3.1674122,-1.1011656,1.4081904,1.0357216,-0.19727183,-0.24138721]","[0.47,0.22,0.42]",,False
27,42,scene_01_single_box,20260526,planner,apf,13069,"[-1.5708,-1.5708,1.5708,-1.5708,-1.5708,0]","[-3.1674122,-1.1011656,1.4081904,1.0357216,-0.19727183,-0.24138721]","[0.47,0.22,0.42]",,False
28,42,scene_01_single_box,20260526,planner,apf,13070,"[-1.5708,-1.5708,1.5708,-1.5708,-1.5708,0]","[-3.1674122,-1.1011656,1.4081904,1.0357216,-0.19727183,-0.24138721]","[0.47,0.22,0.42]",,False
29,42,scene_01_single_box,20260526,planner,apf,13071,"[-1.5708,-1.5708,1.5708,-1.5708,-1.5708,0]","[-3.1674122,-1.1011656,1.4081904,1.0357216,-0.19727183,-0.24138721]","[0.47,0.22,0.42]",,False
30,42,scene_01_single_box,20260526,planner,apf,13072,"[-1.5708,-1.5708,1.5708,-1.5708,-1.5708,0]","[-3.1674122,-1.1011656,1.4081904,1.0357216,-0.19727183,-0.24138721]","[0.47,0.22,0.42]",,False
31,42,scene_01_single_box,20260526,planner,apf,13073,"[-1.5708,-1.5708,1.5708,-1.5708,-1.5708,0]","[-3.1674122,-1.1011656,1.4081904,1.0357216,-0.19727183,-0.24138721]","[0.47,0.22,0.42]",,False
32,42,scene_01_single_box,20260526,planner,apf,13074,"[-1.5708,-1.5708,1.5708,-1.5708,-1.5708,0]","[-3.1674122,-1.1011656,1.4081904,1.0357216,-0.19727183,-0.24138721]","[0.47,0.22,0.42]",,False
33,42,scene_01_single_box,20260526,planner,apf,13075,"[-1.5708,-1.5708,1.5708,-1.5708,-1.5708,0]","[-3.1674122,-1.1011656,1.4081904,1.0357216,-0.19727183,-0.24138721]","[0.47,0.22,0.42]",,False
34,42,scene_01_single_box,20260526,planner,apf,13076,"[-1.5708,-1.5708,1.5708,-1.5708,-1.5708,0]","[-3.1674122,-1.1011656,1.4081904,1.0357216,-0.19727183,-0.24138721]","[0.47,0.22,0.42]",,False
35,42,scene_01_single_box,20260526,planner,apf,13077,"[-1.5708,-1.5708,1.5708,-1.5708,-1.5708,0]","[-3.1674122,-1.1011656,1.4081904,1.0357216,-0.19727183,-0.24138721]","[0.47,0.22,0.42]",,False
36,42,scene_01_single_box,20260526,planner,apf,13078,"[-1.5708,-1.5708,1.5708,-1.5708,-1.5708,0]","[-3.1674122,-1.1011656,1.4081904,1.0357216,-0.19727183,-0.24138721]","[0.47,0.22,0.42]",,False
37,42,scene_01_single_box,20260526,planner,apf,13079,"[-1.5708,-1.5708,1.5708,-1.5708,-1.5708,0]","[-3.1674122,-1.1011656,1.4081904,1.0357216,-0.19727183,-0.24138721]","[0.47,0.22,0.42]",,False
38,42,scene_01_single_box,20260526,planner,apf,13080,"[-1.5708,-1.5708,1.5708,-1.5708,-1.5708,0]","[-3.1674122,-1.1011656,1.4081904,1.0357216,-0.19727183,-0.24138721]","[0.47,0.22,0.42]",,False
39,42,scene_01_single_box,20260526,planner,apf,13081,"[-1.5708,-1.5708,1.5708,-1.5708,-1.5708,0]","[-3.1674122,-1.1011656,1.4081904,1.0357216,-0.19727183,-0.24138721]","[0.47,0.22,0.42]",,False
40,42,scene_01_single_box,20260526,planner,apf,13082,"[-1.5708,-1.5708,1.5708,-1.5708,-1.5708,0]","[-3.1674122,-1.1011656,1.4081904,1.0357216,-0.19727183,-0.24138721]","[0.47,0.22,0.42]",,False
41,42,scene_01_single_box,20260526,planner,apf,13083,"[-1.5708,-1.5708,1.5708,-1.5708,-1.5708,0]","[-3.1674122,-1.1011656,1.4081904,1.0357216,-0.19727183,-0.24138721]","[0.47,0.22,0.42]",,False
42,42,scene_01_single_box,20260526,planner,apf,13084,"[-1.5708,-1.5708,1.5708,-1.5708,-1.5708,0]","[-3.1674122,-1.1011656,1.4081904,1.0357216,-0.19727183,-0.24138721]","[0.47,0.22,0.42]",,False
43,42,scene_01_single_box,20260526,planner,apf,13085,"[-1.5708,-1.5708,1.5708,-1.5708,-1.5708,0]","[-3.1674122,-1.1011656,1.4081904,1.0357216,-0.19727183,-0.24138721]","[0.47,0.22,0.42]",,False
44,42,scene_01_single_box,20260526,planner,apf,13086,"[-1.5708,-1.5708,1.5708,-1.5708,-1.5708,0]","[-3.1674122,-1.1011656,1.4081904,1.0357216,-0.19727183,-0.24138721]","[0.47,0.22,0.42]",,False
45,42,scene_01_single_box,20260526,planner,apf,13087,"[-1.5708,-1.5708,1.5708,-1.5708,-1.5708,0]","[-3.1674122,-1.1011656,1.4081904,1.0357216,-0.19727183,-0.24138721]","[0.47,0.22,0.42]",,False
46,42,scene_01_single_box,20260526,planner,apf,13088,"[-1.5708,-1.5708,1.5708,-1.5708,-1.5708,0]","[-3.1674122,-1.1011656,1.4081904,1.0357216,-0.19727183,-0.24138721]","[0.47,0.22,0.42]",,False
47,42,scene_01_single_box,20260526,planner,apf,13089,"[-1.5708,-1.5708,1.5708,-1.5708,-1.5708,0]","[-3.1674122,-1.1011656,1.4081904,1.0357216,-0.19727183,-0.24138721]","[0.47,0.22,0.42]",,False
48,42,scene_01_single_box,20260526,planner,apf,13090,"[-1.5708,-1.5708,1.5708,-1.5708,-1.5708,0]","[-3.1674122,-1.1011656,1.4081904,1.0357216,-0.19727183,-0.24138721]","[0.47,0.22,0.42]",,False
49,42,scene_01_single_box,20260526,planner,apf,13091,"[-1.5708,-1.5708,1.5708,-1.5708,-1.5708,0]","[-3.1674122,-1.1011656,1.4081904,1.0357216,-0.19727183,-0.24138721]","[0.47,0.22,0.42]",,False
0,42,scene_02_multi_obstacles,20260527,planner,rrt,20042,"[-1.5708,-1.5708,1.5708,-1.5708,-1.5708,0]","[-3.7986184,-1.474549,1.8334416,-2.1224536,-3.2692452,0.058518923]","[0.42,-0.28,0.48]",,True
1,42,scene_02_multi_obstacles,20260527,planner,rrt,20043,"[-1.5708,-1.5708,1.5708,-1.5708,-1.5708,0]","[-3.7986184,-1.474549,1.8334416,-2.1224536,-3.2692452,0.058518923]","[0.42,-0.28,0.48]",,True
2,42,scene_02_multi_obstacles,20260527,planner,rrt,20044,"[-1.5708,-1.5708,1.5708,-1.5708,-1.5708,0]","[-3.7986184,-1.474549,1.8334416,-2.1224536,-3.2692452,0.058518923]","[0.42,-0.28,0.48]",,True
3,42,scene_02_multi_obstacles,20260527,planner,rrt,20045,"[-1.5708,-1.5708,1.5708,-1.5708,-1.5708,0]","[-3.7986184,-1.474549,1.8334416,-2.1224536,-3.2692452,0.058518923]","[0.42,-0.28,0.48]",,True
4,42,scene_02_multi_obstacles,20260527,planner,rrt,20046,"[-1.5708,-1.5708,1.5708,-1.5708,-1.5708,0]","[-3.7986184,-1.474549,1.8334416,-2.1224536,-3.2692452,0.058518923]","[0.42,-0.28,0.48]",,True
5,42,scene_02_multi_obstacles,20260527,planner,rrt,20047,"[-1.5708,-1.5708,1.5708,-1.5708,-1.5708,0]","[-3.7986184,-1.474549,1.8334416,-2.1224536,-3.2692452,0.058518923]","[0.42,-0.28,0.48]",,True
6,42,scene_02_multi_obstacles,20260527,planner,rrt,20048,"[-1.5708,-1.5708,1.5708,-1.5708,-1.5708,0]","[-3.7986184,-1.474549,1.8334416,-2.1224536,-3.2692452,0.058518923]","[0.42,-0.28,0.48]",,True
7,42,scene_02_multi_obstacles,20260527,planner,rrt,20049,"[-1.5708,-1.5708,1.5708,-1.5708,-1.5708,0]","[-3.7986184,-1.474549,1.8334416,-2.1224536,-3.2692452,0.058518923]","[0.42,-0.28,0.48]",,True
8,42,scene_02_multi_obstacles,20260527,planner,rrt,20050,"[-1.5708,-1.5708,1.5708,-1.5708,-1.5708,0]","[-3.7986184,-1.474549,1.8334416,-2.1224536,-3.2692452,0.058518923]","[0.42,-0.28,0.48]",,True
9,42,scene_02_multi_obstacles,20260527,planner,rrt,20051,"[-1.5708,-1.5708,1.5708,-1.5708,-1.5708,0]","[-3.7986184,-1.474549,1.8334416,-2.1224536,-3.2692452,0.058518923]","[0.42,-0.28,0.48]",,True
10,42,scene_02_multi_obstacles,20260527,planner,rrt,20052,"[-1.5708,-1.5708,1.5708,-1.5708,-1.5708,0]","[-3.7986184,-1.474549,1.8334416,-2.1224536,-3.2692452,0.058518923]","[0.42,-0.28,0.48]",,True
11,42,scene_02_multi_obstacles,20260527,planner,rrt,20053,"[-1.5708,-1.5708,1.5708,-1.5708,-1.5708,0]","[-3.7986184,-1.474549,1.8334416,-2.1224536,-3.2692452,0.058518923]","[0.42,-0.28,0.48]",,True
12,42,scene_02_multi_obstacles,20260527,planner,rrt,20054,"[-1.5708,-1.5708,1.5708,-1.5708,-1.5708,0]","[-3.7986184,-1.474549,1.8334416,-2.1224536,-3.2692452,0.058518923]","[0.42,-0.28,0.48]",,True
13,42,scene_02_multi_obstacles,20260527,planner,rrt,20055,"[-1.5708,-1.5708,1.5708,-1.5708,-1.5708,0]","[-3.7986184,-1.474549,1.8334416,-2.1224536,-3.2692452,0.058518923]","[0.42,-0.28,0.48]",,True
14,42,scene_02_multi_obstacles,20260527,planner,rrt,20056,"[-1.5708,-1.5708,1.5708,-1.5708,-1.5708,0]","[-3.7986184,-1.474549,1.8334416,-2.1224536,-3.2692452,0.058518923]","[0.42,-0.28,0.48]",,True
15,42,scene_02_multi_obstacles,20260527,planner,rrt,20057,"[-1.5708,-1.5708,1.5708,-1.5708,-1.5708,0]","[-3.7986184,-1.474549,1.8334416,-2.1224536,-3.2692452,0.058518923]","[0.42,-0.28,0.48]",,True
16,42,scene_02_multi_obstacles,20260527,planner,rrt,20058,"[-1.5708,-1.5708,1.5708,-1.5708,-1.5708,0]","[-3.7986184,-1.474549,1.8334416,-2.1224536,-3.2692452,0.058518923]","[0.42,-0.28,0.48]",,True
17,42,scene_02_multi_obstacles,20260527,planner,rrt,20059,"[-1.5708,-1.5708,1.5708,-1.5708,-1.5708,0]","[-3.7986184,-1.474549,1.8334416,-2.1224536,-3.2692452,0.058518923]","[0.42,-0.28,0.48]",,True
18,42,scene_02_multi_obstacles,20260527,planner,rrt,20060,"[-1.5708,-1.5708,1.5708,-1.5708,-1.5708,0]","[-3.7986184,-1.474549,1.8334416,-2.1224536,-3.2692452,0.058518923]","[0.42,-0.28,0.48]",,True
19,42,scene_02_multi_obstacles,20260527,planner,rrt,20061,"[-1.5708,-1.5708,1.5708,-1.5708,-1.5708,0]","[-3.7986184,-1.474549,1.8334416,-2.1224536,-3.2692452,0.058518923]","[0.42,-0.28,0.48]",,True
20,42,scene_02_multi_obstacles,20260527,planner,rrt,20062,"[-1.5708,-1.5708,1.5708,-1.5708,-1.5708,0]","[-3.7986184,-1.474549,1.8334416,-2.1224536,-3.2692452,0.058518923]","[0.42,-0.28,0.48]",,True
21,42,scene_02_multi_obstacles,20260527,planner,rrt,20063,"[-1.5708,-1.5708,1.5708,-1.5708,-1.5708,0]","[-3.7986184,-1.474549,1.8334416,-2.1224536,-3.2692452,0.058518923]","[0.42,-0.28,0.48]",,True
22,42,scene_02_multi_obstacles,20260527,planner,rrt,20064,"[-1.5708,-1.5708,1.5708,-1.5708,-1.5708,0]","[-3.7986184,-1.474549,1.8334416,-2.1224536,-3.2692452,0.058518923]","[0.42,-0.28,0.48]",,True
23,42,scene_02_multi_obstacles,20260527,planner,rrt,20065,"[-1.5708,-1.5708,1.5708,-1.5708,-1.5708,0]","[-3.7986184,-1.474549,1.8334416,-2.1224536,-3.2692452,0.058518923]","[0.42,-0.28,0.48]",,True
24,42,scene_02_multi_obstacles,20260527,planner,rrt,20066,"[-1.5708,-1.5708,1.5708,-1.5708,-1.5708,0]","[-3.7986184,-1.474549,1.8334416,-2.1224536,-3.2692452,0.058518923]","[0.42,-0.28,0.48]",,True
25,42,scene_02_multi_obstacles,20260527,planner,rrt,20067,"[-1.5708,-1.5708,1.5708,-1.5708,-1.5708,0]","[-3.7986184,-1.474549,1.8334416,-2.1224536,-3.2692452,0.058518923]","[0.42,-0.28,0.48]",,True
26,42,scene_02_multi_obstacles,20260527,planner,rrt,20068,"[-1.5708,-1.5708,1.5708,-1.5708,-1.5708,0]","[-3.7986184,-1.474549,1.8334416,-2.1224536,-3.2692452,0.058518923]","[0.42,-0.28,0.48]",,True
27,42,scene_02_multi_obstacles,20260527,planner,rrt,20069,"[-1.5708,-1.5708,1.5708,-1.5708,-1.5708,0]","[-3.7986184,-1.474549,1.8334416,-2.1224536,-3.2692452,0.058518923]","[0.42,-0.28,0.48]",,True
28,42,scene_02_multi_obstacles,20260527,planner,rrt,20070,"[-1.5708,-1.5708,1.5708,-1.5708,-1.5708,0]","[-3.7986184,-1.474549,1.8334416,-2.1224536,-3.2692452,0.058518923]","[0.42,-0.28,0.48]",,True
29,42,scene_02_multi_obstacles,20260527,planner,rrt,20071,"[-1.5708,-1.5708,1.5708,-1.5708,-1.5708,0]","[-3.7986184,-1.474549,1.8334416,-2.1224536,-3.2692452,0.058518923]","[0.42,-0.28,0.48]",,True
30,42,scene_02_multi_obstacles,20260527,planner,rrt,20072,"[-1.5708,-1.5708,1.5708,-1.5708,-1.5708,0]","[-3.7986184,-1.474549,1.8334416,-2.1224536,-3.2692452,0.058518923]","[0.42,-0.28,0.48]",,True
31,42,scene_02_multi_obstacles,20260527,planner,rrt,20073,"[-1.5708,-1.5708,1.5708,-1.5708,-1.5708,0]","[-3.7986184,-1.474549,1.8334416,-2.1224536,-3.2692452,0.058518923]","[0.42,-0.28,0.48]",,True
32,42,scene_02_multi_obstacles,20260527,planner,rrt,20074,"[-1.5708,-1.5708,1.5708,-1.5708,-1.5708,0]","[-3.7986184,-1.474549,1.8334416,-2.1224536,-3.2692452,0.058518923]","[0.42,-0.28,0.48]",,True
33,42,scene_02_multi_obstacles,20260527,planner,rrt,20075,"[-1.5708,-1.5708,1.5708,-1.5708,-1.5708,0]","[-3.7986184,-1.474549,1.8334416,-2.1224536,-3.2692452,0.058518923]","[0.42,-0.28,0.48]",,True
34,42,scene_02_multi_obstacles,20260527,planner,rrt,20076,"[-1.5708,-1.5708,1.5708,-1.5708,-1.5708,0]","[-3.7986184,-1.474549,1.8334416,-2.1224536,-3.2692452,0.058518923]","[0.42,-0.28,0.48]",,True
35,42,scene_02_multi_obstacles,20260527,planner,rrt,20077,"[-1.5708,-1.5708,1.5708,-1.5708,-1.5708,0]","[-3.7986184,-1.474549,1.8334416,-2.1224536,-3.2692452,0.058518923]","[0.42,-0.28,0.48]",,True
36,42,scene_02_multi_obstacles,20260527,planner,rrt,20078,"[-1.5708,-1.5708,1.5708,-1.5708,-1.5708,0]","[-3.7986184,-1.474549,1.8334416,-2.1224536,-3.2692452,0.058518923]","[0.42,-0.28,0.48]",,True
37,42,scene_02_multi_obstacles,20260527,planner,rrt,20079,"[-1.5708,-1.5708,1.5708,-1.5708,-1.5708,0]","[-3.7986184,-1.474549,1.8334416,-2.1224536,-3.2692452,0.058518923]","[0.42,-0.28,0.48]",,True
38,42,scene_02_multi_obstacles,20260527,planner,rrt,20080,"[-1.5708,-1.5708,1.5708,-1.5708,-1.5708,0]","[-3.7986184,-1.474549,1.8334416,-2.1224536,-3.2692452,0.058518923]","[0.42,-0.28,0.48]",,True
39,42,scene_02_multi_obstacles,20260527,planner,rrt,20081,"[-1.5708,-1.5708,1.5708,-1.5708,-1.5708,0]","[-3.7986184,-1.474549,1.8334416,-2.1224536,-3.2692452,0.058518923]","[0.42,-0.28,0.48]",,True
40,42,scene_02_multi_obstacles,20260527,planner,rrt,20082,"[-1.5708,-1.5708,1.5708,-1.5708,-1.5708,0]","[-3.7986184,-1.474549,1.8334416,-2.1224536,-3.2692452,0.058518923]","[0.42,-0.28,0.48]",,True
41,42,scene_02_multi_obstacles,20260527,planner,rrt,20083,"[-1.5708,-1.5708,1.5708,-1.5708,-1.5708,0]","[-3.7986184,-1.474549,1.8334416,-2.1224536,-3.2692452,0.058518923]","[0.42,-0.28,0.48]",,True
42,42,scene_02_multi_obstacles,20260527,planner,rrt,20084,"[-1.5708,-1.5708,1.5708,-1.5708,-1.5708,0]","[-3.7986184,-1.474549,1.8334416,-2.1224536,-3.2692452,0.058518923]","[0.42,-0.28,0.48]",,True
43,42,scene_02_multi_obstacles,20260527,planner,rrt,20085,"[-1.5708,-1.5708,1.5708,-1.5708,-1.5708,0]","[-3.7986184,-1.474549,1.8334416,-2.1224536,-3.2692452,0.058518923]","[0.42,-0.28,0.48]",,True
44,42,scene_02_multi_obstacles,20260527,planner,rrt,20086,"[-1.5708,-1.5708,1.5708,-1.5708,-1.5708,0]","[-3.7986184,-1.474549,1.8334416,-2.1224536,-3.2692452,0.058518923]","[0.42,-0.28,0.48]",,True
45,42,scene_02_multi_obstacles,20260527,planner,rrt,20087,"[-1.5708,-1.5708,1.5708,-1.5708,-1.5708,0]","[-3.7986184,-1.474549,1.8334416,-2.1224536,-3.2692452,0.058518923]","[0.42,-0.28,0.48]",,True
46,42,scene_02_multi_obstacles,20260527,planner,rrt,20088,"[-1.5708,-1.5708,1.5708,-1.5708,-1.5708,0]","[-3.7986184,-1.474549,1.8334416,-2.1224536,-3.2692452,0.058518923]","[0.42,-0.28,0.48]",,True
47,42,scene_02_multi_obstacles,20260527,planner,rrt,20089,"[-1.5708,-1.5708,1.5708,-1.5708,-1.5708,0]","[-3.7986184,-1.474549,1.8334416,-2.1224536,-3.2692452,0.058518923]","[0.42,-0.28,0.48]",,True
48,42,scene_02_multi_obstacles,20260527,planner,rrt,20090,"[-1.5708,-1.5708,1.5708,-1.5708,-1.5708,0]","[-3.7986184,-1.474549,1.8334416,-2.1224536,-3.2692452,0.058518923]","[0.42,-0.28,0.48]",,True
49,42,scene_02_multi_obstacles,20260527,planner,rrt,20091,"[-1.5708,-1.5708,1.5708,-1.5708,-1.5708,0]","[-3.7986184,-1.474549,1.8334416,-2.1224536,-3.2692452,0.058518923]","[0.42,-0.28,0.48]",,True
0,42,scene_02_multi_obstacles,20260527,planner,rrt_connect,21042,"[-1.5708,-1.5708,1.5708,-1.5708,-1.5708,0]","[-3.7986184,-1.474549,1.8334416,-2.1224536,-3.2692452,0.058518923]","[0.42,-0.28,0.48]",,True
1,42,scene_02_multi_obstacles,20260527,planner,rrt_connect,21043,"[-1.5708,-1.5708,1.5708,-1.5708,-1.5708,0]","[-3.7986184,-1.474549,1.8334416,-2.1224536,-3.2692452,0.058518923]","[0.42,-0.28,0.48]",,True
2,42,scene_02_multi_obstacles,20260527,planner,rrt_connect,21044,"[-1.5708,-1.5708,1.5708,-1.5708,-1.5708,0]","[-3.7986184,-1.474549,1.8334416,-2.1224536,-3.2692452,0.058518923]","[0.42,-0.28,0.48]",,True
3,42,scene_02_multi_obstacles,20260527,planner,rrt_connect,21045,"[-1.5708,-1.5708,1.5708,-1.5708,-1.5708,0]","[-3.7986184,-1.474549,1.8334416,-2.1224536,-3.2692452,0.058518923]","[0.42,-0.28,0.48]",,True
4,42,scene_02_multi_obstacles,20260527,planner,rrt_connect,21046,"[-1.5708,-1.5708,1.5708,-1.5708,-1.5708,0]","[-3.7986184,-1.474549,1.8334416,-2.1224536,-3.2692452,0.058518923]","[0.42,-0.28,0.48]",,True
5,42,scene_02_multi_obstacles,20260527,planner,rrt_connect,21047,"[-1.5708,-1.5708,1.5708,-1.5708,-1.5708,0]","[-3.7986184,-1.474549,1.8334416,-2.1224536,-3.2692452,0.058518923]","[0.42,-0.28,0.48]",,True
6,42,scene_02_multi_obstacles,20260527,planner,rrt_connect,21048,"[-1.5708,-1.5708,1.5708,-1.5708,-1.5708,0]","[-3.7986184,-1.474549,1.8334416,-2.1224536,-3.2692452,0.058518923]","[0.42,-0.28,0.48]",,True
7,42,scene_02_multi_obstacles,20260527,planner,rrt_connect,21049,"[-1.5708,-1.5708,1.5708,-1.5708,-1.5708,0]","[-3.7986184,-1.474549,1.8334416,-2.1224536,-3.2692452,0.058518923]","[0.42,-0.28,0.48]",,True
8,42,scene_02_multi_obstacles,20260527,planner,rrt_connect,21050,"[-1.5708,-1.5708,1.5708,-1.5708,-1.5708,0]","[-3.7986184,-1.474549,1.8334416,-2.1224536,-3.2692452,0.058518923]","[0.42,-0.28,0.48]",,True
9,42,scene_02_multi_obstacles,20260527,planner,rrt_connect,21051,"[-1.5708,-1.5708,1.5708,-1.5708,-1.5708,0]","[-3.7986184,-1.474549,1.8334416,-2.1224536,-3.2692452,0.058518923]","[0.42,-0.28,0.48]",,True
10,42,scene_02_multi_obstacles,20260527,planner,rrt_connect,21052,"[-1.5708,-1.5708,1.5708,-1.5708,-1.5708,0]","[-3.7986184,-1.474549,1.8334416,-2.1224536,-3.2692452,0.058518923]","[0.42,-0.28,0.48]",,True
11,42,scene_02_multi_obstacles,20260527,planner,rrt_connect,21053,"[-1.5708,-1.5708,1.5708,-1.5708,-1.5708,0]","[-3.7986184,-1.474549,1.8334416,-2.1224536,-3.2692452,0.058518923]","[0.42,-0.28,0.48]",,True
12,42,scene_02_multi_obstacles,20260527,planner,rrt_connect,21054,"[-1.5708,-1.5708,1.5708,-1.5708,-1.5708,0]","[-3.7986184,-1.474549,1.8334416,-2.1224536,-3.2692452,0.058518923]","[0.42,-0.28,0.48]",,True
13,42,scene_02_multi_obstacles,20260527,planner,rrt_connect,21055,"[-1.5708,-1.5708,1.5708,-1.5708,-1.5708,0]","[-3.7986184,-1.474549,1.8334416,-2.1224536,-3.2692452,0.058518923]","[0.42,-0.28,0.48]",,True
14,42,scene_02_multi_obstacles,20260527,planner,rrt_connect,21056,"[-1.5708,-1.5708,1.5708,-1.5708,-1.5708,0]","[-3.7986184,-1.474549,1.8334416,-2.1224536,-3.2692452,0.058518923]","[0.42,-0.28,0.48]",,True
15,42,scene_02_multi_obstacles,20260527,planner,rrt_connect,21057,"[-1.5708,-1.5708,1.5708,-1.5708,-1.5708,0]","[-3.7986184,-1.474549,1.8334416,-2.1224536,-3.2692452,0.058518923]","[0.42,-0.28,0.48]",,True
16,42,scene_02_multi_obstacles,20260527,planner,rrt_connect,21058,"[-1.5708,-1.5708,1.5708,-1.5708,-1.5708,0]","[-3.7986184,-1.474549,1.8334416,-2.1224536,-3.2692452,0.058518923]","[0.42,-0.28,0.48]",,True
17,42,scene_02_multi_obstacles,20260527,planner,rrt_connect,21059,"[-1.5708,-1.5708,1.5708,-1.5708,-1.5708,0]","[-3.7986184,-1.474549,1.8334416,-2.1224536,-3.2692452,0.058518923]","[0.42,-0.28,0.48]",,True
18,42,scene_02_multi_obstacles,20260527,planner,rrt_connect,21060,"[-1.5708,-1.5708,1.5708,-1.5708,-1.5708,0]","[-3.7986184,-1.474549,1.8334416,-2.1224536,-3.2692452,0.058518923]","[0.42,-0.28,0.48]",,True
19,42,scene_02_multi_obstacles,20260527,planner,rrt_connect,21061,"[-1.5708,-1.5708,1.5708,-1.5708,-1.5708,0]","[-3.7986184,-1.474549,1.8334416,-2.1224536,-3.2692452,0.058518923]","[0.42,-0.28,0.48]",,True
20,42,scene_02_multi_obstacles,20260527,planner,rrt_connect,21062,"[-1.5708,-1.5708,1.5708,-1.5708,-1.5708,0]","[-3.7986184,-1.474549,1.8334416,-2.1224536,-3.2692452,0.058518923]","[0.42,-0.28,0.48]",,True
21,42,scene_02_multi_obstacles,20260527,planner,rrt_connect,21063,"[-1.5708,-1.5708,1.5708,-1.5708,-1.5708,0]","[-3.7986184,-1.474549,1.8334416,-2.1224536,-3.2692452,0.058518923]","[0.42,-0.28,0.48]",,True
22,42,scene_02_multi_obstacles,20260527,planner,rrt_connect,21064,"[-1.5708,-1.5708,1.5708,-1.5708,-1.5708,0]","[-3.7986184,-1.474549,1.8334416,-2.1224536,-3.2692452,0.058518923]","[0.42,-0.28,0.48]",,True
23,42,scene_02_multi_obstacles,20260527,planner,rrt_connect,21065,"[-1.5708,-1.5708,1.5708,-1.5708,-1.5708,0]","[-3.7986184,-1.474549,1.8334416,-2.1224536,-3.2692452,0.058518923]","[0.42,-0.28,0.48]",,True
24,42,scene_02_multi_obstacles,20260527,planner,rrt_connect,21066,"[-1.5708,-1.5708,1.5708,-1.5708,-1.5708,0]","[-3.7986184,-1.474549,1.8334416,-2.1224536,-3.2692452,0.058518923]","[0.42,-0.28,0.48]",,True
25,42,scene_02_multi_obstacles,20260527,planner,rrt_connect,21067,"[-1.5708,-1.5708,1.5708,-1.5708,-1.5708,0]","[-3.7986184,-1.474549,1.8334416,-2.1224536,-3.2692452,0.058518923]","[0.42,-0.28,0.48]",,True
26,42,scene_02_multi_obstacles,20260527,planner,rrt_connect,21068,"[-1.5708,-1.5708,1.5708,-1.5708,-1.5708,0]","[-3.7986184,-1.474549,1.8334416,-2.1224536,-3.2692452,0.058518923]","[0.42,-0.28,0.48]",,True
27,42,scene_02_multi_obstacles,20260527,planner,rrt_connect,21069,"[-1.5708,-1.5708,1.5708,-1.5708,-1.5708,0]","[-3.7986184,-1.474549,1.8334416,-2.1224536,-3.2692452,0.058518923]","[0.42,-0.28,0.48]",,True
28,42,scene_02_multi_obstacles,20260527,planner,rrt_connect,21070,"[-1.5708,-1.5708,1.5708,-1.5708,-1.5708,0]","[-3.7986184,-1.474549,1.8334416,-2.1224536,-3.2692452,0.058518923]","[0.42,-0.28,0.48]",,True
29,42,scene_02_multi_obstacles,20260527,planner,rrt_connect,21071,"[-1.5708,-1.5708,1.5708,-1.5708,-1.5708,0]","[-3.7986184,-1.474549,1.8334416,-2.1224536,-3.2692452,0.058518923]","[0.42,-0.28,0.48]",,True
30,42,scene_02_multi_obstacles,20260527,planner,rrt_connect,21072,"[-1.5708,-1.5708,1.5708,-1.5708,-1.5708,0]","[-3.7986184,-1.474549,1.8334416,-2.1224536,-3.2692452,0.058518923]","[0.42,-0.28,0.48]",,True
31,42,scene_02_multi_obstacles,20260527,planner,rrt_connect,21073,"[-1.5708,-1.5708,1.5708,-1.5708,-1.5708,0]","[-3.7986184,-1.474549,1.8334416,-2.1224536,-3.2692452,0.058518923]","[0.42,-0.28,0.48]",,True
32,42,scene_02_multi_obstacles,20260527,planner,rrt_connect,21074,"[-1.5708,-1.5708,1.5708,-1.5708,-1.5708,0]","[-3.7986184,-1.474549,1.8334416,-2.1224536,-3.2692452,0.058518923]","[0.42,-0.28,0.48]",,True
33,42,scene_02_multi_obstacles,20260527,planner,rrt_connect,21075,"[-1.5708,-1.5708,1.5708,-1.5708,-1.5708,0]","[-3.7986184,-1.474549,1.8334416,-2.1224536,-3.2692452,0.058518923]","[0.42,-0.28,0.48]",,True
34,42,scene_02_multi_obstacles,20260527,planner,rrt_connect,21076,"[-1.5708,-1.5708,1.5708,-1.5708,-1.5708,0]","[-3.7986184,-1.474549,1.8334416,-2.1224536,-3.2692452,0.058518923]","[0.42,-0.28,0.48]",,True
35,42,scene_02_multi_obstacles,20260527,planner,rrt_connect,21077,"[-1.5708,-1.5708,1.5708,-1.5708,-1.5708,0]","[-3.7986184,-1.474549,1.8334416,-2.1224536,-3.2692452,0.058518923]","[0.42,-0.28,0.48]",,True
36,42,scene_02_multi_obstacles,20260527,planner,rrt_connect,21078,"[-1.5708,-1.5708,1.5708,-1.5708,-1.5708,0]","[-3.7986184,-1.474549,1.8334416,-2.1224536,-3.2692452,0.058518923]","[0.42,-0.28,0.48]",,True
37,42,scene_02_multi_obstacles,20260527,planner,rrt_connect,21079,"[-1.5708,-1.5708,1.5708,-1.5708,-1.5708,0]","[-3.7986184,-1.474549,1.8334416,-2.1224536,-3.2692452,0.058518923]","[0.42,-0.28,0.48]",,True
38,42,scene_02_multi_obstacles,20260527,planner,rrt_connect,21080,"[-1.5708,-1.5708,1.5708,-1.5708,-1.5708,0]","[-3.7986184,-1.474549,1.8334416,-2.1224536,-3.2692452,0.058518923]","[0.42,-0.28,0.48]",,True
39,42,scene_02_multi_obstacles,20260527,planner,rrt_connect,21081,"[-1.5708,-1.5708,1.5708,-1.5708,-1.5708,0]","[-3.7986184,-1.474549,1.8334416,-2.1224536,-3.2692452,0.058518923]","[0.42,-0.28,0.48]",,True
40,42,scene_02_multi_obstacles,20260527,planner,rrt_connect,21082,"[-1.5708,-1.5708,1.5708,-1.5708,-1.5708,0]","[-3.7986184,-1.474549,1.8334416,-2.1224536,-3.2692452,0.058518923]","[0.42,-0.28,0.48]",,True
41,42,scene_02_multi_obstacles,20260527,planner,rrt_connect,21083,"[-1.5708,-1.5708,1.5708,-1.5708,-1.5708,0]","[-3.7986184,-1.474549,1.8334416,-2.1224536,-3.2692452,0.058518923]","[0.42,-0.28,0.48]",,True
42,42,scene_02_multi_obstacles,20260527,planner,rrt_connect,21084,"[-1.5708,-1.5708,1.5708,-1.5708,-1.5708,0]","[-3.7986184,-1.474549,1.8334416,-2.1224536,-3.2692452,0.058518923]","[0.42,-0.28,0.48]",,True
43,42,scene_02_multi_obstacles,20260527,planner,rrt_connect,21085,"[-1.5708,-1.5708,1.5708,-1.5708,-1.5708,0]","[-3.7986184,-1.474549,1.8334416,-2.1224536,-3.2692452,0.058518923]","[0.42,-0.28,0.48]",,True
44,42,scene_02_multi_obstacles,20260527,planner,rrt_connect,21086,"[-1.5708,-1.5708,1.5708,-1.5708,-1.5708,0]","[-3.7986184,-1.474549,1.8334416,-2.1224536,-3.2692452,0.058518923]","[0.42,-0.28,0.48]",,True
45,42,scene_02_multi_obstacles,20260527,planner,rrt_connect,21087,"[-1.5708,-1.5708,1.5708,-1.5708,-1.5708,0]","[-3.7986184,-1.474549,1.8334416,-2.1224536,-3.2692452,0.058518923]","[0.42,-0.28,0.48]",,True
46,42,scene_02_multi_obstacles,20260527,planner,rrt_connect,21088,"[-1.5708,-1.5708,1.5708,-1.5708,-1.5708,0]","[-3.7986184,-1.474549,1.8334416,-2.1224536,-3.2692452,0.058518923]","[0.42,-0.28,0.48]",,True
47,42,scene_02_multi_obstacles,20260527,planner,rrt_connect,21089,"[-1.5708,-1.5708,1.5708,-1.5708,-1.5708,0]","[-3.7986184,-1.474549,1.8334416,-2.1224536,-3.2692452,0.058518923]","[0.42,-0.28,0.48]",,True
48,42,scene_02_multi_obstacles,20260527,planner,rrt_connect,21090,"[-1.5708,-1.5708,1.5708,-1.5708,-1.5708,0]","[-3.7986184,-1.474549,1.8334416,-2.1224536,-3.2692452,0.058518923]","[0.42,-0.28,0.48]",,True
49,42,scene_02_multi_obstacles,20260527,planner,rrt_connect,21091,"[-1.5708,-1.5708,1.5708,-1.5708,-1.5708,0]","[-3.7986184,-1.474549,1.8334416,-2.1224536,-3.2692452,0.058518923]","[0.42,-0.28,0.48]",,True
0,42,scene_02_multi_obstacles,20260527,planner,prm,22042,"[-1.5708,-1.5708,1.5708,-1.5708,-1.5708,0]","[-3.7986184,-1.474549,1.8334416,-2.1224536,-3.2692452,0.058518923]","[0.42,-0.28,0.48]",,True
1,42,scene_02_multi_obstacles,20260527,planner,prm,22043,"[-1.5708,-1.5708,1.5708,-1.5708,-1.5708,0]","[-3.7986184,-1.474549,1.8334416,-2.1224536,-3.2692452,0.058518923]","[0.42,-0.28,0.48]",,True
2,42,scene_02_multi_obstacles,20260527,planner,prm,22044,"[-1.5708,-1.5708,1.5708,-1.5708,-1.5708,0]","[-3.7986184,-1.474549,1.8334416,-2.1224536,-3.2692452,0.058518923]","[0.42,-0.28,0.48]",,True
3,42,scene_02_multi_obstacles,20260527,planner,prm,22045,"[-1.5708,-1.5708,1.5708,-1.5708,-1.5708,0]","[-3.7986184,-1.474549,1.8334416,-2.1224536,-3.2692452,0.058518923]","[0.42,-0.28,0.48]",,True
4,42,scene_02_multi_obstacles,20260527,planner,prm,22046,"[-1.5708,-1.5708,1.5708,-1.5708,-1.5708,0]","[-3.7986184,-1.474549,1.8334416,-2.1224536,-3.2692452,0.058518923]","[0.42,-0.28,0.48]",,True
5,42,scene_02_multi_obstacles,20260527,planner,prm,22047,"[-1.5708,-1.5708,1.5708,-1.5708,-1.5708,0]","[-3.7986184,-1.474549,1.8334416,-2.1224536,-3.2692452,0.058518923]","[0.42,-0.28,0.48]",,True
6,42,scene_02_multi_obstacles,20260527,planner,prm,22048,"[-1.5708,-1.5708,1.5708,-1.5708,-1.5708,0]","[-3.7986184,-1.474549,1.8334416,-2.1224536,-3.2692452,0.058518923]","[0.42,-0.28,0.48]",,True
7,42,scene_02_multi_obstacles,20260527,planner,prm,22049,"[-1.5708,-1.5708,1.5708,-1.5708,-1.5708,0]","[-3.7986184,-1.474549,1.8334416,-2.1224536,-3.2692452,0.058518923]","[0.42,-0.28,0.48]",,True
8,42,scene_02_multi_obstacles,20260527,planner,prm,22050,"[-1.5708,-1.5708,1.5708,-1.5708,-1.5708,0]","[-3.7986184,-1.474549,1.8334416,-2.1224536,-3.2692452,0.058518923]","[0.42,-0.28,0.48]",,True
9,42,scene_02_multi_obstacles,20260527,planner,prm,22051,"[-1.5708,-1.5708,1.5708,-1.5708,-1.5708,0]","[-3.7986184,-1.474549,1.8334416,-2.1224536,-3.2692452,0.058518923]","[0.42,-0.28,0.48]",,True
10,42,scene_02_multi_obstacles,20260527,planner,prm,22052,"[-1.5708,-1.5708,1.5708,-1.5708,-1.5708,0]","[-3.7986184,-1.474549,1.8334416,-2.1224536,-3.2692452,0.058518923]","[0.42,-0.28,0.48]",,True
11,42,scene_02_multi_obstacles,20260527,planner,prm,22053,"[-1.5708,-1.5708,1.5708,-1.5708,-1.5708,0]","[-3.7986184,-1.474549,1.8334416,-2.1224536,-3.2692452,0.058518923]","[0.42,-0.28,0.48]",,True
12,42,scene_02_multi_obstacles,20260527,planner,prm,22054,"[-1.5708,-1.5708,1.5708,-1.5708,-1.5708,0]","[-3.7986184,-1.474549,1.8334416,-2.1224536,-3.2692452,0.058518923]","[0.42,-0.28,0.48]",,True
13,42,scene_02_multi_obstacles,20260527,planner,prm,22055,"[-1.5708,-1.5708,1.5708,-1.5708,-1.5708,0]","[-3.7986184,-1.474549,1.8334416,-2.1224536,-3.2692452,0.058518923]","[0.42,-0.28,0.48]",,True
14,42,scene_02_multi_obstacles,20260527,planner,prm,22056,"[-1.5708,-1.5708,1.5708,-1.5708,-1.5708,0]","[-3.7986184,-1.474549,1.8334416,-2.1224536,-3.2692452,0.058518923]","[0.42,-0.28,0.48]",,True
15,42,scene_02_multi_obstacles,20260527,planner,prm,22057,"[-1.5708,-1.5708,1.5708,-1.5708,-1.5708,0]","[-3.7986184,-1.474549,1.8334416,-2.1224536,-3.2692452,0.058518923]","[0.42,-0.28,0.48]",,True
16,42,scene_02_multi_obstacles,20260527,planner,prm,22058,"[-1.5708,-1.5708,1.5708,-1.5708,-1.5708,0]","[-3.7986184,-1.474549,1.8334416,-2.1224536,-3.2692452,0.058518923]","[0.42,-0.28,0.48]",,True
17,42,scene_02_multi_obstacles,20260527,planner,prm,22059,"[-1.5708,-1.5708,1.5708,-1.5708,-1.5708,0]","[-3.7986184,-1.474549,1.8334416,-2.1224536,-3.2692452,0.058518923]","[0.42,-0.28,0.48]",,True
18,42,scene_02_multi_obstacles,20260527,planner,prm,22060,"[-1.5708,-1.5708,1.5708,-1.5708,-1.5708,0]","[-3.7986184,-1.474549,1.8334416,-2.1224536,-3.2692452,0.058518923]","[0.42,-0.28,0.48]",,True
19,42,scene_02_multi_obstacles,20260527,planner,prm,22061,"[-1.5708,-1.5708,1.5708,-1.5708,-1.5708,0]","[-3.7986184,-1.474549,1.8334416,-2.1224536,-3.2692452,0.058518923]","[0.42,-0.28,0.48]",,True
20,42,scene_02_multi_obstacles,20260527,planner,prm,22062,"[-1.5708,-1.5708,1.5708,-1.5708,-1.5708,0]","[-3.7986184,-1.474549,1.8334416,-2.1224536,-3.2692452,0.058518923]","[0.42,-0.28,0.48]",,True
21,42,scene_02_multi_obstacles,20260527,planner,prm,22063,"[-1.5708,-1.5708,1.5708,-1.5708,-1.5708,0]","[-3.7986184,-1.474549,1.8334416,-2.1224536,-3.2692452,0.058518923]","[0.42,-0.28,0.48]",,True
22,42,scene_02_multi_obstacles,20260527,planner,prm,22064,"[-1.5708,-1.5708,1.5708,-1.5708,-1.5708,0]","[-3.7986184,-1.474549,1.8334416,-2.1224536,-3.2692452,0.058518923]","[0.42,-0.28,0.48]",,True
23,42,scene_02_multi_obstacles,20260527,planner,prm,22065,"[-1.5708,-1.5708,1.5708,-1.5708,-1.5708,0]","[-3.7986184,-1.474549,1.8334416,-2.1224536,-3.2692452,0.058518923]","[0.42,-0.28,0.48]",,True
24,42,scene_02_multi_obstacles,20260527,planner,prm,22066,"[-1.5708,-1.5708,1.5708,-1.5708,-1.5708,0]","[-3.7986184,-1.474549,1.8334416,-2.1224536,-3.2692452,0.058518923]","[0.42,-0.28,0.48]",,True
25,42,scene_02_multi_obstacles,20260527,planner,prm,22067,"[-1.5708,-1.5708,1.5708,-1.5708,-1.5708,0]","[-3.7986184,-1.474549,1.8334416,-2.1224536,-3.2692452,0.058518923]","[0.42,-0.28,0.48]",,True
26,42,scene_02_multi_obstacles,20260527,planner,prm,22068,"[-1.5708,-1.5708,1.5708,-1.5708,-1.5708,0]","[-3.7986184,-1.474549,1.8334416,-2.1224536,-3.2692452,0.058518923]","[0.42,-0.28,0.48]",,True
27,42,scene_02_multi_obstacles,20260527,planner,prm,22069,"[-1.5708,-1.5708,1.5708,-1.5708,-1.5708,0]","[-3.7986184,-1.474549,1.8334416,-2.1224536,-3.2692452,0.058518923]","[0.42,-0.28,0.48]",,True
28,42,scene_02_multi_obstacles,20260527,planner,prm,22070,"[-1.5708,-1.5708,1.5708,-1.5708,-1.5708,0]","[-3.7986184,-1.474549,1.8334416,-2.1224536,-3.2692452,0.058518923]","[0.42,-0.28,0.48]",,True
29,42,scene_02_multi_obstacles,20260527,planner,prm,22071,"[-1.5708,-1.5708,1.5708,-1.5708,-1.5708,0]","[-3.7986184,-1.474549,1.8334416,-2.1224536,-3.2692452,0.058518923]","[0.42,-0.28,0.48]",,True
30,42,scene_02_multi_obstacles,20260527,planner,prm,22072,"[-1.5708,-1.5708,1.5708,-1.5708,-1.5708,0]","[-3.7986184,-1.474549,1.8334416,-2.1224536,-3.2692452,0.058518923]","[0.42,-0.28,0.48]",,True
31,42,scene_02_multi_obstacles,20260527,planner,prm,22073,"[-1.5708,-1.5708,1.5708,-1.5708,-1.5708,0]","[-3.7986184,-1.474549,1.8334416,-2.1224536,-3.2692452,0.058518923]","[0.42,-0.28,0.48]",,True
32,42,scene_02_multi_obstacles,20260527,planner,prm,22074,"[-1.5708,-1.5708,1.5708,-1.5708,-1.5708,0]","[-3.7986184,-1.474549,1.8334416,-2.1224536,-3.2692452,0.058518923]","[0.42,-0.28,0.48]",,True
33,42,scene_02_multi_obstacles,20260527,planner,prm,22075,"[-1.5708,-1.5708,1.5708,-1.5708,-1.5708,0]","[-3.7986184,-1.474549,1.8334416,-2.1224536,-3.2692452,0.058518923]","[0.42,-0.28,0.48]",,True
34,42,scene_02_multi_obstacles,20260527,planner,prm,22076,"[-1.5708,-1.5708,1.5708,-1.5708,-1.5708,0]","[-3.7986184,-1.474549,1.8334416,-2.1224536,-3.2692452,0.058518923]","[0.42,-0.28,0.48]",,True
35,42,scene_02_multi_obstacles,20260527,planner,prm,22077,"[-1.5708,-1.5708,1.5708,-1.5708,-1.5708,0]","[-3.7986184,-1.474549,1.8334416,-2.1224536,-3.2692452,0.058518923]","[0.42,-0.28,0.48]",,True
36,42,scene_02_multi_obstacles,20260527,planner,prm,22078,"[-1.5708,-1.5708,1.5708,-1.5708,-1.5708,0]","[-3.7986184,-1.474549,1.8334416,-2.1224536,-3.2692452,0.058518923]","[0.42,-0.28,0.48]",,True
37,42,scene_02_multi_obstacles,20260527,planner,prm,22079,"[-1.5708,-1.5708,1.5708,-1.5708,-1.5708,0]","[-3.7986184,-1.474549,1.8334416,-2.1224536,-3.2692452,0.058518923]","[0.42,-0.28,0.48]",,True
38,42,scene_02_multi_obstacles,20260527,planner,prm,22080,"[-1.5708,-1.5708,1.5708,-1.5708,-1.5708,0]","[-3.7986184,-1.474549,1.8334416,-2.1224536,-3.2692452,0.058518923]","[0.42,-0.28,0.48]",,True
39,42,scene_02_multi_obstacles,20260527,planner,prm,22081,"[-1.5708,-1.5708,1.5708,-1.5708,-1.5708,0]","[-3.7986184,-1.474549,1.8334416,-2.1224536,-3.2692452,0.058518923]","[0.42,-0.28,0.48]",,True
40,42,scene_02_multi_obstacles,20260527,planner,prm,22082,"[-1.5708,-1.5708,1.5708,-1.5708,-1.5708,0]","[-3.7986184,-1.474549,1.8334416,-2.1224536,-3.2692452,0.058518923]","[0.42,-0.28,0.48]",,True
41,42,scene_02_multi_obstacles,20260527,planner,prm,22083,"[-1.5708,-1.5708,1.5708,-1.5708,-1.5708,0]","[-3.7986184,-1.474549,1.8334416,-2.1224536,-3.2692452,0.058518923]","[0.42,-0.28,0.48]",,True
42,42,scene_02_multi_obstacles,20260527,planner,prm,22084,"[-1.5708,-1.5708,1.5708,-1.5708,-1.5708,0]","[-3.7986184,-1.474549,1.8334416,-2.1224536,-3.2692452,0.058518923]","[0.42,-0.28,0.48]",,True
43,42,scene_02_multi_obstacles,20260527,planner,prm,22085,"[-1.5708,-1.5708,1.5708,-1.5708,-1.5708,0]","[-3.7986184,-1.474549,1.8334416,-2.1224536,-3.2692452,0.058518923]","[0.42,-0.28,0.48]",,True
44,42,scene_02_multi_obstacles,20260527,planner,prm,22086,"[-1.5708,-1.5708,1.5708,-1.5708,-1.5708,0]","[-3.7986184,-1.474549,1.8334416,-2.1224536,-3.2692452,0.058518923]","[0.42,-0.28,0.48]",,True
45,42,scene_02_multi_obstacles,20260527,planner,prm,22087,"[-1.5708,-1.5708,1.5708,-1.5708,-1.5708,0]","[-3.7986184,-1.474549,1.8334416,-2.1224536,-3.2692452,0.058518923]","[0.42,-0.28,0.48]",,True
46,42,scene_02_multi_obstacles,20260527,planner,prm,22088,"[-1.5708,-1.5708,1.5708,-1.5708,-1.5708,0]","[-3.7986184,-1.474549,1.8334416,-2.1224536,-3.2692452,0.058518923]","[0.42,-0.28,0.48]",,True
47,42,scene_02_multi_obstacles,20260527,planner,prm,22089,"[-1.5708,-1.5708,1.5708,-1.5708,-1.5708,0]","[-3.7986184,-1.474549,1.8334416,-2.1224536,-3.2692452,0.058518923]","[0.42,-0.28,0.48]",,True
48,42,scene_02_multi_obstacles,20260527,planner,prm,22090,"[-1.5708,-1.5708,1.5708,-1.5708,-1.5708,0]","[-3.7986184,-1.474549,1.8334416,-2.1224536,-3.2692452,0.058518923]","[0.42,-0.28,0.48]",,True
49,42,scene_02_multi_obstacles,20260527,planner,prm,22091,"[-1.5708,-1.5708,1.5708,-1.5708,-1.5708,0]","[-3.7986184,-1.474549,1.8334416,-2.1224536,-3.2692452,0.058518923]","[0.42,-0.28,0.48]",,True
0,42,scene_02_multi_obstacles,20260527,planner,apf,23042,"[-1.5708,-1.5708,1.5708,-1.5708,-1.5708,0]","[-3.7986184,-1.474549,1.8334416,-2.1224536,-3.2692452,0.058518923]","[0.42,-0.28,0.48]",,False
1,42,scene_02_multi_obstacles,20260527,planner,apf,23043,"[-1.5708,-1.5708,1.5708,-1.5708,-1.5708,0]","[-3.7986184,-1.474549,1.8334416,-2.1224536,-3.2692452,0.058518923]","[0.42,-0.28,0.48]",,False
2,42,scene_02_multi_obstacles,20260527,planner,apf,23044,"[-1.5708,-1.5708,1.5708,-1.5708,-1.5708,0]","[-3.7986184,-1.474549,1.8334416,-2.1224536,-3.2692452,0.058518923]","[0.42,-0.28,0.48]",,False
3,42,scene_02_multi_obstacles,20260527,planner,apf,23045,"[-1.5708,-1.5708,1.5708,-1.5708,-1.5708,0]","[-3.7986184,-1.474549,1.8334416,-2.1224536,-3.2692452,0.058518923]","[0.42,-0.28,0.48]",,False
4,42,scene_02_multi_obstacles,20260527,planner,apf,23046,"[-1.5708,-1.5708,1.5708,-1.5708,-1.5708,0]","[-3.7986184,-1.474549,1.8334416,-2.1224536,-3.2692452,0.058518923]","[0.42,-0.28,0.48]",,False
5,42,scene_02_multi_obstacles,20260527,planner,apf,23047,"[-1.5708,-1.5708,1.5708,-1.5708,-1.5708,0]","[-3.7986184,-1.474549,1.8334416,-2.1224536,-3.2692452,0.058518923]","[0.42,-0.28,0.48]",,False
6,42,scene_02_multi_obstacles,20260527,planner,apf,23048,"[-1.5708,-1.5708,1.5708,-1.5708,-1.5708,0]","[-3.7986184,-1.474549,1.8334416,-2.1224536,-3.2692452,0.058518923]","[0.42,-0.28,0.48]",,False
7,42,scene_02_multi_obstacles,20260527,planner,apf,23049,"[-1.5708,-1.5708,1.5708,-1.5708,-1.5708,0]","[-3.7986184,-1.474549,1.8334416,-2.1224536,-3.2692452,0.058518923]","[0.42,-0.28,0.48]",,False
8,42,scene_02_multi_obstacles,20260527,planner,apf,23050,"[-1.5708,-1.5708,1.5708,-1.5708,-1.5708,0]","[-3.7986184,-1.474549,1.8334416,-2.1224536,-3.2692452,0.058518923]","[0.42,-0.28,0.48]",,False
9,42,scene_02_multi_obstacles,20260527,planner,apf,23051,"[-1.5708,-1.5708,1.5708,-1.5708,-1.5708,0]","[-3.7986184,-1.474549,1.8334416,-2.1224536,-3.2692452,0.058518923]","[0.42,-0.28,0.48]",,False
10,42,scene_02_multi_obstacles,20260527,planner,apf,23052,"[-1.5708,-1.5708,1.5708,-1.5708,-1.5708,0]","[-3.7986184,-1.474549,1.8334416,-2.1224536,-3.2692452,0.058518923]","[0.42,-0.28,0.48]",,False
11,42,scene_02_multi_obstacles,20260527,planner,apf,23053,"[-1.5708,-1.5708,1.5708,-1.5708,-1.5708,0]","[-3.7986184,-1.474549,1.8334416,-2.1224536,-3.2692452,0.058518923]","[0.42,-0.28,0.48]",,False
12,42,scene_02_multi_obstacles,20260527,planner,apf,23054,"[-1.5708,-1.5708,1.5708,-1.5708,-1.5708,0]","[-3.7986184,-1.474549,1.8334416,-2.1224536,-3.2692452,0.058518923]","[0.42,-0.28,0.48]",,False
13,42,scene_02_multi_obstacles,20260527,planner,apf,23055,"[-1.5708,-1.5708,1.5708,-1.5708,-1.5708,0]","[-3.7986184,-1.474549,1.8334416,-2.1224536,-3.2692452,0.058518923]","[0.42,-0.28,0.48]",,False
14,42,scene_02_multi_obstacles,20260527,planner,apf,23056,"[-1.5708,-1.5708,1.5708,-1.5708,-1.5708,0]","[-3.7986184,-1.474549,1.8334416,-2.1224536,-3.2692452,0.058518923]","[0.42,-0.28,0.48]",,False
15,42,scene_02_multi_obstacles,20260527,planner,apf,23057,"[-1.5708,-1.5708,1.5708,-1.5708,-1.5708,0]","[-3.7986184,-1.474549,1.8334416,-2.1224536,-3.2692452,0.058518923]","[0.42,-0.28,0.48]",,False
16,42,scene_02_multi_obstacles,20260527,planner,apf,23058,"[-1.5708,-1.5708,1.5708,-1.5708,-1.5708,0]","[-3.7986184,-1.474549,1.8334416,-2.1224536,-3.2692452,0.058518923]","[0.42,-0.28,0.48]",,False
17,42,scene_02_multi_obstacles,20260527,planner,apf,23059,"[-1.5708,-1.5708,1.5708,-1.5708,-1.5708,0]","[-3.7986184,-1.474549,1.8334416,-2.1224536,-3.2692452,0.058518923]","[0.42,-0.28,0.48]",,False
18,42,scene_02_multi_obstacles,20260527,planner,apf,23060,"[-1.5708,-1.5708,1.5708,-1.5708,-1.5708,0]","[-3.7986184,-1.474549,1.8334416,-2.1224536,-3.2692452,0.058518923]","[0.42,-0.28,0.48]",,False
19,42,scene_02_multi_obstacles,20260527,planner,apf,23061,"[-1.5708,-1.5708,1.5708,-1.5708,-1.5708,0]","[-3.7986184,-1.474549,1.8334416,-2.1224536,-3.2692452,0.058518923]","[0.42,-0.28,0.48]",,False
20,42,scene_02_multi_obstacles,20260527,planner,apf,23062,"[-1.5708,-1.5708,1.5708,-1.5708,-1.5708,0]","[-3.7986184,-1.474549,1.8334416,-2.1224536,-3.2692452,0.058518923]","[0.42,-0.28,0.48]",,False
21,42,scene_02_multi_obstacles,20260527,planner,apf,23063,"[-1.5708,-1.5708,1.5708,-1.5708,-1.5708,0]","[-3.7986184,-1.474549,1.8334416,-2.1224536,-3.2692452,0.058518923]","[0.42,-0.28,0.48]",,False
22,42,scene_02_multi_obstacles,20260527,planner,apf,23064,"[-1.5708,-1.5708,1.5708,-1.5708,-1.5708,0]","[-3.7986184,-1.474549,1.8334416,-2.1224536,-3.2692452,0.058518923]","[0.42,-0.28,0.48]",,False
23,42,scene_02_multi_obstacles,20260527,planner,apf,23065,"[-1.5708,-1.5708,1.5708,-1.5708,-1.5708,0]","[-3.7986184,-1.474549,1.8334416,-2.1224536,-3.2692452,0.058518923]","[0.42,-0.28,0.48]",,False
24,42,scene_02_multi_obstacles,20260527,planner,apf,23066,"[-1.5708,-1.5708,1.5708,-1.5708,-1.5708,0]","[-3.7986184,-1.474549,1.8334416,-2.1224536,-3.2692452,0.058518923]","[0.42,-0.28,0.48]",,False
25,42,scene_02_multi_obstacles,20260527,planner,apf,23067,"[-1.5708,-1.5708,1.5708,-1.5708,-1.5708,0]","[-3.7986184,-1.474549,1.8334416,-2.1224536,-3.2692452,0.058518923]","[0.42,-0.28,0.48]",,False
26,42,scene_02_multi_obstacles,20260527,planner,apf,23068,"[-1.5708,-1.5708,1.5708,-1.5708,-1.5708,0]","[-3.7986184,-1.474549,1.8334416,-2.1224536,-3.2692452,0.058518923]","[0.42,-0.28,0.48]",,False
27,42,scene_02_multi_obstacles,20260527,planner,apf,23069,"[-1.5708,-1.5708,1.5708,-1.5708,-1.5708,0]","[-3.7986184,-1.474549,1.8334416,-2.1224536,-3.2692452,0.058518923]","[0.42,-0.28,0.48]",,False
28,42,scene_02_multi_obstacles,20260527,planner,apf,23070,"[-1.5708,-1.5708,1.5708,-1.5708,-1.5708,0]","[-3.7986184,-1.474549,1.8334416,-2.1224536,-3.2692452,0.058518923]","[0.42,-0.28,0.48]",,False
29,42,scene_02_multi_obstacles,20260527,planner,apf,23071,"[-1.5708,-1.5708,1.5708,-1.5708,-1.5708,0]","[-3.7986184,-1.474549,1.8334416,-2.1224536,-3.2692452,0.058518923]","[0.42,-0.28,0.48]",,False
30,42,scene_02_multi_obstacles,20260527,planner,apf,23072,"[-1.5708,-1.5708,1.5708,-1.5708,-1.5708,0]","[-3.7986184,-1.474549,1.8334416,-2.1224536,-3.2692452,0.058518923]","[0.42,-0.28,0.48]",,False
31,42,scene_02_multi_obstacles,20260527,planner,apf,23073,"[-1.5708,-1.5708,1.5708,-1.5708,-1.5708,0]","[-3.7986184,-1.474549,1.8334416,-2.1224536,-3.2692452,0.058518923]","[0.42,-0.28,0.48]",,False
32,42,scene_02_multi_obstacles,20260527,planner,apf,23074,"[-1.5708,-1.5708,1.5708,-1.5708,-1.5708,0]","[-3.7986184,-1.474549,1.8334416,-2.1224536,-3.2692452,0.058518923]","[0.42,-0.28,0.48]",,False
33,42,scene_02_multi_obstacles,20260527,planner,apf,23075,"[-1.5708,-1.5708,1.5708,-1.5708,-1.5708,0]","[-3.7986184,-1.474549,1.8334416,-2.1224536,-3.2692452,0.058518923]","[0.42,-0.28,0.48]",,False
34,42,scene_02_multi_obstacles,20260527,planner,apf,23076,"[-1.5708,-1.5708,1.5708,-1.5708,-1.5708,0]","[-3.7986184,-1.474549,1.8334416,-2.1224536,-3.2692452,0.058518923]","[0.42,-0.28,0.48]",,False
35,42,scene_02_multi_obstacles,20260527,planner,apf,23077,"[-1.5708,-1.5708,1.5708,-1.5708,-1.5708,0]","[-3.7986184,-1.474549,1.8334416,-2.1224536,-3.2692452,0.058518923]","[0.42,-0.28,0.48]",,False
36,42,scene_02_multi_obstacles,20260527,planner,apf,23078,"[-1.5708,-1.5708,1.5708,-1.5708,-1.5708,0]","[-3.7986184,-1.474549,1.8334416,-2.1224536,-3.2692452,0.058518923]","[0.42,-0.28,0.48]",,False
37,42,scene_02_multi_obstacles,20260527,planner,apf,23079,"[-1.5708,-1.5708,1.5708,-1.5708,-1.5708,0]","[-3.7986184,-1.474549,1.8334416,-2.1224536,-3.2692452,0.058518923]","[0.42,-0.28,0.48]",,False
38,42,scene_02_multi_obstacles,20260527,planner,apf,23080,"[-1.5708,-1.5708,1.5708,-1.5708,-1.5708,0]","[-3.7986184,-1.474549,1.8334416,-2.1224536,-3.2692452,0.058518923]","[0.42,-0.28,0.48]",,False
39,42,scene_02_multi_obstacles,20260527,planner,apf,23081,"[-1.5708,-1.5708,1.5708,-1.5708,-1.5708,0]","[-3.7986184,-1.474549,1.8334416,-2.1224536,-3.2692452,0.058518923]","[0.42,-0.28,0.48]",,False
40,42,scene_02_multi_obstacles,20260527,planner,apf,23082,"[-1.5708,-1.5708,1.5708,-1.5708,-1.5708,0]","[-3.7986184,-1.474549,1.8334416,-2.1224536,-3.2692452,0.058518923]","[0.42,-0.28,0.48]",,False
41,42,scene_02_multi_obstacles,20260527,planner,apf,23083,"[-1.5708,-1.5708,1.5708,-1.5708,-1.5708,0]","[-3.7986184,-1.474549,1.8334416,-2.1224536,-3.2692452,0.058518923]","[0.42,-0.28,0.48]",,False
42,42,scene_02_multi_obstacles,20260527,planner,apf,23084,"[-1.5708,-1.5708,1.5708,-1.5708,-1.5708,0]","[-3.7986184,-1.474549,1.8334416,-2.1224536,-3.2692452,0.058518923]","[0.42,-0.28,0.48]",,False
43,42,scene_02_multi_obstacles,20260527,planner,apf,23085,"[-1.5708,-1.5708,1.5708,-1.5708,-1.5708,0]","[-3.7986184,-1.474549,1.8334416,-2.1224536,-3.2692452,0.058518923]","[0.42,-0.28,0.48]",,False
44,42,scene_02_multi_obstacles,20260527,planner,apf,23086,"[-1.5708,-1.5708,1.5708,-1.5708,-1.5708,0]","[-3.7986184,-1.474549,1.8334416,-2.1224536,-3.2692452,0.058518923]","[0.42,-0.28,0.48]",,False
45,42,scene_02_multi_obstacles,20260527,planner,apf,23087,"[-1.5708,-1.5708,1.5708,-1.5708,-1.5708,0]","[-3.7986184,-1.474549,1.8334416,-2.1224536,-3.2692452,0.058518923]","[0.42,-0.28,0.48]",,False
46,42,scene_02_multi_obstacles,20260527,planner,apf,23088,"[-1.5708,-1.5708,1.5708,-1.5708,-1.5708,0]","[-3.7986184,-1.474549,1.8334416,-2.1224536,-3.2692452,0.058518923]","[0.42,-0.28,0.48]",,False
47,42,scene_02_multi_obstacles,20260527,planner,apf,23089,"[-1.5708,-1.5708,1.5708,-1.5708,-1.5708,0]","[-3.7986184,-1.474549,1.8334416,-2.1224536,-3.2692452,0.058518923]","[0.42,-0.28,0.48]",,False
48,42,scene_02_multi_obstacles,20260527,planner,apf,23090,"[-1.5708,-1.5708,1.5708,-1.5708,-1.5708,0]","[-3.7986184,-1.474549,1.8334416,-2.1224536,-3.2692452,0.058518923]","[0.42,-0.28,0.48]",,False
49,42,scene_02_multi_obstacles,20260527,planner,apf,23091,"[-1.5708,-1.5708,1.5708,-1.5708,-1.5708,0]","[-3.7986184,-1.474549,1.8334416,-2.1224536,-3.2692452,0.058518923]","[0.42,-0.28,0.48]",,False
0,42,scene_03_narrow_passage,20260528,planner,rrt,30042,"[-1.5708,-1.5708,1.5708,-1.5708,-1.5708,0]","[-3.3941324,-1.3320287,1.7412634,-1.3129422,1.1562085,0.059607844]","[0.62,0.02,0.43]",,True
1,42,scene_03_narrow_passage,20260528,planner,rrt,30043,"[-1.5708,-1.5708,1.5708,-1.5708,-1.5708,0]","[-3.3941324,-1.3320287,1.7412634,-1.3129422,1.1562085,0.059607844]","[0.62,0.02,0.43]",,True
2,42,scene_03_narrow_passage,20260528,planner,rrt,30044,"[-1.5708,-1.5708,1.5708,-1.5708,-1.5708,0]","[-3.3941324,-1.3320287,1.7412634,-1.3129422,1.1562085,0.059607844]","[0.62,0.02,0.43]",,True
3,42,scene_03_narrow_passage,20260528,planner,rrt,30045,"[-1.5708,-1.5708,1.5708,-1.5708,-1.5708,0]","[-3.3941324,-1.3320287,1.7412634,-1.3129422,1.1562085,0.059607844]","[0.62,0.02,0.43]",,True
4,42,scene_03_narrow_passage,20260528,planner,rrt,30046,"[-1.5708,-1.5708,1.5708,-1.5708,-1.5708,0]","[-3.3941324,-1.3320287,1.7412634,-1.3129422,1.1562085,0.059607844]","[0.62,0.02,0.43]",,True
5,42,scene_03_narrow_passage,20260528,planner,rrt,30047,"[-1.5708,-1.5708,1.5708,-1.5708,-1.5708,0]","[-3.3941324,-1.3320287,1.7412634,-1.3129422,1.1562085,0.059607844]","[0.62,0.02,0.43]",,True
6,42,scene_03_narrow_passage,20260528,planner,rrt,30048,"[-1.5708,-1.5708,1.5708,-1.5708,-1.5708,0]","[-3.3941324,-1.3320287,1.7412634,-1.3129422,1.1562085,0.059607844]","[0.62,0.02,0.43]",,True
7,42,scene_03_narrow_passage,20260528,planner,rrt,30049,"[-1.5708,-1.5708,1.5708,-1.5708,-1.5708,0]","[-3.3941324,-1.3320287,1.7412634,-1.3129422,1.1562085,0.059607844]","[0.62,0.02,0.43]",,True
8,42,scene_03_narrow_passage,20260528,planner,rrt,30050,"[-1.5708,-1.5708,1.5708,-1.5708,-1.5708,0]","[-3.3941324,-1.3320287,1.7412634,-1.3129422,1.1562085,0.059607844]","[0.62,0.02,0.43]",,True
9,42,scene_03_narrow_passage,20260528,planner,rrt,30051,"[-1.5708,-1.5708,1.5708,-1.5708,-1.5708,0]","[-3.3941324,-1.3320287,1.7412634,-1.3129422,1.1562085,0.059607844]","[0.62,0.02,0.43]",,True
10,42,scene_03_narrow_passage,20260528,planner,rrt,30052,"[-1.5708,-1.5708,1.5708,-1.5708,-1.5708,0]","[-3.3941324,-1.3320287,1.7412634,-1.3129422,1.1562085,0.059607844]","[0.62,0.02,0.43]",,True
11,42,scene_03_narrow_passage,20260528,planner,rrt,30053,"[-1.5708,-1.5708,1.5708,-1.5708,-1.5708,0]","[-3.3941324,-1.3320287,1.7412634,-1.3129422,1.1562085,0.059607844]","[0.62,0.02,0.43]",,True
12,42,scene_03_narrow_passage,20260528,planner,rrt,30054,"[-1.5708,-1.5708,1.5708,-1.5708,-1.5708,0]","[-3.3941324,-1.3320287,1.7412634,-1.3129422,1.1562085,0.059607844]","[0.62,0.02,0.43]",,True
13,42,scene_03_narrow_passage,20260528,planner,rrt,30055,"[-1.5708,-1.5708,1.5708,-1.5708,-1.5708,0]","[-3.3941324,-1.3320287,1.7412634,-1.3129422,1.1562085,0.059607844]","[0.62,0.02,0.43]",,True
14,42,scene_03_narrow_passage,20260528,planner,rrt,30056,"[-1.5708,-1.5708,1.5708,-1.5708,-1.5708,0]","[-3.3941324,-1.3320287,1.7412634,-1.3129422,1.1562085,0.059607844]","[0.62,0.02,0.43]",,True
15,42,scene_03_narrow_passage,20260528,planner,rrt,30057,"[-1.5708,-1.5708,1.5708,-1.5708,-1.5708,0]","[-3.3941324,-1.3320287,1.7412634,-1.3129422,1.1562085,0.059607844]","[0.62,0.02,0.43]",,True
16,42,scene_03_narrow_passage,20260528,planner,rrt,30058,"[-1.5708,-1.5708,1.5708,-1.5708,-1.5708,0]","[-3.3941324,-1.3320287,1.7412634,-1.3129422,1.1562085,0.059607844]","[0.62,0.02,0.43]",,True
17,42,scene_03_narrow_passage,20260528,planner,rrt,30059,"[-1.5708,-1.5708,1.5708,-1.5708,-1.5708,0]","[-3.3941324,-1.3320287,1.7412634,-1.3129422,1.1562085,0.059607844]","[0.62,0.02,0.43]",,True
18,42,scene_03_narrow_passage,20260528,planner,rrt,30060,"[-1.5708,-1.5708,1.5708,-1.5708,-1.5708,0]","[-3.3941324,-1.3320287,1.7412634,-1.3129422,1.1562085,0.059607844]","[0.62,0.02,0.43]",,True
19,42,scene_03_narrow_passage,20260528,planner,rrt,30061,"[-1.5708,-1.5708,1.5708,-1.5708,-1.5708,0]","[-3.3941324,-1.3320287,1.7412634,-1.3129422,1.1562085,0.059607844]","[0.62,0.02,0.43]",,True
20,42,scene_03_narrow_passage,20260528,planner,rrt,30062,"[-1.5708,-1.5708,1.5708,-1.5708,-1.5708,0]","[-3.3941324,-1.3320287,1.7412634,-1.3129422,1.1562085,0.059607844]","[0.62,0.02,0.43]",,True
21,42,scene_03_narrow_passage,20260528,planner,rrt,30063,"[-1.5708,-1.5708,1.5708,-1.5708,-1.5708,0]","[-3.3941324,-1.3320287,1.7412634,-1.3129422,1.1562085,0.059607844]","[0.62,0.02,0.43]",,True
22,42,scene_03_narrow_passage,20260528,planner,rrt,30064,"[-1.5708,-1.5708,1.5708,-1.5708,-1.5708,0]","[-3.3941324,-1.3320287,1.7412634,-1.3129422,1.1562085,0.059607844]","[0.62,0.02,0.43]",,True
23,42,scene_03_narrow_passage,20260528,planner,rrt,30065,"[-1.5708,-1.5708,1.5708,-1.5708,-1.5708,0]","[-3.3941324,-1.3320287,1.7412634,-1.3129422,1.1562085,0.059607844]","[0.62,0.02,0.43]",,True
24,42,scene_03_narrow_passage,20260528,planner,rrt,30066,"[-1.5708,-1.5708,1.5708,-1.5708,-1.5708,0]","[-3.3941324,-1.3320287,1.7412634,-1.3129422,1.1562085,0.059607844]","[0.62,0.02,0.43]",,False
25,42,scene_03_narrow_passage,20260528,planner,rrt,30067,"[-1.5708,-1.5708,1.5708,-1.5708,-1.5708,0]","[-3.3941324,-1.3320287,1.7412634,-1.3129422,1.1562085,0.059607844]","[0.62,0.02,0.43]",,True
26,42,scene_03_narrow_passage,20260528,planner,rrt,30068,"[-1.5708,-1.5708,1.5708,-1.5708,-1.5708,0]","[-3.3941324,-1.3320287,1.7412634,-1.3129422,1.1562085,0.059607844]","[0.62,0.02,0.43]",,True
27,42,scene_03_narrow_passage,20260528,planner,rrt,30069,"[-1.5708,-1.5708,1.5708,-1.5708,-1.5708,0]","[-3.3941324,-1.3320287,1.7412634,-1.3129422,1.1562085,0.059607844]","[0.62,0.02,0.43]",,True
28,42,scene_03_narrow_passage,20260528,planner,rrt,30070,"[-1.5708,-1.5708,1.5708,-1.5708,-1.5708,0]","[-3.3941324,-1.3320287,1.7412634,-1.3129422,1.1562085,0.059607844]","[0.62,0.02,0.43]",,True
29,42,scene_03_narrow_passage,20260528,planner,rrt,30071,"[-1.5708,-1.5708,1.5708,-1.5708,-1.5708,0]","[-3.3941324,-1.3320287,1.7412634,-1.3129422,1.1562085,0.059607844]","[0.62,0.02,0.43]",,True
30,42,scene_03_narrow_passage,20260528,planner,rrt,30072,"[-1.5708,-1.5708,1.5708,-1.5708,-1.5708,0]","[-3.3941324,-1.3320287,1.7412634,-1.3129422,1.1562085,0.059607844]","[0.62,0.02,0.43]",,True
31,42,scene_03_narrow_passage,20260528,planner,rrt,30073,"[-1.5708,-1.5708,1.5708,-1.5708,-1.5708,0]","[-3.3941324,-1.3320287,1.7412634,-1.3129422,1.1562085,0.059607844]","[0.62,0.02,0.43]",,True
32,42,scene_03_narrow_passage,20260528,planner,rrt,30074,"[-1.5708,-1.5708,1.5708,-1.5708,-1.5708,0]","[-3.3941324,-1.3320287,1.7412634,-1.3129422,1.1562085,0.059607844]","[0.62,0.02,0.43]",,True
33,42,scene_03_narrow_passage,20260528,planner,rrt,30075,"[-1.5708,-1.5708,1.5708,-1.5708,-1.5708,0]","[-3.3941324,-1.3320287,1.7412634,-1.3129422,1.1562085,0.059607844]","[0.62,0.02,0.43]",,False
34,42,scene_03_narrow_passage,20260528,planner,rrt,30076,"[-1.5708,-1.5708,1.5708,-1.5708,-1.5708,0]","[-3.3941324,-1.3320287,1.7412634,-1.3129422,1.1562085,0.059607844]","[0.62,0.02,0.43]",,True
35,42,scene_03_narrow_passage,20260528,planner,rrt,30077,"[-1.5708,-1.5708,1.5708,-1.5708,-1.5708,0]","[-3.3941324,-1.3320287,1.7412634,-1.3129422,1.1562085,0.059607844]","[0.62,0.02,0.43]",,True
36,42,scene_03_narrow_passage,20260528,planner,rrt,30078,"[-1.5708,-1.5708,1.5708,-1.5708,-1.5708,0]","[-3.3941324,-1.3320287,1.7412634,-1.3129422,1.1562085,0.059607844]","[0.62,0.02,0.43]",,True
37,42,scene_03_narrow_passage,20260528,planner,rrt,30079,"[-1.5708,-1.5708,1.5708,-1.5708,-1.5708,0]","[-3.3941324,-1.3320287,1.7412634,-1.3129422,1.1562085,0.059607844]","[0.62,0.02,0.43]",,True
38,42,scene_03_narrow_passage,20260528,planner,rrt,30080,"[-1.5708,-1.5708,1.5708,-1.5708,-1.5708,0]","[-3.3941324,-1.3320287,1.7412634,-1.3129422,1.1562085,0.059607844]","[0.62,0.02,0.43]",,True
39,42,scene_03_narrow_passage,20260528,planner,rrt,30081,"[-1.5708,-1.5708,1.5708,-1.5708,-1.5708,0]","[-3.3941324,-1.3320287,1.7412634,-1.3129422,1.1562085,0.059607844]","[0.62,0.02,0.43]",,True
40,42,scene_03_narrow_passage,20260528,planner,rrt,30082,"[-1.5708,-1.5708,1.5708,-1.5708,-1.5708,0]","[-3.3941324,-1.3320287,1.7412634,-1.3129422,1.1562085,0.059607844]","[0.62,0.02,0.43]",,True
41,42,scene_03_narrow_passage,20260528,planner,rrt,30083,"[-1.5708,-1.5708,1.5708,-1.5708,-1.5708,0]","[-3.3941324,-1.3320287,1.7412634,-1.3129422,1.1562085,0.059607844]","[0.62,0.02,0.43]",,True
42,42,scene_03_narrow_passage,20260528,planner,rrt,30084,"[-1.5708,-1.5708,1.5708,-1.5708,-1.5708,0]","[-3.3941324,-1.3320287,1.7412634,-1.3129422,1.1562085,0.059607844]","[0.62,0.02,0.43]",,True
43,42,scene_03_narrow_passage,20260528,planner,rrt,30085,"[-1.5708,-1.5708,1.5708,-1.5708,-1.5708,0]","[-3.3941324,-1.3320287,1.7412634,-1.3129422,1.1562085,0.059607844]","[0.62,0.02,0.43]",,True
44,42,scene_03_narrow_passage,20260528,planner,rrt,30086,"[-1.5708,-1.5708,1.5708,-1.5708,-1.5708,0]","[-3.3941324,-1.3320287,1.7412634,-1.3129422,1.1562085,0.059607844]","[0.62,0.02,0.43]",,True
45,42,scene_03_narrow_passage,20260528,planner,rrt,30087,"[-1.5708,-1.5708,1.5708,-1.5708,-1.5708,0]","[-3.3941324,-1.3320287,1.7412634,-1.3129422,1.1562085,0.059607844]","[0.62,0.02,0.43]",,True
46,42,scene_03_narrow_passage,20260528,planner,rrt,30088,"[-1.5708,-1.5708,1.5708,-1.5708,-1.5708,0]","[-3.3941324,-1.3320287,1.7412634,-1.3129422,1.1562085,0.059607844]","[0.62,0.02,0.43]",,True
47,42,scene_03_narrow_passage,20260528,planner,rrt,30089,"[-1.5708,-1.5708,1.5708,-1.5708,-1.5708,0]","[-3.3941324,-1.3320287,1.7412634,-1.3129422,1.1562085,0.059607844]","[0.62,0.02,0.43]",,False
48,42,scene_03_narrow_passage,20260528,planner,rrt,30090,"[-1.5708,-1.5708,1.5708,-1.5708,-1.5708,0]","[-3.3941324,-1.3320287,1.7412634,-1.3129422,1.1562085,0.059607844]","[0.62,0.02,0.43]",,True
49,42,scene_03_narrow_passage,20260528,planner,rrt,30091,"[-1.5708,-1.5708,1.5708,-1.5708,-1.5708,0]","[-3.3941324,-1.3320287,1.7412634,-1.3129422,1.1562085,0.059607844]","[0.62,0.02,0.43]",,True
0,42,scene_03_narrow_passage,20260528,planner,rrt_connect,31042,"[-1.5708,-1.5708,1.5708,-1.5708,-1.5708,0]","[-3.3941324,-1.3320287,1.7412634,-1.3129422,1.1562085,0.059607844]","[0.62,0.02,0.43]",,True
1,42,scene_03_narrow_passage,20260528,planner,rrt_connect,31043,"[-1.5708,-1.5708,1.5708,-1.5708,-1.5708,0]","[-3.3941324,-1.3320287,1.7412634,-1.3129422,1.1562085,0.059607844]","[0.62,0.02,0.43]",,True
2,42,scene_03_narrow_passage,20260528,planner,rrt_connect,31044,"[-1.5708,-1.5708,1.5708,-1.5708,-1.5708,0]","[-3.3941324,-1.3320287,1.7412634,-1.3129422,1.1562085,0.059607844]","[0.62,0.02,0.43]",,True
3,42,scene_03_narrow_passage,20260528,planner,rrt_connect,31045,"[-1.5708,-1.5708,1.5708,-1.5708,-1.5708,0]","[-3.3941324,-1.3320287,1.7412634,-1.3129422,1.1562085,0.059607844]","[0.62,0.02,0.43]",,True
4,42,scene_03_narrow_passage,20260528,planner,rrt_connect,31046,"[-1.5708,-1.5708,1.5708,-1.5708,-1.5708,0]","[-3.3941324,-1.3320287,1.7412634,-1.3129422,1.1562085,0.059607844]","[0.62,0.02,0.43]",,True
5,42,scene_03_narrow_passage,20260528,planner,rrt_connect,31047,"[-1.5708,-1.5708,1.5708,-1.5708,-1.5708,0]","[-3.3941324,-1.3320287,1.7412634,-1.3129422,1.1562085,0.059607844]","[0.62,0.02,0.43]",,True
6,42,scene_03_narrow_passage,20260528,planner,rrt_connect,31048,"[-1.5708,-1.5708,1.5708,-1.5708,-1.5708,0]","[-3.3941324,-1.3320287,1.7412634,-1.3129422,1.1562085,0.059607844]","[0.62,0.02,0.43]",,True
7,42,scene_03_narrow_passage,20260528,planner,rrt_connect,31049,"[-1.5708,-1.5708,1.5708,-1.5708,-1.5708,0]","[-3.3941324,-1.3320287,1.7412634,-1.3129422,1.1562085,0.059607844]","[0.62,0.02,0.43]",,True
8,42,scene_03_narrow_passage,20260528,planner,rrt_connect,31050,"[-1.5708,-1.5708,1.5708,-1.5708,-1.5708,0]","[-3.3941324,-1.3320287,1.7412634,-1.3129422,1.1562085,0.059607844]","[0.62,0.02,0.43]",,True
9,42,scene_03_narrow_passage,20260528,planner,rrt_connect,31051,"[-1.5708,-1.5708,1.5708,-1.5708,-1.5708,0]","[-3.3941324,-1.3320287,1.7412634,-1.3129422,1.1562085,0.059607844]","[0.62,0.02,0.43]",,True
10,42,scene_03_narrow_passage,20260528,planner,rrt_connect,31052,"[-1.5708,-1.5708,1.5708,-1.5708,-1.5708,0]","[-3.3941324,-1.3320287,1.7412634,-1.3129422,1.1562085,0.059607844]","[0.62,0.02,0.43]",,True
11,42,scene_03_narrow_passage,20260528,planner,rrt_connect,31053,"[-1.5708,-1.5708,1.5708,-1.5708,-1.5708,0]","[-3.3941324,-1.3320287,1.7412634,-1.3129422,1.1562085,0.059607844]","[0.62,0.02,0.43]",,True
12,42,scene_03_narrow_passage,20260528,planner,rrt_connect,31054,"[-1.5708,-1.5708,1.5708,-1.5708,-1.5708,0]","[-3.3941324,-1.3320287,1.7412634,-1.3129422,1.1562085,0.059607844]","[0.62,0.02,0.43]",,True
13,42,scene_03_narrow_passage,20260528,planner,rrt_connect,31055,"[-1.5708,-1.5708,1.5708,-1.5708,-1.5708,0]","[-3.3941324,-1.3320287,1.7412634,-1.3129422,1.1562085,0.059607844]","[0.62,0.02,0.43]",,True
14,42,scene_03_narrow_passage,20260528,planner,rrt_connect,31056,"[-1.5708,-1.5708,1.5708,-1.5708,-1.5708,0]","[-3.3941324,-1.3320287,1.7412634,-1.3129422,1.1562085,0.059607844]","[0.62,0.02,0.43]",,True
15,42,scene_03_narrow_passage,20260528,planner,rrt_connect,31057,"[-1.5708,-1.5708,1.5708,-1.5708,-1.5708,0]","[-3.3941324,-1.3320287,1.7412634,-1.3129422,1.1562085,0.059607844]","[0.62,0.02,0.43]",,True
16,42,scene_03_narrow_passage,20260528,planner,rrt_connect,31058,"[-1.5708,-1.5708,1.5708,-1.5708,-1.5708,0]","[-3.3941324,-1.3320287,1.7412634,-1.3129422,1.1562085,0.059607844]","[0.62,0.02,0.43]",,True
17,42,scene_03_narrow_passage,20260528,planner,rrt_connect,31059,"[-1.5708,-1.5708,1.5708,-1.5708,-1.5708,0]","[-3.3941324,-1.3320287,1.7412634,-1.3129422,1.1562085,0.059607844]","[0.62,0.02,0.43]",,True
18,42,scene_03_narrow_passage,20260528,planner,rrt_connect,31060,"[-1.5708,-1.5708,1.5708,-1.5708,-1.5708,0]","[-3.3941324,-1.3320287,1.7412634,-1.3129422,1.1562085,0.059607844]","[0.62,0.02,0.43]",,True
19,42,scene_03_narrow_passage,20260528,planner,rrt_connect,31061,"[-1.5708,-1.5708,1.5708,-1.5708,-1.5708,0]","[-3.3941324,-1.3320287,1.7412634,-1.3129422,1.1562085,0.059607844]","[0.62,0.02,0.43]",,True
20,42,scene_03_narrow_passage,20260528,planner,rrt_connect,31062,"[-1.5708,-1.5708,1.5708,-1.5708,-1.5708,0]","[-3.3941324,-1.3320287,1.7412634,-1.3129422,1.1562085,0.059607844]","[0.62,0.02,0.43]",,True
21,42,scene_03_narrow_passage,20260528,planner,rrt_connect,31063,"[-1.5708,-1.5708,1.5708,-1.5708,-1.5708,0]","[-3.3941324,-1.3320287,1.7412634,-1.3129422,1.1562085,0.059607844]","[0.62,0.02,0.43]",,True
22,42,scene_03_narrow_passage,20260528,planner,rrt_connect,31064,"[-1.5708,-1.5708,1.5708,-1.5708,-1.5708,0]","[-3.3941324,-1.3320287,1.7412634,-1.3129422,1.1562085,0.059607844]","[0.62,0.02,0.43]",,True
23,42,scene_03_narrow_passage,20260528,planner,rrt_connect,31065,"[-1.5708,-1.5708,1.5708,-1.5708,-1.5708,0]","[-3.3941324,-1.3320287,1.7412634,-1.3129422,1.1562085,0.059607844]","[0.62,0.02,0.43]",,True
24,42,scene_03_narrow_passage,20260528,planner,rrt_connect,31066,"[-1.5708,-1.5708,1.5708,-1.5708,-1.5708,0]","[-3.3941324,-1.3320287,1.7412634,-1.3129422,1.1562085,0.059607844]","[0.62,0.02,0.43]",,True
25,42,scene_03_narrow_passage,20260528,planner,rrt_connect,31067,"[-1.5708,-1.5708,1.5708,-1.5708,-1.5708,0]","[-3.3941324,-1.3320287,1.7412634,-1.3129422,1.1562085,0.059607844]","[0.62,0.02,0.43]",,True
26,42,scene_03_narrow_passage,20260528,planner,rrt_connect,31068,"[-1.5708,-1.5708,1.5708,-1.5708,-1.5708,0]","[-3.3941324,-1.3320287,1.7412634,-1.3129422,1.1562085,0.059607844]","[0.62,0.02,0.43]",,True
27,42,scene_03_narrow_passage,20260528,planner,rrt_connect,31069,"[-1.5708,-1.5708,1.5708,-1.5708,-1.5708,0]","[-3.3941324,-1.3320287,1.7412634,-1.3129422,1.1562085,0.059607844]","[0.62,0.02,0.43]",,True
28,42,scene_03_narrow_passage,20260528,planner,rrt_connect,31070,"[-1.5708,-1.5708,1.5708,-1.5708,-1.5708,0]","[-3.3941324,-1.3320287,1.7412634,-1.3129422,1.1562085,0.059607844]","[0.62,0.02,0.43]",,True
29,42,scene_03_narrow_passage,20260528,planner,rrt_connect,31071,"[-1.5708,-1.5708,1.5708,-1.5708,-1.5708,0]","[-3.3941324,-1.3320287,1.7412634,-1.3129422,1.1562085,0.059607844]","[0.62,0.02,0.43]",,True
30,42,scene_03_narrow_passage,20260528,planner,rrt_connect,31072,"[-1.5708,-1.5708,1.5708,-1.5708,-1.5708,0]","[-3.3941324,-1.3320287,1.7412634,-1.3129422,1.1562085,0.059607844]","[0.62,0.02,0.43]",,True
31,42,scene_03_narrow_passage,20260528,planner,rrt_connect,31073,"[-1.5708,-1.5708,1.5708,-1.5708,-1.5708,0]","[-3.3941324,-1.3320287,1.7412634,-1.3129422,1.1562085,0.059607844]","[0.62,0.02,0.43]",,True
32,42,scene_03_narrow_passage,20260528,planner,rrt_connect,31074,"[-1.5708,-1.5708,1.5708,-1.5708,-1.5708,0]","[-3.3941324,-1.3320287,1.7412634,-1.3129422,1.1562085,0.059607844]","[0.62,0.02,0.43]",,True
33,42,scene_03_narrow_passage,20260528,planner,rrt_connect,31075,"[-1.5708,-1.5708,1.5708,-1.5708,-1.5708,0]","[-3.3941324,-1.3320287,1.7412634,-1.3129422,1.1562085,0.059607844]","[0.62,0.02,0.43]",,True
34,42,scene_03_narrow_passage,20260528,planner,rrt_connect,31076,"[-1.5708,-1.5708,1.5708,-1.5708,-1.5708,0]","[-3.3941324,-1.3320287,1.7412634,-1.3129422,1.1562085,0.059607844]","[0.62,0.02,0.43]",,True
35,42,scene_03_narrow_passage,20260528,planner,rrt_connect,31077,"[-1.5708,-1.5708,1.5708,-1.5708,-1.5708,0]","[-3.3941324,-1.3320287,1.7412634,-1.3129422,1.1562085,0.059607844]","[0.62,0.02,0.43]",,True
36,42,scene_03_narrow_passage,20260528,planner,rrt_connect,31078,"[-1.5708,-1.5708,1.5708,-1.5708,-1.5708,0]","[-3.3941324,-1.3320287,1.7412634,-1.3129422,1.1562085,0.059607844]","[0.62,0.02,0.43]",,True
37,42,scene_03_narrow_passage,20260528,planner,rrt_connect,31079,"[-1.5708,-1.5708,1.5708,-1.5708,-1.5708,0]","[-3.3941324,-1.3320287,1.7412634,-1.3129422,1.1562085,0.059607844]","[0.62,0.02,0.43]",,True
38,42,scene_03_narrow_passage,20260528,planner,rrt_connect,31080,"[-1.5708,-1.5708,1.5708,-1.5708,-1.5708,0]","[-3.3941324,-1.3320287,1.7412634,-1.3129422,1.1562085,0.059607844]","[0.62,0.02,0.43]",,True
39,42,scene_03_narrow_passage,20260528,planner,rrt_connect,31081,"[-1.5708,-1.5708,1.5708,-1.5708,-1.5708,0]","[-3.3941324,-1.3320287,1.7412634,-1.3129422,1.1562085,0.059607844]","[0.62,0.02,0.43]",,True
40,42,scene_03_narrow_passage,20260528,planner,rrt_connect,31082,"[-1.5708,-1.5708,1.5708,-1.5708,-1.5708,0]","[-3.3941324,-1.3320287,1.7412634,-1.3129422,1.1562085,0.059607844]","[0.62,0.02,0.43]",,True
41,42,scene_03_narrow_passage,20260528,planner,rrt_connect,31083,"[-1.5708,-1.5708,1.5708,-1.5708,-1.5708,0]","[-3.3941324,-1.3320287,1.7412634,-1.3129422,1.1562085,0.059607844]","[0.62,0.02,0.43]",,True
42,42,scene_03_narrow_passage,20260528,planner,rrt_connect,31084,"[-1.5708,-1.5708,1.5708,-1.5708,-1.5708,0]","[-3.3941324,-1.3320287,1.7412634,-1.3129422,1.1562085,0.059607844]","[0.62,0.02,0.43]",,True
43,42,scene_03_narrow_passage,20260528,planner,rrt_connect,31085,"[-1.5708,-1.5708,1.5708,-1.5708,-1.5708,0]","[-3.3941324,-1.3320287,1.7412634,-1.3129422,1.1562085,0.059607844]","[0.62,0.02,0.43]",,True
44,42,scene_03_narrow_passage,20260528,planner,rrt_connect,31086,"[-1.5708,-1.5708,1.5708,-1.5708,-1.5708,0]","[-3.3941324,-1.3320287,1.7412634,-1.3129422,1.1562085,0.059607844]","[0.62,0.02,0.43]",,True
45,42,scene_03_narrow_passage,20260528,planner,rrt_connect,31087,"[-1.5708,-1.5708,1.5708,-1.5708,-1.5708,0]","[-3.3941324,-1.3320287,1.7412634,-1.3129422,1.1562085,0.059607844]","[0.62,0.02,0.43]",,True
46,42,scene_03_narrow_passage,20260528,planner,rrt_connect,31088,"[-1.5708,-1.5708,1.5708,-1.5708,-1.5708,0]","[-3.3941324,-1.3320287,1.7412634,-1.3129422,1.1562085,0.059607844]","[0.62,0.02,0.43]",,True
47,42,scene_03_narrow_passage,20260528,planner,rrt_connect,31089,"[-1.5708,-1.5708,1.5708,-1.5708,-1.5708,0]","[-3.3941324,-1.3320287,1.7412634,-1.3129422,1.1562085,0.059607844]","[0.62,0.02,0.43]",,True
48,42,scene_03_narrow_passage,20260528,planner,rrt_connect,31090,"[-1.5708,-1.5708,1.5708,-1.5708,-1.5708,0]","[-3.3941324,-1.3320287,1.7412634,-1.3129422,1.1562085,0.059607844]","[0.62,0.02,0.43]",,True
49,42,scene_03_narrow_passage,20260528,planner,rrt_connect,31091,"[-1.5708,-1.5708,1.5708,-1.5708,-1.5708,0]","[-3.3941324,-1.3320287,1.7412634,-1.3129422,1.1562085,0.059607844]","[0.62,0.02,0.43]",,True
0,42,scene_03_narrow_passage,20260528,planner,prm,32042,"[-1.5708,-1.5708,1.5708,-1.5708,-1.5708,0]","[-3.3941324,-1.3320287,1.7412634,-1.3129422,1.1562085,0.059607844]","[0.62,0.02,0.43]",,True
1,42,scene_03_narrow_passage,20260528,planner,prm,32043,"[-1.5708,-1.5708,1.5708,-1.5708,-1.5708,0]","[-3.3941324,-1.3320287,1.7412634,-1.3129422,1.1562085,0.059607844]","[0.62,0.02,0.43]",,True
2,42,scene_03_narrow_passage,20260528,planner,prm,32044,"[-1.5708,-1.5708,1.5708,-1.5708,-1.5708,0]","[-3.3941324,-1.3320287,1.7412634,-1.3129422,1.1562085,0.059607844]","[0.62,0.02,0.43]",,True
3,42,scene_03_narrow_passage,20260528,planner,prm,32045,"[-1.5708,-1.5708,1.5708,-1.5708,-1.5708,0]","[-3.3941324,-1.3320287,1.7412634,-1.3129422,1.1562085,0.059607844]","[0.62,0.02,0.43]",,True
4,42,scene_03_narrow_passage,20260528,planner,prm,32046,"[-1.5708,-1.5708,1.5708,-1.5708,-1.5708,0]","[-3.3941324,-1.3320287,1.7412634,-1.3129422,1.1562085,0.059607844]","[0.62,0.02,0.43]",,True
5,42,scene_03_narrow_passage,20260528,planner,prm,32047,"[-1.5708,-1.5708,1.5708,-1.5708,-1.5708,0]","[-3.3941324,-1.3320287,1.7412634,-1.3129422,1.1562085,0.059607844]","[0.62,0.02,0.43]",,True
6,42,scene_03_narrow_passage,20260528,planner,prm,32048,"[-1.5708,-1.5708,1.5708,-1.5708,-1.5708,0]","[-3.3941324,-1.3320287,1.7412634,-1.3129422,1.1562085,0.059607844]","[0.62,0.02,0.43]",,True
7,42,scene_03_narrow_passage,20260528,planner,prm,32049,"[-1.5708,-1.5708,1.5708,-1.5708,-1.5708,0]","[-3.3941324,-1.3320287,1.7412634,-1.3129422,1.1562085,0.059607844]","[0.62,0.02,0.43]",,True
8,42,scene_03_narrow_passage,20260528,planner,prm,32050,"[-1.5708,-1.5708,1.5708,-1.5708,-1.5708,0]","[-3.3941324,-1.3320287,1.7412634,-1.3129422,1.1562085,0.059607844]","[0.62,0.02,0.43]",,True
9,42,scene_03_narrow_passage,20260528,planner,prm,32051,"[-1.5708,-1.5708,1.5708,-1.5708,-1.5708,0]","[-3.3941324,-1.3320287,1.7412634,-1.3129422,1.1562085,0.059607844]","[0.62,0.02,0.43]",,True
10,42,scene_03_narrow_passage,20260528,planner,prm,32052,"[-1.5708,-1.5708,1.5708,-1.5708,-1.5708,0]","[-3.3941324,-1.3320287,1.7412634,-1.3129422,1.1562085,0.059607844]","[0.62,0.02,0.43]",,True
11,42,scene_03_narrow_passage,20260528,planner,prm,32053,"[-1.5708,-1.5708,1.5708,-1.5708,-1.5708,0]","[-3.3941324,-1.3320287,1.7412634,-1.3129422,1.1562085,0.059607844]","[0.62,0.02,0.43]",,True
12,42,scene_03_narrow_passage,20260528,planner,prm,32054,"[-1.5708,-1.5708,1.5708,-1.5708,-1.5708,0]","[-3.3941324,-1.3320287,1.7412634,-1.3129422,1.1562085,0.059607844]","[0.62,0.02,0.43]",,True
13,42,scene_03_narrow_passage,20260528,planner,prm,32055,"[-1.5708,-1.5708,1.5708,-1.5708,-1.5708,0]","[-3.3941324,-1.3320287,1.7412634,-1.3129422,1.1562085,0.059607844]","[0.62,0.02,0.43]",,True
14,42,scene_03_narrow_passage,20260528,planner,prm,32056,"[-1.5708,-1.5708,1.5708,-1.5708,-1.5708,0]","[-3.3941324,-1.3320287,1.7412634,-1.3129422,1.1562085,0.059607844]","[0.62,0.02,0.43]",,True
15,42,scene_03_narrow_passage,20260528,planner,prm,32057,"[-1.5708,-1.5708,1.5708,-1.5708,-1.5708,0]","[-3.3941324,-1.3320287,1.7412634,-1.3129422,1.1562085,0.059607844]","[0.62,0.02,0.43]",,True
16,42,scene_03_narrow_passage,20260528,planner,prm,32058,"[-1.5708,-1.5708,1.5708,-1.5708,-1.5708,0]","[-3.3941324,-1.3320287,1.7412634,-1.3129422,1.1562085,0.059607844]","[0.62,0.02,0.43]",,True
17,42,scene_03_narrow_passage,20260528,planner,prm,32059,"[-1.5708,-1.5708,1.5708,-1.5708,-1.5708,0]","[-3.3941324,-1.3320287,1.7412634,-1.3129422,1.1562085,0.059607844]","[0.62,0.02,0.43]",,True
18,42,scene_03_narrow_passage,20260528,planner,prm,32060,"[-1.5708,-1.5708,1.5708,-1.5708,-1.5708,0]","[-3.3941324,-1.3320287,1.7412634,-1.3129422,1.1562085,0.059607844]","[0.62,0.02,0.43]",,True
19,42,scene_03_narrow_passage,20260528,planner,prm,32061,"[-1.5708,-1.5708,1.5708,-1.5708,-1.5708,0]","[-3.3941324,-1.3320287,1.7412634,-1.3129422,1.1562085,0.059607844]","[0.62,0.02,0.43]",,True
20,42,scene_03_narrow_passage,20260528,planner,prm,32062,"[-1.5708,-1.5708,1.5708,-1.5708,-1.5708,0]","[-3.3941324,-1.3320287,1.7412634,-1.3129422,1.1562085,0.059607844]","[0.62,0.02,0.43]",,True
21,42,scene_03_narrow_passage,20260528,planner,prm,32063,"[-1.5708,-1.5708,1.5708,-1.5708,-1.5708,0]","[-3.3941324,-1.3320287,1.7412634,-1.3129422,1.1562085,0.059607844]","[0.62,0.02,0.43]",,True
22,42,scene_03_narrow_passage,20260528,planner,prm,32064,"[-1.5708,-1.5708,1.5708,-1.5708,-1.5708,0]","[-3.3941324,-1.3320287,1.7412634,-1.3129422,1.1562085,0.059607844]","[0.62,0.02,0.43]",,True
23,42,scene_03_narrow_passage,20260528,planner,prm,32065,"[-1.5708,-1.5708,1.5708,-1.5708,-1.5708,0]","[-3.3941324,-1.3320287,1.7412634,-1.3129422,1.1562085,0.059607844]","[0.62,0.02,0.43]",,True
24,42,scene_03_narrow_passage,20260528,planner,prm,32066,"[-1.5708,-1.5708,1.5708,-1.5708,-1.5708,0]","[-3.3941324,-1.3320287,1.7412634,-1.3129422,1.1562085,0.059607844]","[0.62,0.02,0.43]",,True
25,42,scene_03_narrow_passage,20260528,planner,prm,32067,"[-1.5708,-1.5708,1.5708,-1.5708,-1.5708,0]","[-3.3941324,-1.3320287,1.7412634,-1.3129422,1.1562085,0.059607844]","[0.62,0.02,0.43]",,True
26,42,scene_03_narrow_passage,20260528,planner,prm,32068,"[-1.5708,-1.5708,1.5708,-1.5708,-1.5708,0]","[-3.3941324,-1.3320287,1.7412634,-1.3129422,1.1562085,0.059607844]","[0.62,0.02,0.43]",,True
27,42,scene_03_narrow_passage,20260528,planner,prm,32069,"[-1.5708,-1.5708,1.5708,-1.5708,-1.5708,0]","[-3.3941324,-1.3320287,1.7412634,-1.3129422,1.1562085,0.059607844]","[0.62,0.02,0.43]",,True
28,42,scene_03_narrow_passage,20260528,planner,prm,32070,"[-1.5708,-1.5708,1.5708,-1.5708,-1.5708,0]","[-3.3941324,-1.3320287,1.7412634,-1.3129422,1.1562085,0.059607844]","[0.62,0.02,0.43]",,True
29,42,scene_03_narrow_passage,20260528,planner,prm,32071,"[-1.5708,-1.5708,1.5708,-1.5708,-1.5708,0]","[-3.3941324,-1.3320287,1.7412634,-1.3129422,1.1562085,0.059607844]","[0.62,0.02,0.43]",,True
30,42,scene_03_narrow_passage,20260528,planner,prm,32072,"[-1.5708,-1.5708,1.5708,-1.5708,-1.5708,0]","[-3.3941324,-1.3320287,1.7412634,-1.3129422,1.1562085,0.059607844]","[0.62,0.02,0.43]",,True
31,42,scene_03_narrow_passage,20260528,planner,prm,32073,"[-1.5708,-1.5708,1.5708,-1.5708,-1.5708,0]","[-3.3941324,-1.3320287,1.7412634,-1.3129422,1.1562085,0.059607844]","[0.62,0.02,0.43]",,True
32,42,scene_03_narrow_passage,20260528,planner,prm,32074,"[-1.5708,-1.5708,1.5708,-1.5708,-1.5708,0]","[-3.3941324,-1.3320287,1.7412634,-1.3129422,1.1562085,0.059607844]","[0.62,0.02,0.43]",,True
33,42,scene_03_narrow_passage,20260528,planner,prm,32075,"[-1.5708,-1.5708,1.5708,-1.5708,-1.5708,0]","[-3.3941324,-1.3320287,1.7412634,-1.3129422,1.1562085,0.059607844]","[0.62,0.02,0.43]",,True
34,42,scene_03_narrow_passage,20260528,planner,prm,32076,"[-1.5708,-1.5708,1.5708,-1.5708,-1.5708,0]","[-3.3941324,-1.3320287,1.7412634,-1.3129422,1.1562085,0.059607844]","[0.62,0.02,0.43]",,True
35,42,scene_03_narrow_passage,20260528,planner,prm,32077,"[-1.5708,-1.5708,1.5708,-1.5708,-1.5708,0]","[-3.3941324,-1.3320287,1.7412634,-1.3129422,1.1562085,0.059607844]","[0.62,0.02,0.43]",,True
36,42,scene_03_narrow_passage,20260528,planner,prm,32078,"[-1.5708,-1.5708,1.5708,-1.5708,-1.5708,0]","[-3.3941324,-1.3320287,1.7412634,-1.3129422,1.1562085,0.059607844]","[0.62,0.02,0.43]",,True
37,42,scene_03_narrow_passage,20260528,planner,prm,32079,"[-1.5708,-1.5708,1.5708,-1.5708,-1.5708,0]","[-3.3941324,-1.3320287,1.7412634,-1.3129422,1.1562085,0.059607844]","[0.62,0.02,0.43]",,True
38,42,scene_03_narrow_passage,20260528,planner,prm,32080,"[-1.5708,-1.5708,1.5708,-1.5708,-1.5708,0]","[-3.3941324,-1.3320287,1.7412634,-1.3129422,1.1562085,0.059607844]","[0.62,0.02,0.43]",,True
39,42,scene_03_narrow_passage,20260528,planner,prm,32081,"[-1.5708,-1.5708,1.5708,-1.5708,-1.5708,0]","[-3.3941324,-1.3320287,1.7412634,-1.3129422,1.1562085,0.059607844]","[0.62,0.02,0.43]",,True
40,42,scene_03_narrow_passage,20260528,planner,prm,32082,"[-1.5708,-1.5708,1.5708,-1.5708,-1.5708,0]","[-3.3941324,-1.3320287,1.7412634,-1.3129422,1.1562085,0.059607844]","[0.62,0.02,0.43]",,True
41,42,scene_03_narrow_passage,20260528,planner,prm,32083,"[-1.5708,-1.5708,1.5708,-1.5708,-1.5708,0]","[-3.3941324,-1.3320287,1.7412634,-1.3129422,1.1562085,0.059607844]","[0.62,0.02,0.43]",,True
42,42,scene_03_narrow_passage,20260528,planner,prm,32084,"[-1.5708,-1.5708,1.5708,-1.5708,-1.5708,0]","[-3.3941324,-1.3320287,1.7412634,-1.3129422,1.1562085,0.059607844]","[0.62,0.02,0.43]",,True
43,42,scene_03_narrow_passage,20260528,planner,prm,32085,"[-1.5708,-1.5708,1.5708,-1.5708,-1.5708,0]","[-3.3941324,-1.3320287,1.7412634,-1.3129422,1.1562085,0.059607844]","[0.62,0.02,0.43]",,True
44,42,scene_03_narrow_passage,20260528,planner,prm,32086,"[-1.5708,-1.5708,1.5708,-1.5708,-1.5708,0]","[-3.3941324,-1.3320287,1.7412634,-1.3129422,1.1562085,0.059607844]","[0.62,0.02,0.43]",,True
45,42,scene_03_narrow_passage,20260528,planner,prm,32087,"[-1.5708,-1.5708,1.5708,-1.5708,-1.5708,0]","[-3.3941324,-1.3320287,1.7412634,-1.3129422,1.1562085,0.059607844]","[0.62,0.02,0.43]",,True
46,42,scene_03_narrow_passage,20260528,planner,prm,32088,"[-1.5708,-1.5708,1.5708,-1.5708,-1.5708,0]","[-3.3941324,-1.3320287,1.7412634,-1.3129422,1.1562085,0.059607844]","[0.62,0.02,0.43]",,True
47,42,scene_03_narrow_passage,20260528,planner,prm,32089,"[-1.5708,-1.5708,1.5708,-1.5708,-1.5708,0]","[-3.3941324,-1.3320287,1.7412634,-1.3129422,1.1562085,0.059607844]","[0.62,0.02,0.43]",,True
48,42,scene_03_narrow_passage,20260528,planner,prm,32090,"[-1.5708,-1.5708,1.5708,-1.5708,-1.5708,0]","[-3.3941324,-1.3320287,1.7412634,-1.3129422,1.1562085,0.059607844]","[0.62,0.02,0.43]",,True
49,42,scene_03_narrow_passage,20260528,planner,prm,32091,"[-1.5708,-1.5708,1.5708,-1.5708,-1.5708,0]","[-3.3941324,-1.3320287,1.7412634,-1.3129422,1.1562085,0.059607844]","[0.62,0.02,0.43]",,True
0,42,scene_03_narrow_passage,20260528,planner,apf,33042,"[-1.5708,-1.5708,1.5708,-1.5708,-1.5708,0]","[-3.3941324,-1.3320287,1.7412634,-1.3129422,1.1562085,0.059607844]","[0.62,0.02,0.43]",,False
1,42,scene_03_narrow_passage,20260528,planner,apf,33043,"[-1.5708,-1.5708,1.5708,-1.5708,-1.5708,0]","[-3.3941324,-1.3320287,1.7412634,-1.3129422,1.1562085,0.059607844]","[0.62,0.02,0.43]",,False
2,42,scene_03_narrow_passage,20260528,planner,apf,33044,"[-1.5708,-1.5708,1.5708,-1.5708,-1.5708,0]","[-3.3941324,-1.3320287,1.7412634,-1.3129422,1.1562085,0.059607844]","[0.62,0.02,0.43]",,False
3,42,scene_03_narrow_passage,20260528,planner,apf,33045,"[-1.5708,-1.5708,1.5708,-1.5708,-1.5708,0]","[-3.3941324,-1.3320287,1.7412634,-1.3129422,1.1562085,0.059607844]","[0.62,0.02,0.43]",,False
4,42,scene_03_narrow_passage,20260528,planner,apf,33046,"[-1.5708,-1.5708,1.5708,-1.5708,-1.5708,0]","[-3.3941324,-1.3320287,1.7412634,-1.3129422,1.1562085,0.059607844]","[0.62,0.02,0.43]",,False
5,42,scene_03_narrow_passage,20260528,planner,apf,33047,"[-1.5708,-1.5708,1.5708,-1.5708,-1.5708,0]","[-3.3941324,-1.3320287,1.7412634,-1.3129422,1.1562085,0.059607844]","[0.62,0.02,0.43]",,False
6,42,scene_03_narrow_passage,20260528,planner,apf,33048,"[-1.5708,-1.5708,1.5708,-1.5708,-1.5708,0]","[-3.3941324,-1.3320287,1.7412634,-1.3129422,1.1562085,0.059607844]","[0.62,0.02,0.43]",,False
7,42,scene_03_narrow_passage,20260528,planner,apf,33049,"[-1.5708,-1.5708,1.5708,-1.5708,-1.5708,0]","[-3.3941324,-1.3320287,1.7412634,-1.3129422,1.1562085,0.059607844]","[0.62,0.02,0.43]",,False
8,42,scene_03_narrow_passage,20260528,planner,apf,33050,"[-1.5708,-1.5708,1.5708,-1.5708,-1.5708,0]","[-3.3941324,-1.3320287,1.7412634,-1.3129422,1.1562085,0.059607844]","[0.62,0.02,0.43]",,False
9,42,scene_03_narrow_passage,20260528,planner,apf,33051,"[-1.5708,-1.5708,1.5708,-1.5708,-1.5708,0]","[-3.3941324,-1.3320287,1.7412634,-1.3129422,1.1562085,0.059607844]","[0.62,0.02,0.43]",,False
10,42,scene_03_narrow_passage,20260528,planner,apf,33052,"[-1.5708,-1.5708,1.5708,-1.5708,-1.5708,0]","[-3.3941324,-1.3320287,1.7412634,-1.3129422,1.1562085,0.059607844]","[0.62,0.02,0.43]",,False
11,42,scene_03_narrow_passage,20260528,planner,apf,33053,"[-1.5708,-1.5708,1.5708,-1.5708,-1.5708,0]","[-3.3941324,-1.3320287,1.7412634,-1.3129422,1.1562085,0.059607844]","[0.62,0.02,0.43]",,False
12,42,scene_03_narrow_passage,20260528,planner,apf,33054,"[-1.5708,-1.5708,1.5708,-1.5708,-1.5708,0]","[-3.3941324,-1.3320287,1.7412634,-1.3129422,1.1562085,0.059607844]","[0.62,0.02,0.43]",,False
13,42,scene_03_narrow_passage,20260528,planner,apf,33055,"[-1.5708,-1.5708,1.5708,-1.5708,-1.5708,0]","[-3.3941324,-1.3320287,1.7412634,-1.3129422,1.1562085,0.059607844]","[0.62,0.02,0.43]",,False
14,42,scene_03_narrow_passage,20260528,planner,apf,33056,"[-1.5708,-1.5708,1.5708,-1.5708,-1.5708,0]","[-3.3941324,-1.3320287,1.7412634,-1.3129422,1.1562085,0.059607844]","[0.62,0.02,0.43]",,False
15,42,scene_03_narrow_passage,20260528,planner,apf,33057,"[-1.5708,-1.5708,1.5708,-1.5708,-1.5708,0]","[-3.3941324,-1.3320287,1.7412634,-1.3129422,1.1562085,0.059607844]","[0.62,0.02,0.43]",,False
16,42,scene_03_narrow_passage,20260528,planner,apf,33058,"[-1.5708,-1.5708,1.5708,-1.5708,-1.5708,0]","[-3.3941324,-1.3320287,1.7412634,-1.3129422,1.1562085,0.059607844]","[0.62,0.02,0.43]",,False
17,42,scene_03_narrow_passage,20260528,planner,apf,33059,"[-1.5708,-1.5708,1.5708,-1.5708,-1.5708,0]","[-3.3941324,-1.3320287,1.7412634,-1.3129422,1.1562085,0.059607844]","[0.62,0.02,0.43]",,False
18,42,scene_03_narrow_passage,20260528,planner,apf,33060,"[-1.5708,-1.5708,1.5708,-1.5708,-1.5708,0]","[-3.3941324,-1.3320287,1.7412634,-1.3129422,1.1562085,0.059607844]","[0.62,0.02,0.43]",,False
19,42,scene_03_narrow_passage,20260528,planner,apf,33061,"[-1.5708,-1.5708,1.5708,-1.5708,-1.5708,0]","[-3.3941324,-1.3320287,1.7412634,-1.3129422,1.1562085,0.059607844]","[0.62,0.02,0.43]",,False
20,42,scene_03_narrow_passage,20260528,planner,apf,33062,"[-1.5708,-1.5708,1.5708,-1.5708,-1.5708,0]","[-3.3941324,-1.3320287,1.7412634,-1.3129422,1.1562085,0.059607844]","[0.62,0.02,0.43]",,False
21,42,scene_03_narrow_passage,20260528,planner,apf,33063,"[-1.5708,-1.5708,1.5708,-1.5708,-1.5708,0]","[-3.3941324,-1.3320287,1.7412634,-1.3129422,1.1562085,0.059607844]","[0.62,0.02,0.43]",,False
22,42,scene_03_narrow_passage,20260528,planner,apf,33064,"[-1.5708,-1.5708,1.5708,-1.5708,-1.5708,0]","[-3.3941324,-1.3320287,1.7412634,-1.3129422,1.1562085,0.059607844]","[0.62,0.02,0.43]",,False
23,42,scene_03_narrow_passage,20260528,planner,apf,33065,"[-1.5708,-1.5708,1.5708,-1.5708,-1.5708,0]","[-3.3941324,-1.3320287,1.7412634,-1.3129422,1.1562085,0.059607844]","[0.62,0.02,0.43]",,False
24,42,scene_03_narrow_passage,20260528,planner,apf,33066,"[-1.5708,-1.5708,1.5708,-1.5708,-1.5708,0]","[-3.3941324,-1.3320287,1.7412634,-1.3129422,1.1562085,0.059607844]","[0.62,0.02,0.43]",,False
25,42,scene_03_narrow_passage,20260528,planner,apf,33067,"[-1.5708,-1.5708,1.5708,-1.5708,-1.5708,0]","[-3.3941324,-1.3320287,1.7412634,-1.3129422,1.1562085,0.059607844]","[0.62,0.02,0.43]",,False
26,42,scene_03_narrow_passage,20260528,planner,apf,33068,"[-1.5708,-1.5708,1.5708,-1.5708,-1.5708,0]","[-3.3941324,-1.3320287,1.7412634,-1.3129422,1.1562085,0.059607844]","[0.62,0.02,0.43]",,False
27,42,scene_03_narrow_passage,20260528,planner,apf,33069,"[-1.5708,-1.5708,1.5708,-1.5708,-1.5708,0]","[-3.3941324,-1.3320287,1.7412634,-1.3129422,1.1562085,0.059607844]","[0.62,0.02,0.43]",,False
28,42,scene_03_narrow_passage,20260528,planner,apf,33070,"[-1.5708,-1.5708,1.5708,-1.5708,-1.5708,0]","[-3.3941324,-1.3320287,1.7412634,-1.3129422,1.1562085,0.059607844]","[0.62,0.02,0.43]",,False
29,42,scene_03_narrow_passage,20260528,planner,apf,33071,"[-1.5708,-1.5708,1.5708,-1.5708,-1.5708,0]","[-3.3941324,-1.3320287,1.7412634,-1.3129422,1.1562085,0.059607844]","[0.62,0.02,0.43]",,False
30,42,scene_03_narrow_passage,20260528,planner,apf,33072,"[-1.5708,-1.5708,1.5708,-1.5708,-1.5708,0]","[-3.3941324,-1.3320287,1.7412634,-1.3129422,1.1562085,0.059607844]","[0.62,0.02,0.43]",,False
31,42,scene_03_narrow_passage,20260528,planner,apf,33073,"[-1.5708,-1.5708,1.5708,-1.5708,-1.5708,0]","[-3.3941324,-1.3320287,1.7412634,-1.3129422,1.1562085,0.059607844]","[0.62,0.02,0.43]",,False
32,42,scene_03_narrow_passage,20260528,planner,apf,33074,"[-1.5708,-1.5708,1.5708,-1.5708,-1.5708,0]","[-3.3941324,-1.3320287,1.7412634,-1.3129422,1.1562085,0.059607844]","[0.62,0.02,0.43]",,False
33,42,scene_03_narrow_passage,20260528,planner,apf,33075,"[-1.5708,-1.5708,1.5708,-1.5708,-1.5708,0]","[-3.3941324,-1.3320287,1.7412634,-1.3129422,1.1562085,0.059607844]","[0.62,0.02,0.43]",,False
34,42,scene_03_narrow_passage,20260528,planner,apf,33076,"[-1.5708,-1.5708,1.5708,-1.5708,-1.5708,0]","[-3.3941324,-1.3320287,1.7412634,-1.3129422,1.1562085,0.059607844]","[0.62,0.02,0.43]",,False
35,42,scene_03_narrow_passage,20260528,planner,apf,33077,"[-1.5708,-1.5708,1.5708,-1.5708,-1.5708,0]","[-3.3941324,-1.3320287,1.7412634,-1.3129422,1.1562085,0.059607844]","[0.62,0.02,0.43]",,False
36,42,scene_03_narrow_passage,20260528,planner,apf,33078,"[-1.5708,-1.5708,1.5708,-1.5708,-1.5708,0]","[-3.3941324,-1.3320287,1.7412634,-1.3129422,1.1562085,0.059607844]","[0.62,0.02,0.43]",,False
37,42,scene_03_narrow_passage,20260528,planner,apf,33079,"[-1.5708,-1.5708,1.5708,-1.5708,-1.5708,0]","[-3.3941324,-1.3320287,1.7412634,-1.3129422,1.1562085,0.059607844]","[0.62,0.02,0.43]",,False
38,42,scene_03_narrow_passage,20260528,planner,apf,33080,"[-1.5708,-1.5708,1.5708,-1.5708,-1.5708,0]","[-3.3941324,-1.3320287,1.7412634,-1.3129422,1.1562085,0.059607844]","[0.62,0.02,0.43]",,False
39,42,scene_03_narrow_passage,20260528,planner,apf,33081,"[-1.5708,-1.5708,1.5708,-1.5708,-1.5708,0]","[-3.3941324,-1.3320287,1.7412634,-1.3129422,1.1562085,0.059607844]","[0.62,0.02,0.43]",,False
40,42,scene_03_narrow_passage,20260528,planner,apf,33082,"[-1.5708,-1.5708,1.5708,-1.5708,-1.5708,0]","[-3.3941324,-1.3320287,1.7412634,-1.3129422,1.1562085,0.059607844]","[0.62,0.02,0.43]",,False
41,42,scene_03_narrow_passage,20260528,planner,apf,33083,"[-1.5708,-1.5708,1.5708,-1.5708,-1.5708,0]","[-3.3941324,-1.3320287,1.7412634,-1.3129422,1.1562085,0.059607844]","[0.62,0.02,0.43]",,False
42,42,scene_03_narrow_passage,20260528,planner,apf,33084,"[-1.5708,-1.5708,1.5708,-1.5708,-1.5708,0]","[-3.3941324,-1.3320287,1.7412634,-1.3129422,1.1562085,0.059607844]","[0.62,0.02,0.43]",,False
43,42,scene_03_narrow_passage,20260528,planner,apf,33085,"[-1.5708,-1.5708,1.5708,-1.5708,-1.5708,0]","[-3.3941324,-1.3320287,1.7412634,-1.3129422,1.1562085,0.059607844]","[0.62,0.02,0.43]",,False
44,42,scene_03_narrow_passage,20260528,planner,apf,33086,"[-1.5708,-1.5708,1.5708,-1.5708,-1.5708,0]","[-3.3941324,-1.3320287,1.7412634,-1.3129422,1.1562085,0.059607844]","[0.62,0.02,0.43]",,False
45,42,scene_03_narrow_passage,20260528,planner,apf,33087,"[-1.5708,-1.5708,1.5708,-1.5708,-1.5708,0]","[-3.3941324,-1.3320287,1.7412634,-1.3129422,1.1562085,0.059607844]","[0.62,0.02,0.43]",,False
46,42,scene_03_narrow_passage,20260528,planner,apf,33088,"[-1.5708,-1.5708,1.5708,-1.5708,-1.5708,0]","[-3.3941324,-1.3320287,1.7412634,-1.3129422,1.1562085,0.059607844]","[0.62,0.02,0.43]",,False
47,42,scene_03_narrow_passage,20260528,planner,apf,33089,"[-1.5708,-1.5708,1.5708,-1.5708,-1.5708,0]","[-3.3941324,-1.3320287,1.7412634,-1.3129422,1.1562085,0.059607844]","[0.62,0.02,0.43]",,False
48,42,scene_03_narrow_passage,20260528,planner,apf,33090,"[-1.5708,-1.5708,1.5708,-1.5708,-1.5708,0]","[-3.3941324,-1.3320287,1.7412634,-1.3129422,1.1562085,0.059607844]","[0.62,0.02,0.43]",,False
49,42,scene_03_narrow_passage,20260528,planner,apf,33091,"[-1.5708,-1.5708,1.5708,-1.5708,-1.5708,0]","[-3.3941324,-1.3320287,1.7412634,-1.3129422,1.1562085,0.059607844]","[0.62,0.02,0.43]",,False
0,42,scene_04_near_singularity,20260529,planner,rrt,40042,"[-1.5708,-1.5708,1.5708,-1.5708,-1.5708,0]","[-3.4286702,-0.88978202,1.1705446,-1.834286,1.3320352,-1.455188]","[0.76,-0.06,0.48]",,True
1,42,scene_04_near_singularity,20260529,planner,rrt,40043,"[-1.5708,-1.5708,1.5708,-1.5708,-1.5708,0]","[-3.4286702,-0.88978202,1.1705446,-1.834286,1.3320352,-1.455188]","[0.76,-0.06,0.48]",,True
2,42,scene_04_near_singularity,20260529,planner,rrt,40044,"[-1.5708,-1.5708,1.5708,-1.5708,-1.5708,0]","[-3.4286702,-0.88978202,1.1705446,-1.834286,1.3320352,-1.455188]","[0.76,-0.06,0.48]",,True
3,42,scene_04_near_singularity,20260529,planner,rrt,40045,"[-1.5708,-1.5708,1.5708,-1.5708,-1.5708,0]","[-3.4286702,-0.88978202,1.1705446,-1.834286,1.3320352,-1.455188]","[0.76,-0.06,0.48]",,True
4,42,scene_04_near_singularity,20260529,planner,rrt,40046,"[-1.5708,-1.5708,1.5708,-1.5708,-1.5708,0]","[-3.4286702,-0.88978202,1.1705446,-1.834286,1.3320352,-1.455188]","[0.76,-0.06,0.48]",,True
5,42,scene_04_near_singularity,20260529,planner,rrt,40047,"[-1.5708,-1.5708,1.5708,-1.5708,-1.5708,0]","[-3.4286702,-0.88978202,1.1705446,-1.834286,1.3320352,-1.455188]","[0.76,-0.06,0.48]",,True
6,42,scene_04_near_singularity,20260529,planner,rrt,40048,"[-1.5708,-1.5708,1.5708,-1.5708,-1.5708,0]","[-3.4286702,-0.88978202,1.1705446,-1.834286,1.3320352,-1.455188]","[0.76,-0.06,0.48]",,True
7,42,scene_04_near_singularity,20260529,planner,rrt,40049,"[-1.5708,-1.5708,1.5708,-1.5708,-1.5708,0]","[-3.4286702,-0.88978202,1.1705446,-1.834286,1.3320352,-1.455188]","[0.76,-0.06,0.48]",,True
8,42,scene_04_near_singularity,20260529,planner,rrt,40050,"[-1.5708,-1.5708,1.5708,-1.5708,-1.5708,0]","[-3.4286702,-0.88978202,1.1705446,-1.834286,1.3320352,-1.455188]","[0.76,-0.06,0.48]",,True
9,42,scene_04_near_singularity,20260529,planner,rrt,40051,"[-1.5708,-1.5708,1.5708,-1.5708,-1.5708,0]","[-3.4286702,-0.88978202,1.1705446,-1.834286,1.3320352,-1.455188]","[0.76,-0.06,0.48]",,True
10,42,scene_04_near_singularity,20260529,planner,rrt,40052,"[-1.5708,-1.5708,1.5708,-1.5708,-1.5708,0]","[-3.4286702,-0.88978202,1.1705446,-1.834286,1.3320352,-1.455188]","[0.76,-0.06,0.48]",,True
11,42,scene_04_near_singularity,20260529,planner,rrt,40053,"[-1.5708,-1.5708,1.5708,-1.5708,-1.5708,0]","[-3.4286702,-0.88978202,1.1705446,-1.834286,1.3320352,-1.455188]","[0.76,-0.06,0.48]",,True
12,42,scene_04_near_singularity,20260529,planner,rrt,40054,"[-1.5708,-1.5708,1.5708,-1.5708,-1.5708,0]","[-3.4286702,-0.88978202,1.1705446,-1.834286,1.3320352,-1.455188]","[0.76,-0.06,0.48]",,True
13,42,scene_04_near_singularity,20260529,planner,rrt,40055,"[-1.5708,-1.5708,1.5708,-1.5708,-1.5708,0]","[-3.4286702,-0.88978202,1.1705446,-1.834286,1.3320352,-1.455188]","[0.76,-0.06,0.48]",,True
14,42,scene_04_near_singularity,20260529,planner,rrt,40056,"[-1.5708,-1.5708,1.5708,-1.5708,-1.5708,0]","[-3.4286702,-0.88978202,1.1705446,-1.834286,1.3320352,-1.455188]","[0.76,-0.06,0.48]",,True
15,42,scene_04_near_singularity,20260529,planner,rrt,40057,"[-1.5708,-1.5708,1.5708,-1.5708,-1.5708,0]","[-3.4286702,-0.88978202,1.1705446,-1.834286,1.3320352,-1.455188]","[0.76,-0.06,0.48]",,True
16,42,scene_04_near_singularity,20260529,planner,rrt,40058,"[-1.5708,-1.5708,1.5708,-1.5708,-1.5708,0]","[-3.4286702,-0.88978202,1.1705446,-1.834286,1.3320352,-1.455188]","[0.76,-0.06,0.48]",,True
17,42,scene_04_near_singularity,20260529,planner,rrt,40059,"[-1.5708,-1.5708,1.5708,-1.5708,-1.5708,0]","[-3.4286702,-0.88978202,1.1705446,-1.834286,1.3320352,-1.455188]","[0.76,-0.06,0.48]",,True
18,42,scene_04_near_singularity,20260529,planner,rrt,40060,"[-1.5708,-1.5708,1.5708,-1.5708,-1.5708,0]","[-3.4286702,-0.88978202,1.1705446,-1.834286,1.3320352,-1.455188]","[0.76,-0.06,0.48]",,True
19,42,scene_04_near_singularity,20260529,planner,rrt,40061,"[-1.5708,-1.5708,1.5708,-1.5708,-1.5708,0]","[-3.4286702,-0.88978202,1.1705446,-1.834286,1.3320352,-1.455188]","[0.76,-0.06,0.48]",,True
20,42,scene_04_near_singularity,20260529,planner,rrt,40062,"[-1.5708,-1.5708,1.5708,-1.5708,-1.5708,0]","[-3.4286702,-0.88978202,1.1705446,-1.834286,1.3320352,-1.455188]","[0.76,-0.06,0.48]",,True
21,42,scene_04_near_singularity,20260529,planner,rrt,40063,"[-1.5708,-1.5708,1.5708,-1.5708,-1.5708,0]","[-3.4286702,-0.88978202,1.1705446,-1.834286,1.3320352,-1.455188]","[0.76,-0.06,0.48]",,True
22,42,scene_04_near_singularity,20260529,planner,rrt,40064,"[-1.5708,-1.5708,1.5708,-1.5708,-1.5708,0]","[-3.4286702,-0.88978202,1.1705446,-1.834286,1.3320352,-1.455188]","[0.76,-0.06,0.48]",,True
23,42,scene_04_near_singularity,20260529,planner,rrt,40065,"[-1.5708,-1.5708,1.5708,-1.5708,-1.5708,0]","[-3.4286702,-0.88978202,1.1705446,-1.834286,1.3320352,-1.455188]","[0.76,-0.06,0.48]",,True
24,42,scene_04_near_singularity,20260529,planner,rrt,40066,"[-1.5708,-1.5708,1.5708,-1.5708,-1.5708,0]","[-3.4286702,-0.88978202,1.1705446,-1.834286,1.3320352,-1.455188]","[0.76,-0.06,0.48]",,True
25,42,scene_04_near_singularity,20260529,planner,rrt,40067,"[-1.5708,-1.5708,1.5708,-1.5708,-1.5708,0]","[-3.4286702,-0.88978202,1.1705446,-1.834286,1.3320352,-1.455188]","[0.76,-0.06,0.48]",,True
26,42,scene_04_near_singularity,20260529,planner,rrt,40068,"[-1.5708,-1.5708,1.5708,-1.5708,-1.5708,0]","[-3.4286702,-0.88978202,1.1705446,-1.834286,1.3320352,-1.455188]","[0.76,-0.06,0.48]",,True
27,42,scene_04_near_singularity,20260529,planner,rrt,40069,"[-1.5708,-1.5708,1.5708,-1.5708,-1.5708,0]","[-3.4286702,-0.88978202,1.1705446,-1.834286,1.3320352,-1.455188]","[0.76,-0.06,0.48]",,True
28,42,scene_04_near_singularity,20260529,planner,rrt,40070,"[-1.5708,-1.5708,1.5708,-1.5708,-1.5708,0]","[-3.4286702,-0.88978202,1.1705446,-1.834286,1.3320352,-1.455188]","[0.76,-0.06,0.48]",,True
29,42,scene_04_near_singularity,20260529,planner,rrt,40071,"[-1.5708,-1.5708,1.5708,-1.5708,-1.5708,0]","[-3.4286702,-0.88978202,1.1705446,-1.834286,1.3320352,-1.455188]","[0.76,-0.06,0.48]",,True
30,42,scene_04_near_singularity,20260529,planner,rrt,40072,"[-1.5708,-1.5708,1.5708,-1.5708,-1.5708,0]","[-3.4286702,-0.88978202,1.1705446,-1.834286,1.3320352,-1.455188]","[0.76,-0.06,0.48]",,True
31,42,scene_04_near_singularity,20260529,planner,rrt,40073,"[-1.5708,-1.5708,1.5708,-1.5708,-1.5708,0]","[-3.4286702,-0.88978202,1.1705446,-1.834286,1.3320352,-1.455188]","[0.76,-0.06,0.48]",,True
32,42,scene_04_near_singularity,20260529,planner,rrt,40074,"[-1.5708,-1.5708,1.5708,-1.5708,-1.5708,0]","[-3.4286702,-0.88978202,1.1705446,-1.834286,1.3320352,-1.455188]","[0.76,-0.06,0.48]",,True
33,42,scene_04_near_singularity,20260529,planner,rrt,40075,"[-1.5708,-1.5708,1.5708,-1.5708,-1.5708,0]","[-3.4286702,-0.88978202,1.1705446,-1.834286,1.3320352,-1.455188]","[0.76,-0.06,0.48]",,True
34,42,scene_04_near_singularity,20260529,planner,rrt,40076,"[-1.5708,-1.5708,1.5708,-1.5708,-1.5708,0]","[-3.4286702,-0.88978202,1.1705446,-1.834286,1.3320352,-1.455188]","[0.76,-0.06,0.48]",,True
35,42,scene_04_near_singularity,20260529,planner,rrt,40077,"[-1.5708,-1.5708,1.5708,-1.5708,-1.5708,0]","[-3.4286702,-0.88978202,1.1705446,-1.834286,1.3320352,-1.455188]","[0.76,-0.06,0.48]",,True
36,42,scene_04_near_singularity,20260529,planner,rrt,40078,"[-1.5708,-1.5708,1.5708,-1.5708,-1.5708,0]","[-3.4286702,-0.88978202,1.1705446,-1.834286,1.3320352,-1.455188]","[0.76,-0.06,0.48]",,True
37,42,scene_04_near_singularity,20260529,planner,rrt,40079,"[-1.5708,-1.5708,1.5708,-1.5708,-1.5708,0]","[-3.4286702,-0.88978202,1.1705446,-1.834286,1.3320352,-1.455188]","[0.76,-0.06,0.48]",,True
38,42,scene_04_near_singularity,20260529,planner,rrt,40080,"[-1.5708,-1.5708,1.5708,-1.5708,-1.5708,0]","[-3.4286702,-0.88978202,1.1705446,-1.834286,1.3320352,-1.455188]","[0.76,-0.06,0.48]",,True
39,42,scene_04_near_singularity,20260529,planner,rrt,40081,"[-1.5708,-1.5708,1.5708,-1.5708,-1.5708,0]","[-3.4286702,-0.88978202,1.1705446,-1.834286,1.3320352,-1.455188]","[0.76,-0.06,0.48]",,True
40,42,scene_04_near_singularity,20260529,planner,rrt,40082,"[-1.5708,-1.5708,1.5708,-1.5708,-1.5708,0]","[-3.4286702,-0.88978202,1.1705446,-1.834286,1.3320352,-1.455188]","[0.76,-0.06,0.48]",,True
41,42,scene_04_near_singularity,20260529,planner,rrt,40083,"[-1.5708,-1.5708,1.5708,-1.5708,-1.5708,0]","[-3.4286702,-0.88978202,1.1705446,-1.834286,1.3320352,-1.455188]","[0.76,-0.06,0.48]",,True
42,42,scene_04_near_singularity,20260529,planner,rrt,40084,"[-1.5708,-1.5708,1.5708,-1.5708,-1.5708,0]","[-3.4286702,-0.88978202,1.1705446,-1.834286,1.3320352,-1.455188]","[0.76,-0.06,0.48]",,True
43,42,scene_04_near_singularity,20260529,planner,rrt,40085,"[-1.5708,-1.5708,1.5708,-1.5708,-1.5708,0]","[-3.4286702,-0.88978202,1.1705446,-1.834286,1.3320352,-1.455188]","[0.76,-0.06,0.48]",,True
44,42,scene_04_near_singularity,20260529,planner,rrt,40086,"[-1.5708,-1.5708,1.5708,-1.5708,-1.5708,0]","[-3.4286702,-0.88978202,1.1705446,-1.834286,1.3320352,-1.455188]","[0.76,-0.06,0.48]",,True
45,42,scene_04_near_singularity,20260529,planner,rrt,40087,"[-1.5708,-1.5708,1.5708,-1.5708,-1.5708,0]","[-3.4286702,-0.88978202,1.1705446,-1.834286,1.3320352,-1.455188]","[0.76,-0.06,0.48]",,True
46,42,scene_04_near_singularity,20260529,planner,rrt,40088,"[-1.5708,-1.5708,1.5708,-1.5708,-1.5708,0]","[-3.4286702,-0.88978202,1.1705446,-1.834286,1.3320352,-1.455188]","[0.76,-0.06,0.48]",,False
47,42,scene_04_near_singularity,20260529,planner,rrt,40089,"[-1.5708,-1.5708,1.5708,-1.5708,-1.5708,0]","[-3.4286702,-0.88978202,1.1705446,-1.834286,1.3320352,-1.455188]","[0.76,-0.06,0.48]",,True
48,42,scene_04_near_singularity,20260529,planner,rrt,40090,"[-1.5708,-1.5708,1.5708,-1.5708,-1.5708,0]","[-3.4286702,-0.88978202,1.1705446,-1.834286,1.3320352,-1.455188]","[0.76,-0.06,0.48]",,True
49,42,scene_04_near_singularity,20260529,planner,rrt,40091,"[-1.5708,-1.5708,1.5708,-1.5708,-1.5708,0]","[-3.4286702,-0.88978202,1.1705446,-1.834286,1.3320352,-1.455188]","[0.76,-0.06,0.48]",,True
0,42,scene_04_near_singularity,20260529,planner,rrt_connect,41042,"[-1.5708,-1.5708,1.5708,-1.5708,-1.5708,0]","[-3.4286702,-0.88978202,1.1705446,-1.834286,1.3320352,-1.455188]","[0.76,-0.06,0.48]",,True
1,42,scene_04_near_singularity,20260529,planner,rrt_connect,41043,"[-1.5708,-1.5708,1.5708,-1.5708,-1.5708,0]","[-3.4286702,-0.88978202,1.1705446,-1.834286,1.3320352,-1.455188]","[0.76,-0.06,0.48]",,True
2,42,scene_04_near_singularity,20260529,planner,rrt_connect,41044,"[-1.5708,-1.5708,1.5708,-1.5708,-1.5708,0]","[-3.4286702,-0.88978202,1.1705446,-1.834286,1.3320352,-1.455188]","[0.76,-0.06,0.48]",,True
3,42,scene_04_near_singularity,20260529,planner,rrt_connect,41045,"[-1.5708,-1.5708,1.5708,-1.5708,-1.5708,0]","[-3.4286702,-0.88978202,1.1705446,-1.834286,1.3320352,-1.455188]","[0.76,-0.06,0.48]",,True
4,42,scene_04_near_singularity,20260529,planner,rrt_connect,41046,"[-1.5708,-1.5708,1.5708,-1.5708,-1.5708,0]","[-3.4286702,-0.88978202,1.1705446,-1.834286,1.3320352,-1.455188]","[0.76,-0.06,0.48]",,True
5,42,scene_04_near_singularity,20260529,planner,rrt_connect,41047,"[-1.5708,-1.5708,1.5708,-1.5708,-1.5708,0]","[-3.4286702,-0.88978202,1.1705446,-1.834286,1.3320352,-1.455188]","[0.76,-0.06,0.48]",,True
6,42,scene_04_near_singularity,20260529,planner,rrt_connect,41048,"[-1.5708,-1.5708,1.5708,-1.5708,-1.5708,0]","[-3.4286702,-0.88978202,1.1705446,-1.834286,1.3320352,-1.455188]","[0.76,-0.06,0.48]",,True
7,42,scene_04_near_singularity,20260529,planner,rrt_connect,41049,"[-1.5708,-1.5708,1.5708,-1.5708,-1.5708,0]","[-3.4286702,-0.88978202,1.1705446,-1.834286,1.3320352,-1.455188]","[0.76,-0.06,0.48]",,True
8,42,scene_04_near_singularity,20260529,planner,rrt_connect,41050,"[-1.5708,-1.5708,1.5708,-1.5708,-1.5708,0]","[-3.4286702,-0.88978202,1.1705446,-1.834286,1.3320352,-1.455188]","[0.76,-0.06,0.48]",,True
9,42,scene_04_near_singularity,20260529,planner,rrt_connect,41051,"[-1.5708,-1.5708,1.5708,-1.5708,-1.5708,0]","[-3.4286702,-0.88978202,1.1705446,-1.834286,1.3320352,-1.455188]","[0.76,-0.06,0.48]",,True
10,42,scene_04_near_singularity,20260529,planner,rrt_connect,41052,"[-1.5708,-1.5708,1.5708,-1.5708,-1.5708,0]","[-3.4286702,-0.88978202,1.1705446,-1.834286,1.3320352,-1.455188]","[0.76,-0.06,0.48]",,True
11,42,scene_04_near_singularity,20260529,planner,rrt_connect,41053,"[-1.5708,-1.5708,1.5708,-1.5708,-1.5708,0]","[-3.4286702,-0.88978202,1.1705446,-1.834286,1.3320352,-1.455188]","[0.76,-0.06,0.48]",,True
12,42,scene_04_near_singularity,20260529,planner,rrt_connect,41054,"[-1.5708,-1.5708,1.5708,-1.5708,-1.5708,0]","[-3.4286702,-0.88978202,1.1705446,-1.834286,1.3320352,-1.455188]","[0.76,-0.06,0.48]",,True
13,42,scene_04_near_singularity,20260529,planner,rrt_connect,41055,"[-1.5708,-1.5708,1.5708,-1.5708,-1.5708,0]","[-3.4286702,-0.88978202,1.1705446,-1.834286,1.3320352,-1.455188]","[0.76,-0.06,0.48]",,True
14,42,scene_04_near_singularity,20260529,planner,rrt_connect,41056,"[-1.5708,-1.5708,1.5708,-1.5708,-1.5708,0]","[-3.4286702,-0.88978202,1.1705446,-1.834286,1.3320352,-1.455188]","[0.76,-0.06,0.48]",,True
15,42,scene_04_near_singularity,20260529,planner,rrt_connect,41057,"[-1.5708,-1.5708,1.5708,-1.5708,-1.5708,0]","[-3.4286702,-0.88978202,1.1705446,-1.834286,1.3320352,-1.455188]","[0.76,-0.06,0.48]",,True
16,42,scene_04_near_singularity,20260529,planner,rrt_connect,41058,"[-1.5708,-1.5708,1.5708,-1.5708,-1.5708,0]","[-3.4286702,-0.88978202,1.1705446,-1.834286,1.3320352,-1.455188]","[0.76,-0.06,0.48]",,True
17,42,scene_04_near_singularity,20260529,planner,rrt_connect,41059,"[-1.5708,-1.5708,1.5708,-1.5708,-1.5708,0]","[-3.4286702,-0.88978202,1.1705446,-1.834286,1.3320352,-1.455188]","[0.76,-0.06,0.48]",,True
18,42,scene_04_near_singularity,20260529,planner,rrt_connect,41060,"[-1.5708,-1.5708,1.5708,-1.5708,-1.5708,0]","[-3.4286702,-0.88978202,1.1705446,-1.834286,1.3320352,-1.455188]","[0.76,-0.06,0.48]",,True
19,42,scene_04_near_singularity,20260529,planner,rrt_connect,41061,"[-1.5708,-1.5708,1.5708,-1.5708,-1.5708,0]","[-3.4286702,-0.88978202,1.1705446,-1.834286,1.3320352,-1.455188]","[0.76,-0.06,0.48]",,True
20,42,scene_04_near_singularity,20260529,planner,rrt_connect,41062,"[-1.5708,-1.5708,1.5708,-1.5708,-1.5708,0]","[-3.4286702,-0.88978202,1.1705446,-1.834286,1.3320352,-1.455188]","[0.76,-0.06,0.48]",,True
21,42,scene_04_near_singularity,20260529,planner,rrt_connect,41063,"[-1.5708,-1.5708,1.5708,-1.5708,-1.5708,0]","[-3.4286702,-0.88978202,1.1705446,-1.834286,1.3320352,-1.455188]","[0.76,-0.06,0.48]",,True
22,42,scene_04_near_singularity,20260529,planner,rrt_connect,41064,"[-1.5708,-1.5708,1.5708,-1.5708,-1.5708,0]","[-3.4286702,-0.88978202,1.1705446,-1.834286,1.3320352,-1.455188]","[0.76,-0.06,0.48]",,True
23,42,scene_04_near_singularity,20260529,planner,rrt_connect,41065,"[-1.5708,-1.5708,1.5708,-1.5708,-1.5708,0]","[-3.4286702,-0.88978202,1.1705446,-1.834286,1.3320352,-1.455188]","[0.76,-0.06,0.48]",,True
24,42,scene_04_near_singularity,20260529,planner,rrt_connect,41066,"[-1.5708,-1.5708,1.5708,-1.5708,-1.5708,0]","[-3.4286702,-0.88978202,1.1705446,-1.834286,1.3320352,-1.455188]","[0.76,-0.06,0.48]",,True
25,42,scene_04_near_singularity,20260529,planner,rrt_connect,41067,"[-1.5708,-1.5708,1.5708,-1.5708,-1.5708,0]","[-3.4286702,-0.88978202,1.1705446,-1.834286,1.3320352,-1.455188]","[0.76,-0.06,0.48]",,True
26,42,scene_04_near_singularity,20260529,planner,rrt_connect,41068,"[-1.5708,-1.5708,1.5708,-1.5708,-1.5708,0]","[-3.4286702,-0.88978202,1.1705446,-1.834286,1.3320352,-1.455188]","[0.76,-0.06,0.48]",,True
27,42,scene_04_near_singularity,20260529,planner,rrt_connect,41069,"[-1.5708,-1.5708,1.5708,-1.5708,-1.5708,0]","[-3.4286702,-0.88978202,1.1705446,-1.834286,1.3320352,-1.455188]","[0.76,-0.06,0.48]",,True
28,42,scene_04_near_singularity,20260529,planner,rrt_connect,41070,"[-1.5708,-1.5708,1.5708,-1.5708,-1.5708,0]","[-3.4286702,-0.88978202,1.1705446,-1.834286,1.3320352,-1.455188]","[0.76,-0.06,0.48]",,True
29,42,scene_04_near_singularity,20260529,planner,rrt_connect,41071,"[-1.5708,-1.5708,1.5708,-1.5708,-1.5708,0]","[-3.4286702,-0.88978202,1.1705446,-1.834286,1.3320352,-1.455188]","[0.76,-0.06,0.48]",,True
30,42,scene_04_near_singularity,20260529,planner,rrt_connect,41072,"[-1.5708,-1.5708,1.5708,-1.5708,-1.5708,0]","[-3.4286702,-0.88978202,1.1705446,-1.834286,1.3320352,-1.455188]","[0.76,-0.06,0.48]",,True
31,42,scene_04_near_singularity,20260529,planner,rrt_connect,41073,"[-1.5708,-1.5708,1.5708,-1.5708,-1.5708,0]","[-3.4286702,-0.88978202,1.1705446,-1.834286,1.3320352,-1.455188]","[0.76,-0.06,0.48]",,True
32,42,scene_04_near_singularity,20260529,planner,rrt_connect,41074,"[-1.5708,-1.5708,1.5708,-1.5708,-1.5708,0]","[-3.4286702,-0.88978202,1.1705446,-1.834286,1.3320352,-1.455188]","[0.76,-0.06,0.48]",,True
33,42,scene_04_near_singularity,20260529,planner,rrt_connect,41075,"[-1.5708,-1.5708,1.5708,-1.5708,-1.5708,0]","[-3.4286702,-0.88978202,1.1705446,-1.834286,1.3320352,-1.455188]","[0.76,-0.06,0.48]",,True
34,42,scene_04_near_singularity,20260529,planner,rrt_connect,41076,"[-1.5708,-1.5708,1.5708,-1.5708,-1.5708,0]","[-3.4286702,-0.88978202,1.1705446,-1.834286,1.3320352,-1.455188]","[0.76,-0.06,0.48]",,True
35,42,scene_04_near_singularity,20260529,planner,rrt_connect,41077,"[-1.5708,-1.5708,1.5708,-1.5708,-1.5708,0]","[-3.4286702,-0.88978202,1.1705446,-1.834286,1.3320352,-1.455188]","[0.76,-0.06,0.48]",,True
36,42,scene_04_near_singularity,20260529,planner,rrt_connect,41078,"[-1.5708,-1.5708,1.5708,-1.5708,-1.5708,0]","[-3.4286702,-0.88978202,1.1705446,-1.834286,1.3320352,-1.455188]","[0.76,-0.06,0.48]",,True
37,42,scene_04_near_singularity,20260529,planner,rrt_connect,41079,"[-1.5708,-1.5708,1.5708,-1.5708,-1.5708,0]","[-3.4286702,-0.88978202,1.1705446,-1.834286,1.3320352,-1.455188]","[0.76,-0.06,0.48]",,True
38,42,scene_04_near_singularity,20260529,planner,rrt_connect,41080,"[-1.5708,-1.5708,1.5708,-1.5708,-1.5708,0]","[-3.4286702,-0.88978202,1.1705446,-1.834286,1.3320352,-1.455188]","[0.76,-0.06,0.48]",,True
39,42,scene_04_near_singularity,20260529,planner,rrt_connect,41081,"[-1.5708,-1.5708,1.5708,-1.5708,-1.5708,0]","[-3.4286702,-0.88978202,1.1705446,-1.834286,1.3320352,-1.455188]","[0.76,-0.06,0.48]",,True
40,42,scene_04_near_singularity,20260529,planner,rrt_connect,41082,"[-1.5708,-1.5708,1.5708,-1.5708,-1.5708,0]","[-3.4286702,-0.88978202,1.1705446,-1.834286,1.3320352,-1.455188]","[0.76,-0.06,0.48]",,True
41,42,scene_04_near_singularity,20260529,planner,rrt_connect,41083,"[-1.5708,-1.5708,1.5708,-1.5708,-1.5708,0]","[-3.4286702,-0.88978202,1.1705446,-1.834286,1.3320352,-1.455188]","[0.76,-0.06,0.48]",,True
42,42,scene_04_near_singularity,20260529,planner,rrt_connect,41084,"[-1.5708,-1.5708,1.5708,-1.5708,-1.5708,0]","[-3.4286702,-0.88978202,1.1705446,-1.834286,1.3320352,-1.455188]","[0.76,-0.06,0.48]",,True
43,42,scene_04_near_singularity,20260529,planner,rrt_connect,41085,"[-1.5708,-1.5708,1.5708,-1.5708,-1.5708,0]","[-3.4286702,-0.88978202,1.1705446,-1.834286,1.3320352,-1.455188]","[0.76,-0.06,0.48]",,True
44,42,scene_04_near_singularity,20260529,planner,rrt_connect,41086,"[-1.5708,-1.5708,1.5708,-1.5708,-1.5708,0]","[-3.4286702,-0.88978202,1.1705446,-1.834286,1.3320352,-1.455188]","[0.76,-0.06,0.48]",,True
45,42,scene_04_near_singularity,20260529,planner,rrt_connect,41087,"[-1.5708,-1.5708,1.5708,-1.5708,-1.5708,0]","[-3.4286702,-0.88978202,1.1705446,-1.834286,1.3320352,-1.455188]","[0.76,-0.06,0.48]",,True
46,42,scene_04_near_singularity,20260529,planner,rrt_connect,41088,"[-1.5708,-1.5708,1.5708,-1.5708,-1.5708,0]","[-3.4286702,-0.88978202,1.1705446,-1.834286,1.3320352,-1.455188]","[0.76,-0.06,0.48]",,True
47,42,scene_04_near_singularity,20260529,planner,rrt_connect,41089,"[-1.5708,-1.5708,1.5708,-1.5708,-1.5708,0]","[-3.4286702,-0.88978202,1.1705446,-1.834286,1.3320352,-1.455188]","[0.76,-0.06,0.48]",,True
48,42,scene_04_near_singularity,20260529,planner,rrt_connect,41090,"[-1.5708,-1.5708,1.5708,-1.5708,-1.5708,0]","[-3.4286702,-0.88978202,1.1705446,-1.834286,1.3320352,-1.455188]","[0.76,-0.06,0.48]",,True
49,42,scene_04_near_singularity,20260529,planner,rrt_connect,41091,"[-1.5708,-1.5708,1.5708,-1.5708,-1.5708,0]","[-3.4286702,-0.88978202,1.1705446,-1.834286,1.3320352,-1.455188]","[0.76,-0.06,0.48]",,True
0,42,scene_04_near_singularity,20260529,planner,prm,42042,"[-1.5708,-1.5708,1.5708,-1.5708,-1.5708,0]","[-3.4286702,-0.88978202,1.1705446,-1.834286,1.3320352,-1.455188]","[0.76,-0.06,0.48]",,True
1,42,scene_04_near_singularity,20260529,planner,prm,42043,"[-1.5708,-1.5708,1.5708,-1.5708,-1.5708,0]","[-3.4286702,-0.88978202,1.1705446,-1.834286,1.3320352,-1.455188]","[0.76,-0.06,0.48]",,True
2,42,scene_04_near_singularity,20260529,planner,prm,42044,"[-1.5708,-1.5708,1.5708,-1.5708,-1.5708,0]","[-3.4286702,-0.88978202,1.1705446,-1.834286,1.3320352,-1.455188]","[0.76,-0.06,0.48]",,True
3,42,scene_04_near_singularity,20260529,planner,prm,42045,"[-1.5708,-1.5708,1.5708,-1.5708,-1.5708,0]","[-3.4286702,-0.88978202,1.1705446,-1.834286,1.3320352,-1.455188]","[0.76,-0.06,0.48]",,True
4,42,scene_04_near_singularity,20260529,planner,prm,42046,"[-1.5708,-1.5708,1.5708,-1.5708,-1.5708,0]","[-3.4286702,-0.88978202,1.1705446,-1.834286,1.3320352,-1.455188]","[0.76,-0.06,0.48]",,True
5,42,scene_04_near_singularity,20260529,planner,prm,42047,"[-1.5708,-1.5708,1.5708,-1.5708,-1.5708,0]","[-3.4286702,-0.88978202,1.1705446,-1.834286,1.3320352,-1.455188]","[0.76,-0.06,0.48]",,True
6,42,scene_04_near_singularity,20260529,planner,prm,42048,"[-1.5708,-1.5708,1.5708,-1.5708,-1.5708,0]","[-3.4286702,-0.88978202,1.1705446,-1.834286,1.3320352,-1.455188]","[0.76,-0.06,0.48]",,True
7,42,scene_04_near_singularity,20260529,planner,prm,42049,"[-1.5708,-1.5708,1.5708,-1.5708,-1.5708,0]","[-3.4286702,-0.88978202,1.1705446,-1.834286,1.3320352,-1.455188]","[0.76,-0.06,0.48]",,True
8,42,scene_04_near_singularity,20260529,planner,prm,42050,"[-1.5708,-1.5708,1.5708,-1.5708,-1.5708,0]","[-3.4286702,-0.88978202,1.1705446,-1.834286,1.3320352,-1.455188]","[0.76,-0.06,0.48]",,True
9,42,scene_04_near_singularity,20260529,planner,prm,42051,"[-1.5708,-1.5708,1.5708,-1.5708,-1.5708,0]","[-3.4286702,-0.88978202,1.1705446,-1.834286,1.3320352,-1.455188]","[0.76,-0.06,0.48]",,True
10,42,scene_04_near_singularity,20260529,planner,prm,42052,"[-1.5708,-1.5708,1.5708,-1.5708,-1.5708,0]","[-3.4286702,-0.88978202,1.1705446,-1.834286,1.3320352,-1.455188]","[0.76,-0.06,0.48]",,True
11,42,scene_04_near_singularity,20260529,planner,prm,42053,"[-1.5708,-1.5708,1.5708,-1.5708,-1.5708,0]","[-3.4286702,-0.88978202,1.1705446,-1.834286,1.3320352,-1.455188]","[0.76,-0.06,0.48]",,True
12,42,scene_04_near_singularity,20260529,planner,prm,42054,"[-1.5708,-1.5708,1.5708,-1.5708,-1.5708,0]","[-3.4286702,-0.88978202,1.1705446,-1.834286,1.3320352,-1.455188]","[0.76,-0.06,0.48]",,True
13,42,scene_04_near_singularity,20260529,planner,prm,42055,"[-1.5708,-1.5708,1.5708,-1.5708,-1.5708,0]","[-3.4286702,-0.88978202,1.1705446,-1.834286,1.3320352,-1.455188]","[0.76,-0.06,0.48]",,True
14,42,scene_04_near_singularity,20260529,planner,prm,42056,"[-1.5708,-1.5708,1.5708,-1.5708,-1.5708,0]","[-3.4286702,-0.88978202,1.1705446,-1.834286,1.3320352,-1.455188]","[0.76,-0.06,0.48]",,True
15,42,scene_04_near_singularity,20260529,planner,prm,42057,"[-1.5708,-1.5708,1.5708,-1.5708,-1.5708,0]","[-3.4286702,-0.88978202,1.1705446,-1.834286,1.3320352,-1.455188]","[0.76,-0.06,0.48]",,True
16,42,scene_04_near_singularity,20260529,planner,prm,42058,"[-1.5708,-1.5708,1.5708,-1.5708,-1.5708,0]","[-3.4286702,-0.88978202,1.1705446,-1.834286,1.3320352,-1.455188]","[0.76,-0.06,0.48]",,True
17,42,scene_04_near_singularity,20260529,planner,prm,42059,"[-1.5708,-1.5708,1.5708,-1.5708,-1.5708,0]","[-3.4286702,-0.88978202,1.1705446,-1.834286,1.3320352,-1.455188]","[0.76,-0.06,0.48]",,True
18,42,scene_04_near_singularity,20260529,planner,prm,42060,"[-1.5708,-1.5708,1.5708,-1.5708,-1.5708,0]","[-3.4286702,-0.88978202,1.1705446,-1.834286,1.3320352,-1.455188]","[0.76,-0.06,0.48]",,True
19,42,scene_04_near_singularity,20260529,planner,prm,42061,"[-1.5708,-1.5708,1.5708,-1.5708,-1.5708,0]","[-3.4286702,-0.88978202,1.1705446,-1.834286,1.3320352,-1.455188]","[0.76,-0.06,0.48]",,True
20,42,scene_04_near_singularity,20260529,planner,prm,42062,"[-1.5708,-1.5708,1.5708,-1.5708,-1.5708,0]","[-3.4286702,-0.88978202,1.1705446,-1.834286,1.3320352,-1.455188]","[0.76,-0.06,0.48]",,True
21,42,scene_04_near_singularity,20260529,planner,prm,42063,"[-1.5708,-1.5708,1.5708,-1.5708,-1.5708,0]","[-3.4286702,-0.88978202,1.1705446,-1.834286,1.3320352,-1.455188]","[0.76,-0.06,0.48]",,True
22,42,scene_04_near_singularity,20260529,planner,prm,42064,"[-1.5708,-1.5708,1.5708,-1.5708,-1.5708,0]","[-3.4286702,-0.88978202,1.1705446,-1.834286,1.3320352,-1.455188]","[0.76,-0.06,0.48]",,True
23,42,scene_04_near_singularity,20260529,planner,prm,42065,"[-1.5708,-1.5708,1.5708,-1.5708,-1.5708,0]","[-3.4286702,-0.88978202,1.1705446,-1.834286,1.3320352,-1.455188]","[0.76,-0.06,0.48]",,True
24,42,scene_04_near_singularity,20260529,planner,prm,42066,"[-1.5708,-1.5708,1.5708,-1.5708,-1.5708,0]","[-3.4286702,-0.88978202,1.1705446,-1.834286,1.3320352,-1.455188]","[0.76,-0.06,0.48]",,True
25,42,scene_04_near_singularity,20260529,planner,prm,42067,"[-1.5708,-1.5708,1.5708,-1.5708,-1.5708,0]","[-3.4286702,-0.88978202,1.1705446,-1.834286,1.3320352,-1.455188]","[0.76,-0.06,0.48]",,True
26,42,scene_04_near_singularity,20260529,planner,prm,42068,"[-1.5708,-1.5708,1.5708,-1.5708,-1.5708,0]","[-3.4286702,-0.88978202,1.1705446,-1.834286,1.3320352,-1.455188]","[0.76,-0.06,0.48]",,True
27,42,scene_04_near_singularity,20260529,planner,prm,42069,"[-1.5708,-1.5708,1.5708,-1.5708,-1.5708,0]","[-3.4286702,-0.88978202,1.1705446,-1.834286,1.3320352,-1.455188]","[0.76,-0.06,0.48]",,True
28,42,scene_04_near_singularity,20260529,planner,prm,42070,"[-1.5708,-1.5708,1.5708,-1.5708,-1.5708,0]","[-3.4286702,-0.88978202,1.1705446,-1.834286,1.3320352,-1.455188]","[0.76,-0.06,0.48]",,True
29,42,scene_04_near_singularity,20260529,planner,prm,42071,"[-1.5708,-1.5708,1.5708,-1.5708,-1.5708,0]","[-3.4286702,-0.88978202,1.1705446,-1.834286,1.3320352,-1.455188]","[0.76,-0.06,0.48]",,True
30,42,scene_04_near_singularity,20260529,planner,prm,42072,"[-1.5708,-1.5708,1.5708,-1.5708,-1.5708,0]","[-3.4286702,-0.88978202,1.1705446,-1.834286,1.3320352,-1.455188]","[0.76,-0.06,0.48]",,True
31,42,scene_04_near_singularity,20260529,planner,prm,42073,"[-1.5708,-1.5708,1.5708,-1.5708,-1.5708,0]","[-3.4286702,-0.88978202,1.1705446,-1.834286,1.3320352,-1.455188]","[0.76,-0.06,0.48]",,True
32,42,scene_04_near_singularity,20260529,planner,prm,42074,"[-1.5708,-1.5708,1.5708,-1.5708,-1.5708,0]","[-3.4286702,-0.88978202,1.1705446,-1.834286,1.3320352,-1.455188]","[0.76,-0.06,0.48]",,True
33,42,scene_04_near_singularity,20260529,planner,prm,42075,"[-1.5708,-1.5708,1.5708,-1.5708,-1.5708,0]","[-3.4286702,-0.88978202,1.1705446,-1.834286,1.3320352,-1.455188]","[0.76,-0.06,0.48]",,True
34,42,scene_04_near_singularity,20260529,planner,prm,42076,"[-1.5708,-1.5708,1.5708,-1.5708,-1.5708,0]","[-3.4286702,-0.88978202,1.1705446,-1.834286,1.3320352,-1.455188]","[0.76,-0.06,0.48]",,True
35,42,scene_04_near_singularity,20260529,planner,prm,42077,"[-1.5708,-1.5708,1.5708,-1.5708,-1.5708,0]","[-3.4286702,-0.88978202,1.1705446,-1.834286,1.3320352,-1.455188]","[0.76,-0.06,0.48]",,True
36,42,scene_04_near_singularity,20260529,planner,prm,42078,"[-1.5708,-1.5708,1.5708,-1.5708,-1.5708,0]","[-3.4286702,-0.88978202,1.1705446,-1.834286,1.3320352,-1.455188]","[0.76,-0.06,0.48]",,True
37,42,scene_04_near_singularity,20260529,planner,prm,42079,"[-1.5708,-1.5708,1.5708,-1.5708,-1.5708,0]","[-3.4286702,-0.88978202,1.1705446,-1.834286,1.3320352,-1.455188]","[0.76,-0.06,0.48]",,True
38,42,scene_04_near_singularity,20260529,planner,prm,42080,"[-1.5708,-1.5708,1.5708,-1.5708,-1.5708,0]","[-3.4286702,-0.88978202,1.1705446,-1.834286,1.3320352,-1.455188]","[0.76,-0.06,0.48]",,True
39,42,scene_04_near_singularity,20260529,planner,prm,42081,"[-1.5708,-1.5708,1.5708,-1.5708,-1.5708,0]","[-3.4286702,-0.88978202,1.1705446,-1.834286,1.3320352,-1.455188]","[0.76,-0.06,0.48]",,True
40,42,scene_04_near_singularity,20260529,planner,prm,42082,"[-1.5708,-1.5708,1.5708,-1.5708,-1.5708,0]","[-3.4286702,-0.88978202,1.1705446,-1.834286,1.3320352,-1.455188]","[0.76,-0.06,0.48]",,True
41,42,scene_04_near_singularity,20260529,planner,prm,42083,"[-1.5708,-1.5708,1.5708,-1.5708,-1.5708,0]","[-3.4286702,-0.88978202,1.1705446,-1.834286,1.3320352,-1.455188]","[0.76,-0.06,0.48]",,True
42,42,scene_04_near_singularity,20260529,planner,prm,42084,"[-1.5708,-1.5708,1.5708,-1.5708,-1.5708,0]","[-3.4286702,-0.88978202,1.1705446,-1.834286,1.3320352,-1.455188]","[0.76,-0.06,0.48]",,True
43,42,scene_04_near_singularity,20260529,planner,prm,42085,"[-1.5708,-1.5708,1.5708,-1.5708,-1.5708,0]","[-3.4286702,-0.88978202,1.1705446,-1.834286,1.3320352,-1.455188]","[0.76,-0.06,0.48]",,True
44,42,scene_04_near_singularity,20260529,planner,prm,42086,"[-1.5708,-1.5708,1.5708,-1.5708,-1.5708,0]","[-3.4286702,-0.88978202,1.1705446,-1.834286,1.3320352,-1.455188]","[0.76,-0.06,0.48]",,True
45,42,scene_04_near_singularity,20260529,planner,prm,42087,"[-1.5708,-1.5708,1.5708,-1.5708,-1.5708,0]","[-3.4286702,-0.88978202,1.1705446,-1.834286,1.3320352,-1.455188]","[0.76,-0.06,0.48]",,True
46,42,scene_04_near_singularity,20260529,planner,prm,42088,"[-1.5708,-1.5708,1.5708,-1.5708,-1.5708,0]","[-3.4286702,-0.88978202,1.1705446,-1.834286,1.3320352,-1.455188]","[0.76,-0.06,0.48]",,True
47,42,scene_04_near_singularity,20260529,planner,prm,42089,"[-1.5708,-1.5708,1.5708,-1.5708,-1.5708,0]","[-3.4286702,-0.88978202,1.1705446,-1.834286,1.3320352,-1.455188]","[0.76,-0.06,0.48]",,True
48,42,scene_04_near_singularity,20260529,planner,prm,42090,"[-1.5708,-1.5708,1.5708,-1.5708,-1.5708,0]","[-3.4286702,-0.88978202,1.1705446,-1.834286,1.3320352,-1.455188]","[0.76,-0.06,0.48]",,True
49,42,scene_04_near_singularity,20260529,planner,prm,42091,"[-1.5708,-1.5708,1.5708,-1.5708,-1.5708,0]","[-3.4286702,-0.88978202,1.1705446,-1.834286,1.3320352,-1.455188]","[0.76,-0.06,0.48]",,True
0,42,scene_04_near_singularity,20260529,planner,apf,43042,"[-1.5708,-1.5708,1.5708,-1.5708,-1.5708,0]","[-3.4286702,-0.88978202,1.1705446,-1.834286,1.3320352,-1.455188]","[0.76,-0.06,0.48]",,False
1,42,scene_04_near_singularity,20260529,planner,apf,43043,"[-1.5708,-1.5708,1.5708,-1.5708,-1.5708,0]","[-3.4286702,-0.88978202,1.1705446,-1.834286,1.3320352,-1.455188]","[0.76,-0.06,0.48]",,False
2,42,scene_04_near_singularity,20260529,planner,apf,43044,"[-1.5708,-1.5708,1.5708,-1.5708,-1.5708,0]","[-3.4286702,-0.88978202,1.1705446,-1.834286,1.3320352,-1.455188]","[0.76,-0.06,0.48]",,False
3,42,scene_04_near_singularity,20260529,planner,apf,43045,"[-1.5708,-1.5708,1.5708,-1.5708,-1.5708,0]","[-3.4286702,-0.88978202,1.1705446,-1.834286,1.3320352,-1.455188]","[0.76,-0.06,0.48]",,False
4,42,scene_04_near_singularity,20260529,planner,apf,43046,"[-1.5708,-1.5708,1.5708,-1.5708,-1.5708,0]","[-3.4286702,-0.88978202,1.1705446,-1.834286,1.3320352,-1.455188]","[0.76,-0.06,0.48]",,False
5,42,scene_04_near_singularity,20260529,planner,apf,43047,"[-1.5708,-1.5708,1.5708,-1.5708,-1.5708,0]","[-3.4286702,-0.88978202,1.1705446,-1.834286,1.3320352,-1.455188]","[0.76,-0.06,0.48]",,False
6,42,scene_04_near_singularity,20260529,planner,apf,43048,"[-1.5708,-1.5708,1.5708,-1.5708,-1.5708,0]","[-3.4286702,-0.88978202,1.1705446,-1.834286,1.3320352,-1.455188]","[0.76,-0.06,0.48]",,False
7,42,scene_04_near_singularity,20260529,planner,apf,43049,"[-1.5708,-1.5708,1.5708,-1.5708,-1.5708,0]","[-3.4286702,-0.88978202,1.1705446,-1.834286,1.3320352,-1.455188]","[0.76,-0.06,0.48]",,False
8,42,scene_04_near_singularity,20260529,planner,apf,43050,"[-1.5708,-1.5708,1.5708,-1.5708,-1.5708,0]","[-3.4286702,-0.88978202,1.1705446,-1.834286,1.3320352,-1.455188]","[0.76,-0.06,0.48]",,False
9,42,scene_04_near_singularity,20260529,planner,apf,43051,"[-1.5708,-1.5708,1.5708,-1.5708,-1.5708,0]","[-3.4286702,-0.88978202,1.1705446,-1.834286,1.3320352,-1.455188]","[0.76,-0.06,0.48]",,False
10,42,scene_04_near_singularity,20260529,planner,apf,43052,"[-1.5708,-1.5708,1.5708,-1.5708,-1.5708,0]","[-3.4286702,-0.88978202,1.1705446,-1.834286,1.3320352,-1.455188]","[0.76,-0.06,0.48]",,False
11,42,scene_04_near_singularity,20260529,planner,apf,43053,"[-1.5708,-1.5708,1.5708,-1.5708,-1.5708,0]","[-3.4286702,-0.88978202,1.1705446,-1.834286,1.3320352,-1.455188]","[0.76,-0.06,0.48]",,False
12,42,scene_04_near_singularity,20260529,planner,apf,43054,"[-1.5708,-1.5708,1.5708,-1.5708,-1.5708,0]","[-3.4286702,-0.88978202,1.1705446,-1.834286,1.3320352,-1.455188]","[0.76,-0.06,0.48]",,False
13,42,scene_04_near_singularity,20260529,planner,apf,43055,"[-1.5708,-1.5708,1.5708,-1.5708,-1.5708,0]","[-3.4286702,-0.88978202,1.1705446,-1.834286,1.3320352,-1.455188]","[0.76,-0.06,0.48]",,False
14,42,scene_04_near_singularity,20260529,planner,apf,43056,"[-1.5708,-1.5708,1.5708,-1.5708,-1.5708,0]","[-3.4286702,-0.88978202,1.1705446,-1.834286,1.3320352,-1.455188]","[0.76,-0.06,0.48]",,False
15,42,scene_04_near_singularity,20260529,planner,apf,43057,"[-1.5708,-1.5708,1.5708,-1.5708,-1.5708,0]","[-3.4286702,-0.88978202,1.1705446,-1.834286,1.3320352,-1.455188]","[0.76,-0.06,0.48]",,False
16,42,scene_04_near_singularity,20260529,planner,apf,43058,"[-1.5708,-1.5708,1.5708,-1.5708,-1.5708,0]","[-3.4286702,-0.88978202,1.1705446,-1.834286,1.3320352,-1.455188]","[0.76,-0.06,0.48]",,False
17,42,scene_04_near_singularity,20260529,planner,apf,43059,"[-1.5708,-1.5708,1.5708,-1.5708,-1.5708,0]","[-3.4286702,-0.88978202,1.1705446,-1.834286,1.3320352,-1.455188]","[0.76,-0.06,0.48]",,False
18,42,scene_04_near_singularity,20260529,planner,apf,43060,"[-1.5708,-1.5708,1.5708,-1.5708,-1.5708,0]","[-3.4286702,-0.88978202,1.1705446,-1.834286,1.3320352,-1.455188]","[0.76,-0.06,0.48]",,False
19,42,scene_04_near_singularity,20260529,planner,apf,43061,"[-1.5708,-1.5708,1.5708,-1.5708,-1.5708,0]","[-3.4286702,-0.88978202,1.1705446,-1.834286,1.3320352,-1.455188]","[0.76,-0.06,0.48]",,False
20,42,scene_04_near_singularity,20260529,planner,apf,43062,"[-1.5708,-1.5708,1.5708,-1.5708,-1.5708,0]","[-3.4286702,-0.88978202,1.1705446,-1.834286,1.3320352,-1.455188]","[0.76,-0.06,0.48]",,False
21,42,scene_04_near_singularity,20260529,planner,apf,43063,"[-1.5708,-1.5708,1.5708,-1.5708,-1.5708,0]","[-3.4286702,-0.88978202,1.1705446,-1.834286,1.3320352,-1.455188]","[0.76,-0.06,0.48]",,False
22,42,scene_04_near_singularity,20260529,planner,apf,43064,"[-1.5708,-1.5708,1.5708,-1.5708,-1.5708,0]","[-3.4286702,-0.88978202,1.1705446,-1.834286,1.3320352,-1.455188]","[0.76,-0.06,0.48]",,False
23,42,scene_04_near_singularity,20260529,planner,apf,43065,"[-1.5708,-1.5708,1.5708,-1.5708,-1.5708,0]","[-3.4286702,-0.88978202,1.1705446,-1.834286,1.3320352,-1.455188]","[0.76,-0.06,0.48]",,False
24,42,scene_04_near_singularity,20260529,planner,apf,43066,"[-1.5708,-1.5708,1.5708,-1.5708,-1.5708,0]","[-3.4286702,-0.88978202,1.1705446,-1.834286,1.3320352,-1.455188]","[0.76,-0.06,0.48]",,False
25,42,scene_04_near_singularity,20260529,planner,apf,43067,"[-1.5708,-1.5708,1.5708,-1.5708,-1.5708,0]","[-3.4286702,-0.88978202,1.1705446,-1.834286,1.3320352,-1.455188]","[0.76,-0.06,0.48]",,False
26,42,scene_04_near_singularity,20260529,planner,apf,43068,"[-1.5708,-1.5708,1.5708,-1.5708,-1.5708,0]","[-3.4286702,-0.88978202,1.1705446,-1.834286,1.3320352,-1.455188]","[0.76,-0.06,0.48]",,False
27,42,scene_04_near_singularity,20260529,planner,apf,43069,"[-1.5708,-1.5708,1.5708,-1.5708,-1.5708,0]","[-3.4286702,-0.88978202,1.1705446,-1.834286,1.3320352,-1.455188]","[0.76,-0.06,0.48]",,False
28,42,scene_04_near_singularity,20260529,planner,apf,43070,"[-1.5708,-1.5708,1.5708,-1.5708,-1.5708,0]","[-3.4286702,-0.88978202,1.1705446,-1.834286,1.3320352,-1.455188]","[0.76,-0.06,0.48]",,False
29,42,scene_04_near_singularity,20260529,planner,apf,43071,"[-1.5708,-1.5708,1.5708,-1.5708,-1.5708,0]","[-3.4286702,-0.88978202,1.1705446,-1.834286,1.3320352,-1.455188]","[0.76,-0.06,0.48]",,False
30,42,scene_04_near_singularity,20260529,planner,apf,43072,"[-1.5708,-1.5708,1.5708,-1.5708,-1.5708,0]","[-3.4286702,-0.88978202,1.1705446,-1.834286,1.3320352,-1.455188]","[0.76,-0.06,0.48]",,False
31,42,scene_04_near_singularity,20260529,planner,apf,43073,"[-1.5708,-1.5708,1.5708,-1.5708,-1.5708,0]","[-3.4286702,-0.88978202,1.1705446,-1.834286,1.3320352,-1.455188]","[0.76,-0.06,0.48]",,False
32,42,scene_04_near_singularity,20260529,planner,apf,43074,"[-1.5708,-1.5708,1.5708,-1.5708,-1.5708,0]","[-3.4286702,-0.88978202,1.1705446,-1.834286,1.3320352,-1.455188]","[0.76,-0.06,0.48]",,False
33,42,scene_04_near_singularity,20260529,planner,apf,43075,"[-1.5708,-1.5708,1.5708,-1.5708,-1.5708,0]","[-3.4286702,-0.88978202,1.1705446,-1.834286,1.3320352,-1.455188]","[0.76,-0.06,0.48]",,False
34,42,scene_04_near_singularity,20260529,planner,apf,43076,"[-1.5708,-1.5708,1.5708,-1.5708,-1.5708,0]","[-3.4286702,-0.88978202,1.1705446,-1.834286,1.3320352,-1.455188]","[0.76,-0.06,0.48]",,False
35,42,scene_04_near_singularity,20260529,planner,apf,43077,"[-1.5708,-1.5708,1.5708,-1.5708,-1.5708,0]","[-3.4286702,-0.88978202,1.1705446,-1.834286,1.3320352,-1.455188]","[0.76,-0.06,0.48]",,False
36,42,scene_04_near_singularity,20260529,planner,apf,43078,"[-1.5708,-1.5708,1.5708,-1.5708,-1.5708,0]","[-3.4286702,-0.88978202,1.1705446,-1.834286,1.3320352,-1.455188]","[0.76,-0.06,0.48]",,False
37,42,scene_04_near_singularity,20260529,planner,apf,43079,"[-1.5708,-1.5708,1.5708,-1.5708,-1.5708,0]","[-3.4286702,-0.88978202,1.1705446,-1.834286,1.3320352,-1.455188]","[0.76,-0.06,0.48]",,False
38,42,scene_04_near_singularity,20260529,planner,apf,43080,"[-1.5708,-1.5708,1.5708,-1.5708,-1.5708,0]","[-3.4286702,-0.88978202,1.1705446,-1.834286,1.3320352,-1.455188]","[0.76,-0.06,0.48]",,False
39,42,scene_04_near_singularity,20260529,planner,apf,43081,"[-1.5708,-1.5708,1.5708,-1.5708,-1.5708,0]","[-3.4286702,-0.88978202,1.1705446,-1.834286,1.3320352,-1.455188]","[0.76,-0.06,0.48]",,False
40,42,scene_04_near_singularity,20260529,planner,apf,43082,"[-1.5708,-1.5708,1.5708,-1.5708,-1.5708,0]","[-3.4286702,-0.88978202,1.1705446,-1.834286,1.3320352,-1.455188]","[0.76,-0.06,0.48]",,False
41,42,scene_04_near_singularity,20260529,planner,apf,43083,"[-1.5708,-1.5708,1.5708,-1.5708,-1.5708,0]","[-3.4286702,-0.88978202,1.1705446,-1.834286,1.3320352,-1.455188]","[0.76,-0.06,0.48]",,False
42,42,scene_04_near_singularity,20260529,planner,apf,43084,"[-1.5708,-1.5708,1.5708,-1.5708,-1.5708,0]","[-3.4286702,-0.88978202,1.1705446,-1.834286,1.3320352,-1.455188]","[0.76,-0.06,0.48]",,False
43,42,scene_04_near_singularity,20260529,planner,apf,43085,"[-1.5708,-1.5708,1.5708,-1.5708,-1.5708,0]","[-3.4286702,-0.88978202,1.1705446,-1.834286,1.3320352,-1.455188]","[0.76,-0.06,0.48]",,False
44,42,scene_04_near_singularity,20260529,planner,apf,43086,"[-1.5708,-1.5708,1.5708,-1.5708,-1.5708,0]","[-3.4286702,-0.88978202,1.1705446,-1.834286,1.3320352,-1.455188]","[0.76,-0.06,0.48]",,False
45,42,scene_04_near_singularity,20260529,planner,apf,43087,"[-1.5708,-1.5708,1.5708,-1.5708,-1.5708,0]","[-3.4286702,-0.88978202,1.1705446,-1.834286,1.3320352,-1.455188]","[0.76,-0.06,0.48]",,False
46,42,scene_04_near_singularity,20260529,planner,apf,43088,"[-1.5708,-1.5708,1.5708,-1.5708,-1.5708,0]","[-3.4286702,-0.88978202,1.1705446,-1.834286,1.3320352,-1.455188]","[0.76,-0.06,0.48]",,False
47,42,scene_04_near_singularity,20260529,planner,apf,43089,"[-1.5708,-1.5708,1.5708,-1.5708,-1.5708,0]","[-3.4286702,-0.88978202,1.1705446,-1.834286,1.3320352,-1.455188]","[0.76,-0.06,0.48]",,False
48,42,scene_04_near_singularity,20260529,planner,apf,43090,"[-1.5708,-1.5708,1.5708,-1.5708,-1.5708,0]","[-3.4286702,-0.88978202,1.1705446,-1.834286,1.3320352,-1.455188]","[0.76,-0.06,0.48]",,False
49,42,scene_04_near_singularity,20260529,planner,apf,43091,"[-1.5708,-1.5708,1.5708,-1.5708,-1.5708,0]","[-3.4286702,-0.88978202,1.1705446,-1.834286,1.3320352,-1.455188]","[0.76,-0.06,0.48]",,False
0,42,scene_05_mixed_maze_passage,20260601,planner,rrt,50042,"[-1.5708,-1.5708,1.5708,-1.5708,-1.5708,0]","[-3.4303095,-1.5191521,1.8843766,-1.0942235,1.031472,0.55850237]","[0.55,0.03,0.43]",,True
1,42,scene_05_mixed_maze_passage,20260601,planner,rrt,50043,"[-1.5708,-1.5708,1.5708,-1.5708,-1.5708,0]","[-3.4303095,-1.5191521,1.8843766,-1.0942235,1.031472,0.55850237]","[0.55,0.03,0.43]",,True
2,42,scene_05_mixed_maze_passage,20260601,planner,rrt,50044,"[-1.5708,-1.5708,1.5708,-1.5708,-1.5708,0]","[-3.4303095,-1.5191521,1.8843766,-1.0942235,1.031472,0.55850237]","[0.55,0.03,0.43]",,True
3,42,scene_05_mixed_maze_passage,20260601,planner,rrt,50045,"[-1.5708,-1.5708,1.5708,-1.5708,-1.5708,0]","[-3.4303095,-1.5191521,1.8843766,-1.0942235,1.031472,0.55850237]","[0.55,0.03,0.43]",,True
4,42,scene_05_mixed_maze_passage,20260601,planner,rrt,50046,"[-1.5708,-1.5708,1.5708,-1.5708,-1.5708,0]","[-3.4303095,-1.5191521,1.8843766,-1.0942235,1.031472,0.55850237]","[0.55,0.03,0.43]",,True
5,42,scene_05_mixed_maze_passage,20260601,planner,rrt,50047,"[-1.5708,-1.5708,1.5708,-1.5708,-1.5708,0]","[-3.4303095,-1.5191521,1.8843766,-1.0942235,1.031472,0.55850237]","[0.55,0.03,0.43]",,True
6,42,scene_05_mixed_maze_passage,20260601,planner,rrt,50048,"[-1.5708,-1.5708,1.5708,-1.5708,-1.5708,0]","[-3.4303095,-1.5191521,1.8843766,-1.0942235,1.031472,0.55850237]","[0.55,0.03,0.43]",,True
7,42,scene_05_mixed_maze_passage,20260601,planner,rrt,50049,"[-1.5708,-1.5708,1.5708,-1.5708,-1.5708,0]","[-3.4303095,-1.5191521,1.8843766,-1.0942235,1.031472,0.55850237]","[0.55,0.03,0.43]",,True
8,42,scene_05_mixed_maze_passage,20260601,planner,rrt,50050,"[-1.5708,-1.5708,1.5708,-1.5708,-1.5708,0]","[-3.4303095,-1.5191521,1.8843766,-1.0942235,1.031472,0.55850237]","[0.55,0.03,0.43]",,True
9,42,scene_05_mixed_maze_passage,20260601,planner,rrt,50051,"[-1.5708,-1.5708,1.5708,-1.5708,-1.5708,0]","[-3.4303095,-1.5191521,1.8843766,-1.0942235,1.031472,0.55850237]","[0.55,0.03,0.43]",,True
10,42,scene_05_mixed_maze_passage,20260601,planner,rrt,50052,"[-1.5708,-1.5708,1.5708,-1.5708,-1.5708,0]","[-3.4303095,-1.5191521,1.8843766,-1.0942235,1.031472,0.55850237]","[0.55,0.03,0.43]",,True
11,42,scene_05_mixed_maze_passage,20260601,planner,rrt,50053,"[-1.5708,-1.5708,1.5708,-1.5708,-1.5708,0]","[-3.4303095,-1.5191521,1.8843766,-1.0942235,1.031472,0.55850237]","[0.55,0.03,0.43]",,True
12,42,scene_05_mixed_maze_passage,20260601,planner,rrt,50054,"[-1.5708,-1.5708,1.5708,-1.5708,-1.5708,0]","[-3.4303095,-1.5191521,1.8843766,-1.0942235,1.031472,0.55850237]","[0.55,0.03,0.43]",,True
13,42,scene_05_mixed_maze_passage,20260601,planner,rrt,50055,"[-1.5708,-1.5708,1.5708,-1.5708,-1.5708,0]","[-3.4303095,-1.5191521,1.8843766,-1.0942235,1.031472,0.55850237]","[0.55,0.03,0.43]",,True
14,42,scene_05_mixed_maze_passage,20260601,planner,rrt,50056,"[-1.5708,-1.5708,1.5708,-1.5708,-1.5708,0]","[-3.4303095,-1.5191521,1.8843766,-1.0942235,1.031472,0.55850237]","[0.55,0.03,0.43]",,True
15,42,scene_05_mixed_maze_passage,20260601,planner,rrt,50057,"[-1.5708,-1.5708,1.5708,-1.5708,-1.5708,0]","[-3.4303095,-1.5191521,1.8843766,-1.0942235,1.031472,0.55850237]","[0.55,0.03,0.43]",,True
16,42,scene_05_mixed_maze_passage,20260601,planner,rrt,50058,"[-1.5708,-1.5708,1.5708,-1.5708,-1.5708,0]","[-3.4303095,-1.5191521,1.8843766,-1.0942235,1.031472,0.55850237]","[0.55,0.03,0.43]",,True
17,42,scene_05_mixed_maze_passage,20260601,planner,rrt,50059,"[-1.5708,-1.5708,1.5708,-1.5708,-1.5708,0]","[-3.4303095,-1.5191521,1.8843766,-1.0942235,1.031472,0.55850237]","[0.55,0.03,0.43]",,True
18,42,scene_05_mixed_maze_passage,20260601,planner,rrt,50060,"[-1.5708,-1.5708,1.5708,-1.5708,-1.5708,0]","[-3.4303095,-1.5191521,1.8843766,-1.0942235,1.031472,0.55850237]","[0.55,0.03,0.43]",,True
19,42,scene_05_mixed_maze_passage,20260601,planner,rrt,50061,"[-1.5708,-1.5708,1.5708,-1.5708,-1.5708,0]","[-3.4303095,-1.5191521,1.8843766,-1.0942235,1.031472,0.55850237]","[0.55,0.03,0.43]",,True
20,42,scene_05_mixed_maze_passage,20260601,planner,rrt,50062,"[-1.5708,-1.5708,1.5708,-1.5708,-1.5708,0]","[-3.4303095,-1.5191521,1.8843766,-1.0942235,1.031472,0.55850237]","[0.55,0.03,0.43]",,True
21,42,scene_05_mixed_maze_passage,20260601,planner,rrt,50063,"[-1.5708,-1.5708,1.5708,-1.5708,-1.5708,0]","[-3.4303095,-1.5191521,1.8843766,-1.0942235,1.031472,0.55850237]","[0.55,0.03,0.43]",,True
22,42,scene_05_mixed_maze_passage,20260601,planner,rrt,50064,"[-1.5708,-1.5708,1.5708,-1.5708,-1.5708,0]","[-3.4303095,-1.5191521,1.8843766,-1.0942235,1.031472,0.55850237]","[0.55,0.03,0.43]",,True
23,42,scene_05_mixed_maze_passage,20260601,planner,rrt,50065,"[-1.5708,-1.5708,1.5708,-1.5708,-1.5708,0]","[-3.4303095,-1.5191521,1.8843766,-1.0942235,1.031472,0.55850237]","[0.55,0.03,0.43]",,True
24,42,scene_05_mixed_maze_passage,20260601,planner,rrt,50066,"[-1.5708,-1.5708,1.5708,-1.5708,-1.5708,0]","[-3.4303095,-1.5191521,1.8843766,-1.0942235,1.031472,0.55850237]","[0.55,0.03,0.43]",,True
25,42,scene_05_mixed_maze_passage,20260601,planner,rrt,50067,"[-1.5708,-1.5708,1.5708,-1.5708,-1.5708,0]","[-3.4303095,-1.5191521,1.8843766,-1.0942235,1.031472,0.55850237]","[0.55,0.03,0.43]",,True
26,42,scene_05_mixed_maze_passage,20260601,planner,rrt,50068,"[-1.5708,-1.5708,1.5708,-1.5708,-1.5708,0]","[-3.4303095,-1.5191521,1.8843766,-1.0942235,1.031472,0.55850237]","[0.55,0.03,0.43]",,True
27,42,scene_05_mixed_maze_passage,20260601,planner,rrt,50069,"[-1.5708,-1.5708,1.5708,-1.5708,-1.5708,0]","[-3.4303095,-1.5191521,1.8843766,-1.0942235,1.031472,0.55850237]","[0.55,0.03,0.43]",,True
28,42,scene_05_mixed_maze_passage,20260601,planner,rrt,50070,"[-1.5708,-1.5708,1.5708,-1.5708,-1.5708,0]","[-3.4303095,-1.5191521,1.8843766,-1.0942235,1.031472,0.55850237]","[0.55,0.03,0.43]",,True
29,42,scene_05_mixed_maze_passage,20260601,planner,rrt,50071,"[-1.5708,-1.5708,1.5708,-1.5708,-1.5708,0]","[-3.4303095,-1.5191521,1.8843766,-1.0942235,1.031472,0.55850237]","[0.55,0.03,0.43]",,True
30,42,scene_05_mixed_maze_passage,20260601,planner,rrt,50072,"[-1.5708,-1.5708,1.5708,-1.5708,-1.5708,0]","[-3.4303095,-1.5191521,1.8843766,-1.0942235,1.031472,0.55850237]","[0.55,0.03,0.43]",,True
31,42,scene_05_mixed_maze_passage,20260601,planner,rrt,50073,"[-1.5708,-1.5708,1.5708,-1.5708,-1.5708,0]","[-3.4303095,-1.5191521,1.8843766,-1.0942235,1.031472,0.55850237]","[0.55,0.03,0.43]",,True
32,42,scene_05_mixed_maze_passage,20260601,planner,rrt,50074,"[-1.5708,-1.5708,1.5708,-1.5708,-1.5708,0]","[-3.4303095,-1.5191521,1.8843766,-1.0942235,1.031472,0.55850237]","[0.55,0.03,0.43]",,True
33,42,scene_05_mixed_maze_passage,20260601,planner,rrt,50075,"[-1.5708,-1.5708,1.5708,-1.5708,-1.5708,0]","[-3.4303095,-1.5191521,1.8843766,-1.0942235,1.031472,0.55850237]","[0.55,0.03,0.43]",,True
34,42,scene_05_mixed_maze_passage,20260601,planner,rrt,50076,"[-1.5708,-1.5708,1.5708,-1.5708,-1.5708,0]","[-3.4303095,-1.5191521,1.8843766,-1.0942235,1.031472,0.55850237]","[0.55,0.03,0.43]",,True
35,42,scene_05_mixed_maze_passage,20260601,planner,rrt,50077,"[-1.5708,-1.5708,1.5708,-1.5708,-1.5708,0]","[-3.4303095,-1.5191521,1.8843766,-1.0942235,1.031472,0.55850237]","[0.55,0.03,0.43]",,True
36,42,scene_05_mixed_maze_passage,20260601,planner,rrt,50078,"[-1.5708,-1.5708,1.5708,-1.5708,-1.5708,0]","[-3.4303095,-1.5191521,1.8843766,-1.0942235,1.031472,0.55850237]","[0.55,0.03,0.43]",,True
37,42,scene_05_mixed_maze_passage,20260601,planner,rrt,50079,"[-1.5708,-1.5708,1.5708,-1.5708,-1.5708,0]","[-3.4303095,-1.5191521,1.8843766,-1.0942235,1.031472,0.55850237]","[0.55,0.03,0.43]",,True
38,42,scene_05_mixed_maze_passage,20260601,planner,rrt,50080,"[-1.5708,-1.5708,1.5708,-1.5708,-1.5708,0]","[-3.4303095,-1.5191521,1.8843766,-1.0942235,1.031472,0.55850237]","[0.55,0.03,0.43]",,True
39,42,scene_05_mixed_maze_passage,20260601,planner,rrt,50081,"[-1.5708,-1.5708,1.5708,-1.5708,-1.5708,0]","[-3.4303095,-1.5191521,1.8843766,-1.0942235,1.031472,0.55850237]","[0.55,0.03,0.43]",,True
40,42,scene_05_mixed_maze_passage,20260601,planner,rrt,50082,"[-1.5708,-1.5708,1.5708,-1.5708,-1.5708,0]","[-3.4303095,-1.5191521,1.8843766,-1.0942235,1.031472,0.55850237]","[0.55,0.03,0.43]",,True
41,42,scene_05_mixed_maze_passage,20260601,planner,rrt,50083,"[-1.5708,-1.5708,1.5708,-1.5708,-1.5708,0]","[-3.4303095,-1.5191521,1.8843766,-1.0942235,1.031472,0.55850237]","[0.55,0.03,0.43]",,True
42,42,scene_05_mixed_maze_passage,20260601,planner,rrt,50084,"[-1.5708,-1.5708,1.5708,-1.5708,-1.5708,0]","[-3.4303095,-1.5191521,1.8843766,-1.0942235,1.031472,0.55850237]","[0.55,0.03,0.43]",,True
43,42,scene_05_mixed_maze_passage,20260601,planner,rrt,50085,"[-1.5708,-1.5708,1.5708,-1.5708,-1.5708,0]","[-3.4303095,-1.5191521,1.8843766,-1.0942235,1.031472,0.55850237]","[0.55,0.03,0.43]",,True
44,42,scene_05_mixed_maze_passage,20260601,planner,rrt,50086,"[-1.5708,-1.5708,1.5708,-1.5708,-1.5708,0]","[-3.4303095,-1.5191521,1.8843766,-1.0942235,1.031472,0.55850237]","[0.55,0.03,0.43]",,True
45,42,scene_05_mixed_maze_passage,20260601,planner,rrt,50087,"[-1.5708,-1.5708,1.5708,-1.5708,-1.5708,0]","[-3.4303095,-1.5191521,1.8843766,-1.0942235,1.031472,0.55850237]","[0.55,0.03,0.43]",,True
46,42,scene_05_mixed_maze_passage,20260601,planner,rrt,50088,"[-1.5708,-1.5708,1.5708,-1.5708,-1.5708,0]","[-3.4303095,-1.5191521,1.8843766,-1.0942235,1.031472,0.55850237]","[0.55,0.03,0.43]",,True
47,42,scene_05_mixed_maze_passage,20260601,planner,rrt,50089,"[-1.5708,-1.5708,1.5708,-1.5708,-1.5708,0]","[-3.4303095,-1.5191521,1.8843766,-1.0942235,1.031472,0.55850237]","[0.55,0.03,0.43]",,True
48,42,scene_05_mixed_maze_passage,20260601,planner,rrt,50090,"[-1.5708,-1.5708,1.5708,-1.5708,-1.5708,0]","[-3.4303095,-1.5191521,1.8843766,-1.0942235,1.031472,0.55850237]","[0.55,0.03,0.43]",,True
49,42,scene_05_mixed_maze_passage,20260601,planner,rrt,50091,"[-1.5708,-1.5708,1.5708,-1.5708,-1.5708,0]","[-3.4303095,-1.5191521,1.8843766,-1.0942235,1.031472,0.55850237]","[0.55,0.03,0.43]",,True
0,42,scene_05_mixed_maze_passage,20260601,planner,rrt_connect,51042,"[-1.5708,-1.5708,1.5708,-1.5708,-1.5708,0]","[-3.4303095,-1.5191521,1.8843766,-1.0942235,1.031472,0.55850237]","[0.55,0.03,0.43]",,True
1,42,scene_05_mixed_maze_passage,20260601,planner,rrt_connect,51043,"[-1.5708,-1.5708,1.5708,-1.5708,-1.5708,0]","[-3.4303095,-1.5191521,1.8843766,-1.0942235,1.031472,0.55850237]","[0.55,0.03,0.43]",,True
2,42,scene_05_mixed_maze_passage,20260601,planner,rrt_connect,51044,"[-1.5708,-1.5708,1.5708,-1.5708,-1.5708,0]","[-3.4303095,-1.5191521,1.8843766,-1.0942235,1.031472,0.55850237]","[0.55,0.03,0.43]",,True
3,42,scene_05_mixed_maze_passage,20260601,planner,rrt_connect,51045,"[-1.5708,-1.5708,1.5708,-1.5708,-1.5708,0]","[-3.4303095,-1.5191521,1.8843766,-1.0942235,1.031472,0.55850237]","[0.55,0.03,0.43]",,True
4,42,scene_05_mixed_maze_passage,20260601,planner,rrt_connect,51046,"[-1.5708,-1.5708,1.5708,-1.5708,-1.5708,0]","[-3.4303095,-1.5191521,1.8843766,-1.0942235,1.031472,0.55850237]","[0.55,0.03,0.43]",,True
5,42,scene_05_mixed_maze_passage,20260601,planner,rrt_connect,51047,"[-1.5708,-1.5708,1.5708,-1.5708,-1.5708,0]","[-3.4303095,-1.5191521,1.8843766,-1.0942235,1.031472,0.55850237]","[0.55,0.03,0.43]",,True
6,42,scene_05_mixed_maze_passage,20260601,planner,rrt_connect,51048,"[-1.5708,-1.5708,1.5708,-1.5708,-1.5708,0]","[-3.4303095,-1.5191521,1.8843766,-1.0942235,1.031472,0.55850237]","[0.55,0.03,0.43]",,True
7,42,scene_05_mixed_maze_passage,20260601,planner,rrt_connect,51049,"[-1.5708,-1.5708,1.5708,-1.5708,-1.5708,0]","[-3.4303095,-1.5191521,1.8843766,-1.0942235,1.031472,0.55850237]","[0.55,0.03,0.43]",,True
8,42,scene_05_mixed_maze_passage,20260601,planner,rrt_connect,51050,"[-1.5708,-1.5708,1.5708,-1.5708,-1.5708,0]","[-3.4303095,-1.5191521,1.8843766,-1.0942235,1.031472,0.55850237]","[0.55,0.03,0.43]",,True
9,42,scene_05_mixed_maze_passage,20260601,planner,rrt_connect,51051,"[-1.5708,-1.5708,1.5708,-1.5708,-1.5708,0]","[-3.4303095,-1.5191521,1.8843766,-1.0942235,1.031472,0.55850237]","[0.55,0.03,0.43]",,True
10,42,scene_05_mixed_maze_passage,20260601,planner,rrt_connect,51052,"[-1.5708,-1.5708,1.5708,-1.5708,-1.5708,0]","[-3.4303095,-1.5191521,1.8843766,-1.0942235,1.031472,0.55850237]","[0.55,0.03,0.43]",,True
11,42,scene_05_mixed_maze_passage,20260601,planner,rrt_connect,51053,"[-1.5708,-1.5708,1.5708,-1.5708,-1.5708,0]","[-3.4303095,-1.5191521,1.8843766,-1.0942235,1.031472,0.55850237]","[0.55,0.03,0.43]",,True
12,42,scene_05_mixed_maze_passage,20260601,planner,rrt_connect,51054,"[-1.5708,-1.5708,1.5708,-1.5708,-1.5708,0]","[-3.4303095,-1.5191521,1.8843766,-1.0942235,1.031472,0.55850237]","[0.55,0.03,0.43]",,True
13,42,scene_05_mixed_maze_passage,20260601,planner,rrt_connect,51055,"[-1.5708,-1.5708,1.5708,-1.5708,-1.5708,0]","[-3.4303095,-1.5191521,1.8843766,-1.0942235,1.031472,0.55850237]","[0.55,0.03,0.43]",,True
14,42,scene_05_mixed_maze_passage,20260601,planner,rrt_connect,51056,"[-1.5708,-1.5708,1.5708,-1.5708,-1.5708,0]","[-3.4303095,-1.5191521,1.8843766,-1.0942235,1.031472,0.55850237]","[0.55,0.03,0.43]",,True
15,42,scene_05_mixed_maze_passage,20260601,planner,rrt_connect,51057,"[-1.5708,-1.5708,1.5708,-1.5708,-1.5708,0]","[-3.4303095,-1.5191521,1.8843766,-1.0942235,1.031472,0.55850237]","[0.55,0.03,0.43]",,True
16,42,scene_05_mixed_maze_passage,20260601,planner,rrt_connect,51058,"[-1.5708,-1.5708,1.5708,-1.5708,-1.5708,0]","[-3.4303095,-1.5191521,1.8843766,-1.0942235,1.031472,0.55850237]","[0.55,0.03,0.43]",,True
17,42,scene_05_mixed_maze_passage,20260601,planner,rrt_connect,51059,"[-1.5708,-1.5708,1.5708,-1.5708,-1.5708,0]","[-3.4303095,-1.5191521,1.8843766,-1.0942235,1.031472,0.55850237]","[0.55,0.03,0.43]",,True
18,42,scene_05_mixed_maze_passage,20260601,planner,rrt_connect,51060,"[-1.5708,-1.5708,1.5708,-1.5708,-1.5708,0]","[-3.4303095,-1.5191521,1.8843766,-1.0942235,1.031472,0.55850237]","[0.55,0.03,0.43]",,True
19,42,scene_05_mixed_maze_passage,20260601,planner,rrt_connect,51061,"[-1.5708,-1.5708,1.5708,-1.5708,-1.5708,0]","[-3.4303095,-1.5191521,1.8843766,-1.0942235,1.031472,0.55850237]","[0.55,0.03,0.43]",,True
20,42,scene_05_mixed_maze_passage,20260601,planner,rrt_connect,51062,"[-1.5708,-1.5708,1.5708,-1.5708,-1.5708,0]","[-3.4303095,-1.5191521,1.8843766,-1.0942235,1.031472,0.55850237]","[0.55,0.03,0.43]",,True
21,42,scene_05_mixed_maze_passage,20260601,planner,rrt_connect,51063,"[-1.5708,-1.5708,1.5708,-1.5708,-1.5708,0]","[-3.4303095,-1.5191521,1.8843766,-1.0942235,1.031472,0.55850237]","[0.55,0.03,0.43]",,True
22,42,scene_05_mixed_maze_passage,20260601,planner,rrt_connect,51064,"[-1.5708,-1.5708,1.5708,-1.5708,-1.5708,0]","[-3.4303095,-1.5191521,1.8843766,-1.0942235,1.031472,0.55850237]","[0.55,0.03,0.43]",,True
23,42,scene_05_mixed_maze_passage,20260601,planner,rrt_connect,51065,"[-1.5708,-1.5708,1.5708,-1.5708,-1.5708,0]","[-3.4303095,-1.5191521,1.8843766,-1.0942235,1.031472,0.55850237]","[0.55,0.03,0.43]",,True
24,42,scene_05_mixed_maze_passage,20260601,planner,rrt_connect,51066,"[-1.5708,-1.5708,1.5708,-1.5708,-1.5708,0]","[-3.4303095,-1.5191521,1.8843766,-1.0942235,1.031472,0.55850237]","[0.55,0.03,0.43]",,True
25,42,scene_05_mixed_maze_passage,20260601,planner,rrt_connect,51067,"[-1.5708,-1.5708,1.5708,-1.5708,-1.5708,0]","[-3.4303095,-1.5191521,1.8843766,-1.0942235,1.031472,0.55850237]","[0.55,0.03,0.43]",,True
26,42,scene_05_mixed_maze_passage,20260601,planner,rrt_connect,51068,"[-1.5708,-1.5708,1.5708,-1.5708,-1.5708,0]","[-3.4303095,-1.5191521,1.8843766,-1.0942235,1.031472,0.55850237]","[0.55,0.03,0.43]",,True
27,42,scene_05_mixed_maze_passage,20260601,planner,rrt_connect,51069,"[-1.5708,-1.5708,1.5708,-1.5708,-1.5708,0]","[-3.4303095,-1.5191521,1.8843766,-1.0942235,1.031472,0.55850237]","[0.55,0.03,0.43]",,True
28,42,scene_05_mixed_maze_passage,20260601,planner,rrt_connect,51070,"[-1.5708,-1.5708,1.5708,-1.5708,-1.5708,0]","[-3.4303095,-1.5191521,1.8843766,-1.0942235,1.031472,0.55850237]","[0.55,0.03,0.43]",,True
29,42,scene_05_mixed_maze_passage,20260601,planner,rrt_connect,51071,"[-1.5708,-1.5708,1.5708,-1.5708,-1.5708,0]","[-3.4303095,-1.5191521,1.8843766,-1.0942235,1.031472,0.55850237]","[0.55,0.03,0.43]",,True
30,42,scene_05_mixed_maze_passage,20260601,planner,rrt_connect,51072,"[-1.5708,-1.5708,1.5708,-1.5708,-1.5708,0]","[-3.4303095,-1.5191521,1.8843766,-1.0942235,1.031472,0.55850237]","[0.55,0.03,0.43]",,True
31,42,scene_05_mixed_maze_passage,20260601,planner,rrt_connect,51073,"[-1.5708,-1.5708,1.5708,-1.5708,-1.5708,0]","[-3.4303095,-1.5191521,1.8843766,-1.0942235,1.031472,0.55850237]","[0.55,0.03,0.43]",,True
32,42,scene_05_mixed_maze_passage,20260601,planner,rrt_connect,51074,"[-1.5708,-1.5708,1.5708,-1.5708,-1.5708,0]","[-3.4303095,-1.5191521,1.8843766,-1.0942235,1.031472,0.55850237]","[0.55,0.03,0.43]",,True
33,42,scene_05_mixed_maze_passage,20260601,planner,rrt_connect,51075,"[-1.5708,-1.5708,1.5708,-1.5708,-1.5708,0]","[-3.4303095,-1.5191521,1.8843766,-1.0942235,1.031472,0.55850237]","[0.55,0.03,0.43]",,True
34,42,scene_05_mixed_maze_passage,20260601,planner,rrt_connect,51076,"[-1.5708,-1.5708,1.5708,-1.5708,-1.5708,0]","[-3.4303095,-1.5191521,1.8843766,-1.0942235,1.031472,0.55850237]","[0.55,0.03,0.43]",,True
35,42,scene_05_mixed_maze_passage,20260601,planner,rrt_connect,51077,"[-1.5708,-1.5708,1.5708,-1.5708,-1.5708,0]","[-3.4303095,-1.5191521,1.8843766,-1.0942235,1.031472,0.55850237]","[0.55,0.03,0.43]",,True
36,42,scene_05_mixed_maze_passage,20260601,planner,rrt_connect,51078,"[-1.5708,-1.5708,1.5708,-1.5708,-1.5708,0]","[-3.4303095,-1.5191521,1.8843766,-1.0942235,1.031472,0.55850237]","[0.55,0.03,0.43]",,True
37,42,scene_05_mixed_maze_passage,20260601,planner,rrt_connect,51079,"[-1.5708,-1.5708,1.5708,-1.5708,-1.5708,0]","[-3.4303095,-1.5191521,1.8843766,-1.0942235,1.031472,0.55850237]","[0.55,0.03,0.43]",,True
38,42,scene_05_mixed_maze_passage,20260601,planner,rrt_connect,51080,"[-1.5708,-1.5708,1.5708,-1.5708,-1.5708,0]","[-3.4303095,-1.5191521,1.8843766,-1.0942235,1.031472,0.55850237]","[0.55,0.03,0.43]",,True
39,42,scene_05_mixed_maze_passage,20260601,planner,rrt_connect,51081,"[-1.5708,-1.5708,1.5708,-1.5708,-1.5708,0]","[-3.4303095,-1.5191521,1.8843766,-1.0942235,1.031472,0.55850237]","[0.55,0.03,0.43]",,True
40,42,scene_05_mixed_maze_passage,20260601,planner,rrt_connect,51082,"[-1.5708,-1.5708,1.5708,-1.5708,-1.5708,0]","[-3.4303095,-1.5191521,1.8843766,-1.0942235,1.031472,0.55850237]","[0.55,0.03,0.43]",,True
41,42,scene_05_mixed_maze_passage,20260601,planner,rrt_connect,51083,"[-1.5708,-1.5708,1.5708,-1.5708,-1.5708,0]","[-3.4303095,-1.5191521,1.8843766,-1.0942235,1.031472,0.55850237]","[0.55,0.03,0.43]",,True
42,42,scene_05_mixed_maze_passage,20260601,planner,rrt_connect,51084,"[-1.5708,-1.5708,1.5708,-1.5708,-1.5708,0]","[-3.4303095,-1.5191521,1.8843766,-1.0942235,1.031472,0.55850237]","[0.55,0.03,0.43]",,True
43,42,scene_05_mixed_maze_passage,20260601,planner,rrt_connect,51085,"[-1.5708,-1.5708,1.5708,-1.5708,-1.5708,0]","[-3.4303095,-1.5191521,1.8843766,-1.0942235,1.031472,0.55850237]","[0.55,0.03,0.43]",,True
44,42,scene_05_mixed_maze_passage,20260601,planner,rrt_connect,51086,"[-1.5708,-1.5708,1.5708,-1.5708,-1.5708,0]","[-3.4303095,-1.5191521,1.8843766,-1.0942235,1.031472,0.55850237]","[0.55,0.03,0.43]",,True
45,42,scene_05_mixed_maze_passage,20260601,planner,rrt_connect,51087,"[-1.5708,-1.5708,1.5708,-1.5708,-1.5708,0]","[-3.4303095,-1.5191521,1.8843766,-1.0942235,1.031472,0.55850237]","[0.55,0.03,0.43]",,True
46,42,scene_05_mixed_maze_passage,20260601,planner,rrt_connect,51088,"[-1.5708,-1.5708,1.5708,-1.5708,-1.5708,0]","[-3.4303095,-1.5191521,1.8843766,-1.0942235,1.031472,0.55850237]","[0.55,0.03,0.43]",,True
47,42,scene_05_mixed_maze_passage,20260601,planner,rrt_connect,51089,"[-1.5708,-1.5708,1.5708,-1.5708,-1.5708,0]","[-3.4303095,-1.5191521,1.8843766,-1.0942235,1.031472,0.55850237]","[0.55,0.03,0.43]",,True
48,42,scene_05_mixed_maze_passage,20260601,planner,rrt_connect,51090,"[-1.5708,-1.5708,1.5708,-1.5708,-1.5708,0]","[-3.4303095,-1.5191521,1.8843766,-1.0942235,1.031472,0.55850237]","[0.55,0.03,0.43]",,True
49,42,scene_05_mixed_maze_passage,20260601,planner,rrt_connect,51091,"[-1.5708,-1.5708,1.5708,-1.5708,-1.5708,0]","[-3.4303095,-1.5191521,1.8843766,-1.0942235,1.031472,0.55850237]","[0.55,0.03,0.43]",,True
0,42,scene_05_mixed_maze_passage,20260601,planner,prm,52042,"[-1.5708,-1.5708,1.5708,-1.5708,-1.5708,0]","[-3.4303095,-1.5191521,1.8843766,-1.0942235,1.031472,0.55850237]","[0.55,0.03,0.43]",,True
1,42,scene_05_mixed_maze_passage,20260601,planner,prm,52043,"[-1.5708,-1.5708,1.5708,-1.5708,-1.5708,0]","[-3.4303095,-1.5191521,1.8843766,-1.0942235,1.031472,0.55850237]","[0.55,0.03,0.43]",,True
2,42,scene_05_mixed_maze_passage,20260601,planner,prm,52044,"[-1.5708,-1.5708,1.5708,-1.5708,-1.5708,0]","[-3.4303095,-1.5191521,1.8843766,-1.0942235,1.031472,0.55850237]","[0.55,0.03,0.43]",,True
3,42,scene_05_mixed_maze_passage,20260601,planner,prm,52045,"[-1.5708,-1.5708,1.5708,-1.5708,-1.5708,0]","[-3.4303095,-1.5191521,1.8843766,-1.0942235,1.031472,0.55850237]","[0.55,0.03,0.43]",,True
4,42,scene_05_mixed_maze_passage,20260601,planner,prm,52046,"[-1.5708,-1.5708,1.5708,-1.5708,-1.5708,0]","[-3.4303095,-1.5191521,1.8843766,-1.0942235,1.031472,0.55850237]","[0.55,0.03,0.43]",,True
5,42,scene_05_mixed_maze_passage,20260601,planner,prm,52047,"[-1.5708,-1.5708,1.5708,-1.5708,-1.5708,0]","[-3.4303095,-1.5191521,1.8843766,-1.0942235,1.031472,0.55850237]","[0.55,0.03,0.43]",,True
6,42,scene_05_mixed_maze_passage,20260601,planner,prm,52048,"[-1.5708,-1.5708,1.5708,-1.5708,-1.5708,0]","[-3.4303095,-1.5191521,1.8843766,-1.0942235,1.031472,0.55850237]","[0.55,0.03,0.43]",,True
7,42,scene_05_mixed_maze_passage,20260601,planner,prm,52049,"[-1.5708,-1.5708,1.5708,-1.5708,-1.5708,0]","[-3.4303095,-1.5191521,1.8843766,-1.0942235,1.031472,0.55850237]","[0.55,0.03,0.43]",,True
8,42,scene_05_mixed_maze_passage,20260601,planner,prm,52050,"[-1.5708,-1.5708,1.5708,-1.5708,-1.5708,0]","[-3.4303095,-1.5191521,1.8843766,-1.0942235,1.031472,0.55850237]","[0.55,0.03,0.43]",,True
9,42,scene_05_mixed_maze_passage,20260601,planner,prm,52051,"[-1.5708,-1.5708,1.5708,-1.5708,-1.5708,0]","[-3.4303095,-1.5191521,1.8843766,-1.0942235,1.031472,0.55850237]","[0.55,0.03,0.43]",,True
10,42,scene_05_mixed_maze_passage,20260601,planner,prm,52052,"[-1.5708,-1.5708,1.5708,-1.5708,-1.5708,0]","[-3.4303095,-1.5191521,1.8843766,-1.0942235,1.031472,0.55850237]","[0.55,0.03,0.43]",,True
11,42,scene_05_mixed_maze_passage,20260601,planner,prm,52053,"[-1.5708,-1.5708,1.5708,-1.5708,-1.5708,0]","[-3.4303095,-1.5191521,1.8843766,-1.0942235,1.031472,0.55850237]","[0.55,0.03,0.43]",,True
12,42,scene_05_mixed_maze_passage,20260601,planner,prm,52054,"[-1.5708,-1.5708,1.5708,-1.5708,-1.5708,0]","[-3.4303095,-1.5191521,1.8843766,-1.0942235,1.031472,0.55850237]","[0.55,0.03,0.43]",,True
13,42,scene_05_mixed_maze_passage,20260601,planner,prm,52055,"[-1.5708,-1.5708,1.5708,-1.5708,-1.5708,0]","[-3.4303095,-1.5191521,1.8843766,-1.0942235,1.031472,0.55850237]","[0.55,0.03,0.43]",,True
14,42,scene_05_mixed_maze_passage,20260601,planner,prm,52056,"[-1.5708,-1.5708,1.5708,-1.5708,-1.5708,0]","[-3.4303095,-1.5191521,1.8843766,-1.0942235,1.031472,0.55850237]","[0.55,0.03,0.43]",,True
15,42,scene_05_mixed_maze_passage,20260601,planner,prm,52057,"[-1.5708,-1.5708,1.5708,-1.5708,-1.5708,0]","[-3.4303095,-1.5191521,1.8843766,-1.0942235,1.031472,0.55850237]","[0.55,0.03,0.43]",,True
16,42,scene_05_mixed_maze_passage,20260601,planner,prm,52058,"[-1.5708,-1.5708,1.5708,-1.5708,-1.5708,0]","[-3.4303095,-1.5191521,1.8843766,-1.0942235,1.031472,0.55850237]","[0.55,0.03,0.43]",,True
17,42,scene_05_mixed_maze_passage,20260601,planner,prm,52059,"[-1.5708,-1.5708,1.5708,-1.5708,-1.5708,0]","[-3.4303095,-1.5191521,1.8843766,-1.0942235,1.031472,0.55850237]","[0.55,0.03,0.43]",,True
18,42,scene_05_mixed_maze_passage,20260601,planner,prm,52060,"[-1.5708,-1.5708,1.5708,-1.5708,-1.5708,0]","[-3.4303095,-1.5191521,1.8843766,-1.0942235,1.031472,0.55850237]","[0.55,0.03,0.43]",,True
19,42,scene_05_mixed_maze_passage,20260601,planner,prm,52061,"[-1.5708,-1.5708,1.5708,-1.5708,-1.5708,0]","[-3.4303095,-1.5191521,1.8843766,-1.0942235,1.031472,0.55850237]","[0.55,0.03,0.43]",,True
20,42,scene_05_mixed_maze_passage,20260601,planner,prm,52062,"[-1.5708,-1.5708,1.5708,-1.5708,-1.5708,0]","[-3.4303095,-1.5191521,1.8843766,-1.0942235,1.031472,0.55850237]","[0.55,0.03,0.43]",,True
21,42,scene_05_mixed_maze_passage,20260601,planner,prm,52063,"[-1.5708,-1.5708,1.5708,-1.5708,-1.5708,0]","[-3.4303095,-1.5191521,1.8843766,-1.0942235,1.031472,0.55850237]","[0.55,0.03,0.43]",,True
22,42,scene_05_mixed_maze_passage,20260601,planner,prm,52064,"[-1.5708,-1.5708,1.5708,-1.5708,-1.5708,0]","[-3.4303095,-1.5191521,1.8843766,-1.0942235,1.031472,0.55850237]","[0.55,0.03,0.43]",,True
23,42,scene_05_mixed_maze_passage,20260601,planner,prm,52065,"[-1.5708,-1.5708,1.5708,-1.5708,-1.5708,0]","[-3.4303095,-1.5191521,1.8843766,-1.0942235,1.031472,0.55850237]","[0.55,0.03,0.43]",,True
24,42,scene_05_mixed_maze_passage,20260601,planner,prm,52066,"[-1.5708,-1.5708,1.5708,-1.5708,-1.5708,0]","[-3.4303095,-1.5191521,1.8843766,-1.0942235,1.031472,0.55850237]","[0.55,0.03,0.43]",,True
25,42,scene_05_mixed_maze_passage,20260601,planner,prm,52067,"[-1.5708,-1.5708,1.5708,-1.5708,-1.5708,0]","[-3.4303095,-1.5191521,1.8843766,-1.0942235,1.031472,0.55850237]","[0.55,0.03,0.43]",,True
26,42,scene_05_mixed_maze_passage,20260601,planner,prm,52068,"[-1.5708,-1.5708,1.5708,-1.5708,-1.5708,0]","[-3.4303095,-1.5191521,1.8843766,-1.0942235,1.031472,0.55850237]","[0.55,0.03,0.43]",,True
27,42,scene_05_mixed_maze_passage,20260601,planner,prm,52069,"[-1.5708,-1.5708,1.5708,-1.5708,-1.5708,0]","[-3.4303095,-1.5191521,1.8843766,-1.0942235,1.031472,0.55850237]","[0.55,0.03,0.43]",,True
28,42,scene_05_mixed_maze_passage,20260601,planner,prm,52070,"[-1.5708,-1.5708,1.5708,-1.5708,-1.5708,0]","[-3.4303095,-1.5191521,1.8843766,-1.0942235,1.031472,0.55850237]","[0.55,0.03,0.43]",,True
29,42,scene_05_mixed_maze_passage,20260601,planner,prm,52071,"[-1.5708,-1.5708,1.5708,-1.5708,-1.5708,0]","[-3.4303095,-1.5191521,1.8843766,-1.0942235,1.031472,0.55850237]","[0.55,0.03,0.43]",,True
30,42,scene_05_mixed_maze_passage,20260601,planner,prm,52072,"[-1.5708,-1.5708,1.5708,-1.5708,-1.5708,0]","[-3.4303095,-1.5191521,1.8843766,-1.0942235,1.031472,0.55850237]","[0.55,0.03,0.43]",,True
31,42,scene_05_mixed_maze_passage,20260601,planner,prm,52073,"[-1.5708,-1.5708,1.5708,-1.5708,-1.5708,0]","[-3.4303095,-1.5191521,1.8843766,-1.0942235,1.031472,0.55850237]","[0.55,0.03,0.43]",,True
32,42,scene_05_mixed_maze_passage,20260601,planner,prm,52074,"[-1.5708,-1.5708,1.5708,-1.5708,-1.5708,0]","[-3.4303095,-1.5191521,1.8843766,-1.0942235,1.031472,0.55850237]","[0.55,0.03,0.43]",,True
33,42,scene_05_mixed_maze_passage,20260601,planner,prm,52075,"[-1.5708,-1.5708,1.5708,-1.5708,-1.5708,0]","[-3.4303095,-1.5191521,1.8843766,-1.0942235,1.031472,0.55850237]","[0.55,0.03,0.43]",,True
34,42,scene_05_mixed_maze_passage,20260601,planner,prm,52076,"[-1.5708,-1.5708,1.5708,-1.5708,-1.5708,0]","[-3.4303095,-1.5191521,1.8843766,-1.0942235,1.031472,0.55850237]","[0.55,0.03,0.43]",,True
35,42,scene_05_mixed_maze_passage,20260601,planner,prm,52077,"[-1.5708,-1.5708,1.5708,-1.5708,-1.5708,0]","[-3.4303095,-1.5191521,1.8843766,-1.0942235,1.031472,0.55850237]","[0.55,0.03,0.43]",,True
36,42,scene_05_mixed_maze_passage,20260601,planner,prm,52078,"[-1.5708,-1.5708,1.5708,-1.5708,-1.5708,0]","[-3.4303095,-1.5191521,1.8843766,-1.0942235,1.031472,0.55850237]","[0.55,0.03,0.43]",,True
37,42,scene_05_mixed_maze_passage,20260601,planner,prm,52079,"[-1.5708,-1.5708,1.5708,-1.5708,-1.5708,0]","[-3.4303095,-1.5191521,1.8843766,-1.0942235,1.031472,0.55850237]","[0.55,0.03,0.43]",,True
38,42,scene_05_mixed_maze_passage,20260601,planner,prm,52080,"[-1.5708,-1.5708,1.5708,-1.5708,-1.5708,0]","[-3.4303095,-1.5191521,1.8843766,-1.0942235,1.031472,0.55850237]","[0.55,0.03,0.43]",,True
39,42,scene_05_mixed_maze_passage,20260601,planner,prm,52081,"[-1.5708,-1.5708,1.5708,-1.5708,-1.5708,0]","[-3.4303095,-1.5191521,1.8843766,-1.0942235,1.031472,0.55850237]","[0.55,0.03,0.43]",,True
40,42,scene_05_mixed_maze_passage,20260601,planner,prm,52082,"[-1.5708,-1.5708,1.5708,-1.5708,-1.5708,0]","[-3.4303095,-1.5191521,1.8843766,-1.0942235,1.031472,0.55850237]","[0.55,0.03,0.43]",,True
41,42,scene_05_mixed_maze_passage,20260601,planner,prm,52083,"[-1.5708,-1.5708,1.5708,-1.5708,-1.5708,0]","[-3.4303095,-1.5191521,1.8843766,-1.0942235,1.031472,0.55850237]","[0.55,0.03,0.43]",,True
42,42,scene_05_mixed_maze_passage,20260601,planner,prm,52084,"[-1.5708,-1.5708,1.5708,-1.5708,-1.5708,0]","[-3.4303095,-1.5191521,1.8843766,-1.0942235,1.031472,0.55850237]","[0.55,0.03,0.43]",,True
43,42,scene_05_mixed_maze_passage,20260601,planner,prm,52085,"[-1.5708,-1.5708,1.5708,-1.5708,-1.5708,0]","[-3.4303095,-1.5191521,1.8843766,-1.0942235,1.031472,0.55850237]","[0.55,0.03,0.43]",,True
44,42,scene_05_mixed_maze_passage,20260601,planner,prm,52086,"[-1.5708,-1.5708,1.5708,-1.5708,-1.5708,0]","[-3.4303095,-1.5191521,1.8843766,-1.0942235,1.031472,0.55850237]","[0.55,0.03,0.43]",,True
45,42,scene_05_mixed_maze_passage,20260601,planner,prm,52087,"[-1.5708,-1.5708,1.5708,-1.5708,-1.5708,0]","[-3.4303095,-1.5191521,1.8843766,-1.0942235,1.031472,0.55850237]","[0.55,0.03,0.43]",,True
46,42,scene_05_mixed_maze_passage,20260601,planner,prm,52088,"[-1.5708,-1.5708,1.5708,-1.5708,-1.5708,0]","[-3.4303095,-1.5191521,1.8843766,-1.0942235,1.031472,0.55850237]","[0.55,0.03,0.43]",,True
47,42,scene_05_mixed_maze_passage,20260601,planner,prm,52089,"[-1.5708,-1.5708,1.5708,-1.5708,-1.5708,0]","[-3.4303095,-1.5191521,1.8843766,-1.0942235,1.031472,0.55850237]","[0.55,0.03,0.43]",,True
48,42,scene_05_mixed_maze_passage,20260601,planner,prm,52090,"[-1.5708,-1.5708,1.5708,-1.5708,-1.5708,0]","[-3.4303095,-1.5191521,1.8843766,-1.0942235,1.031472,0.55850237]","[0.55,0.03,0.43]",,True
49,42,scene_05_mixed_maze_passage,20260601,planner,prm,52091,"[-1.5708,-1.5708,1.5708,-1.5708,-1.5708,0]","[-3.4303095,-1.5191521,1.8843766,-1.0942235,1.031472,0.55850237]","[0.55,0.03,0.43]",,True
0,42,scene_05_mixed_maze_passage,20260601,planner,apf,53042,"[-1.5708,-1.5708,1.5708,-1.5708,-1.5708,0]","[-3.4303095,-1.5191521,1.8843766,-1.0942235,1.031472,0.55850237]","[0.55,0.03,0.43]",,False
1,42,scene_05_mixed_maze_passage,20260601,planner,apf,53043,"[-1.5708,-1.5708,1.5708,-1.5708,-1.5708,0]","[-3.4303095,-1.5191521,1.8843766,-1.0942235,1.031472,0.55850237]","[0.55,0.03,0.43]",,False
2,42,scene_05_mixed_maze_passage,20260601,planner,apf,53044,"[-1.5708,-1.5708,1.5708,-1.5708,-1.5708,0]","[-3.4303095,-1.5191521,1.8843766,-1.0942235,1.031472,0.55850237]","[0.55,0.03,0.43]",,False
3,42,scene_05_mixed_maze_passage,20260601,planner,apf,53045,"[-1.5708,-1.5708,1.5708,-1.5708,-1.5708,0]","[-3.4303095,-1.5191521,1.8843766,-1.0942235,1.031472,0.55850237]","[0.55,0.03,0.43]",,False
4,42,scene_05_mixed_maze_passage,20260601,planner,apf,53046,"[-1.5708,-1.5708,1.5708,-1.5708,-1.5708,0]","[-3.4303095,-1.5191521,1.8843766,-1.0942235,1.031472,0.55850237]","[0.55,0.03,0.43]",,False
5,42,scene_05_mixed_maze_passage,20260601,planner,apf,53047,"[-1.5708,-1.5708,1.5708,-1.5708,-1.5708,0]","[-3.4303095,-1.5191521,1.8843766,-1.0942235,1.031472,0.55850237]","[0.55,0.03,0.43]",,False
6,42,scene_05_mixed_maze_passage,20260601,planner,apf,53048,"[-1.5708,-1.5708,1.5708,-1.5708,-1.5708,0]","[-3.4303095,-1.5191521,1.8843766,-1.0942235,1.031472,0.55850237]","[0.55,0.03,0.43]",,False
7,42,scene_05_mixed_maze_passage,20260601,planner,apf,53049,"[-1.5708,-1.5708,1.5708,-1.5708,-1.5708,0]","[-3.4303095,-1.5191521,1.8843766,-1.0942235,1.031472,0.55850237]","[0.55,0.03,0.43]",,False
8,42,scene_05_mixed_maze_passage,20260601,planner,apf,53050,"[-1.5708,-1.5708,1.5708,-1.5708,-1.5708,0]","[-3.4303095,-1.5191521,1.8843766,-1.0942235,1.031472,0.55850237]","[0.55,0.03,0.43]",,False
9,42,scene_05_mixed_maze_passage,20260601,planner,apf,53051,"[-1.5708,-1.5708,1.5708,-1.5708,-1.5708,0]","[-3.4303095,-1.5191521,1.8843766,-1.0942235,1.031472,0.55850237]","[0.55,0.03,0.43]",,False
10,42,scene_05_mixed_maze_passage,20260601,planner,apf,53052,"[-1.5708,-1.5708,1.5708,-1.5708,-1.5708,0]","[-3.4303095,-1.5191521,1.8843766,-1.0942235,1.031472,0.55850237]","[0.55,0.03,0.43]",,False
11,42,scene_05_mixed_maze_passage,20260601,planner,apf,53053,"[-1.5708,-1.5708,1.5708,-1.5708,-1.5708,0]","[-3.4303095,-1.5191521,1.8843766,-1.0942235,1.031472,0.55850237]","[0.55,0.03,0.43]",,False
12,42,scene_05_mixed_maze_passage,20260601,planner,apf,53054,"[-1.5708,-1.5708,1.5708,-1.5708,-1.5708,0]","[-3.4303095,-1.5191521,1.8843766,-1.0942235,1.031472,0.55850237]","[0.55,0.03,0.43]",,False
13,42,scene_05_mixed_maze_passage,20260601,planner,apf,53055,"[-1.5708,-1.5708,1.5708,-1.5708,-1.5708,0]","[-3.4303095,-1.5191521,1.8843766,-1.0942235,1.031472,0.55850237]","[0.55,0.03,0.43]",,False
14,42,scene_05_mixed_maze_passage,20260601,planner,apf,53056,"[-1.5708,-1.5708,1.5708,-1.5708,-1.5708,0]","[-3.4303095,-1.5191521,1.8843766,-1.0942235,1.031472,0.55850237]","[0.55,0.03,0.43]",,False
15,42,scene_05_mixed_maze_passage,20260601,planner,apf,53057,"[-1.5708,-1.5708,1.5708,-1.5708,-1.5708,0]","[-3.4303095,-1.5191521,1.8843766,-1.0942235,1.031472,0.55850237]","[0.55,0.03,0.43]",,False
16,42,scene_05_mixed_maze_passage,20260601,planner,apf,53058,"[-1.5708,-1.5708,1.5708,-1.5708,-1.5708,0]","[-3.4303095,-1.5191521,1.8843766,-1.0942235,1.031472,0.55850237]","[0.55,0.03,0.43]",,False
17,42,scene_05_mixed_maze_passage,20260601,planner,apf,53059,"[-1.5708,-1.5708,1.5708,-1.5708,-1.5708,0]","[-3.4303095,-1.5191521,1.8843766,-1.0942235,1.031472,0.55850237]","[0.55,0.03,0.43]",,False
18,42,scene_05_mixed_maze_passage,20260601,planner,apf,53060,"[-1.5708,-1.5708,1.5708,-1.5708,-1.5708,0]","[-3.4303095,-1.5191521,1.8843766,-1.0942235,1.031472,0.55850237]","[0.55,0.03,0.43]",,False
19,42,scene_05_mixed_maze_passage,20260601,planner,apf,53061,"[-1.5708,-1.5708,1.5708,-1.5708,-1.5708,0]","[-3.4303095,-1.5191521,1.8843766,-1.0942235,1.031472,0.55850237]","[0.55,0.03,0.43]",,False
20,42,scene_05_mixed_maze_passage,20260601,planner,apf,53062,"[-1.5708,-1.5708,1.5708,-1.5708,-1.5708,0]","[-3.4303095,-1.5191521,1.8843766,-1.0942235,1.031472,0.55850237]","[0.55,0.03,0.43]",,False
21,42,scene_05_mixed_maze_passage,20260601,planner,apf,53063,"[-1.5708,-1.5708,1.5708,-1.5708,-1.5708,0]","[-3.4303095,-1.5191521,1.8843766,-1.0942235,1.031472,0.55850237]","[0.55,0.03,0.43]",,False
22,42,scene_05_mixed_maze_passage,20260601,planner,apf,53064,"[-1.5708,-1.5708,1.5708,-1.5708,-1.5708,0]","[-3.4303095,-1.5191521,1.8843766,-1.0942235,1.031472,0.55850237]","[0.55,0.03,0.43]",,False
23,42,scene_05_mixed_maze_passage,20260601,planner,apf,53065,"[-1.5708,-1.5708,1.5708,-1.5708,-1.5708,0]","[-3.4303095,-1.5191521,1.8843766,-1.0942235,1.031472,0.55850237]","[0.55,0.03,0.43]",,False
24,42,scene_05_mixed_maze_passage,20260601,planner,apf,53066,"[-1.5708,-1.5708,1.5708,-1.5708,-1.5708,0]","[-3.4303095,-1.5191521,1.8843766,-1.0942235,1.031472,0.55850237]","[0.55,0.03,0.43]",,False
25,42,scene_05_mixed_maze_passage,20260601,planner,apf,53067,"[-1.5708,-1.5708,1.5708,-1.5708,-1.5708,0]","[-3.4303095,-1.5191521,1.8843766,-1.0942235,1.031472,0.55850237]","[0.55,0.03,0.43]",,False
26,42,scene_05_mixed_maze_passage,20260601,planner,apf,53068,"[-1.5708,-1.5708,1.5708,-1.5708,-1.5708,0]","[-3.4303095,-1.5191521,1.8843766,-1.0942235,1.031472,0.55850237]","[0.55,0.03,0.43]",,False
27,42,scene_05_mixed_maze_passage,20260601,planner,apf,53069,"[-1.5708,-1.5708,1.5708,-1.5708,-1.5708,0]","[-3.4303095,-1.5191521,1.8843766,-1.0942235,1.031472,0.55850237]","[0.55,0.03,0.43]",,False
28,42,scene_05_mixed_maze_passage,20260601,planner,apf,53070,"[-1.5708,-1.5708,1.5708,-1.5708,-1.5708,0]","[-3.4303095,-1.5191521,1.8843766,-1.0942235,1.031472,0.55850237]","[0.55,0.03,0.43]",,False
29,42,scene_05_mixed_maze_passage,20260601,planner,apf,53071,"[-1.5708,-1.5708,1.5708,-1.5708,-1.5708,0]","[-3.4303095,-1.5191521,1.8843766,-1.0942235,1.031472,0.55850237]","[0.55,0.03,0.43]",,False
30,42,scene_05_mixed_maze_passage,20260601,planner,apf,53072,"[-1.5708,-1.5708,1.5708,-1.5708,-1.5708,0]","[-3.4303095,-1.5191521,1.8843766,-1.0942235,1.031472,0.55850237]","[0.55,0.03,0.43]",,False
31,42,scene_05_mixed_maze_passage,20260601,planner,apf,53073,"[-1.5708,-1.5708,1.5708,-1.5708,-1.5708,0]","[-3.4303095,-1.5191521,1.8843766,-1.0942235,1.031472,0.55850237]","[0.55,0.03,0.43]",,False
32,42,scene_05_mixed_maze_passage,20260601,planner,apf,53074,"[-1.5708,-1.5708,1.5708,-1.5708,-1.5708,0]","[-3.4303095,-1.5191521,1.8843766,-1.0942235,1.031472,0.55850237]","[0.55,0.03,0.43]",,False
33,42,scene_05_mixed_maze_passage,20260601,planner,apf,53075,"[-1.5708,-1.5708,1.5708,-1.5708,-1.5708,0]","[-3.4303095,-1.5191521,1.8843766,-1.0942235,1.031472,0.55850237]","[0.55,0.03,0.43]",,False
34,42,scene_05_mixed_maze_passage,20260601,planner,apf,53076,"[-1.5708,-1.5708,1.5708,-1.5708,-1.5708,0]","[-3.4303095,-1.5191521,1.8843766,-1.0942235,1.031472,0.55850237]","[0.55,0.03,0.43]",,False
35,42,scene_05_mixed_maze_passage,20260601,planner,apf,53077,"[-1.5708,-1.5708,1.5708,-1.5708,-1.5708,0]","[-3.4303095,-1.5191521,1.8843766,-1.0942235,1.031472,0.55850237]","[0.55,0.03,0.43]",,False
36,42,scene_05_mixed_maze_passage,20260601,planner,apf,53078,"[-1.5708,-1.5708,1.5708,-1.5708,-1.5708,0]","[-3.4303095,-1.5191521,1.8843766,-1.0942235,1.031472,0.55850237]","[0.55,0.03,0.43]",,False
37,42,scene_05_mixed_maze_passage,20260601,planner,apf,53079,"[-1.5708,-1.5708,1.5708,-1.5708,-1.5708,0]","[-3.4303095,-1.5191521,1.8843766,-1.0942235,1.031472,0.55850237]","[0.55,0.03,0.43]",,False
38,42,scene_05_mixed_maze_passage,20260601,planner,apf,53080,"[-1.5708,-1.5708,1.5708,-1.5708,-1.5708,0]","[-3.4303095,-1.5191521,1.8843766,-1.0942235,1.031472,0.55850237]","[0.55,0.03,0.43]",,False
39,42,scene_05_mixed_maze_passage,20260601,planner,apf,53081,"[-1.5708,-1.5708,1.5708,-1.5708,-1.5708,0]","[-3.4303095,-1.5191521,1.8843766,-1.0942235,1.031472,0.55850237]","[0.55,0.03,0.43]",,False
40,42,scene_05_mixed_maze_passage,20260601,planner,apf,53082,"[-1.5708,-1.5708,1.5708,-1.5708,-1.5708,0]","[-3.4303095,-1.5191521,1.8843766,-1.0942235,1.031472,0.55850237]","[0.55,0.03,0.43]",,False
41,42,scene_05_mixed_maze_passage,20260601,planner,apf,53083,"[-1.5708,-1.5708,1.5708,-1.5708,-1.5708,0]","[-3.4303095,-1.5191521,1.8843766,-1.0942235,1.031472,0.55850237]","[0.55,0.03,0.43]",,False
42,42,scene_05_mixed_maze_passage,20260601,planner,apf,53084,"[-1.5708,-1.5708,1.5708,-1.5708,-1.5708,0]","[-3.4303095,-1.5191521,1.8843766,-1.0942235,1.031472,0.55850237]","[0.55,0.03,0.43]",,False
43,42,scene_05_mixed_maze_passage,20260601,planner,apf,53085,"[-1.5708,-1.5708,1.5708,-1.5708,-1.5708,0]","[-3.4303095,-1.5191521,1.8843766,-1.0942235,1.031472,0.55850237]","[0.55,0.03,0.43]",,False
44,42,scene_05_mixed_maze_passage,20260601,planner,apf,53086,"[-1.5708,-1.5708,1.5708,-1.5708,-1.5708,0]","[-3.4303095,-1.5191521,1.8843766,-1.0942235,1.031472,0.55850237]","[0.55,0.03,0.43]",,False
45,42,scene_05_mixed_maze_passage,20260601,planner,apf,53087,"[-1.5708,-1.5708,1.5708,-1.5708,-1.5708,0]","[-3.4303095,-1.5191521,1.8843766,-1.0942235,1.031472,0.55850237]","[0.55,0.03,0.43]",,False
46,42,scene_05_mixed_maze_passage,20260601,planner,apf,53088,"[-1.5708,-1.5708,1.5708,-1.5708,-1.5708,0]","[-3.4303095,-1.5191521,1.8843766,-1.0942235,1.031472,0.55850237]","[0.55,0.03,0.43]",,False
47,42,scene_05_mixed_maze_passage,20260601,planner,apf,53089,"[-1.5708,-1.5708,1.5708,-1.5708,-1.5708,0]","[-3.4303095,-1.5191521,1.8843766,-1.0942235,1.031472,0.55850237]","[0.55,0.03,0.43]",,False
48,42,scene_05_mixed_maze_passage,20260601,planner,apf,53090,"[-1.5708,-1.5708,1.5708,-1.5708,-1.5708,0]","[-3.4303095,-1.5191521,1.8843766,-1.0942235,1.031472,0.55850237]","[0.55,0.03,0.43]",,False
49,42,scene_05_mixed_maze_passage,20260601,planner,apf,53091,"[-1.5708,-1.5708,1.5708,-1.5708,-1.5708,0]","[-3.4303095,-1.5191521,1.8843766,-1.0942235,1.031472,0.55850237]","[0.55,0.03,0.43]",,False
0,42,scene_pass_through_maze,20260602,planner,rrt,60042,"[-1.5708,-1.5708,1.5708,-1.5708,-1.5708,0]","[-3.4106444,-1.3536613,1.6919226,-1.059583,-5.2369956,0.54336803]","[0.62,0.02,0.43]","[0.44614,0.282258,0.366804,0.765993]",True
1,42,scene_pass_through_maze,20260602,planner,rrt,60043,"[-1.5708,-1.5708,1.5708,-1.5708,-1.5708,0]","[-3.4106444,-1.3536613,1.6919226,-1.059583,-5.2369956,0.54336803]","[0.62,0.02,0.43]","[0.44614,0.282258,0.366804,0.765993]",False
2,42,scene_pass_through_maze,20260602,planner,rrt,60044,"[-1.5708,-1.5708,1.5708,-1.5708,-1.5708,0]","[-3.4106444,-1.3536613,1.6919226,-1.059583,-5.2369956,0.54336803]","[0.62,0.02,0.43]","[0.44614,0.282258,0.366804,0.765993]",False
3,42,scene_pass_through_maze,20260602,planner,rrt,60045,"[-1.5708,-1.5708,1.5708,-1.5708,-1.5708,0]","[-3.4106444,-1.3536613,1.6919226,-1.059583,-5.2369956,0.54336803]","[0.62,0.02,0.43]","[0.44614,0.282258,0.366804,0.765993]",False
4,42,scene_pass_through_maze,20260602,planner,rrt,60046,"[-1.5708,-1.5708,1.5708,-1.5708,-1.5708,0]","[-3.4106444,-1.3536613,1.6919226,-1.059583,-5.2369956,0.54336803]","[0.62,0.02,0.43]","[0.44614,0.282258,0.366804,0.765993]",True
5,42,scene_pass_through_maze,20260602,planner,rrt,60047,"[-1.5708,-1.5708,1.5708,-1.5708,-1.5708,0]","[-3.4106444,-1.3536613,1.6919226,-1.059583,-5.2369956,0.54336803]","[0.62,0.02,0.43]","[0.44614,0.282258,0.366804,0.765993]",True
6,42,scene_pass_through_maze,20260602,planner,rrt,60048,"[-1.5708,-1.5708,1.5708,-1.5708,-1.5708,0]","[-3.4106444,-1.3536613,1.6919226,-1.059583,-5.2369956,0.54336803]","[0.62,0.02,0.43]","[0.44614,0.282258,0.366804,0.765993]",False
7,42,scene_pass_through_maze,20260602,planner,rrt,60049,"[-1.5708,-1.5708,1.5708,-1.5708,-1.5708,0]","[-3.4106444,-1.3536613,1.6919226,-1.059583,-5.2369956,0.54336803]","[0.62,0.02,0.43]","[0.44614,0.282258,0.366804,0.765993]",False
8,42,scene_pass_through_maze,20260602,planner,rrt,60050,"[-1.5708,-1.5708,1.5708,-1.5708,-1.5708,0]","[-3.4106444,-1.3536613,1.6919226,-1.059583,-5.2369956,0.54336803]","[0.62,0.02,0.43]","[0.44614,0.282258,0.366804,0.765993]",True
9,42,scene_pass_through_maze,20260602,planner,rrt,60051,"[-1.5708,-1.5708,1.5708,-1.5708,-1.5708,0]","[-3.4106444,-1.3536613,1.6919226,-1.059583,-5.2369956,0.54336803]","[0.62,0.02,0.43]","[0.44614,0.282258,0.366804,0.765993]",True
10,42,scene_pass_through_maze,20260602,planner,rrt,60052,"[-1.5708,-1.5708,1.5708,-1.5708,-1.5708,0]","[-3.4106444,-1.3536613,1.6919226,-1.059583,-5.2369956,0.54336803]","[0.62,0.02,0.43]","[0.44614,0.282258,0.366804,0.765993]",True
11,42,scene_pass_through_maze,20260602,planner,rrt,60053,"[-1.5708,-1.5708,1.5708,-1.5708,-1.5708,0]","[-3.4106444,-1.3536613,1.6919226,-1.059583,-5.2369956,0.54336803]","[0.62,0.02,0.43]","[0.44614,0.282258,0.366804,0.765993]",False
12,42,scene_pass_through_maze,20260602,planner,rrt,60054,"[-1.5708,-1.5708,1.5708,-1.5708,-1.5708,0]","[-3.4106444,-1.3536613,1.6919226,-1.059583,-5.2369956,0.54336803]","[0.62,0.02,0.43]","[0.44614,0.282258,0.366804,0.765993]",True
13,42,scene_pass_through_maze,20260602,planner,rrt,60055,"[-1.5708,-1.5708,1.5708,-1.5708,-1.5708,0]","[-3.4106444,-1.3536613,1.6919226,-1.059583,-5.2369956,0.54336803]","[0.62,0.02,0.43]","[0.44614,0.282258,0.366804,0.765993]",False
14,42,scene_pass_through_maze,20260602,planner,rrt,60056,"[-1.5708,-1.5708,1.5708,-1.5708,-1.5708,0]","[-3.4106444,-1.3536613,1.6919226,-1.059583,-5.2369956,0.54336803]","[0.62,0.02,0.43]","[0.44614,0.282258,0.366804,0.765993]",False
15,42,scene_pass_through_maze,20260602,planner,rrt,60057,"[-1.5708,-1.5708,1.5708,-1.5708,-1.5708,0]","[-3.4106444,-1.3536613,1.6919226,-1.059583,-5.2369956,0.54336803]","[0.62,0.02,0.43]","[0.44614,0.282258,0.366804,0.765993]",False
16,42,scene_pass_through_maze,20260602,planner,rrt,60058,"[-1.5708,-1.5708,1.5708,-1.5708,-1.5708,0]","[-3.4106444,-1.3536613,1.6919226,-1.059583,-5.2369956,0.54336803]","[0.62,0.02,0.43]","[0.44614,0.282258,0.366804,0.765993]",False
17,42,scene_pass_through_maze,20260602,planner,rrt,60059,"[-1.5708,-1.5708,1.5708,-1.5708,-1.5708,0]","[-3.4106444,-1.3536613,1.6919226,-1.059583,-5.2369956,0.54336803]","[0.62,0.02,0.43]","[0.44614,0.282258,0.366804,0.765993]",False
18,42,scene_pass_through_maze,20260602,planner,rrt,60060,"[-1.5708,-1.5708,1.5708,-1.5708,-1.5708,0]","[-3.4106444,-1.3536613,1.6919226,-1.059583,-5.2369956,0.54336803]","[0.62,0.02,0.43]","[0.44614,0.282258,0.366804,0.765993]",False
19,42,scene_pass_through_maze,20260602,planner,rrt,60061,"[-1.5708,-1.5708,1.5708,-1.5708,-1.5708,0]","[-3.4106444,-1.3536613,1.6919226,-1.059583,-5.2369956,0.54336803]","[0.62,0.02,0.43]","[0.44614,0.282258,0.366804,0.765993]",True
20,42,scene_pass_through_maze,20260602,planner,rrt,60062,"[-1.5708,-1.5708,1.5708,-1.5708,-1.5708,0]","[-3.4106444,-1.3536613,1.6919226,-1.059583,-5.2369956,0.54336803]","[0.62,0.02,0.43]","[0.44614,0.282258,0.366804,0.765993]",True
21,42,scene_pass_through_maze,20260602,planner,rrt,60063,"[-1.5708,-1.5708,1.5708,-1.5708,-1.5708,0]","[-3.4106444,-1.3536613,1.6919226,-1.059583,-5.2369956,0.54336803]","[0.62,0.02,0.43]","[0.44614,0.282258,0.366804,0.765993]",False
22,42,scene_pass_through_maze,20260602,planner,rrt,60064,"[-1.5708,-1.5708,1.5708,-1.5708,-1.5708,0]","[-3.4106444,-1.3536613,1.6919226,-1.059583,-5.2369956,0.54336803]","[0.62,0.02,0.43]","[0.44614,0.282258,0.366804,0.765993]",False
23,42,scene_pass_through_maze,20260602,planner,rrt,60065,"[-1.5708,-1.5708,1.5708,-1.5708,-1.5708,0]","[-3.4106444,-1.3536613,1.6919226,-1.059583,-5.2369956,0.54336803]","[0.62,0.02,0.43]","[0.44614,0.282258,0.366804,0.765993]",False
24,42,scene_pass_through_maze,20260602,planner,rrt,60066,"[-1.5708,-1.5708,1.5708,-1.5708,-1.5708,0]","[-3.4106444,-1.3536613,1.6919226,-1.059583,-5.2369956,0.54336803]","[0.62,0.02,0.43]","[0.44614,0.282258,0.366804,0.765993]",False
25,42,scene_pass_through_maze,20260602,planner,rrt,60067,"[-1.5708,-1.5708,1.5708,-1.5708,-1.5708,0]","[-3.4106444,-1.3536613,1.6919226,-1.059583,-5.2369956,0.54336803]","[0.62,0.02,0.43]","[0.44614,0.282258,0.366804,0.765993]",True
26,42,scene_pass_through_maze,20260602,planner,rrt,60068,"[-1.5708,-1.5708,1.5708,-1.5708,-1.5708,0]","[-3.4106444,-1.3536613,1.6919226,-1.059583,-5.2369956,0.54336803]","[0.62,0.02,0.43]","[0.44614,0.282258,0.366804,0.765993]",False
27,42,scene_pass_through_maze,20260602,planner,rrt,60069,"[-1.5708,-1.5708,1.5708,-1.5708,-1.5708,0]","[-3.4106444,-1.3536613,1.6919226,-1.059583,-5.2369956,0.54336803]","[0.62,0.02,0.43]","[0.44614,0.282258,0.366804,0.765993]",True
28,42,scene_pass_through_maze,20260602,planner,rrt,60070,"[-1.5708,-1.5708,1.5708,-1.5708,-1.5708,0]","[-3.4106444,-1.3536613,1.6919226,-1.059583,-5.2369956,0.54336803]","[0.62,0.02,0.43]","[0.44614,0.282258,0.366804,0.765993]",False
29,42,scene_pass_through_maze,20260602,planner,rrt,60071,"[-1.5708,-1.5708,1.5708,-1.5708,-1.5708,0]","[-3.4106444,-1.3536613,1.6919226,-1.059583,-5.2369956,0.54336803]","[0.62,0.02,0.43]","[0.44614,0.282258,0.366804,0.765993]",False
30,42,scene_pass_through_maze,20260602,planner,rrt,60072,"[-1.5708,-1.5708,1.5708,-1.5708,-1.5708,0]","[-3.4106444,-1.3536613,1.6919226,-1.059583,-5.2369956,0.54336803]","[0.62,0.02,0.43]","[0.44614,0.282258,0.366804,0.765993]",True
31,42,scene_pass_through_maze,20260602,planner,rrt,60073,"[-1.5708,-1.5708,1.5708,-1.5708,-1.5708,0]","[-3.4106444,-1.3536613,1.6919226,-1.059583,-5.2369956,0.54336803]","[0.62,0.02,0.43]","[0.44614,0.282258,0.366804,0.765993]",False
32,42,scene_pass_through_maze,20260602,planner,rrt,60074,"[-1.5708,-1.5708,1.5708,-1.5708,-1.5708,0]","[-3.4106444,-1.3536613,1.6919226,-1.059583,-5.2369956,0.54336803]","[0.62,0.02,0.43]","[0.44614,0.282258,0.366804,0.765993]",True
33,42,scene_pass_through_maze,20260602,planner,rrt,60075,"[-1.5708,-1.5708,1.5708,-1.5708,-1.5708,0]","[-3.4106444,-1.3536613,1.6919226,-1.059583,-5.2369956,0.54336803]","[0.62,0.02,0.43]","[0.44614,0.282258,0.366804,0.765993]",False
34,42,scene_pass_through_maze,20260602,planner,rrt,60076,"[-1.5708,-1.5708,1.5708,-1.5708,-1.5708,0]","[-3.4106444,-1.3536613,1.6919226,-1.059583,-5.2369956,0.54336803]","[0.62,0.02,0.43]","[0.44614,0.282258,0.366804,0.765993]",False
35,42,scene_pass_through_maze,20260602,planner,rrt,60077,"[-1.5708,-1.5708,1.5708,-1.5708,-1.5708,0]","[-3.4106444,-1.3536613,1.6919226,-1.059583,-5.2369956,0.54336803]","[0.62,0.02,0.43]","[0.44614,0.282258,0.366804,0.765993]",False
36,42,scene_pass_through_maze,20260602,planner,rrt,60078,"[-1.5708,-1.5708,1.5708,-1.5708,-1.5708,0]","[-3.4106444,-1.3536613,1.6919226,-1.059583,-5.2369956,0.54336803]","[0.62,0.02,0.43]","[0.44614,0.282258,0.366804,0.765993]",False
37,42,scene_pass_through_maze,20260602,planner,rrt,60079,"[-1.5708,-1.5708,1.5708,-1.5708,-1.5708,0]","[-3.4106444,-1.3536613,1.6919226,-1.059583,-5.2369956,0.54336803]","[0.62,0.02,0.43]","[0.44614,0.282258,0.366804,0.765993]",False
38,42,scene_pass_through_maze,20260602,planner,rrt,60080,"[-1.5708,-1.5708,1.5708,-1.5708,-1.5708,0]","[-3.4106444,-1.3536613,1.6919226,-1.059583,-5.2369956,0.54336803]","[0.62,0.02,0.43]","[0.44614,0.282258,0.366804,0.765993]",False
39,42,scene_pass_through_maze,20260602,planner,rrt,60081,"[-1.5708,-1.5708,1.5708,-1.5708,-1.5708,0]","[-3.4106444,-1.3536613,1.6919226,-1.059583,-5.2369956,0.54336803]","[0.62,0.02,0.43]","[0.44614,0.282258,0.366804,0.765993]",True
40,42,scene_pass_through_maze,20260602,planner,rrt,60082,"[-1.5708,-1.5708,1.5708,-1.5708,-1.5708,0]","[-3.4106444,-1.3536613,1.6919226,-1.059583,-5.2369956,0.54336803]","[0.62,0.02,0.43]","[0.44614,0.282258,0.366804,0.765993]",True
41,42,scene_pass_through_maze,20260602,planner,rrt,60083,"[-1.5708,-1.5708,1.5708,-1.5708,-1.5708,0]","[-3.4106444,-1.3536613,1.6919226,-1.059583,-5.2369956,0.54336803]","[0.62,0.02,0.43]","[0.44614,0.282258,0.366804,0.765993]",True
42,42,scene_pass_through_maze,20260602,planner,rrt,60084,"[-1.5708,-1.5708,1.5708,-1.5708,-1.5708,0]","[-3.4106444,-1.3536613,1.6919226,-1.059583,-5.2369956,0.54336803]","[0.62,0.02,0.43]","[0.44614,0.282258,0.366804,0.765993]",False
43,42,scene_pass_through_maze,20260602,planner,rrt,60085,"[-1.5708,-1.5708,1.5708,-1.5708,-1.5708,0]","[-3.4106444,-1.3536613,1.6919226,-1.059583,-5.2369956,0.54336803]","[0.62,0.02,0.43]","[0.44614,0.282258,0.366804,0.765993]",False
44,42,scene_pass_through_maze,20260602,planner,rrt,60086,"[-1.5708,-1.5708,1.5708,-1.5708,-1.5708,0]","[-3.4106444,-1.3536613,1.6919226,-1.059583,-5.2369956,0.54336803]","[0.62,0.02,0.43]","[0.44614,0.282258,0.366804,0.765993]",True
45,42,scene_pass_through_maze,20260602,planner,rrt,60087,"[-1.5708,-1.5708,1.5708,-1.5708,-1.5708,0]","[-3.4106444,-1.3536613,1.6919226,-1.059583,-5.2369956,0.54336803]","[0.62,0.02,0.43]","[0.44614,0.282258,0.366804,0.765993]",False
46,42,scene_pass_through_maze,20260602,planner,rrt,60088,"[-1.5708,-1.5708,1.5708,-1.5708,-1.5708,0]","[-3.4106444,-1.3536613,1.6919226,-1.059583,-5.2369956,0.54336803]","[0.62,0.02,0.43]","[0.44614,0.282258,0.366804,0.765993]",False
47,42,scene_pass_through_maze,20260602,planner,rrt,60089,"[-1.5708,-1.5708,1.5708,-1.5708,-1.5708,0]","[-3.4106444,-1.3536613,1.6919226,-1.059583,-5.2369956,0.54336803]","[0.62,0.02,0.43]","[0.44614,0.282258,0.366804,0.765993]",True
48,42,scene_pass_through_maze,20260602,planner,rrt,60090,"[-1.5708,-1.5708,1.5708,-1.5708,-1.5708,0]","[-3.4106444,-1.3536613,1.6919226,-1.059583,-5.2369956,0.54336803]","[0.62,0.02,0.43]","[0.44614,0.282258,0.366804,0.765993]",True
49,42,scene_pass_through_maze,20260602,planner,rrt,60091,"[-1.5708,-1.5708,1.5708,-1.5708,-1.5708,0]","[-3.4106444,-1.3536613,1.6919226,-1.059583,-5.2369956,0.54336803]","[0.62,0.02,0.43]","[0.44614,0.282258,0.366804,0.765993]",False
0,42,scene_pass_through_maze,20260602,planner,rrt_connect,61042,"[-1.5708,-1.5708,1.5708,-1.5708,-1.5708,0]","[-3.4106444,-1.3536613,1.6919226,-1.059583,-5.2369956,0.54336803]","[0.62,0.02,0.43]","[0.44614,0.282258,0.366804,0.765993]",True
1,42,scene_pass_through_maze,20260602,planner,rrt_connect,61043,"[-1.5708,-1.5708,1.5708,-1.5708,-1.5708,0]","[-3.4106444,-1.3536613,1.6919226,-1.059583,-5.2369956,0.54336803]","[0.62,0.02,0.43]","[0.44614,0.282258,0.366804,0.765993]",True
2,42,scene_pass_through_maze,20260602,planner,rrt_connect,61044,"[-1.5708,-1.5708,1.5708,-1.5708,-1.5708,0]","[-3.4106444,-1.3536613,1.6919226,-1.059583,-5.2369956,0.54336803]","[0.62,0.02,0.43]","[0.44614,0.282258,0.366804,0.765993]",True
3,42,scene_pass_through_maze,20260602,planner,rrt_connect,61045,"[-1.5708,-1.5708,1.5708,-1.5708,-1.5708,0]","[-3.4106444,-1.3536613,1.6919226,-1.059583,-5.2369956,0.54336803]","[0.62,0.02,0.43]","[0.44614,0.282258,0.366804,0.765993]",True
4,42,scene_pass_through_maze,20260602,planner,rrt_connect,61046,"[-1.5708,-1.5708,1.5708,-1.5708,-1.5708,0]","[-3.4106444,-1.3536613,1.6919226,-1.059583,-5.2369956,0.54336803]","[0.62,0.02,0.43]","[0.44614,0.282258,0.366804,0.765993]",True
5,42,scene_pass_through_maze,20260602,planner,rrt_connect,61047,"[-1.5708,-1.5708,1.5708,-1.5708,-1.5708,0]","[-3.4106444,-1.3536613,1.6919226,-1.059583,-5.2369956,0.54336803]","[0.62,0.02,0.43]","[0.44614,0.282258,0.366804,0.765993]",True
6,42,scene_pass_through_maze,20260602,planner,rrt_connect,61048,"[-1.5708,-1.5708,1.5708,-1.5708,-1.5708,0]","[-3.4106444,-1.3536613,1.6919226,-1.059583,-5.2369956,0.54336803]","[0.62,0.02,0.43]","[0.44614,0.282258,0.366804,0.765993]",True
7,42,scene_pass_through_maze,20260602,planner,rrt_connect,61049,"[-1.5708,-1.5708,1.5708,-1.5708,-1.5708,0]","[-3.4106444,-1.3536613,1.6919226,-1.059583,-5.2369956,0.54336803]","[0.62,0.02,0.43]","[0.44614,0.282258,0.366804,0.765993]",True
8,42,scene_pass_through_maze,20260602,planner,rrt_connect,61050,"[-1.5708,-1.5708,1.5708,-1.5708,-1.5708,0]","[-3.4106444,-1.3536613,1.6919226,-1.059583,-5.2369956,0.54336803]","[0.62,0.02,0.43]","[0.44614,0.282258,0.366804,0.765993]",True
9,42,scene_pass_through_maze,20260602,planner,rrt_connect,61051,"[-1.5708,-1.5708,1.5708,-1.5708,-1.5708,0]","[-3.4106444,-1.3536613,1.6919226,-1.059583,-5.2369956,0.54336803]","[0.62,0.02,0.43]","[0.44614,0.282258,0.366804,0.765993]",True
10,42,scene_pass_through_maze,20260602,planner,rrt_connect,61052,"[-1.5708,-1.5708,1.5708,-1.5708,-1.5708,0]","[-3.4106444,-1.3536613,1.6919226,-1.059583,-5.2369956,0.54336803]","[0.62,0.02,0.43]","[0.44614,0.282258,0.366804,0.765993]",True
11,42,scene_pass_through_maze,20260602,planner,rrt_connect,61053,"[-1.5708,-1.5708,1.5708,-1.5708,-1.5708,0]","[-3.4106444,-1.3536613,1.6919226,-1.059583,-5.2369956,0.54336803]","[0.62,0.02,0.43]","[0.44614,0.282258,0.366804,0.765993]",True
12,42,scene_pass_through_maze,20260602,planner,rrt_connect,61054,"[-1.5708,-1.5708,1.5708,-1.5708,-1.5708,0]","[-3.4106444,-1.3536613,1.6919226,-1.059583,-5.2369956,0.54336803]","[0.62,0.02,0.43]","[0.44614,0.282258,0.366804,0.765993]",True
13,42,scene_pass_through_maze,20260602,planner,rrt_connect,61055,"[-1.5708,-1.5708,1.5708,-1.5708,-1.5708,0]","[-3.4106444,-1.3536613,1.6919226,-1.059583,-5.2369956,0.54336803]","[0.62,0.02,0.43]","[0.44614,0.282258,0.366804,0.765993]",True
14,42,scene_pass_through_maze,20260602,planner,rrt_connect,61056,"[-1.5708,-1.5708,1.5708,-1.5708,-1.5708,0]","[-3.4106444,-1.3536613,1.6919226,-1.059583,-5.2369956,0.54336803]","[0.62,0.02,0.43]","[0.44614,0.282258,0.366804,0.765993]",True
15,42,scene_pass_through_maze,20260602,planner,rrt_connect,61057,"[-1.5708,-1.5708,1.5708,-1.5708,-1.5708,0]","[-3.4106444,-1.3536613,1.6919226,-1.059583,-5.2369956,0.54336803]","[0.62,0.02,0.43]","[0.44614,0.282258,0.366804,0.765993]",True
16,42,scene_pass_through_maze,20260602,planner,rrt_connect,61058,"[-1.5708,-1.5708,1.5708,-1.5708,-1.5708,0]","[-3.4106444,-1.3536613,1.6919226,-1.059583,-5.2369956,0.54336803]","[0.62,0.02,0.43]","[0.44614,0.282258,0.366804,0.765993]",True
17,42,scene_pass_through_maze,20260602,planner,rrt_connect,61059,"[-1.5708,-1.5708,1.5708,-1.5708,-1.5708,0]","[-3.4106444,-1.3536613,1.6919226,-1.059583,-5.2369956,0.54336803]","[0.62,0.02,0.43]","[0.44614,0.282258,0.366804,0.765993]",True
18,42,scene_pass_through_maze,20260602,planner,rrt_connect,61060,"[-1.5708,-1.5708,1.5708,-1.5708,-1.5708,0]","[-3.4106444,-1.3536613,1.6919226,-1.059583,-5.2369956,0.54336803]","[0.62,0.02,0.43]","[0.44614,0.282258,0.366804,0.765993]",True
19,42,scene_pass_through_maze,20260602,planner,rrt_connect,61061,"[-1.5708,-1.5708,1.5708,-1.5708,-1.5708,0]","[-3.4106444,-1.3536613,1.6919226,-1.059583,-5.2369956,0.54336803]","[0.62,0.02,0.43]","[0.44614,0.282258,0.366804,0.765993]",True
20,42,scene_pass_through_maze,20260602,planner,rrt_connect,61062,"[-1.5708,-1.5708,1.5708,-1.5708,-1.5708,0]","[-3.4106444,-1.3536613,1.6919226,-1.059583,-5.2369956,0.54336803]","[0.62,0.02,0.43]","[0.44614,0.282258,0.366804,0.765993]",True
21,42,scene_pass_through_maze,20260602,planner,rrt_connect,61063,"[-1.5708,-1.5708,1.5708,-1.5708,-1.5708,0]","[-3.4106444,-1.3536613,1.6919226,-1.059583,-5.2369956,0.54336803]","[0.62,0.02,0.43]","[0.44614,0.282258,0.366804,0.765993]",True
22,42,scene_pass_through_maze,20260602,planner,rrt_connect,61064,"[-1.5708,-1.5708,1.5708,-1.5708,-1.5708,0]","[-3.4106444,-1.3536613,1.6919226,-1.059583,-5.2369956,0.54336803]","[0.62,0.02,0.43]","[0.44614,0.282258,0.366804,0.765993]",True
23,42,scene_pass_through_maze,20260602,planner,rrt_connect,61065,"[-1.5708,-1.5708,1.5708,-1.5708,-1.5708,0]","[-3.4106444,-1.3536613,1.6919226,-1.059583,-5.2369956,0.54336803]","[0.62,0.02,0.43]","[0.44614,0.282258,0.366804,0.765993]",True
24,42,scene_pass_through_maze,20260602,planner,rrt_connect,61066,"[-1.5708,-1.5708,1.5708,-1.5708,-1.5708,0]","[-3.4106444,-1.3536613,1.6919226,-1.059583,-5.2369956,0.54336803]","[0.62,0.02,0.43]","[0.44614,0.282258,0.366804,0.765993]",True
25,42,scene_pass_through_maze,20260602,planner,rrt_connect,61067,"[-1.5708,-1.5708,1.5708,-1.5708,-1.5708,0]","[-3.4106444,-1.3536613,1.6919226,-1.059583,-5.2369956,0.54336803]","[0.62,0.02,0.43]","[0.44614,0.282258,0.366804,0.765993]",True
26,42,scene_pass_through_maze,20260602,planner,rrt_connect,61068,"[-1.5708,-1.5708,1.5708,-1.5708,-1.5708,0]","[-3.4106444,-1.3536613,1.6919226,-1.059583,-5.2369956,0.54336803]","[0.62,0.02,0.43]","[0.44614,0.282258,0.366804,0.765993]",True
27,42,scene_pass_through_maze,20260602,planner,rrt_connect,61069,"[-1.5708,-1.5708,1.5708,-1.5708,-1.5708,0]","[-3.4106444,-1.3536613,1.6919226,-1.059583,-5.2369956,0.54336803]","[0.62,0.02,0.43]","[0.44614,0.282258,0.366804,0.765993]",True
28,42,scene_pass_through_maze,20260602,planner,rrt_connect,61070,"[-1.5708,-1.5708,1.5708,-1.5708,-1.5708,0]","[-3.4106444,-1.3536613,1.6919226,-1.059583,-5.2369956,0.54336803]","[0.62,0.02,0.43]","[0.44614,0.282258,0.366804,0.765993]",True
29,42,scene_pass_through_maze,20260602,planner,rrt_connect,61071,"[-1.5708,-1.5708,1.5708,-1.5708,-1.5708,0]","[-3.4106444,-1.3536613,1.6919226,-1.059583,-5.2369956,0.54336803]","[0.62,0.02,0.43]","[0.44614,0.282258,0.366804,0.765993]",True
30,42,scene_pass_through_maze,20260602,planner,rrt_connect,61072,"[-1.5708,-1.5708,1.5708,-1.5708,-1.5708,0]","[-3.4106444,-1.3536613,1.6919226,-1.059583,-5.2369956,0.54336803]","[0.62,0.02,0.43]","[0.44614,0.282258,0.366804,0.765993]",True
31,42,scene_pass_through_maze,20260602,planner,rrt_connect,61073,"[-1.5708,-1.5708,1.5708,-1.5708,-1.5708,0]","[-3.4106444,-1.3536613,1.6919226,-1.059583,-5.2369956,0.54336803]","[0.62,0.02,0.43]","[0.44614,0.282258,0.366804,0.765993]",True
32,42,scene_pass_through_maze,20260602,planner,rrt_connect,61074,"[-1.5708,-1.5708,1.5708,-1.5708,-1.5708,0]","[-3.4106444,-1.3536613,1.6919226,-1.059583,-5.2369956,0.54336803]","[0.62,0.02,0.43]","[0.44614,0.282258,0.366804,0.765993]",True
33,42,scene_pass_through_maze,20260602,planner,rrt_connect,61075,"[-1.5708,-1.5708,1.5708,-1.5708,-1.5708,0]","[-3.4106444,-1.3536613,1.6919226,-1.059583,-5.2369956,0.54336803]","[0.62,0.02,0.43]","[0.44614,0.282258,0.366804,0.765993]",True
34,42,scene_pass_through_maze,20260602,planner,rrt_connect,61076,"[-1.5708,-1.5708,1.5708,-1.5708,-1.5708,0]","[-3.4106444,-1.3536613,1.6919226,-1.059583,-5.2369956,0.54336803]","[0.62,0.02,0.43]","[0.44614,0.282258,0.366804,0.765993]",True
35,42,scene_pass_through_maze,20260602,planner,rrt_connect,61077,"[-1.5708,-1.5708,1.5708,-1.5708,-1.5708,0]","[-3.4106444,-1.3536613,1.6919226,-1.059583,-5.2369956,0.54336803]","[0.62,0.02,0.43]","[0.44614,0.282258,0.366804,0.765993]",True
36,42,scene_pass_through_maze,20260602,planner,rrt_connect,61078,"[-1.5708,-1.5708,1.5708,-1.5708,-1.5708,0]","[-3.4106444,-1.3536613,1.6919226,-1.059583,-5.2369956,0.54336803]","[0.62,0.02,0.43]","[0.44614,0.282258,0.366804,0.765993]",True
37,42,scene_pass_through_maze,20260602,planner,rrt_connect,61079,"[-1.5708,-1.5708,1.5708,-1.5708,-1.5708,0]","[-3.4106444,-1.3536613,1.6919226,-1.059583,-5.2369956,0.54336803]","[0.62,0.02,0.43]","[0.44614,0.282258,0.366804,0.765993]",True
38,42,scene_pass_through_maze,20260602,planner,rrt_connect,61080,"[-1.5708,-1.5708,1.5708,-1.5708,-1.5708,0]","[-3.4106444,-1.3536613,1.6919226,-1.059583,-5.2369956,0.54336803]","[0.62,0.02,0.43]","[0.44614,0.282258,0.366804,0.765993]",True
39,42,scene_pass_through_maze,20260602,planner,rrt_connect,61081,"[-1.5708,-1.5708,1.5708,-1.5708,-1.5708,0]","[-3.4106444,-1.3536613,1.6919226,-1.059583,-5.2369956,0.54336803]","[0.62,0.02,0.43]","[0.44614,0.282258,0.366804,0.765993]",True
40,42,scene_pass_through_maze,20260602,planner,rrt_connect,61082,"[-1.5708,-1.5708,1.5708,-1.5708,-1.5708,0]","[-3.4106444,-1.3536613,1.6919226,-1.059583,-5.2369956,0.54336803]","[0.62,0.02,0.43]","[0.44614,0.282258,0.366804,0.765993]",True
41,42,scene_pass_through_maze,20260602,planner,rrt_connect,61083,"[-1.5708,-1.5708,1.5708,-1.5708,-1.5708,0]","[-3.4106444,-1.3536613,1.6919226,-1.059583,-5.2369956,0.54336803]","[0.62,0.02,0.43]","[0.44614,0.282258,0.366804,0.765993]",True
42,42,scene_pass_through_maze,20260602,planner,rrt_connect,61084,"[-1.5708,-1.5708,1.5708,-1.5708,-1.5708,0]","[-3.4106444,-1.3536613,1.6919226,-1.059583,-5.2369956,0.54336803]","[0.62,0.02,0.43]","[0.44614,0.282258,0.366804,0.765993]",True
43,42,scene_pass_through_maze,20260602,planner,rrt_connect,61085,"[-1.5708,-1.5708,1.5708,-1.5708,-1.5708,0]","[-3.4106444,-1.3536613,1.6919226,-1.059583,-5.2369956,0.54336803]","[0.62,0.02,0.43]","[0.44614,0.282258,0.366804,0.765993]",True
44,42,scene_pass_through_maze,20260602,planner,rrt_connect,61086,"[-1.5708,-1.5708,1.5708,-1.5708,-1.5708,0]","[-3.4106444,-1.3536613,1.6919226,-1.059583,-5.2369956,0.54336803]","[0.62,0.02,0.43]","[0.44614,0.282258,0.366804,0.765993]",True
45,42,scene_pass_through_maze,20260602,planner,rrt_connect,61087,"[-1.5708,-1.5708,1.5708,-1.5708,-1.5708,0]","[-3.4106444,-1.3536613,1.6919226,-1.059583,-5.2369956,0.54336803]","[0.62,0.02,0.43]","[0.44614,0.282258,0.366804,0.765993]",True
46,42,scene_pass_through_maze,20260602,planner,rrt_connect,61088,"[-1.5708,-1.5708,1.5708,-1.5708,-1.5708,0]","[-3.4106444,-1.3536613,1.6919226,-1.059583,-5.2369956,0.54336803]","[0.62,0.02,0.43]","[0.44614,0.282258,0.366804,0.765993]",True
47,42,scene_pass_through_maze,20260602,planner,rrt_connect,61089,"[-1.5708,-1.5708,1.5708,-1.5708,-1.5708,0]","[-3.4106444,-1.3536613,1.6919226,-1.059583,-5.2369956,0.54336803]","[0.62,0.02,0.43]","[0.44614,0.282258,0.366804,0.765993]",True
48,42,scene_pass_through_maze,20260602,planner,rrt_connect,61090,"[-1.5708,-1.5708,1.5708,-1.5708,-1.5708,0]","[-3.4106444,-1.3536613,1.6919226,-1.059583,-5.2369956,0.54336803]","[0.62,0.02,0.43]","[0.44614,0.282258,0.366804,0.765993]",True
49,42,scene_pass_through_maze,20260602,planner,rrt_connect,61091,"[-1.5708,-1.5708,1.5708,-1.5708,-1.5708,0]","[-3.4106444,-1.3536613,1.6919226,-1.059583,-5.2369956,0.54336803]","[0.62,0.02,0.43]","[0.44614,0.282258,0.366804,0.765993]",True
0,42,scene_pass_through_maze,20260602,planner,prm,62042,"[-1.5708,-1.5708,1.5708,-1.5708,-1.5708,0]","[-3.4106444,-1.3536613,1.6919226,-1.059583,-5.2369956,0.54336803]","[0.62,0.02,0.43]","[0.44614,0.282258,0.366804,0.765993]",True
1,42,scene_pass_through_maze,20260602,planner,prm,62043,"[-1.5708,-1.5708,1.5708,-1.5708,-1.5708,0]","[-3.4106444,-1.3536613,1.6919226,-1.059583,-5.2369956,0.54336803]","[0.62,0.02,0.43]","[0.44614,0.282258,0.366804,0.765993]",True
2,42,scene_pass_through_maze,20260602,planner,prm,62044,"[-1.5708,-1.5708,1.5708,-1.5708,-1.5708,0]","[-3.4106444,-1.3536613,1.6919226,-1.059583,-5.2369956,0.54336803]","[0.62,0.02,0.43]","[0.44614,0.282258,0.366804,0.765993]",True
3,42,scene_pass_through_maze,20260602,planner,prm,62045,"[-1.5708,-1.5708,1.5708,-1.5708,-1.5708,0]","[-3.4106444,-1.3536613,1.6919226,-1.059583,-5.2369956,0.54336803]","[0.62,0.02,0.43]","[0.44614,0.282258,0.366804,0.765993]",True
4,42,scene_pass_through_maze,20260602,planner,prm,62046,"[-1.5708,-1.5708,1.5708,-1.5708,-1.5708,0]","[-3.4106444,-1.3536613,1.6919226,-1.059583,-5.2369956,0.54336803]","[0.62,0.02,0.43]","[0.44614,0.282258,0.366804,0.765993]",True
5,42,scene_pass_through_maze,20260602,planner,prm,62047,"[-1.5708,-1.5708,1.5708,-1.5708,-1.5708,0]","[-3.4106444,-1.3536613,1.6919226,-1.059583,-5.2369956,0.54336803]","[0.62,0.02,0.43]","[0.44614,0.282258,0.366804,0.765993]",False
6,42,scene_pass_through_maze,20260602,planner,prm,62048,"[-1.5708,-1.5708,1.5708,-1.5708,-1.5708,0]","[-3.4106444,-1.3536613,1.6919226,-1.059583,-5.2369956,0.54336803]","[0.62,0.02,0.43]","[0.44614,0.282258,0.366804,0.765993]",True
7,42,scene_pass_through_maze,20260602,planner,prm,62049,"[-1.5708,-1.5708,1.5708,-1.5708,-1.5708,0]","[-3.4106444,-1.3536613,1.6919226,-1.059583,-5.2369956,0.54336803]","[0.62,0.02,0.43]","[0.44614,0.282258,0.366804,0.765993]",True
8,42,scene_pass_through_maze,20260602,planner,prm,62050,"[-1.5708,-1.5708,1.5708,-1.5708,-1.5708,0]","[-3.4106444,-1.3536613,1.6919226,-1.059583,-5.2369956,0.54336803]","[0.62,0.02,0.43]","[0.44614,0.282258,0.366804,0.765993]",True
9,42,scene_pass_through_maze,20260602,planner,prm,62051,"[-1.5708,-1.5708,1.5708,-1.5708,-1.5708,0]","[-3.4106444,-1.3536613,1.6919226,-1.059583,-5.2369956,0.54336803]","[0.62,0.02,0.43]","[0.44614,0.282258,0.366804,0.765993]",True
10,42,scene_pass_through_maze,20260602,planner,prm,62052,"[-1.5708,-1.5708,1.5708,-1.5708,-1.5708,0]","[-3.4106444,-1.3536613,1.6919226,-1.059583,-5.2369956,0.54336803]","[0.62,0.02,0.43]","[0.44614,0.282258,0.366804,0.765993]",True
11,42,scene_pass_through_maze,20260602,planner,prm,62053,"[-1.5708,-1.5708,1.5708,-1.5708,-1.5708,0]","[-3.4106444,-1.3536613,1.6919226,-1.059583,-5.2369956,0.54336803]","[0.62,0.02,0.43]","[0.44614,0.282258,0.366804,0.765993]",True
12,42,scene_pass_through_maze,20260602,planner,prm,62054,"[-1.5708,-1.5708,1.5708,-1.5708,-1.5708,0]","[-3.4106444,-1.3536613,1.6919226,-1.059583,-5.2369956,0.54336803]","[0.62,0.02,0.43]","[0.44614,0.282258,0.366804,0.765993]",True
13,42,scene_pass_through_maze,20260602,planner,prm,62055,"[-1.5708,-1.5708,1.5708,-1.5708,-1.5708,0]","[-3.4106444,-1.3536613,1.6919226,-1.059583,-5.2369956,0.54336803]","[0.62,0.02,0.43]","[0.44614,0.282258,0.366804,0.765993]",False
14,42,scene_pass_through_maze,20260602,planner,prm,62056,"[-1.5708,-1.5708,1.5708,-1.5708,-1.5708,0]","[-3.4106444,-1.3536613,1.6919226,-1.059583,-5.2369956,0.54336803]","[0.62,0.02,0.43]","[0.44614,0.282258,0.366804,0.765993]",True
15,42,scene_pass_through_maze,20260602,planner,prm,62057,"[-1.5708,-1.5708,1.5708,-1.5708,-1.5708,0]","[-3.4106444,-1.3536613,1.6919226,-1.059583,-5.2369956,0.54336803]","[0.62,0.02,0.43]","[0.44614,0.282258,0.366804,0.765993]",True
16,42,scene_pass_through_maze,20260602,planner,prm,62058,"[-1.5708,-1.5708,1.5708,-1.5708,-1.5708,0]","[-3.4106444,-1.3536613,1.6919226,-1.059583,-5.2369956,0.54336803]","[0.62,0.02,0.43]","[0.44614,0.282258,0.366804,0.765993]",True
17,42,scene_pass_through_maze,20260602,planner,prm,62059,"[-1.5708,-1.5708,1.5708,-1.5708,-1.5708,0]","[-3.4106444,-1.3536613,1.6919226,-1.059583,-5.2369956,0.54336803]","[0.62,0.02,0.43]","[0.44614,0.282258,0.366804,0.765993]",True
18,42,scene_pass_through_maze,20260602,planner,prm,62060,"[-1.5708,-1.5708,1.5708,-1.5708,-1.5708,0]","[-3.4106444,-1.3536613,1.6919226,-1.059583,-5.2369956,0.54336803]","[0.62,0.02,0.43]","[0.44614,0.282258,0.366804,0.765993]",True
19,42,scene_pass_through_maze,20260602,planner,prm,62061,"[-1.5708,-1.5708,1.5708,-1.5708,-1.5708,0]","[-3.4106444,-1.3536613,1.6919226,-1.059583,-5.2369956,0.54336803]","[0.62,0.02,0.43]","[0.44614,0.282258,0.366804,0.765993]",False
20,42,scene_pass_through_maze,20260602,planner,prm,62062,"[-1.5708,-1.5708,1.5708,-1.5708,-1.5708,0]","[-3.4106444,-1.3536613,1.6919226,-1.059583,-5.2369956,0.54336803]","[0.62,0.02,0.43]","[0.44614,0.282258,0.366804,0.765993]",True
21,42,scene_pass_through_maze,20260602,planner,prm,62063,"[-1.5708,-1.5708,1.5708,-1.5708,-1.5708,0]","[-3.4106444,-1.3536613,1.6919226,-1.059583,-5.2369956,0.54336803]","[0.62,0.02,0.43]","[0.44614,0.282258,0.366804,0.765993]",True
22,42,scene_pass_through_maze,20260602,planner,prm,62064,"[-1.5708,-1.5708,1.5708,-1.5708,-1.5708,0]","[-3.4106444,-1.3536613,1.6919226,-1.059583,-5.2369956,0.54336803]","[0.62,0.02,0.43]","[0.44614,0.282258,0.366804,0.765993]",True
23,42,scene_pass_through_maze,20260602,planner,prm,62065,"[-1.5708,-1.5708,1.5708,-1.5708,-1.5708,0]","[-3.4106444,-1.3536613,1.6919226,-1.059583,-5.2369956,0.54336803]","[0.62,0.02,0.43]","[0.44614,0.282258,0.366804,0.765993]",True
24,42,scene_pass_through_maze,20260602,planner,prm,62066,"[-1.5708,-1.5708,1.5708,-1.5708,-1.5708,0]","[-3.4106444,-1.3536613,1.6919226,-1.059583,-5.2369956,0.54336803]","[0.62,0.02,0.43]","[0.44614,0.282258,0.366804,0.765993]",True
25,42,scene_pass_through_maze,20260602,planner,prm,62067,"[-1.5708,-1.5708,1.5708,-1.5708,-1.5708,0]","[-3.4106444,-1.3536613,1.6919226,-1.059583,-5.2369956,0.54336803]","[0.62,0.02,0.43]","[0.44614,0.282258,0.366804,0.765993]",True
26,42,scene_pass_through_maze,20260602,planner,prm,62068,"[-1.5708,-1.5708,1.5708,-1.5708,-1.5708,0]","[-3.4106444,-1.3536613,1.6919226,-1.059583,-5.2369956,0.54336803]","[0.62,0.02,0.43]","[0.44614,0.282258,0.366804,0.765993]",True
27,42,scene_pass_through_maze,20260602,planner,prm,62069,"[-1.5708,-1.5708,1.5708,-1.5708,-1.5708,0]","[-3.4106444,-1.3536613,1.6919226,-1.059583,-5.2369956,0.54336803]","[0.62,0.02,0.43]","[0.44614,0.282258,0.366804,0.765993]",True
28,42,scene_pass_through_maze,20260602,planner,prm,62070,"[-1.5708,-1.5708,1.5708,-1.5708,-1.5708,0]","[-3.4106444,-1.3536613,1.6919226,-1.059583,-5.2369956,0.54336803]","[0.62,0.02,0.43]","[0.44614,0.282258,0.366804,0.765993]",True
29,42,scene_pass_through_maze,20260602,planner,prm,62071,"[-1.5708,-1.5708,1.5708,-1.5708,-1.5708,0]","[-3.4106444,-1.3536613,1.6919226,-1.059583,-5.2369956,0.54336803]","[0.62,0.02,0.43]","[0.44614,0.282258,0.366804,0.765993]",True
30,42,scene_pass_through_maze,20260602,planner,prm,62072,"[-1.5708,-1.5708,1.5708,-1.5708,-1.5708,0]","[-3.4106444,-1.3536613,1.6919226,-1.059583,-5.2369956,0.54336803]","[0.62,0.02,0.43]","[0.44614,0.282258,0.366804,0.765993]",False
31,42,scene_pass_through_maze,20260602,planner,prm,62073,"[-1.5708,-1.5708,1.5708,-1.5708,-1.5708,0]","[-3.4106444,-1.3536613,1.6919226,-1.059583,-5.2369956,0.54336803]","[0.62,0.02,0.43]","[0.44614,0.282258,0.366804,0.765993]",True
32,42,scene_pass_through_maze,20260602,planner,prm,62074,"[-1.5708,-1.5708,1.5708,-1.5708,-1.5708,0]","[-3.4106444,-1.3536613,1.6919226,-1.059583,-5.2369956,0.54336803]","[0.62,0.02,0.43]","[0.44614,0.282258,0.366804,0.765993]",True
33,42,scene_pass_through_maze,20260602,planner,prm,62075,"[-1.5708,-1.5708,1.5708,-1.5708,-1.5708,0]","[-3.4106444,-1.3536613,1.6919226,-1.059583,-5.2369956,0.54336803]","[0.62,0.02,0.43]","[0.44614,0.282258,0.366804,0.765993]",True
34,42,scene_pass_through_maze,20260602,planner,prm,62076,"[-1.5708,-1.5708,1.5708,-1.5708,-1.5708,0]","[-3.4106444,-1.3536613,1.6919226,-1.059583,-5.2369956,0.54336803]","[0.62,0.02,0.43]","[0.44614,0.282258,0.366804,0.765993]",True
35,42,scene_pass_through_maze,20260602,planner,prm,62077,"[-1.5708,-1.5708,1.5708,-1.5708,-1.5708,0]","[-3.4106444,-1.3536613,1.6919226,-1.059583,-5.2369956,0.54336803]","[0.62,0.02,0.43]","[0.44614,0.282258,0.366804,0.765993]",True
36,42,scene_pass_through_maze,20260602,planner,prm,62078,"[-1.5708,-1.5708,1.5708,-1.5708,-1.5708,0]","[-3.4106444,-1.3536613,1.6919226,-1.059583,-5.2369956,0.54336803]","[0.62,0.02,0.43]","[0.44614,0.282258,0.366804,0.765993]",False
37,42,scene_pass_through_maze,20260602,planner,prm,62079,"[-1.5708,-1.5708,1.5708,-1.5708,-1.5708,0]","[-3.4106444,-1.3536613,1.6919226,-1.059583,-5.2369956,0.54336803]","[0.62,0.02,0.43]","[0.44614,0.282258,0.366804,0.765993]",True
38,42,scene_pass_through_maze,20260602,planner,prm,62080,"[-1.5708,-1.5708,1.5708,-1.5708,-1.5708,0]","[-3.4106444,-1.3536613,1.6919226,-1.059583,-5.2369956,0.54336803]","[0.62,0.02,0.43]","[0.44614,0.282258,0.366804,0.765993]",False
39,42,scene_pass_through_maze,20260602,planner,prm,62081,"[-1.5708,-1.5708,1.5708,-1.5708,-1.5708,0]","[-3.4106444,-1.3536613,1.6919226,-1.059583,-5.2369956,0.54336803]","[0.62,0.02,0.43]","[0.44614,0.282258,0.366804,0.765993]",True
40,42,scene_pass_through_maze,20260602,planner,prm,62082,"[-1.5708,-1.5708,1.5708,-1.5708,-1.5708,0]","[-3.4106444,-1.3536613,1.6919226,-1.059583,-5.2369956,0.54336803]","[0.62,0.02,0.43]","[0.44614,0.282258,0.366804,0.765993]",True
41,42,scene_pass_through_maze,20260602,planner,prm,62083,"[-1.5708,-1.5708,1.5708,-1.5708,-1.5708,0]","[-3.4106444,-1.3536613,1.6919226,-1.059583,-5.2369956,0.54336803]","[0.62,0.02,0.43]","[0.44614,0.282258,0.366804,0.765993]",True
42,42,scene_pass_through_maze,20260602,planner,prm,62084,"[-1.5708,-1.5708,1.5708,-1.5708,-1.5708,0]","[-3.4106444,-1.3536613,1.6919226,-1.059583,-5.2369956,0.54336803]","[0.62,0.02,0.43]","[0.44614,0.282258,0.366804,0.765993]",False
43,42,scene_pass_through_maze,20260602,planner,prm,62085,"[-1.5708,-1.5708,1.5708,-1.5708,-1.5708,0]","[-3.4106444,-1.3536613,1.6919226,-1.059583,-5.2369956,0.54336803]","[0.62,0.02,0.43]","[0.44614,0.282258,0.366804,0.765993]",True
44,42,scene_pass_through_maze,20260602,planner,prm,62086,"[-1.5708,-1.5708,1.5708,-1.5708,-1.5708,0]","[-3.4106444,-1.3536613,1.6919226,-1.059583,-5.2369956,0.54336803]","[0.62,0.02,0.43]","[0.44614,0.282258,0.366804,0.765993]",True
45,42,scene_pass_through_maze,20260602,planner,prm,62087,"[-1.5708,-1.5708,1.5708,-1.5708,-1.5708,0]","[-3.4106444,-1.3536613,1.6919226,-1.059583,-5.2369956,0.54336803]","[0.62,0.02,0.43]","[0.44614,0.282258,0.366804,0.765993]",True
46,42,scene_pass_through_maze,20260602,planner,prm,62088,"[-1.5708,-1.5708,1.5708,-1.5708,-1.5708,0]","[-3.4106444,-1.3536613,1.6919226,-1.059583,-5.2369956,0.54336803]","[0.62,0.02,0.43]","[0.44614,0.282258,0.366804,0.765993]",True
47,42,scene_pass_through_maze,20260602,planner,prm,62089,"[-1.5708,-1.5708,1.5708,-1.5708,-1.5708,0]","[-3.4106444,-1.3536613,1.6919226,-1.059583,-5.2369956,0.54336803]","[0.62,0.02,0.43]","[0.44614,0.282258,0.366804,0.765993]",True
48,42,scene_pass_through_maze,20260602,planner,prm,62090,"[-1.5708,-1.5708,1.5708,-1.5708,-1.5708,0]","[-3.4106444,-1.3536613,1.6919226,-1.059583,-5.2369956,0.54336803]","[0.62,0.02,0.43]","[0.44614,0.282258,0.366804,0.765993]",True
49,42,scene_pass_through_maze,20260602,planner,prm,62091,"[-1.5708,-1.5708,1.5708,-1.5708,-1.5708,0]","[-3.4106444,-1.3536613,1.6919226,-1.059583,-5.2369956,0.54336803]","[0.62,0.02,0.43]","[0.44614,0.282258,0.366804,0.765993]",True
0,42,scene_pass_through_maze,20260602,planner,apf,63042,"[-1.5708,-1.5708,1.5708,-1.5708,-1.5708,0]","[-3.4106444,-1.3536613,1.6919226,-1.059583,-5.2369956,0.54336803]","[0.62,0.02,0.43]","[0.44614,0.282258,0.366804,0.765993]",False
1,42,scene_pass_through_maze,20260602,planner,apf,63043,"[-1.5708,-1.5708,1.5708,-1.5708,-1.5708,0]","[-3.4106444,-1.3536613,1.6919226,-1.059583,-5.2369956,0.54336803]","[0.62,0.02,0.43]","[0.44614,0.282258,0.366804,0.765993]",False
2,42,scene_pass_through_maze,20260602,planner,apf,63044,"[-1.5708,-1.5708,1.5708,-1.5708,-1.5708,0]","[-3.4106444,-1.3536613,1.6919226,-1.059583,-5.2369956,0.54336803]","[0.62,0.02,0.43]","[0.44614,0.282258,0.366804,0.765993]",False
3,42,scene_pass_through_maze,20260602,planner,apf,63045,"[-1.5708,-1.5708,1.5708,-1.5708,-1.5708,0]","[-3.4106444,-1.3536613,1.6919226,-1.059583,-5.2369956,0.54336803]","[0.62,0.02,0.43]","[0.44614,0.282258,0.366804,0.765993]",False
4,42,scene_pass_through_maze,20260602,planner,apf,63046,"[-1.5708,-1.5708,1.5708,-1.5708,-1.5708,0]","[-3.4106444,-1.3536613,1.6919226,-1.059583,-5.2369956,0.54336803]","[0.62,0.02,0.43]","[0.44614,0.282258,0.366804,0.765993]",False
5,42,scene_pass_through_maze,20260602,planner,apf,63047,"[-1.5708,-1.5708,1.5708,-1.5708,-1.5708,0]","[-3.4106444,-1.3536613,1.6919226,-1.059583,-5.2369956,0.54336803]","[0.62,0.02,0.43]","[0.44614,0.282258,0.366804,0.765993]",False
6,42,scene_pass_through_maze,20260602,planner,apf,63048,"[-1.5708,-1.5708,1.5708,-1.5708,-1.5708,0]","[-3.4106444,-1.3536613,1.6919226,-1.059583,-5.2369956,0.54336803]","[0.62,0.02,0.43]","[0.44614,0.282258,0.366804,0.765993]",False
7,42,scene_pass_through_maze,20260602,planner,apf,63049,"[-1.5708,-1.5708,1.5708,-1.5708,-1.5708,0]","[-3.4106444,-1.3536613,1.6919226,-1.059583,-5.2369956,0.54336803]","[0.62,0.02,0.43]","[0.44614,0.282258,0.366804,0.765993]",False
8,42,scene_pass_through_maze,20260602,planner,apf,63050,"[-1.5708,-1.5708,1.5708,-1.5708,-1.5708,0]","[-3.4106444,-1.3536613,1.6919226,-1.059583,-5.2369956,0.54336803]","[0.62,0.02,0.43]","[0.44614,0.282258,0.366804,0.765993]",False
9,42,scene_pass_through_maze,20260602,planner,apf,63051,"[-1.5708,-1.5708,1.5708,-1.5708,-1.5708,0]","[-3.4106444,-1.3536613,1.6919226,-1.059583,-5.2369956,0.54336803]","[0.62,0.02,0.43]","[0.44614,0.282258,0.366804,0.765993]",False
10,42,scene_pass_through_maze,20260602,planner,apf,63052,"[-1.5708,-1.5708,1.5708,-1.5708,-1.5708,0]","[-3.4106444,-1.3536613,1.6919226,-1.059583,-5.2369956,0.54336803]","[0.62,0.02,0.43]","[0.44614,0.282258,0.366804,0.765993]",False
11,42,scene_pass_through_maze,20260602,planner,apf,63053,"[-1.5708,-1.5708,1.5708,-1.5708,-1.5708,0]","[-3.4106444,-1.3536613,1.6919226,-1.059583,-5.2369956,0.54336803]","[0.62,0.02,0.43]","[0.44614,0.282258,0.366804,0.765993]",False
12,42,scene_pass_through_maze,20260602,planner,apf,63054,"[-1.5708,-1.5708,1.5708,-1.5708,-1.5708,0]","[-3.4106444,-1.3536613,1.6919226,-1.059583,-5.2369956,0.54336803]","[0.62,0.02,0.43]","[0.44614,0.282258,0.366804,0.765993]",False
13,42,scene_pass_through_maze,20260602,planner,apf,63055,"[-1.5708,-1.5708,1.5708,-1.5708,-1.5708,0]","[-3.4106444,-1.3536613,1.6919226,-1.059583,-5.2369956,0.54336803]","[0.62,0.02,0.43]","[0.44614,0.282258,0.366804,0.765993]",False
14,42,scene_pass_through_maze,20260602,planner,apf,63056,"[-1.5708,-1.5708,1.5708,-1.5708,-1.5708,0]","[-3.4106444,-1.3536613,1.6919226,-1.059583,-5.2369956,0.54336803]","[0.62,0.02,0.43]","[0.44614,0.282258,0.366804,0.765993]",False
15,42,scene_pass_through_maze,20260602,planner,apf,63057,"[-1.5708,-1.5708,1.5708,-1.5708,-1.5708,0]","[-3.4106444,-1.3536613,1.6919226,-1.059583,-5.2369956,0.54336803]","[0.62,0.02,0.43]","[0.44614,0.282258,0.366804,0.765993]",False
16,42,scene_pass_through_maze,20260602,planner,apf,63058,"[-1.5708,-1.5708,1.5708,-1.5708,-1.5708,0]","[-3.4106444,-1.3536613,1.6919226,-1.059583,-5.2369956,0.54336803]","[0.62,0.02,0.43]","[0.44614,0.282258,0.366804,0.765993]",False
17,42,scene_pass_through_maze,20260602,planner,apf,63059,"[-1.5708,-1.5708,1.5708,-1.5708,-1.5708,0]","[-3.4106444,-1.3536613,1.6919226,-1.059583,-5.2369956,0.54336803]","[0.62,0.02,0.43]","[0.44614,0.282258,0.366804,0.765993]",False
18,42,scene_pass_through_maze,20260602,planner,apf,63060,"[-1.5708,-1.5708,1.5708,-1.5708,-1.5708,0]","[-3.4106444,-1.3536613,1.6919226,-1.059583,-5.2369956,0.54336803]","[0.62,0.02,0.43]","[0.44614,0.282258,0.366804,0.765993]",False
19,42,scene_pass_through_maze,20260602,planner,apf,63061,"[-1.5708,-1.5708,1.5708,-1.5708,-1.5708,0]","[-3.4106444,-1.3536613,1.6919226,-1.059583,-5.2369956,0.54336803]","[0.62,0.02,0.43]","[0.44614,0.282258,0.366804,0.765993]",False
20,42,scene_pass_through_maze,20260602,planner,apf,63062,"[-1.5708,-1.5708,1.5708,-1.5708,-1.5708,0]","[-3.4106444,-1.3536613,1.6919226,-1.059583,-5.2369956,0.54336803]","[0.62,0.02,0.43]","[0.44614,0.282258,0.366804,0.765993]",False
21,42,scene_pass_through_maze,20260602,planner,apf,63063,"[-1.5708,-1.5708,1.5708,-1.5708,-1.5708,0]","[-3.4106444,-1.3536613,1.6919226,-1.059583,-5.2369956,0.54336803]","[0.62,0.02,0.43]","[0.44614,0.282258,0.366804,0.765993]",False
22,42,scene_pass_through_maze,20260602,planner,apf,63064,"[-1.5708,-1.5708,1.5708,-1.5708,-1.5708,0]","[-3.4106444,-1.3536613,1.6919226,-1.059583,-5.2369956,0.54336803]","[0.62,0.02,0.43]","[0.44614,0.282258,0.366804,0.765993]",False
23,42,scene_pass_through_maze,20260602,planner,apf,63065,"[-1.5708,-1.5708,1.5708,-1.5708,-1.5708,0]","[-3.4106444,-1.3536613,1.6919226,-1.059583,-5.2369956,0.54336803]","[0.62,0.02,0.43]","[0.44614,0.282258,0.366804,0.765993]",False
24,42,scene_pass_through_maze,20260602,planner,apf,63066,"[-1.5708,-1.5708,1.5708,-1.5708,-1.5708,0]","[-3.4106444,-1.3536613,1.6919226,-1.059583,-5.2369956,0.54336803]","[0.62,0.02,0.43]","[0.44614,0.282258,0.366804,0.765993]",False
25,42,scene_pass_through_maze,20260602,planner,apf,63067,"[-1.5708,-1.5708,1.5708,-1.5708,-1.5708,0]","[-3.4106444,-1.3536613,1.6919226,-1.059583,-5.2369956,0.54336803]","[0.62,0.02,0.43]","[0.44614,0.282258,0.366804,0.765993]",False
26,42,scene_pass_through_maze,20260602,planner,apf,63068,"[-1.5708,-1.5708,1.5708,-1.5708,-1.5708,0]","[-3.4106444,-1.3536613,1.6919226,-1.059583,-5.2369956,0.54336803]","[0.62,0.02,0.43]","[0.44614,0.282258,0.366804,0.765993]",False
27,42,scene_pass_through_maze,20260602,planner,apf,63069,"[-1.5708,-1.5708,1.5708,-1.5708,-1.5708,0]","[-3.4106444,-1.3536613,1.6919226,-1.059583,-5.2369956,0.54336803]","[0.62,0.02,0.43]","[0.44614,0.282258,0.366804,0.765993]",False
28,42,scene_pass_through_maze,20260602,planner,apf,63070,"[-1.5708,-1.5708,1.5708,-1.5708,-1.5708,0]","[-3.4106444,-1.3536613,1.6919226,-1.059583,-5.2369956,0.54336803]","[0.62,0.02,0.43]","[0.44614,0.282258,0.366804,0.765993]",False
29,42,scene_pass_through_maze,20260602,planner,apf,63071,"[-1.5708,-1.5708,1.5708,-1.5708,-1.5708,0]","[-3.4106444,-1.3536613,1.6919226,-1.059583,-5.2369956,0.54336803]","[0.62,0.02,0.43]","[0.44614,0.282258,0.366804,0.765993]",False
30,42,scene_pass_through_maze,20260602,planner,apf,63072,"[-1.5708,-1.5708,1.5708,-1.5708,-1.5708,0]","[-3.4106444,-1.3536613,1.6919226,-1.059583,-5.2369956,0.54336803]","[0.62,0.02,0.43]","[0.44614,0.282258,0.366804,0.765993]",False
31,42,scene_pass_through_maze,20260602,planner,apf,63073,"[-1.5708,-1.5708,1.5708,-1.5708,-1.5708,0]","[-3.4106444,-1.3536613,1.6919226,-1.059583,-5.2369956,0.54336803]","[0.62,0.02,0.43]","[0.44614,0.282258,0.366804,0.765993]",False
32,42,scene_pass_through_maze,20260602,planner,apf,63074,"[-1.5708,-1.5708,1.5708,-1.5708,-1.5708,0]","[-3.4106444,-1.3536613,1.6919226,-1.059583,-5.2369956,0.54336803]","[0.62,0.02,0.43]","[0.44614,0.282258,0.366804,0.765993]",False
33,42,scene_pass_through_maze,20260602,planner,apf,63075,"[-1.5708,-1.5708,1.5708,-1.5708,-1.5708,0]","[-3.4106444,-1.3536613,1.6919226,-1.059583,-5.2369956,0.54336803]","[0.62,0.02,0.43]","[0.44614,0.282258,0.366804,0.765993]",False
34,42,scene_pass_through_maze,20260602,planner,apf,63076,"[-1.5708,-1.5708,1.5708,-1.5708,-1.5708,0]","[-3.4106444,-1.3536613,1.6919226,-1.059583,-5.2369956,0.54336803]","[0.62,0.02,0.43]","[0.44614,0.282258,0.366804,0.765993]",False
35,42,scene_pass_through_maze,20260602,planner,apf,63077,"[-1.5708,-1.5708,1.5708,-1.5708,-1.5708,0]","[-3.4106444,-1.3536613,1.6919226,-1.059583,-5.2369956,0.54336803]","[0.62,0.02,0.43]","[0.44614,0.282258,0.366804,0.765993]",False
36,42,scene_pass_through_maze,20260602,planner,apf,63078,"[-1.5708,-1.5708,1.5708,-1.5708,-1.5708,0]","[-3.4106444,-1.3536613,1.6919226,-1.059583,-5.2369956,0.54336803]","[0.62,0.02,0.43]","[0.44614,0.282258,0.366804,0.765993]",False
37,42,scene_pass_through_maze,20260602,planner,apf,63079,"[-1.5708,-1.5708,1.5708,-1.5708,-1.5708,0]","[-3.4106444,-1.3536613,1.6919226,-1.059583,-5.2369956,0.54336803]","[0.62,0.02,0.43]","[0.44614,0.282258,0.366804,0.765993]",False
38,42,scene_pass_through_maze,20260602,planner,apf,63080,"[-1.5708,-1.5708,1.5708,-1.5708,-1.5708,0]","[-3.4106444,-1.3536613,1.6919226,-1.059583,-5.2369956,0.54336803]","[0.62,0.02,0.43]","[0.44614,0.282258,0.366804,0.765993]",False
39,42,scene_pass_through_maze,20260602,planner,apf,63081,"[-1.5708,-1.5708,1.5708,-1.5708,-1.5708,0]","[-3.4106444,-1.3536613,1.6919226,-1.059583,-5.2369956,0.54336803]","[0.62,0.02,0.43]","[0.44614,0.282258,0.366804,0.765993]",False
40,42,scene_pass_through_maze,20260602,planner,apf,63082,"[-1.5708,-1.5708,1.5708,-1.5708,-1.5708,0]","[-3.4106444,-1.3536613,1.6919226,-1.059583,-5.2369956,0.54336803]","[0.62,0.02,0.43]","[0.44614,0.282258,0.366804,0.765993]",False
41,42,scene_pass_through_maze,20260602,planner,apf,63083,"[-1.5708,-1.5708,1.5708,-1.5708,-1.5708,0]","[-3.4106444,-1.3536613,1.6919226,-1.059583,-5.2369956,0.54336803]","[0.62,0.02,0.43]","[0.44614,0.282258,0.366804,0.765993]",False
42,42,scene_pass_through_maze,20260602,planner,apf,63084,"[-1.5708,-1.5708,1.5708,-1.5708,-1.5708,0]","[-3.4106444,-1.3536613,1.6919226,-1.059583,-5.2369956,0.54336803]","[0.62,0.02,0.43]","[0.44614,0.282258,0.366804,0.765993]",False
43,42,scene_pass_through_maze,20260602,planner,apf,63085,"[-1.5708,-1.5708,1.5708,-1.5708,-1.5708,0]","[-3.4106444,-1.3536613,1.6919226,-1.059583,-5.2369956,0.54336803]","[0.62,0.02,0.43]","[0.44614,0.282258,0.366804,0.765993]",False
44,42,scene_pass_through_maze,20260602,planner,apf,63086,"[-1.5708,-1.5708,1.5708,-1.5708,-1.5708,0]","[-3.4106444,-1.3536613,1.6919226,-1.059583,-5.2369956,0.54336803]","[0.62,0.02,0.43]","[0.44614,0.282258,0.366804,0.765993]",False
45,42,scene_pass_through_maze,20260602,planner,apf,63087,"[-1.5708,-1.5708,1.5708,-1.5708,-1.5708,0]","[-3.4106444,-1.3536613,1.6919226,-1.059583,-5.2369956,0.54336803]","[0.62,0.02,0.43]","[0.44614,0.282258,0.366804,0.765993]",False
46,42,scene_pass_through_maze,20260602,planner,apf,63088,"[-1.5708,-1.5708,1.5708,-1.5708,-1.5708,0]","[-3.4106444,-1.3536613,1.6919226,-1.059583,-5.2369956,0.54336803]","[0.62,0.02,0.43]","[0.44614,0.282258,0.366804,0.765993]",False
47,42,scene_pass_through_maze,20260602,planner,apf,63089,"[-1.5708,-1.5708,1.5708,-1.5708,-1.5708,0]","[-3.4106444,-1.3536613,1.6919226,-1.059583,-5.2369956,0.54336803]","[0.62,0.02,0.43]","[0.44614,0.282258,0.366804,0.765993]",False
48,42,scene_pass_through_maze,20260602,planner,apf,63090,"[-1.5708,-1.5708,1.5708,-1.5708,-1.5708,0]","[-3.4106444,-1.3536613,1.6919226,-1.059583,-5.2369956,0.54336803]","[0.62,0.02,0.43]","[0.44614,0.282258,0.366804,0.765993]",False
49,42,scene_pass_through_maze,20260602,planner,apf,63091,"[-1.5708,-1.5708,1.5708,-1.5708,-1.5708,0]","[-3.4106444,-1.3536613,1.6919226,-1.059583,-5.2369956,0.54336803]","[0.62,0.02,0.43]","[0.44614,0.282258,0.366804,0.765993]",False
