scene_id,planner,trial_id,max_speed,mean_speed,max_acc,mean_acc,max_jerk,mean_jerk
scene_00_no_obstacle,apf,0,0.044455711389031295,0.044455666628635475,2.0024984406137275e-07,1.2404159545217822e-07,3.640054943974802e-07,2.3637080287036914e-07
scene_00_no_obstacle,apf,1,0.044455711389031295,0.044455666628635475,2.0024984406137275e-07,1.2404159545217822e-07,3.640054943974802e-07,2.3637080287036914e-07
scene_00_no_obstacle,apf,2,0.044455711389031295,0.044455666628635475,2.0024984406137275e-07,1.2404159545217822e-07,3.640054943974802e-07,2.3637080287036914e-07
scene_00_no_obstacle,apf,3,0.044455711389031295,0.044455666628635475,2.0024984406137275e-07,1.2404159545217822e-07,3.640054943974802e-07,2.3637080287036914e-07
scene_00_no_obstacle,apf,4,0.044455711389031295,0.044455666628635475,2.0024984406137275e-07,1.2404159545217822e-07,3.640054943974802e-07,2.3637080287036914e-07
scene_00_no_obstacle,apf,5,0.044455711389031295,0.044455666628635475,2.0024984406137275e-07,1.2404159545217822e-07,3.640054943974802e-07,2.3637080287036914e-07
scene_00_no_obstacle,apf,6,0.044455711389031295,0.044455666628635475,2.0024984406137275e-07,1.2404159545217822e-07,3.640054943974802e-07,2.3637080287036914e-07
scene_00_no_obstacle,apf,7,0.044455711389031295,0.044455666628635475,2.0024984406137275e-07,1.2404159545217822e-07,3.640054943974802e-07,2.3637080287036914e-07
scene_00_no_obstacle,apf,8,0.044455711389031295,0.044455666628635475,2.0024984406137275e-07,1.2404159545217822e-07,3.640054943974802e-07,2.3637080287036914e-07
scene_00_no_obstacle,apf,9,0.044455711389031295,0.044455666628635475,2.0024984406137275e-07,1.2404159545217822e-07,3.640054943974802e-07,2.3637080287036914e-07
scene_00_no_obstacle,apf,10,0.044455711389031295,0.044455666628635475,2.0024984406137275e-07,1.2404159545217822e-07,3.640054943974802e-07,2.3637080287036914e-07
scene_00_no_obstacle,apf,11,0.044455711389031295,0.044455666628635475,2.0024984406137275e-07,1.2404159545217822e-07,3.640054943974802e-07,2.3637080287036914e-07
scene_00_no_obstacle,apf,12,0.044455711389031295,0.044455666628635475,2.0024984406137275e-07,1.2404159545217822e-07,3.640054943974802e-07,2.3637080287036914e-07
scene_00_no_obstacle,apf,13,0.044455711389031295,0.044455666628635475,2.0024984406137275e-07,1.2404159545217822e-07,3.640054943974802e-07,2.3637080287036914e-07
scene_00_no_obstacle,apf,14,0.044455711389031295,0.044455666628635475,2.0024984406137275e-07,1.2404159545217822e-07,3.640054943974802e-07,2.3637080287036914e-07
scene_00_no_obstacle,apf,15,0.044455711389031295,0.044455666628635475,2.0024984406137275e-07,1.2404159545217822e-07,3.640054943974802e-07,2.3637080287036914e-07
scene_00_no_obstacle,apf,16,0.044455711389031295,0.044455666628635475,2.0024984406137275e-07,1.2404159545217822e-07,3.640054943974802e-07,2.3637080287036914e-07
scene_00_no_obstacle,apf,17,0.044455711389031295,0.044455666628635475,2.0024984406137275e-07,1.2404159545217822e-07,3.640054943974802e-07,2.3637080287036914e-07
scene_00_no_obstacle,apf,18,0.044455711389031295,0.044455666628635475,2.0024984406137275e-07,1.2404159545217822e-07,3.640054943974802e-07,2.3637080287036914e-07
scene_00_no_obstacle,apf,19,0.044455711389031295,0.044455666628635475,2.0024984406137275e-07,1.2404159545217822e-07,3.640054943974802e-07,2.3637080287036914e-07
scene_00_no_obstacle,apf,20,0.044455711389031295,0.044455666628635475,2.0024984406137275e-07,1.2404159545217822e-07,3.640054943974802e-07,2.3637080287036914e-07
scene_00_no_obstacle,apf,21,0.044455711389031295,0.044455666628635475,2.0024984406137275e-07,1.2404159545217822e-07,3.640054943974802e-07,2.3637080287036914e-07
scene_00_no_obstacle,apf,22,0.044455711389031295,0.044455666628635475,2.0024984406137275e-07,1.2404159545217822e-07,3.640054943974802e-07,2.3637080287036914e-07
scene_00_no_obstacle,apf,23,0.044455711389031295,0.044455666628635475,2.0024984406137275e-07,1.2404159545217822e-07,3.640054943974802e-07,2.3637080287036914e-07
scene_00_no_obstacle,apf,24,0.044455711389031295,0.044455666628635475,2.0024984406137275e-07,1.2404159545217822e-07,3.640054943974802e-07,2.3637080287036914e-07
scene_00_no_obstacle,apf,25,0.044455711389031295,0.044455666628635475,2.0024984406137275e-07,1.2404159545217822e-07,3.640054943974802e-07,2.3637080287036914e-07
scene_00_no_obstacle,apf,26,0.044455711389031295,0.044455666628635475,2.0024984406137275e-07,1.2404159545217822e-07,3.640054943974802e-07,2.3637080287036914e-07
scene_00_no_obstacle,apf,27,0.044455711389031295,0.044455666628635475,2.0024984406137275e-07,1.2404159545217822e-07,3.640054943974802e-07,2.3637080287036914e-07
scene_00_no_obstacle,apf,28,0.044455711389031295,0.044455666628635475,2.0024984406137275e-07,1.2404159545217822e-07,3.640054943974802e-07,2.3637080287036914e-07
scene_00_no_obstacle,apf,29,0.044455711389031295,0.044455666628635475,2.0024984406137275e-07,1.2404159545217822e-07,3.640054943974802e-07,2.3637080287036914e-07
scene_00_no_obstacle,apf,30,0.044455711389031295,0.044455666628635475,2.0024984406137275e-07,1.2404159545217822e-07,3.640054943974802e-07,2.3637080287036914e-07
scene_00_no_obstacle,apf,31,0.044455711389031295,0.044455666628635475,2.0024984406137275e-07,1.2404159545217822e-07,3.640054943974802e-07,2.3637080287036914e-07
scene_00_no_obstacle,apf,32,0.044455711389031295,0.044455666628635475,2.0024984406137275e-07,1.2404159545217822e-07,3.640054943974802e-07,2.3637080287036914e-07
scene_00_no_obstacle,apf,33,0.044455711389031295,0.044455666628635475,2.0024984406137275e-07,1.2404159545217822e-07,3.640054943974802e-07,2.3637080287036914e-07
scene_00_no_obstacle,apf,34,0.044455711389031295,0.044455666628635475,2.0024984406137275e-07,1.2404159545217822e-07,3.640054943974802e-07,2.3637080287036914e-07
scene_00_no_obstacle,apf,35,0.044455711389031295,0.044455666628635475,2.0024984406137275e-07,1.2404159545217822e-07,3.640054943974802e-07,2.3637080287036914e-07
scene_00_no_obstacle,apf,36,0.044455711389031295,0.044455666628635475,2.0024984406137275e-07,1.2404159545217822e-07,3.640054943974802e-07,2.3637080287036914e-07
scene_00_no_obstacle,apf,37,0.044455711389031295,0.044455666628635475,2.0024984406137275e-07,1.2404159545217822e-07,3.640054943974802e-07,2.3637080287036914e-07
scene_00_no_obstacle,apf,38,0.044455711389031295,0.044455666628635475,2.0024984406137275e-07,1.2404159545217822e-07,3.640054943974802e-07,2.3637080287036914e-07
scene_00_no_obstacle,apf,39,0.044455711389031295,0.044455666628635475,2.0024984406137275e-07,1.2404159545217822e-07,3.640054943974802e-07,2.3637080287036914e-07
scene_00_no_obstacle,apf,40,0.044455711389031295,0.044455666628635475,2.0024984406137275e-07,1.2404159545217822e-07,3.640054943974802e-07,2.3637080287036914e-07
scene_00_no_obstacle,apf,41,0.044455711389031295,0.044455666628635475,2.0024984406137275e-07,1.2404159545217822e-07,3.640054943974802e-07,2.3637080287036914e-07
scene_00_no_obstacle,apf,42,0.044455711389031295,0.044455666628635475,2.0024984406137275e-07,1.2404159545217822e-07,3.640054943974802e-07,2.3637080287036914e-07
scene_00_no_obstacle,apf,43,0.044455711389031295,0.044455666628635475,2.0024984406137275e-07,1.2404159545217822e-07,3.640054943974802e-07,2.3637080287036914e-07
scene_00_no_obstacle,apf,44,0.044455711389031295,0.044455666628635475,2.0024984406137275e-07,1.2404159545217822e-07,3.640054943974802e-07,2.3637080287036914e-07
scene_00_no_obstacle,apf,45,0.044455711389031295,0.044455666628635475,2.0024984406137275e-07,1.2404159545217822e-07,3.640054943974802e-07,2.3637080287036914e-07
scene_00_no_obstacle,apf,46,0.044455711389031295,0.044455666628635475,2.0024984406137275e-07,1.2404159545217822e-07,3.640054943974802e-07,2.3637080287036914e-07
scene_00_no_obstacle,apf,47,0.044455711389031295,0.044455666628635475,2.0024984406137275e-07,1.2404159545217822e-07,3.640054943974802e-07,2.3637080287036914e-07
scene_00_no_obstacle,apf,48,0.044455711389031295,0.044455666628635475,2.0024984406137275e-07,1.2404159545217822e-07,3.640054943974802e-07,2.3637080287036914e-07
scene_00_no_obstacle,apf,49,0.044455711389031295,0.044455666628635475,2.0024984406137275e-07,1.2404159545217822e-07,3.640054943974802e-07,2.3637080287036914e-07
scene_00_no_obstacle,prm,0,0.044455711389031295,0.044455666628635475,2.0024984406137275e-07,1.2404159545217822e-07,3.640054943974802e-07,2.3637080287036914e-07
scene_00_no_obstacle,prm,1,0.044455711389031295,0.044455666628635475,2.0024984406137275e-07,1.2404159545217822e-07,3.640054943974802e-07,2.3637080287036914e-07
scene_00_no_obstacle,prm,2,0.044455711389031295,0.044455666628635475,2.0024984406137275e-07,1.2404159545217822e-07,3.640054943974802e-07,2.3637080287036914e-07
scene_00_no_obstacle,prm,3,0.044455711389031295,0.044455666628635475,2.0024984406137275e-07,1.2404159545217822e-07,3.640054943974802e-07,2.3637080287036914e-07
scene_00_no_obstacle,prm,4,0.044455711389031295,0.044455666628635475,2.0024984406137275e-07,1.2404159545217822e-07,3.640054943974802e-07,2.3637080287036914e-07
scene_00_no_obstacle,prm,5,0.044455711389031295,0.044455666628635475,2.0024984406137275e-07,1.2404159545217822e-07,3.640054943974802e-07,2.3637080287036914e-07
scene_00_no_obstacle,prm,6,0.044455711389031295,0.044455666628635475,2.0024984406137275e-07,1.2404159545217822e-07,3.640054943974802e-07,2.3637080287036914e-07
scene_00_no_obstacle,prm,7,0.044455711389031295,0.044455666628635475,2.0024984406137275e-07,1.2404159545217822e-07,3.640054943974802e-07,2.3637080287036914e-07
scene_00_no_obstacle,prm,8,0.044455711389031295,0.044455666628635475,2.0024984406137275e-07,1.2404159545217822e-07,3.640054943974802e-07,2.3637080287036914e-07
scene_00_no_obstacle,prm,9,0.044455711389031295,0.044455666628635475,2.0024984406137275e-07,1.2404159545217822e-07,3.640054943974802e-07,2.3637080287036914e-07
scene_00_no_obstacle,prm,10,0.044455711389031295,0.044455666628635475,2.0024984406137275e-07,1.2404159545217822e-07,3.640054943974802e-07,2.3637080287036914e-07
scene_00_no_obstacle,prm,11,0.044455711389031295,0.044455666628635475,2.0024984406137275e-07,1.2404159545217822e-07,3.640054943974802e-07,2.3637080287036914e-07
scene_00_no_obstacle,prm,12,0.044455711389031295,0.044455666628635475,2.0024984406137275e-07,1.2404159545217822e-07,3.640054943974802e-07,2.3637080287036914e-07
scene_00_no_obstacle,prm,13,0.044455711389031295,0.044455666628635475,2.0024984406137275e-07,1.2404159545217822e-07,3.640054943974802e-07,2.3637080287036914e-07
scene_00_no_obstacle,prm,14,0.044455711389031295,0.044455666628635475,2.0024984406137275e-07,1.2404159545217822e-07,3.640054943974802e-07,2.3637080287036914e-07
scene_00_no_obstacle,prm,15,0.044455711389031295,0.044455666628635475,2.0024984406137275e-07,1.2404159545217822e-07,3.640054943974802e-07,2.3637080287036914e-07
scene_00_no_obstacle,prm,16,0.044455711389031295,0.044455666628635475,2.0024984406137275e-07,1.2404159545217822e-07,3.640054943974802e-07,2.3637080287036914e-07
scene_00_no_obstacle,prm,17,0.044455711389031295,0.044455666628635475,2.0024984406137275e-07,1.2404159545217822e-07,3.640054943974802e-07,2.3637080287036914e-07
scene_00_no_obstacle,prm,18,0.044455711389031295,0.044455666628635475,2.0024984406137275e-07,1.2404159545217822e-07,3.640054943974802e-07,2.3637080287036914e-07
scene_00_no_obstacle,prm,19,0.044455711389031295,0.044455666628635475,2.0024984406137275e-07,1.2404159545217822e-07,3.640054943974802e-07,2.3637080287036914e-07
scene_00_no_obstacle,prm,20,0.044455711389031295,0.044455666628635475,2.0024984406137275e-07,1.2404159545217822e-07,3.640054943974802e-07,2.3637080287036914e-07
scene_00_no_obstacle,prm,21,0.044455711389031295,0.044455666628635475,2.0024984406137275e-07,1.2404159545217822e-07,3.640054943974802e-07,2.3637080287036914e-07
scene_00_no_obstacle,prm,22,0.044455711389031295,0.044455666628635475,2.0024984406137275e-07,1.2404159545217822e-07,3.640054943974802e-07,2.3637080287036914e-07
scene_00_no_obstacle,prm,23,0.044455711389031295,0.044455666628635475,2.0024984406137275e-07,1.2404159545217822e-07,3.640054943974802e-07,2.3637080287036914e-07
scene_00_no_obstacle,prm,24,0.044455711389031295,0.044455666628635475,2.0024984406137275e-07,1.2404159545217822e-07,3.640054943974802e-07,2.3637080287036914e-07
scene_00_no_obstacle,prm,25,0.044455711389031295,0.044455666628635475,2.0024984406137275e-07,1.2404159545217822e-07,3.640054943974802e-07,2.3637080287036914e-07
scene_00_no_obstacle,prm,26,0.044455711389031295,0.044455666628635475,2.0024984406137275e-07,1.2404159545217822e-07,3.640054943974802e-07,2.3637080287036914e-07
scene_00_no_obstacle,prm,27,0.044455711389031295,0.044455666628635475,2.0024984406137275e-07,1.2404159545217822e-07,3.640054943974802e-07,2.3637080287036914e-07
scene_00_no_obstacle,prm,28,0.044455711389031295,0.044455666628635475,2.0024984406137275e-07,1.2404159545217822e-07,3.640054943974802e-07,2.3637080287036914e-07
scene_00_no_obstacle,prm,29,0.044455711389031295,0.044455666628635475,2.0024984406137275e-07,1.2404159545217822e-07,3.640054943974802e-07,2.3637080287036914e-07
scene_00_no_obstacle,prm,30,0.044455711389031295,0.044455666628635475,2.0024984406137275e-07,1.2404159545217822e-07,3.640054943974802e-07,2.3637080287036914e-07
scene_00_no_obstacle,prm,31,0.044455711389031295,0.044455666628635475,2.0024984406137275e-07,1.2404159545217822e-07,3.640054943974802e-07,2.3637080287036914e-07
scene_00_no_obstacle,prm,32,0.044455711389031295,0.044455666628635475,2.0024984406137275e-07,1.2404159545217822e-07,3.640054943974802e-07,2.3637080287036914e-07
scene_00_no_obstacle,prm,33,0.044455711389031295,0.044455666628635475,2.0024984406137275e-07,1.2404159545217822e-07,3.640054943974802e-07,2.3637080287036914e-07
scene_00_no_obstacle,prm,34,0.044455711389031295,0.044455666628635475,2.0024984406137275e-07,1.2404159545217822e-07,3.640054943974802e-07,2.3637080287036914e-07
scene_00_no_obstacle,prm,35,0.044455711389031295,0.044455666628635475,2.0024984406137275e-07,1.2404159545217822e-07,3.640054943974802e-07,2.3637080287036914e-07
scene_00_no_obstacle,prm,36,0.044455711389031295,0.044455666628635475,2.0024984406137275e-07,1.2404159545217822e-07,3.640054943974802e-07,2.3637080287036914e-07
scene_00_no_obstacle,prm,37,0.044455711389031295,0.044455666628635475,2.0024984406137275e-07,1.2404159545217822e-07,3.640054943974802e-07,2.3637080287036914e-07
scene_00_no_obstacle,prm,38,0.044455711389031295,0.044455666628635475,2.0024984406137275e-07,1.2404159545217822e-07,3.640054943974802e-07,2.3637080287036914e-07
scene_00_no_obstacle,prm,39,0.044455711389031295,0.044455666628635475,2.0024984406137275e-07,1.2404159545217822e-07,3.640054943974802e-07,2.3637080287036914e-07
scene_00_no_obstacle,prm,40,0.044455711389031295,0.044455666628635475,2.0024984406137275e-07,1.2404159545217822e-07,3.640054943974802e-07,2.3637080287036914e-07
scene_00_no_obstacle,prm,41,0.044455711389031295,0.044455666628635475,2.0024984406137275e-07,1.2404159545217822e-07,3.640054943974802e-07,2.3637080287036914e-07
scene_00_no_obstacle,prm,42,0.044455711389031295,0.044455666628635475,2.0024984406137275e-07,1.2404159545217822e-07,3.640054943974802e-07,2.3637080287036914e-07
scene_00_no_obstacle,prm,43,0.044455711389031295,0.044455666628635475,2.0024984406137275e-07,1.2404159545217822e-07,3.640054943974802e-07,2.3637080287036914e-07
scene_00_no_obstacle,prm,44,0.044455711389031295,0.044455666628635475,2.0024984406137275e-07,1.2404159545217822e-07,3.640054943974802e-07,2.3637080287036914e-07
scene_00_no_obstacle,prm,45,0.044455711389031295,0.044455666628635475,2.0024984406137275e-07,1.2404159545217822e-07,3.640054943974802e-07,2.3637080287036914e-07
scene_00_no_obstacle,prm,46,0.044455711389031295,0.044455666628635475,2.0024984406137275e-07,1.2404159545217822e-07,3.640054943974802e-07,2.3637080287036914e-07
scene_00_no_obstacle,prm,47,0.044455711389031295,0.044455666628635475,2.0024984406137275e-07,1.2404159545217822e-07,3.640054943974802e-07,2.3637080287036914e-07
scene_00_no_obstacle,prm,48,0.044455711389031295,0.044455666628635475,2.0024984406137275e-07,1.2404159545217822e-07,3.640054943974802e-07,2.3637080287036914e-07
scene_00_no_obstacle,prm,49,0.044455711389031295,0.044455666628635475,2.0024984406137275e-07,1.2404159545217822e-07,3.640054943974802e-07,2.3637080287036914e-07
scene_00_no_obstacle,rrt,0,0.044455711389031295,0.044455666628635475,2.0024984406137275e-07,1.2404159545217822e-07,3.640054943974802e-07,2.3637080287036914e-07
scene_00_no_obstacle,rrt,1,0.044455711389031295,0.044455666628635475,2.0024984406137275e-07,1.2404159545217822e-07,3.640054943974802e-07,2.3637080287036914e-07
scene_00_no_obstacle,rrt,2,0.044455711389031295,0.044455666628635475,2.0024984406137275e-07,1.2404159545217822e-07,3.640054943974802e-07,2.3637080287036914e-07
scene_00_no_obstacle,rrt,3,0.044455711389031295,0.044455666628635475,2.0024984406137275e-07,1.2404159545217822e-07,3.640054943974802e-07,2.3637080287036914e-07
scene_00_no_obstacle,rrt,4,0.044455711389031295,0.044455666628635475,2.0024984406137275e-07,1.2404159545217822e-07,3.640054943974802e-07,2.3637080287036914e-07
scene_00_no_obstacle,rrt,5,0.044455711389031295,0.044455666628635475,2.0024984406137275e-07,1.2404159545217822e-07,3.640054943974802e-07,2.3637080287036914e-07
scene_00_no_obstacle,rrt,6,0.044455711389031295,0.044455666628635475,2.0024984406137275e-07,1.2404159545217822e-07,3.640054943974802e-07,2.3637080287036914e-07
scene_00_no_obstacle,rrt,7,0.044455711389031295,0.044455666628635475,2.0024984406137275e-07,1.2404159545217822e-07,3.640054943974802e-07,2.3637080287036914e-07
scene_00_no_obstacle,rrt,8,0.044455711389031295,0.044455666628635475,2.0024984406137275e-07,1.2404159545217822e-07,3.640054943974802e-07,2.3637080287036914e-07
scene_00_no_obstacle,rrt,9,0.044455711389031295,0.044455666628635475,2.0024984406137275e-07,1.2404159545217822e-07,3.640054943974802e-07,2.3637080287036914e-07
scene_00_no_obstacle,rrt,10,0.044455711389031295,0.044455666628635475,2.0024984406137275e-07,1.2404159545217822e-07,3.640054943974802e-07,2.3637080287036914e-07
scene_00_no_obstacle,rrt,11,0.044455711389031295,0.044455666628635475,2.0024984406137275e-07,1.2404159545217822e-07,3.640054943974802e-07,2.3637080287036914e-07
scene_00_no_obstacle,rrt,12,0.044455711389031295,0.044455666628635475,2.0024984406137275e-07,1.2404159545217822e-07,3.640054943974802e-07,2.3637080287036914e-07
scene_00_no_obstacle,rrt,13,0.044455711389031295,0.044455666628635475,2.0024984406137275e-07,1.2404159545217822e-07,3.640054943974802e-07,2.3637080287036914e-07
scene_00_no_obstacle,rrt,14,0.044455711389031295,0.044455666628635475,2.0024984406137275e-07,1.2404159545217822e-07,3.640054943974802e-07,2.3637080287036914e-07
scene_00_no_obstacle,rrt,15,0.044455711389031295,0.044455666628635475,2.0024984406137275e-07,1.2404159545217822e-07,3.640054943974802e-07,2.3637080287036914e-07
scene_00_no_obstacle,rrt,16,0.044455711389031295,0.044455666628635475,2.0024984406137275e-07,1.2404159545217822e-07,3.640054943974802e-07,2.3637080287036914e-07
scene_00_no_obstacle,rrt,17,0.044455711389031295,0.044455666628635475,2.0024984406137275e-07,1.2404159545217822e-07,3.640054943974802e-07,2.3637080287036914e-07
scene_00_no_obstacle,rrt,18,0.044455711389031295,0.044455666628635475,2.0024984406137275e-07,1.2404159545217822e-07,3.640054943974802e-07,2.3637080287036914e-07
scene_00_no_obstacle,rrt,19,0.044455711389031295,0.044455666628635475,2.0024984406137275e-07,1.2404159545217822e-07,3.640054943974802e-07,2.3637080287036914e-07
scene_00_no_obstacle,rrt,20,0.044455711389031295,0.044455666628635475,2.0024984406137275e-07,1.2404159545217822e-07,3.640054943974802e-07,2.3637080287036914e-07
scene_00_no_obstacle,rrt,21,0.044455711389031295,0.044455666628635475,2.0024984406137275e-07,1.2404159545217822e-07,3.640054943974802e-07,2.3637080287036914e-07
scene_00_no_obstacle,rrt,22,0.044455711389031295,0.044455666628635475,2.0024984406137275e-07,1.2404159545217822e-07,3.640054943974802e-07,2.3637080287036914e-07
scene_00_no_obstacle,rrt,23,0.044455711389031295,0.044455666628635475,2.0024984406137275e-07,1.2404159545217822e-07,3.640054943974802e-07,2.3637080287036914e-07
scene_00_no_obstacle,rrt,24,0.044455711389031295,0.044455666628635475,2.0024984406137275e-07,1.2404159545217822e-07,3.640054943974802e-07,2.3637080287036914e-07
scene_00_no_obstacle,rrt,25,0.044455711389031295,0.044455666628635475,2.0024984406137275e-07,1.2404159545217822e-07,3.640054943974802e-07,2.3637080287036914e-07
scene_00_no_obstacle,rrt,26,0.044455711389031295,0.044455666628635475,2.0024984406137275e-07,1.2404159545217822e-07,3.640054943974802e-07,2.3637080287036914e-07
scene_00_no_obstacle,rrt,27,0.044455711389031295,0.044455666628635475,2.0024984406137275e-07,1.2404159545217822e-07,3.640054943974802e-07,2.3637080287036914e-07
scene_00_no_obstacle,rrt,28,0.044455711389031295,0.044455666628635475,2.0024984406137275e-07,1.2404159545217822e-07,3.640054943974802e-07,2.3637080287036914e-07
scene_00_no_obstacle,rrt,29,0.044455711389031295,0.044455666628635475,2.0024984406137275e-07,1.2404159545217822e-07,3.640054943974802e-07,2.3637080287036914e-07
scene_00_no_obstacle,rrt,30,0.044455711389031295,0.044455666628635475,2.0024984406137275e-07,1.2404159545217822e-07,3.640054943974802e-07,2.3637080287036914e-07
scene_00_no_obstacle,rrt,31,0.044455711389031295,0.044455666628635475,2.0024984406137275e-07,1.2404159545217822e-07,3.640054943974802e-07,2.3637080287036914e-07
scene_00_no_obstacle,rrt,32,0.044455711389031295,0.044455666628635475,2.0024984406137275e-07,1.2404159545217822e-07,3.640054943974802e-07,2.3637080287036914e-07
scene_00_no_obstacle,rrt,33,0.044455711389031295,0.044455666628635475,2.0024984406137275e-07,1.2404159545217822e-07,3.640054943974802e-07,2.3637080287036914e-07
scene_00_no_obstacle,rrt,34,0.044455711389031295,0.044455666628635475,2.0024984406137275e-07,1.2404159545217822e-07,3.640054943974802e-07,2.3637080287036914e-07
scene_00_no_obstacle,rrt,35,0.044455711389031295,0.044455666628635475,2.0024984406137275e-07,1.2404159545217822e-07,3.640054943974802e-07,2.3637080287036914e-07
scene_00_no_obstacle,rrt,36,0.044455711389031295,0.044455666628635475,2.0024984406137275e-07,1.2404159545217822e-07,3.640054943974802e-07,2.3637080287036914e-07
scene_00_no_obstacle,rrt,37,0.044455711389031295,0.044455666628635475,2.0024984406137275e-07,1.2404159545217822e-07,3.640054943974802e-07,2.3637080287036914e-07
scene_00_no_obstacle,rrt,38,0.044455711389031295,0.044455666628635475,2.0024984406137275e-07,1.2404159545217822e-07,3.640054943974802e-07,2.3637080287036914e-07
scene_00_no_obstacle,rrt,39,0.044455711389031295,0.044455666628635475,2.0024984406137275e-07,1.2404159545217822e-07,3.640054943974802e-07,2.3637080287036914e-07
scene_00_no_obstacle,rrt,40,0.044455711389031295,0.044455666628635475,2.0024984406137275e-07,1.2404159545217822e-07,3.640054943974802e-07,2.3637080287036914e-07
scene_00_no_obstacle,rrt,41,0.044455711389031295,0.044455666628635475,2.0024984406137275e-07,1.2404159545217822e-07,3.640054943974802e-07,2.3637080287036914e-07
scene_00_no_obstacle,rrt,42,0.044455711389031295,0.044455666628635475,2.0024984406137275e-07,1.2404159545217822e-07,3.640054943974802e-07,2.3637080287036914e-07
scene_00_no_obstacle,rrt,43,0.044455711389031295,0.044455666628635475,2.0024984406137275e-07,1.2404159545217822e-07,3.640054943974802e-07,2.3637080287036914e-07
scene_00_no_obstacle,rrt,44,0.044455711389031295,0.044455666628635475,2.0024984406137275e-07,1.2404159545217822e-07,3.640054943974802e-07,2.3637080287036914e-07
scene_00_no_obstacle,rrt,45,0.044455711389031295,0.044455666628635475,2.0024984406137275e-07,1.2404159545217822e-07,3.640054943974802e-07,2.3637080287036914e-07
scene_00_no_obstacle,rrt,46,0.044455711389031295,0.044455666628635475,2.0024984406137275e-07,1.2404159545217822e-07,3.640054943974802e-07,2.3637080287036914e-07
scene_00_no_obstacle,rrt,47,0.044455711389031295,0.044455666628635475,2.0024984406137275e-07,1.2404159545217822e-07,3.640054943974802e-07,2.3637080287036914e-07
scene_00_no_obstacle,rrt,48,0.044455711389031295,0.044455666628635475,2.0024984406137275e-07,1.2404159545217822e-07,3.640054943974802e-07,2.3637080287036914e-07
scene_00_no_obstacle,rrt,49,0.044455711389031295,0.044455666628635475,2.0024984406137275e-07,1.2404159545217822e-07,3.640054943974802e-07,2.3637080287036914e-07
scene_00_no_obstacle,rrt_connect,0,0.044455711389031295,0.044455666628635475,2.0024984406137275e-07,1.2404159545217822e-07,3.640054943974802e-07,2.3637080287036914e-07
scene_00_no_obstacle,rrt_connect,1,0.044455711389031295,0.044455666628635475,2.0024984406137275e-07,1.2404159545217822e-07,3.640054943974802e-07,2.3637080287036914e-07
scene_00_no_obstacle,rrt_connect,2,0.044455711389031295,0.044455666628635475,2.0024984406137275e-07,1.2404159545217822e-07,3.640054943974802e-07,2.3637080287036914e-07
scene_00_no_obstacle,rrt_connect,3,0.044455711389031295,0.044455666628635475,2.0024984406137275e-07,1.2404159545217822e-07,3.640054943974802e-07,2.3637080287036914e-07
scene_00_no_obstacle,rrt_connect,4,0.044455711389031295,0.044455666628635475,2.0024984406137275e-07,1.2404159545217822e-07,3.640054943974802e-07,2.3637080287036914e-07
scene_00_no_obstacle,rrt_connect,5,0.044455711389031295,0.044455666628635475,2.0024984406137275e-07,1.2404159545217822e-07,3.640054943974802e-07,2.3637080287036914e-07
scene_00_no_obstacle,rrt_connect,6,0.044455711389031295,0.044455666628635475,2.0024984406137275e-07,1.2404159545217822e-07,3.640054943974802e-07,2.3637080287036914e-07
scene_00_no_obstacle,rrt_connect,7,0.044455711389031295,0.044455666628635475,2.0024984406137275e-07,1.2404159545217822e-07,3.640054943974802e-07,2.3637080287036914e-07
scene_00_no_obstacle,rrt_connect,8,0.044455711389031295,0.044455666628635475,2.0024984406137275e-07,1.2404159545217822e-07,3.640054943974802e-07,2.3637080287036914e-07
scene_00_no_obstacle,rrt_connect,9,0.044455711389031295,0.044455666628635475,2.0024984406137275e-07,1.2404159545217822e-07,3.640054943974802e-07,2.3637080287036914e-07
scene_00_no_obstacle,rrt_connect,10,0.044455711389031295,0.044455666628635475,2.0024984406137275e-07,1.2404159545217822e-07,3.640054943974802e-07,2.3637080287036914e-07
scene_00_no_obstacle,rrt_connect,11,0.044455711389031295,0.044455666628635475,2.0024984406137275e-07,1.2404159545217822e-07,3.640054943974802e-07,2.3637080287036914e-07
scene_00_no_obstacle,rrt_connect,12,0.044455711389031295,0.044455666628635475,2.0024984406137275e-07,1.2404159545217822e-07,3.640054943974802e-07,2.3637080287036914e-07
scene_00_no_obstacle,rrt_connect,13,0.044455711389031295,0.044455666628635475,2.0024984406137275e-07,1.2404159545217822e-07,3.640054943974802e-07,2.3637080287036914e-07
scene_00_no_obstacle,rrt_connect,14,0.044455711389031295,0.044455666628635475,2.0024984406137275e-07,1.2404159545217822e-07,3.640054943974802e-07,2.3637080287036914e-07
scene_00_no_obstacle,rrt_connect,15,0.044455711389031295,0.044455666628635475,2.0024984406137275e-07,1.2404159545217822e-07,3.640054943974802e-07,2.3637080287036914e-07
scene_00_no_obstacle,rrt_connect,16,0.044455711389031295,0.044455666628635475,2.0024984406137275e-07,1.2404159545217822e-07,3.640054943974802e-07,2.3637080287036914e-07
scene_00_no_obstacle,rrt_connect,17,0.044455711389031295,0.044455666628635475,2.0024984406137275e-07,1.2404159545217822e-07,3.640054943974802e-07,2.3637080287036914e-07
scene_00_no_obstacle,rrt_connect,18,0.044455711389031295,0.044455666628635475,2.0024984406137275e-07,1.2404159545217822e-07,3.640054943974802e-07,2.3637080287036914e-07
scene_00_no_obstacle,rrt_connect,19,0.044455711389031295,0.044455666628635475,2.0024984406137275e-07,1.2404159545217822e-07,3.640054943974802e-07,2.3637080287036914e-07
scene_00_no_obstacle,rrt_connect,20,0.044455711389031295,0.044455666628635475,2.0024984406137275e-07,1.2404159545217822e-07,3.640054943974802e-07,2.3637080287036914e-07
scene_00_no_obstacle,rrt_connect,21,0.044455711389031295,0.044455666628635475,2.0024984406137275e-07,1.2404159545217822e-07,3.640054943974802e-07,2.3637080287036914e-07
scene_00_no_obstacle,rrt_connect,22,0.044455711389031295,0.044455666628635475,2.0024984406137275e-07,1.2404159545217822e-07,3.640054943974802e-07,2.3637080287036914e-07
scene_00_no_obstacle,rrt_connect,23,0.044455711389031295,0.044455666628635475,2.0024984406137275e-07,1.2404159545217822e-07,3.640054943974802e-07,2.3637080287036914e-07
scene_00_no_obstacle,rrt_connect,24,0.044455711389031295,0.044455666628635475,2.0024984406137275e-07,1.2404159545217822e-07,3.640054943974802e-07,2.3637080287036914e-07
scene_00_no_obstacle,rrt_connect,25,0.044455711389031295,0.044455666628635475,2.0024984406137275e-07,1.2404159545217822e-07,3.640054943974802e-07,2.3637080287036914e-07
scene_00_no_obstacle,rrt_connect,26,0.044455711389031295,0.044455666628635475,2.0024984406137275e-07,1.2404159545217822e-07,3.640054943974802e-07,2.3637080287036914e-07
scene_00_no_obstacle,rrt_connect,27,0.044455711389031295,0.044455666628635475,2.0024984406137275e-07,1.2404159545217822e-07,3.640054943974802e-07,2.3637080287036914e-07
scene_00_no_obstacle,rrt_connect,28,0.044455711389031295,0.044455666628635475,2.0024984406137275e-07,1.2404159545217822e-07,3.640054943974802e-07,2.3637080287036914e-07
scene_00_no_obstacle,rrt_connect,29,0.044455711389031295,0.044455666628635475,2.0024984406137275e-07,1.2404159545217822e-07,3.640054943974802e-07,2.3637080287036914e-07
scene_00_no_obstacle,rrt_connect,30,0.044455711389031295,0.044455666628635475,2.0024984406137275e-07,1.2404159545217822e-07,3.640054943974802e-07,2.3637080287036914e-07
scene_00_no_obstacle,rrt_connect,31,0.044455711389031295,0.044455666628635475,2.0024984406137275e-07,1.2404159545217822e-07,3.640054943974802e-07,2.3637080287036914e-07
scene_00_no_obstacle,rrt_connect,32,0.044455711389031295,0.044455666628635475,2.0024984406137275e-07,1.2404159545217822e-07,3.640054943974802e-07,2.3637080287036914e-07
scene_00_no_obstacle,rrt_connect,33,0.044455711389031295,0.044455666628635475,2.0024984406137275e-07,1.2404159545217822e-07,3.640054943974802e-07,2.3637080287036914e-07
scene_00_no_obstacle,rrt_connect,34,0.044455711389031295,0.044455666628635475,2.0024984406137275e-07,1.2404159545217822e-07,3.640054943974802e-07,2.3637080287036914e-07
scene_00_no_obstacle,rrt_connect,35,0.044455711389031295,0.044455666628635475,2.0024984406137275e-07,1.2404159545217822e-07,3.640054943974802e-07,2.3637080287036914e-07
scene_00_no_obstacle,rrt_connect,36,0.044455711389031295,0.044455666628635475,2.0024984406137275e-07,1.2404159545217822e-07,3.640054943974802e-07,2.3637080287036914e-07
scene_00_no_obstacle,rrt_connect,37,0.044455711389031295,0.044455666628635475,2.0024984406137275e-07,1.2404159545217822e-07,3.640054943974802e-07,2.3637080287036914e-07
scene_00_no_obstacle,rrt_connect,38,0.044455711389031295,0.044455666628635475,2.0024984406137275e-07,1.2404159545217822e-07,3.640054943974802e-07,2.3637080287036914e-07
scene_00_no_obstacle,rrt_connect,39,0.044455711389031295,0.044455666628635475,2.0024984406137275e-07,1.2404159545217822e-07,3.640054943974802e-07,2.3637080287036914e-07
scene_00_no_obstacle,rrt_connect,40,0.044455711389031295,0.044455666628635475,2.0024984406137275e-07,1.2404159545217822e-07,3.640054943974802e-07,2.3637080287036914e-07
scene_00_no_obstacle,rrt_connect,41,0.044455711389031295,0.044455666628635475,2.0024984406137275e-07,1.2404159545217822e-07,3.640054943974802e-07,2.3637080287036914e-07
scene_00_no_obstacle,rrt_connect,42,0.044455711389031295,0.044455666628635475,2.0024984406137275e-07,1.2404159545217822e-07,3.640054943974802e-07,2.3637080287036914e-07
scene_00_no_obstacle,rrt_connect,43,0.044455711389031295,0.044455666628635475,2.0024984406137275e-07,1.2404159545217822e-07,3.640054943974802e-07,2.3637080287036914e-07
scene_00_no_obstacle,rrt_connect,44,0.044455711389031295,0.044455666628635475,2.0024984406137275e-07,1.2404159545217822e-07,3.640054943974802e-07,2.3637080287036914e-07
scene_00_no_obstacle,rrt_connect,45,0.044455711389031295,0.044455666628635475,2.0024984406137275e-07,1.2404159545217822e-07,3.640054943974802e-07,2.3637080287036914e-07
scene_00_no_obstacle,rrt_connect,46,0.044455711389031295,0.044455666628635475,2.0024984406137275e-07,1.2404159545217822e-07,3.640054943974802e-07,2.3637080287036914e-07
scene_00_no_obstacle,rrt_connect,47,0.044455711389031295,0.044455666628635475,2.0024984406137275e-07,1.2404159545217822e-07,3.640054943974802e-07,2.3637080287036914e-07
scene_00_no_obstacle,rrt_connect,48,0.044455711389031295,0.044455666628635475,2.0024984406137275e-07,1.2404159545217822e-07,3.640054943974802e-07,2.3637080287036914e-07
scene_00_no_obstacle,rrt_connect,49,0.044455711389031295,0.044455666628635475,2.0024984406137275e-07,1.2404159545217822e-07,3.640054943974802e-07,2.3637080287036914e-07
scene_01_single_box,apf,0,0.04500009643825773,0.044999978680181664,0.09000012094736316,0.08575046923234234,0.18000020667493669,0.17145258785588008
scene_01_single_box,apf,1,0.04500009643825773,0.044999978680181664,0.09000012094736316,0.08575046923234234,0.18000020667493669,0.17145258785588008
scene_01_single_box,apf,2,0.04500009643825773,0.044999978680181664,0.09000012094736316,0.08575046923234234,0.18000020667493669,0.17145258785588008
scene_01_single_box,apf,3,0.04500009643825773,0.044999978680181664,0.09000012094736316,0.08575046923234234,0.18000020667493669,0.17145258785588008
scene_01_single_box,apf,4,0.04500009643825773,0.044999978680181664,0.09000012094736316,0.08575046923234234,0.18000020667493669,0.17145258785588008
scene_01_single_box,apf,5,0.04500009643825773,0.044999978680181664,0.09000012094736316,0.08575046923234234,0.18000020667493669,0.17145258785588008
scene_01_single_box,apf,6,0.04500009643825773,0.044999978680181664,0.09000012094736316,0.08575046923234234,0.18000020667493669,0.17145258785588008
scene_01_single_box,apf,7,0.04500009643825773,0.044999978680181664,0.09000012094736316,0.08575046923234234,0.18000020667493669,0.17145258785588008
scene_01_single_box,apf,8,0.04500009643825773,0.044999978680181664,0.09000012094736316,0.08575046923234234,0.18000020667493669,0.17145258785588008
scene_01_single_box,apf,9,0.04500009643825773,0.044999978680181664,0.09000012094736316,0.08575046923234234,0.18000020667493669,0.17145258785588008
scene_01_single_box,apf,10,0.04500009643825773,0.044999978680181664,0.09000012094736316,0.08575046923234234,0.18000020667493669,0.17145258785588008
scene_01_single_box,apf,11,0.04500009643825773,0.044999978680181664,0.09000012094736316,0.08575046923234234,0.18000020667493669,0.17145258785588008
scene_01_single_box,apf,12,0.04500009643825773,0.044999978680181664,0.09000012094736316,0.08575046923234234,0.18000020667493669,0.17145258785588008
scene_01_single_box,apf,13,0.04500009643825773,0.044999978680181664,0.09000012094736316,0.08575046923234234,0.18000020667493669,0.17145258785588008
scene_01_single_box,apf,14,0.04500009643825773,0.044999978680181664,0.09000012094736316,0.08575046923234234,0.18000020667493669,0.17145258785588008
scene_01_single_box,apf,15,0.04500009643825773,0.044999978680181664,0.09000012094736316,0.08575046923234234,0.18000020667493669,0.17145258785588008
scene_01_single_box,apf,16,0.04500009643825773,0.044999978680181664,0.09000012094736316,0.08575046923234234,0.18000020667493669,0.17145258785588008
scene_01_single_box,apf,17,0.04500009643825773,0.044999978680181664,0.09000012094736316,0.08575046923234234,0.18000020667493669,0.17145258785588008
scene_01_single_box,apf,18,0.04500009643825773,0.044999978680181664,0.09000012094736316,0.08575046923234234,0.18000020667493669,0.17145258785588008
scene_01_single_box,apf,19,0.04500009643825773,0.044999978680181664,0.09000012094736316,0.08575046923234234,0.18000020667493669,0.17145258785588008
scene_01_single_box,apf,20,0.04500009643825773,0.044999978680181664,0.09000012094736316,0.08575046923234234,0.18000020667493669,0.17145258785588008
scene_01_single_box,apf,21,0.04500009643825773,0.044999978680181664,0.09000012094736316,0.08575046923234234,0.18000020667493669,0.17145258785588008
scene_01_single_box,apf,22,0.04500009643825773,0.044999978680181664,0.09000012094736316,0.08575046923234234,0.18000020667493669,0.17145258785588008
scene_01_single_box,apf,23,0.04500009643825773,0.044999978680181664,0.09000012094736316,0.08575046923234234,0.18000020667493669,0.17145258785588008
scene_01_single_box,apf,24,0.04500009643825773,0.044999978680181664,0.09000012094736316,0.08575046923234234,0.18000020667493669,0.17145258785588008
scene_01_single_box,apf,25,0.04500009643825773,0.044999978680181664,0.09000012094736316,0.08575046923234234,0.18000020667493669,0.17145258785588008
scene_01_single_box,apf,26,0.04500009643825773,0.044999978680181664,0.09000012094736316,0.08575046923234234,0.18000020667493669,0.17145258785588008
scene_01_single_box,apf,27,0.04500009643825773,0.044999978680181664,0.09000012094736316,0.08575046923234234,0.18000020667493669,0.17145258785588008
scene_01_single_box,apf,28,0.04500009643825773,0.044999978680181664,0.09000012094736316,0.08575046923234234,0.18000020667493669,0.17145258785588008
scene_01_single_box,apf,29,0.04500009643825773,0.044999978680181664,0.09000012094736316,0.08575046923234234,0.18000020667493669,0.17145258785588008
scene_01_single_box,apf,30,0.04500009643825773,0.044999978680181664,0.09000012094736316,0.08575046923234234,0.18000020667493669,0.17145258785588008
scene_01_single_box,apf,31,0.04500009643825773,0.044999978680181664,0.09000012094736316,0.08575046923234234,0.18000020667493669,0.17145258785588008
scene_01_single_box,apf,32,0.04500009643825773,0.044999978680181664,0.09000012094736316,0.08575046923234234,0.18000020667493669,0.17145258785588008
scene_01_single_box,apf,33,0.04500009643825773,0.044999978680181664,0.09000012094736316,0.08575046923234234,0.18000020667493669,0.17145258785588008
scene_01_single_box,apf,34,0.04500009643825773,0.044999978680181664,0.09000012094736316,0.08575046923234234,0.18000020667493669,0.17145258785588008
scene_01_single_box,apf,35,0.04500009643825773,0.044999978680181664,0.09000012094736316,0.08575046923234234,0.18000020667493669,0.17145258785588008
scene_01_single_box,apf,36,0.04500009643825773,0.044999978680181664,0.09000012094736316,0.08575046923234234,0.18000020667493669,0.17145258785588008
scene_01_single_box,apf,37,0.04500009643825773,0.044999978680181664,0.09000012094736316,0.08575046923234234,0.18000020667493669,0.17145258785588008
scene_01_single_box,apf,38,0.04500009643825773,0.044999978680181664,0.09000012094736316,0.08575046923234234,0.18000020667493669,0.17145258785588008
scene_01_single_box,apf,39,0.04500009643825773,0.044999978680181664,0.09000012094736316,0.08575046923234234,0.18000020667493669,0.17145258785588008
scene_01_single_box,apf,40,0.04500009643825773,0.044999978680181664,0.09000012094736316,0.08575046923234234,0.18000020667493669,0.17145258785588008
scene_01_single_box,apf,41,0.04500009643825773,0.044999978680181664,0.09000012094736316,0.08575046923234234,0.18000020667493669,0.17145258785588008
scene_01_single_box,apf,42,0.04500009643825773,0.044999978680181664,0.09000012094736316,0.08575046923234234,0.18000020667493669,0.17145258785588008
scene_01_single_box,apf,43,0.04500009643825773,0.044999978680181664,0.09000012094736316,0.08575046923234234,0.18000020667493669,0.17145258785588008
scene_01_single_box,apf,44,0.04500009643825773,0.044999978680181664,0.09000012094736316,0.08575046923234234,0.18000020667493669,0.17145258785588008
scene_01_single_box,apf,45,0.04500009643825773,0.044999978680181664,0.09000012094736316,0.08575046923234234,0.18000020667493669,0.17145258785588008
scene_01_single_box,apf,46,0.04500009643825773,0.044999978680181664,0.09000012094736316,0.08575046923234234,0.18000020667493669,0.17145258785588008
scene_01_single_box,apf,47,0.04500009643825773,0.044999978680181664,0.09000012094736316,0.08575046923234234,0.18000020667493669,0.17145258785588008
scene_01_single_box,apf,48,0.04500009643825773,0.044999978680181664,0.09000012094736316,0.08575046923234234,0.18000020667493669,0.17145258785588008
scene_01_single_box,apf,49,0.04500009643825773,0.044999978680181664,0.09000012094736316,0.08575046923234234,0.18000020667493669,0.17145258785588008
scene_01_single_box,prm,0,0.04299144789139432,0.042991358110130516,2.236090338380444e-07,1.593129977788532e-07,4.4721806747748807e-07,3.0028476346749724e-07
scene_01_single_box,prm,1,0.04299144789139432,0.042991358110130516,2.236090338380444e-07,1.593129977788532e-07,4.4721806747748807e-07,3.0028476346749724e-07
scene_01_single_box,prm,2,0.04299144789139432,0.042991358110130516,2.236090338380444e-07,1.593129977788532e-07,4.4721806747748807e-07,3.0028476346749724e-07
scene_01_single_box,prm,3,0.04299144789139432,0.042991358110130516,2.236090338380444e-07,1.593129977788532e-07,4.4721806747748807e-07,3.0028476346749724e-07
scene_01_single_box,prm,4,0.04299144789139432,0.042991358110130516,2.236090338380444e-07,1.593129977788532e-07,4.4721806747748807e-07,3.0028476346749724e-07
scene_01_single_box,prm,5,0.04299144789139432,0.042991358110130516,2.236090338380444e-07,1.593129977788532e-07,4.4721806747748807e-07,3.0028476346749724e-07
scene_01_single_box,prm,6,0.04299144789139432,0.042991358110130516,2.236090338380444e-07,1.593129977788532e-07,4.4721806747748807e-07,3.0028476346749724e-07
scene_01_single_box,prm,7,0.04299144789139432,0.042991358110130516,2.236090338380444e-07,1.593129977788532e-07,4.4721806747748807e-07,3.0028476346749724e-07
scene_01_single_box,prm,8,0.04299144789139432,0.042991358110130516,2.236090338380444e-07,1.593129977788532e-07,4.4721806747748807e-07,3.0028476346749724e-07
scene_01_single_box,prm,9,0.04299144789139432,0.042991358110130516,2.236090338380444e-07,1.593129977788532e-07,4.4721806747748807e-07,3.0028476346749724e-07
scene_01_single_box,prm,10,0.04299144789139432,0.042991358110130516,2.236090338380444e-07,1.593129977788532e-07,4.4721806747748807e-07,3.0028476346749724e-07
scene_01_single_box,prm,11,0.04299144789139432,0.042991358110130516,2.236090338380444e-07,1.593129977788532e-07,4.4721806747748807e-07,3.0028476346749724e-07
scene_01_single_box,prm,12,0.04299144789139432,0.042991358110130516,2.236090338380444e-07,1.593129977788532e-07,4.4721806747748807e-07,3.0028476346749724e-07
scene_01_single_box,prm,13,0.04299144789139432,0.042991358110130516,2.236090338380444e-07,1.593129977788532e-07,4.4721806747748807e-07,3.0028476346749724e-07
scene_01_single_box,prm,14,0.04299144789139432,0.042991358110130516,2.236090338380444e-07,1.593129977788532e-07,4.4721806747748807e-07,3.0028476346749724e-07
scene_01_single_box,prm,15,0.04299144789139432,0.042991358110130516,2.236090338380444e-07,1.593129977788532e-07,4.4721806747748807e-07,3.0028476346749724e-07
scene_01_single_box,prm,16,0.04299144789139432,0.042991358110130516,2.236090338380444e-07,1.593129977788532e-07,4.4721806747748807e-07,3.0028476346749724e-07
scene_01_single_box,prm,17,0.04299144789139432,0.042991358110130516,2.236090338380444e-07,1.593129977788532e-07,4.4721806747748807e-07,3.0028476346749724e-07
scene_01_single_box,prm,18,0.04299144789139432,0.042991358110130516,2.236090338380444e-07,1.593129977788532e-07,4.4721806747748807e-07,3.0028476346749724e-07
scene_01_single_box,prm,19,0.04299144789139432,0.042991358110130516,2.236090338380444e-07,1.593129977788532e-07,4.4721806747748807e-07,3.0028476346749724e-07
scene_01_single_box,prm,20,0.04299144789139432,0.042991358110130516,2.236090338380444e-07,1.593129977788532e-07,4.4721806747748807e-07,3.0028476346749724e-07
scene_01_single_box,prm,21,0.04299144789139432,0.042991358110130516,2.236090338380444e-07,1.593129977788532e-07,4.4721806747748807e-07,3.0028476346749724e-07
scene_01_single_box,prm,22,0.04299144789139432,0.042991358110130516,2.236090338380444e-07,1.593129977788532e-07,4.4721806747748807e-07,3.0028476346749724e-07
scene_01_single_box,prm,23,0.04299144789139432,0.042991358110130516,2.236090338380444e-07,1.593129977788532e-07,4.4721806747748807e-07,3.0028476346749724e-07
scene_01_single_box,prm,24,0.04299144789139432,0.042991358110130516,2.236090338380444e-07,1.593129977788532e-07,4.4721806747748807e-07,3.0028476346749724e-07
scene_01_single_box,prm,25,0.04299144789139432,0.042991358110130516,2.236090338380444e-07,1.593129977788532e-07,4.4721806747748807e-07,3.0028476346749724e-07
scene_01_single_box,prm,26,0.04299144789139432,0.042991358110130516,2.236090338380444e-07,1.593129977788532e-07,4.4721806747748807e-07,3.0028476346749724e-07
scene_01_single_box,prm,27,0.04299144789139432,0.042991358110130516,2.236090338380444e-07,1.593129977788532e-07,4.4721806747748807e-07,3.0028476346749724e-07
scene_01_single_box,prm,28,0.04299144789139432,0.042991358110130516,2.236090338380444e-07,1.593129977788532e-07,4.4721806747748807e-07,3.0028476346749724e-07
scene_01_single_box,prm,29,0.04299144789139432,0.042991358110130516,2.236090338380444e-07,1.593129977788532e-07,4.4721806747748807e-07,3.0028476346749724e-07
scene_01_single_box,prm,30,0.04299144789139432,0.042991358110130516,2.236090338380444e-07,1.593129977788532e-07,4.4721806747748807e-07,3.0028476346749724e-07
scene_01_single_box,prm,31,0.04299144789139432,0.042991358110130516,2.236090338380444e-07,1.593129977788532e-07,4.4721806747748807e-07,3.0028476346749724e-07
scene_01_single_box,prm,32,0.04299144789139432,0.042991358110130516,2.236090338380444e-07,1.593129977788532e-07,4.4721806747748807e-07,3.0028476346749724e-07
scene_01_single_box,prm,33,0.04299144789139432,0.042991358110130516,2.236090338380444e-07,1.593129977788532e-07,4.4721806747748807e-07,3.0028476346749724e-07
scene_01_single_box,prm,34,0.04299144789139432,0.042991358110130516,2.236090338380444e-07,1.593129977788532e-07,4.4721806747748807e-07,3.0028476346749724e-07
scene_01_single_box,prm,35,0.04299144789139432,0.042991358110130516,2.236090338380444e-07,1.593129977788532e-07,4.4721806747748807e-07,3.0028476346749724e-07
scene_01_single_box,prm,36,0.04299144789139432,0.042991358110130516,2.236090338380444e-07,1.593129977788532e-07,4.4721806747748807e-07,3.0028476346749724e-07
scene_01_single_box,prm,37,0.04299144789139432,0.042991358110130516,2.236090338380444e-07,1.593129977788532e-07,4.4721806747748807e-07,3.0028476346749724e-07
scene_01_single_box,prm,38,0.04299144789139432,0.042991358110130516,2.236090338380444e-07,1.593129977788532e-07,4.4721806747748807e-07,3.0028476346749724e-07
scene_01_single_box,prm,39,0.04299144789139432,0.042991358110130516,2.236090338380444e-07,1.593129977788532e-07,4.4721806747748807e-07,3.0028476346749724e-07
scene_01_single_box,prm,40,0.04299144789139432,0.042991358110130516,2.236090338380444e-07,1.593129977788532e-07,4.4721806747748807e-07,3.0028476346749724e-07
scene_01_single_box,prm,41,0.04299144789139432,0.042991358110130516,2.236090338380444e-07,1.593129977788532e-07,4.4721806747748807e-07,3.0028476346749724e-07
scene_01_single_box,prm,42,0.04299144789139432,0.042991358110130516,2.236090338380444e-07,1.593129977788532e-07,4.4721806747748807e-07,3.0028476346749724e-07
scene_01_single_box,prm,43,0.04299144789139432,0.042991358110130516,2.236090338380444e-07,1.593129977788532e-07,4.4721806747748807e-07,3.0028476346749724e-07
scene_01_single_box,prm,44,0.04299144789139432,0.042991358110130516,2.236090338380444e-07,1.593129977788532e-07,4.4721806747748807e-07,3.0028476346749724e-07
scene_01_single_box,prm,45,0.04299144789139432,0.042991358110130516,2.236090338380444e-07,1.593129977788532e-07,4.4721806747748807e-07,3.0028476346749724e-07
scene_01_single_box,prm,46,0.04299144789139432,0.042991358110130516,2.236090338380444e-07,1.593129977788532e-07,4.4721806747748807e-07,3.0028476346749724e-07
scene_01_single_box,prm,47,0.04299144789139432,0.042991358110130516,2.236090338380444e-07,1.593129977788532e-07,4.4721806747748807e-07,3.0028476346749724e-07
scene_01_single_box,prm,48,0.04299144789139432,0.042991358110130516,2.236090338380444e-07,1.593129977788532e-07,4.4721806747748807e-07,3.0028476346749724e-07
scene_01_single_box,prm,49,0.04299144789139432,0.042991358110130516,2.236090338380444e-07,1.593129977788532e-07,4.4721806747748807e-07,3.0028476346749724e-07
scene_01_single_box,rrt,0,0.04299144789139432,0.042991358110130516,2.236090338380444e-07,1.593129977788532e-07,4.4721806747748807e-07,3.0028476346749724e-07
scene_01_single_box,rrt,1,0.04299144789139432,0.042991358110130516,2.236090338380444e-07,1.593129977788532e-07,4.4721806747748807e-07,3.0028476346749724e-07
scene_01_single_box,rrt,2,0.04299144789139432,0.042991358110130516,2.236090338380444e-07,1.593129977788532e-07,4.4721806747748807e-07,3.0028476346749724e-07
scene_01_single_box,rrt,3,0.04299144789139432,0.042991358110130516,2.236090338380444e-07,1.593129977788532e-07,4.4721806747748807e-07,3.0028476346749724e-07
scene_01_single_box,rrt,4,0.04299144789139432,0.042991358110130516,2.236090338380444e-07,1.593129977788532e-07,4.4721806747748807e-07,3.0028476346749724e-07
scene_01_single_box,rrt,5,0.04299144789139432,0.042991358110130516,2.236090338380444e-07,1.593129977788532e-07,4.4721806747748807e-07,3.0028476346749724e-07
scene_01_single_box,rrt,6,0.04299144789139432,0.042991358110130516,2.236090338380444e-07,1.593129977788532e-07,4.4721806747748807e-07,3.0028476346749724e-07
scene_01_single_box,rrt,7,0.04299144789139432,0.042991358110130516,2.236090338380444e-07,1.593129977788532e-07,4.4721806747748807e-07,3.0028476346749724e-07
scene_01_single_box,rrt,8,0.04299144789139432,0.042991358110130516,2.236090338380444e-07,1.593129977788532e-07,4.4721806747748807e-07,3.0028476346749724e-07
scene_01_single_box,rrt,9,0.04299144789139432,0.042991358110130516,2.236090338380444e-07,1.593129977788532e-07,4.4721806747748807e-07,3.0028476346749724e-07
scene_01_single_box,rrt,10,0.04299144789139432,0.042991358110130516,2.236090338380444e-07,1.593129977788532e-07,4.4721806747748807e-07,3.0028476346749724e-07
scene_01_single_box,rrt,11,0.04299144789139432,0.042991358110130516,2.236090338380444e-07,1.593129977788532e-07,4.4721806747748807e-07,3.0028476346749724e-07
scene_01_single_box,rrt,12,0.04299144789139432,0.042991358110130516,2.236090338380444e-07,1.593129977788532e-07,4.4721806747748807e-07,3.0028476346749724e-07
scene_01_single_box,rrt,13,0.04299144789139432,0.042991358110130516,2.236090338380444e-07,1.593129977788532e-07,4.4721806747748807e-07,3.0028476346749724e-07
scene_01_single_box,rrt,14,0.04299144789139432,0.042991358110130516,2.236090338380444e-07,1.593129977788532e-07,4.4721806747748807e-07,3.0028476346749724e-07
scene_01_single_box,rrt,15,0.04299144789139432,0.042991358110130516,2.236090338380444e-07,1.593129977788532e-07,4.4721806747748807e-07,3.0028476346749724e-07
scene_01_single_box,rrt,16,0.04299144789139432,0.042991358110130516,2.236090338380444e-07,1.593129977788532e-07,4.4721806747748807e-07,3.0028476346749724e-07
scene_01_single_box,rrt,17,0.04299144789139432,0.042991358110130516,2.236090338380444e-07,1.593129977788532e-07,4.4721806747748807e-07,3.0028476346749724e-07
scene_01_single_box,rrt,18,0.04299144789139432,0.042991358110130516,2.236090338380444e-07,1.593129977788532e-07,4.4721806747748807e-07,3.0028476346749724e-07
scene_01_single_box,rrt,19,0.04299144789139432,0.042991358110130516,2.236090338380444e-07,1.593129977788532e-07,4.4721806747748807e-07,3.0028476346749724e-07
scene_01_single_box,rrt,20,0.04299144789139432,0.042991358110130516,2.236090338380444e-07,1.593129977788532e-07,4.4721806747748807e-07,3.0028476346749724e-07
scene_01_single_box,rrt,21,0.04299144789139432,0.042991358110130516,2.236090338380444e-07,1.593129977788532e-07,4.4721806747748807e-07,3.0028476346749724e-07
scene_01_single_box,rrt,22,0.04299144789139432,0.042991358110130516,2.236090338380444e-07,1.593129977788532e-07,4.4721806747748807e-07,3.0028476346749724e-07
scene_01_single_box,rrt,23,0.04299144789139432,0.042991358110130516,2.236090338380444e-07,1.593129977788532e-07,4.4721806747748807e-07,3.0028476346749724e-07
scene_01_single_box,rrt,24,0.04299144789139432,0.042991358110130516,2.236090338380444e-07,1.593129977788532e-07,4.4721806747748807e-07,3.0028476346749724e-07
scene_01_single_box,rrt,25,0.04299144789139432,0.042991358110130516,2.236090338380444e-07,1.593129977788532e-07,4.4721806747748807e-07,3.0028476346749724e-07
scene_01_single_box,rrt,26,0.04299144789139432,0.042991358110130516,2.236090338380444e-07,1.593129977788532e-07,4.4721806747748807e-07,3.0028476346749724e-07
scene_01_single_box,rrt,27,0.04299144789139432,0.042991358110130516,2.236090338380444e-07,1.593129977788532e-07,4.4721806747748807e-07,3.0028476346749724e-07
scene_01_single_box,rrt,28,0.04299144789139432,0.042991358110130516,2.236090338380444e-07,1.593129977788532e-07,4.4721806747748807e-07,3.0028476346749724e-07
scene_01_single_box,rrt,29,0.04299144789139432,0.042991358110130516,2.236090338380444e-07,1.593129977788532e-07,4.4721806747748807e-07,3.0028476346749724e-07
scene_01_single_box,rrt,30,0.04299144789139432,0.042991358110130516,2.236090338380444e-07,1.593129977788532e-07,4.4721806747748807e-07,3.0028476346749724e-07
scene_01_single_box,rrt,31,0.04299144789139432,0.042991358110130516,2.236090338380444e-07,1.593129977788532e-07,4.4721806747748807e-07,3.0028476346749724e-07
scene_01_single_box,rrt,32,0.04299144789139432,0.042991358110130516,2.236090338380444e-07,1.593129977788532e-07,4.4721806747748807e-07,3.0028476346749724e-07
scene_01_single_box,rrt,33,0.04299144789139432,0.042991358110130516,2.236090338380444e-07,1.593129977788532e-07,4.4721806747748807e-07,3.0028476346749724e-07
scene_01_single_box,rrt,34,0.04299144789139432,0.042991358110130516,2.236090338380444e-07,1.593129977788532e-07,4.4721806747748807e-07,3.0028476346749724e-07
scene_01_single_box,rrt,35,0.04299144789139432,0.042991358110130516,2.236090338380444e-07,1.593129977788532e-07,4.4721806747748807e-07,3.0028476346749724e-07
scene_01_single_box,rrt,36,0.04299144789139432,0.042991358110130516,2.236090338380444e-07,1.593129977788532e-07,4.4721806747748807e-07,3.0028476346749724e-07
scene_01_single_box,rrt,37,0.04299144789139432,0.042991358110130516,2.236090338380444e-07,1.593129977788532e-07,4.4721806747748807e-07,3.0028476346749724e-07
scene_01_single_box,rrt,38,0.04299144789139432,0.042991358110130516,2.236090338380444e-07,1.593129977788532e-07,4.4721806747748807e-07,3.0028476346749724e-07
scene_01_single_box,rrt,39,0.04299144789139432,0.042991358110130516,2.236090338380444e-07,1.593129977788532e-07,4.4721806747748807e-07,3.0028476346749724e-07
scene_01_single_box,rrt,40,0.04299144789139432,0.042991358110130516,2.236090338380444e-07,1.593129977788532e-07,4.4721806747748807e-07,3.0028476346749724e-07
scene_01_single_box,rrt,41,0.04299144789139432,0.042991358110130516,2.236090338380444e-07,1.593129977788532e-07,4.4721806747748807e-07,3.0028476346749724e-07
scene_01_single_box,rrt,42,0.04299144789139432,0.042991358110130516,2.236090338380444e-07,1.593129977788532e-07,4.4721806747748807e-07,3.0028476346749724e-07
scene_01_single_box,rrt,43,0.04299144789139432,0.042991358110130516,2.236090338380444e-07,1.593129977788532e-07,4.4721806747748807e-07,3.0028476346749724e-07
scene_01_single_box,rrt,44,0.04299144789139432,0.042991358110130516,2.236090338380444e-07,1.593129977788532e-07,4.4721806747748807e-07,3.0028476346749724e-07
scene_01_single_box,rrt,45,0.04299144789139432,0.042991358110130516,2.236090338380444e-07,1.593129977788532e-07,4.4721806747748807e-07,3.0028476346749724e-07
scene_01_single_box,rrt,46,0.04299144789139432,0.042991358110130516,2.236090338380444e-07,1.593129977788532e-07,4.4721806747748807e-07,3.0028476346749724e-07
scene_01_single_box,rrt,47,0.04299144789139432,0.042991358110130516,2.236090338380444e-07,1.593129977788532e-07,4.4721806747748807e-07,3.0028476346749724e-07
scene_01_single_box,rrt,48,0.04299144789139432,0.042991358110130516,2.236090338380444e-07,1.593129977788532e-07,4.4721806747748807e-07,3.0028476346749724e-07
scene_01_single_box,rrt,49,0.04299144789139432,0.042991358110130516,2.236090338380444e-07,1.593129977788532e-07,4.4721806747748807e-07,3.0028476346749724e-07
scene_01_single_box,rrt_connect,0,0.04299144789139432,0.042991358110130516,2.236090338380444e-07,1.593129977788532e-07,4.4721806747748807e-07,3.0028476346749724e-07
scene_01_single_box,rrt_connect,1,0.04299144789139432,0.042991358110130516,2.236090338380444e-07,1.593129977788532e-07,4.4721806747748807e-07,3.0028476346749724e-07
scene_01_single_box,rrt_connect,2,0.04299144789139432,0.042991358110130516,2.236090338380444e-07,1.593129977788532e-07,4.4721806747748807e-07,3.0028476346749724e-07
scene_01_single_box,rrt_connect,3,0.04299144789139432,0.042991358110130516,2.236090338380444e-07,1.593129977788532e-07,4.4721806747748807e-07,3.0028476346749724e-07
scene_01_single_box,rrt_connect,4,0.04299144789139432,0.042991358110130516,2.236090338380444e-07,1.593129977788532e-07,4.4721806747748807e-07,3.0028476346749724e-07
scene_01_single_box,rrt_connect,5,0.04299144789139432,0.042991358110130516,2.236090338380444e-07,1.593129977788532e-07,4.4721806747748807e-07,3.0028476346749724e-07
scene_01_single_box,rrt_connect,6,0.04299144789139432,0.042991358110130516,2.236090338380444e-07,1.593129977788532e-07,4.4721806747748807e-07,3.0028476346749724e-07
scene_01_single_box,rrt_connect,7,0.04299144789139432,0.042991358110130516,2.236090338380444e-07,1.593129977788532e-07,4.4721806747748807e-07,3.0028476346749724e-07
scene_01_single_box,rrt_connect,8,0.04299144789139432,0.042991358110130516,2.236090338380444e-07,1.593129977788532e-07,4.4721806747748807e-07,3.0028476346749724e-07
scene_01_single_box,rrt_connect,9,0.04299144789139432,0.042991358110130516,2.236090338380444e-07,1.593129977788532e-07,4.4721806747748807e-07,3.0028476346749724e-07
scene_01_single_box,rrt_connect,10,0.04299144789139432,0.042991358110130516,2.236090338380444e-07,1.593129977788532e-07,4.4721806747748807e-07,3.0028476346749724e-07
scene_01_single_box,rrt_connect,11,0.04299144789139432,0.042991358110130516,2.236090338380444e-07,1.593129977788532e-07,4.4721806747748807e-07,3.0028476346749724e-07
scene_01_single_box,rrt_connect,12,0.04299144789139432,0.042991358110130516,2.236090338380444e-07,1.593129977788532e-07,4.4721806747748807e-07,3.0028476346749724e-07
scene_01_single_box,rrt_connect,13,0.04299144789139432,0.042991358110130516,2.236090338380444e-07,1.593129977788532e-07,4.4721806747748807e-07,3.0028476346749724e-07
scene_01_single_box,rrt_connect,14,0.04299144789139432,0.042991358110130516,2.236090338380444e-07,1.593129977788532e-07,4.4721806747748807e-07,3.0028476346749724e-07
scene_01_single_box,rrt_connect,15,0.04299144789139432,0.042991358110130516,2.236090338380444e-07,1.593129977788532e-07,4.4721806747748807e-07,3.0028476346749724e-07
scene_01_single_box,rrt_connect,16,0.04299144789139432,0.042991358110130516,2.236090338380444e-07,1.593129977788532e-07,4.4721806747748807e-07,3.0028476346749724e-07
scene_01_single_box,rrt_connect,17,0.04299144789139432,0.042991358110130516,2.236090338380444e-07,1.593129977788532e-07,4.4721806747748807e-07,3.0028476346749724e-07
scene_01_single_box,rrt_connect,18,0.04299144789139432,0.042991358110130516,2.236090338380444e-07,1.593129977788532e-07,4.4721806747748807e-07,3.0028476346749724e-07
scene_01_single_box,rrt_connect,19,0.04299144789139432,0.042991358110130516,2.236090338380444e-07,1.593129977788532e-07,4.4721806747748807e-07,3.0028476346749724e-07
scene_01_single_box,rrt_connect,20,0.04299144789139432,0.042991358110130516,2.236090338380444e-07,1.593129977788532e-07,4.4721806747748807e-07,3.0028476346749724e-07
scene_01_single_box,rrt_connect,21,0.04299144789139432,0.042991358110130516,2.236090338380444e-07,1.593129977788532e-07,4.4721806747748807e-07,3.0028476346749724e-07
scene_01_single_box,rrt_connect,22,0.04299144789139432,0.042991358110130516,2.236090338380444e-07,1.593129977788532e-07,4.4721806747748807e-07,3.0028476346749724e-07
scene_01_single_box,rrt_connect,23,0.04299144789139432,0.042991358110130516,2.236090338380444e-07,1.593129977788532e-07,4.4721806747748807e-07,3.0028476346749724e-07
scene_01_single_box,rrt_connect,24,0.04299144789139432,0.042991358110130516,2.236090338380444e-07,1.593129977788532e-07,4.4721806747748807e-07,3.0028476346749724e-07
scene_01_single_box,rrt_connect,25,0.04299144789139432,0.042991358110130516,2.236090338380444e-07,1.593129977788532e-07,4.4721806747748807e-07,3.0028476346749724e-07
scene_01_single_box,rrt_connect,26,0.04299144789139432,0.042991358110130516,2.236090338380444e-07,1.593129977788532e-07,4.4721806747748807e-07,3.0028476346749724e-07
scene_01_single_box,rrt_connect,27,0.04299144789139432,0.042991358110130516,2.236090338380444e-07,1.593129977788532e-07,4.4721806747748807e-07,3.0028476346749724e-07
scene_01_single_box,rrt_connect,28,0.04299144789139432,0.042991358110130516,2.236090338380444e-07,1.593129977788532e-07,4.4721806747748807e-07,3.0028476346749724e-07
scene_01_single_box,rrt_connect,29,0.04299144789139432,0.042991358110130516,2.236090338380444e-07,1.593129977788532e-07,4.4721806747748807e-07,3.0028476346749724e-07
scene_01_single_box,rrt_connect,30,0.04299144789139432,0.042991358110130516,2.236090338380444e-07,1.593129977788532e-07,4.4721806747748807e-07,3.0028476346749724e-07
scene_01_single_box,rrt_connect,31,0.04299144789139432,0.042991358110130516,2.236090338380444e-07,1.593129977788532e-07,4.4721806747748807e-07,3.0028476346749724e-07
scene_01_single_box,rrt_connect,32,0.04299144789139432,0.042991358110130516,2.236090338380444e-07,1.593129977788532e-07,4.4721806747748807e-07,3.0028476346749724e-07
scene_01_single_box,rrt_connect,33,0.04299144789139432,0.042991358110130516,2.236090338380444e-07,1.593129977788532e-07,4.4721806747748807e-07,3.0028476346749724e-07
scene_01_single_box,rrt_connect,34,0.04299144789139432,0.042991358110130516,2.236090338380444e-07,1.593129977788532e-07,4.4721806747748807e-07,3.0028476346749724e-07
scene_01_single_box,rrt_connect,35,0.04299144789139432,0.042991358110130516,2.236090338380444e-07,1.593129977788532e-07,4.4721806747748807e-07,3.0028476346749724e-07
scene_01_single_box,rrt_connect,36,0.04299144789139432,0.042991358110130516,2.236090338380444e-07,1.593129977788532e-07,4.4721806747748807e-07,3.0028476346749724e-07
scene_01_single_box,rrt_connect,37,0.04299144789139432,0.042991358110130516,2.236090338380444e-07,1.593129977788532e-07,4.4721806747748807e-07,3.0028476346749724e-07
scene_01_single_box,rrt_connect,38,0.04299144789139432,0.042991358110130516,2.236090338380444e-07,1.593129977788532e-07,4.4721806747748807e-07,3.0028476346749724e-07
scene_01_single_box,rrt_connect,39,0.04299144789139432,0.042991358110130516,2.236090338380444e-07,1.593129977788532e-07,4.4721806747748807e-07,3.0028476346749724e-07
scene_01_single_box,rrt_connect,40,0.04299144789139432,0.042991358110130516,2.236090338380444e-07,1.593129977788532e-07,4.4721806747748807e-07,3.0028476346749724e-07
scene_01_single_box,rrt_connect,41,0.04299144789139432,0.042991358110130516,2.236090338380444e-07,1.593129977788532e-07,4.4721806747748807e-07,3.0028476346749724e-07
scene_01_single_box,rrt_connect,42,0.04299144789139432,0.042991358110130516,2.236090338380444e-07,1.593129977788532e-07,4.4721806747748807e-07,3.0028476346749724e-07
scene_01_single_box,rrt_connect,43,0.04299144789139432,0.042991358110130516,2.236090338380444e-07,1.593129977788532e-07,4.4721806747748807e-07,3.0028476346749724e-07
scene_01_single_box,rrt_connect,44,0.04299144789139432,0.042991358110130516,2.236090338380444e-07,1.593129977788532e-07,4.4721806747748807e-07,3.0028476346749724e-07
scene_01_single_box,rrt_connect,45,0.04299144789139432,0.042991358110130516,2.236090338380444e-07,1.593129977788532e-07,4.4721806747748807e-07,3.0028476346749724e-07
scene_01_single_box,rrt_connect,46,0.04299144789139432,0.042991358110130516,2.236090338380444e-07,1.593129977788532e-07,4.4721806747748807e-07,3.0028476346749724e-07
scene_01_single_box,rrt_connect,47,0.04299144789139432,0.042991358110130516,2.236090338380444e-07,1.593129977788532e-07,4.4721806747748807e-07,3.0028476346749724e-07
scene_01_single_box,rrt_connect,48,0.04299144789139432,0.042991358110130516,2.236090338380444e-07,1.593129977788532e-07,4.4721806747748807e-07,3.0028476346749724e-07
scene_01_single_box,rrt_connect,49,0.04299144789139432,0.042991358110130516,2.236090338380444e-07,1.593129977788532e-07,4.4721806747748807e-07,3.0028476346749724e-07
scene_02_multi_obstacles,apf,0,0.045000102220046995,0.045000005136923295,0.09000015564481002,0.08749567614799693,0.18000030821579205,0.17497435888472437
scene_02_multi_obstacles,apf,1,0.045000102220046995,0.045000005136923295,0.09000015564481002,0.08749567614799693,0.18000030821579205,0.17497435888472437
scene_02_multi_obstacles,apf,2,0.045000102220046995,0.045000005136923295,0.09000015564481002,0.08749567614799693,0.18000030821579205,0.17497435888472437
scene_02_multi_obstacles,apf,3,0.045000102220046995,0.045000005136923295,0.09000015564481002,0.08749567614799693,0.18000030821579205,0.17497435888472437
scene_02_multi_obstacles,apf,4,0.045000102220046995,0.045000005136923295,0.09000015564481002,0.08749567614799693,0.18000030821579205,0.17497435888472437
scene_02_multi_obstacles,apf,5,0.045000102220046995,0.045000005136923295,0.09000015564481002,0.08749567614799693,0.18000030821579205,0.17497435888472437
scene_02_multi_obstacles,apf,6,0.045000102220046995,0.045000005136923295,0.09000015564481002,0.08749567614799693,0.18000030821579205,0.17497435888472437
scene_02_multi_obstacles,apf,7,0.045000102220046995,0.045000005136923295,0.09000015564481002,0.08749567614799693,0.18000030821579205,0.17497435888472437
scene_02_multi_obstacles,apf,8,0.045000102220046995,0.045000005136923295,0.09000015564481002,0.08749567614799693,0.18000030821579205,0.17497435888472437
scene_02_multi_obstacles,apf,9,0.045000102220046995,0.045000005136923295,0.09000015564481002,0.08749567614799693,0.18000030821579205,0.17497435888472437
scene_02_multi_obstacles,apf,10,0.045000102220046995,0.045000005136923295,0.09000015564481002,0.08749567614799693,0.18000030821579205,0.17497435888472437
scene_02_multi_obstacles,apf,11,0.045000102220046995,0.045000005136923295,0.09000015564481002,0.08749567614799693,0.18000030821579205,0.17497435888472437
scene_02_multi_obstacles,apf,12,0.045000102220046995,0.045000005136923295,0.09000015564481002,0.08749567614799693,0.18000030821579205,0.17497435888472437
scene_02_multi_obstacles,apf,13,0.045000102220046995,0.045000005136923295,0.09000015564481002,0.08749567614799693,0.18000030821579205,0.17497435888472437
scene_02_multi_obstacles,apf,14,0.045000102220046995,0.045000005136923295,0.09000015564481002,0.08749567614799693,0.18000030821579205,0.17497435888472437
scene_02_multi_obstacles,apf,15,0.045000102220046995,0.045000005136923295,0.09000015564481002,0.08749567614799693,0.18000030821579205,0.17497435888472437
scene_02_multi_obstacles,apf,16,0.045000102220046995,0.045000005136923295,0.09000015564481002,0.08749567614799693,0.18000030821579205,0.17497435888472437
scene_02_multi_obstacles,apf,17,0.045000102220046995,0.045000005136923295,0.09000015564481002,0.08749567614799693,0.18000030821579205,0.17497435888472437
scene_02_multi_obstacles,apf,18,0.045000102220046995,0.045000005136923295,0.09000015564481002,0.08749567614799693,0.18000030821579205,0.17497435888472437
scene_02_multi_obstacles,apf,19,0.045000102220046995,0.045000005136923295,0.09000015564481002,0.08749567614799693,0.18000030821579205,0.17497435888472437
scene_02_multi_obstacles,apf,20,0.045000102220046995,0.045000005136923295,0.09000015564481002,0.08749567614799693,0.18000030821579205,0.17497435888472437
scene_02_multi_obstacles,apf,21,0.045000102220046995,0.045000005136923295,0.09000015564481002,0.08749567614799693,0.18000030821579205,0.17497435888472437
scene_02_multi_obstacles,apf,22,0.045000102220046995,0.045000005136923295,0.09000015564481002,0.08749567614799693,0.18000030821579205,0.17497435888472437
scene_02_multi_obstacles,apf,23,0.045000102220046995,0.045000005136923295,0.09000015564481002,0.08749567614799693,0.18000030821579205,0.17497435888472437
scene_02_multi_obstacles,apf,24,0.045000102220046995,0.045000005136923295,0.09000015564481002,0.08749567614799693,0.18000030821579205,0.17497435888472437
scene_02_multi_obstacles,apf,25,0.045000102220046995,0.045000005136923295,0.09000015564481002,0.08749567614799693,0.18000030821579205,0.17497435888472437
scene_02_multi_obstacles,apf,26,0.045000102220046995,0.045000005136923295,0.09000015564481002,0.08749567614799693,0.18000030821579205,0.17497435888472437
scene_02_multi_obstacles,apf,27,0.045000102220046995,0.045000005136923295,0.09000015564481002,0.08749567614799693,0.18000030821579205,0.17497435888472437
scene_02_multi_obstacles,apf,28,0.045000102220046995,0.045000005136923295,0.09000015564481002,0.08749567614799693,0.18000030821579205,0.17497435888472437
scene_02_multi_obstacles,apf,29,0.045000102220046995,0.045000005136923295,0.09000015564481002,0.08749567614799693,0.18000030821579205,0.17497435888472437
scene_02_multi_obstacles,apf,30,0.045000102220046995,0.045000005136923295,0.09000015564481002,0.08749567614799693,0.18000030821579205,0.17497435888472437
scene_02_multi_obstacles,apf,31,0.045000102220046995,0.045000005136923295,0.09000015564481002,0.08749567614799693,0.18000030821579205,0.17497435888472437
scene_02_multi_obstacles,apf,32,0.045000102220046995,0.045000005136923295,0.09000015564481002,0.08749567614799693,0.18000030821579205,0.17497435888472437
scene_02_multi_obstacles,apf,33,0.045000102220046995,0.045000005136923295,0.09000015564481002,0.08749567614799693,0.18000030821579205,0.17497435888472437
scene_02_multi_obstacles,apf,34,0.045000102220046995,0.045000005136923295,0.09000015564481002,0.08749567614799693,0.18000030821579205,0.17497435888472437
scene_02_multi_obstacles,apf,35,0.045000102220046995,0.045000005136923295,0.09000015564481002,0.08749567614799693,0.18000030821579205,0.17497435888472437
scene_02_multi_obstacles,apf,36,0.045000102220046995,0.045000005136923295,0.09000015564481002,0.08749567614799693,0.18000030821579205,0.17497435888472437
scene_02_multi_obstacles,apf,37,0.045000102220046995,0.045000005136923295,0.09000015564481002,0.08749567614799693,0.18000030821579205,0.17497435888472437
scene_02_multi_obstacles,apf,38,0.045000102220046995,0.045000005136923295,0.09000015564481002,0.08749567614799693,0.18000030821579205,0.17497435888472437
scene_02_multi_obstacles,apf,39,0.045000102220046995,0.045000005136923295,0.09000015564481002,0.08749567614799693,0.18000030821579205,0.17497435888472437
scene_02_multi_obstacles,apf,40,0.045000102220046995,0.045000005136923295,0.09000015564481002,0.08749567614799693,0.18000030821579205,0.17497435888472437
scene_02_multi_obstacles,apf,41,0.045000102220046995,0.045000005136923295,0.09000015564481002,0.08749567614799693,0.18000030821579205,0.17497435888472437
scene_02_multi_obstacles,apf,42,0.045000102220046995,0.045000005136923295,0.09000015564481002,0.08749567614799693,0.18000030821579205,0.17497435888472437
scene_02_multi_obstacles,apf,43,0.045000102220046995,0.045000005136923295,0.09000015564481002,0.08749567614799693,0.18000030821579205,0.17497435888472437
scene_02_multi_obstacles,apf,44,0.045000102220046995,0.045000005136923295,0.09000015564481002,0.08749567614799693,0.18000030821579205,0.17497435888472437
scene_02_multi_obstacles,apf,45,0.045000102220046995,0.045000005136923295,0.09000015564481002,0.08749567614799693,0.18000030821579205,0.17497435888472437
scene_02_multi_obstacles,apf,46,0.045000102220046995,0.045000005136923295,0.09000015564481002,0.08749567614799693,0.18000030821579205,0.17497435888472437
scene_02_multi_obstacles,apf,47,0.045000102220046995,0.045000005136923295,0.09000015564481002,0.08749567614799693,0.18000030821579205,0.17497435888472437
scene_02_multi_obstacles,apf,48,0.045000102220046995,0.045000005136923295,0.09000015564481002,0.08749567614799693,0.18000030821579205,0.17497435888472437
scene_02_multi_obstacles,apf,49,0.045000102220046995,0.045000005136923295,0.09000015564481002,0.08749567614799693,0.18000030821579205,0.17497435888472437
scene_02_multi_obstacles,prm,0,0.03632257333929359,0.036322457698834534,2.2360679778123427e-07,1.6303252603404077e-07,4.0000499998021253e-07,2.928773877774921e-07
scene_02_multi_obstacles,prm,1,0.03632257333929359,0.036322457698834534,2.2360679778123427e-07,1.6303252603404077e-07,4.0000499998021253e-07,2.928773877774921e-07
scene_02_multi_obstacles,prm,2,0.03632257333929359,0.036322457698834534,2.2360679778123427e-07,1.6303252603404077e-07,4.0000499998021253e-07,2.928773877774921e-07
scene_02_multi_obstacles,prm,3,0.03632257333929359,0.036322457698834534,2.2360679778123427e-07,1.6303252603404077e-07,4.0000499998021253e-07,2.928773877774921e-07
scene_02_multi_obstacles,prm,4,0.03632257333929359,0.036322457698834534,2.2360679778123427e-07,1.6303252603404077e-07,4.0000499998021253e-07,2.928773877774921e-07
scene_02_multi_obstacles,prm,5,0.03632257333929359,0.036322457698834534,2.2360679778123427e-07,1.6303252603404077e-07,4.0000499998021253e-07,2.928773877774921e-07
scene_02_multi_obstacles,prm,6,0.03632257333929359,0.036322457698834534,2.2360679778123427e-07,1.6303252603404077e-07,4.0000499998021253e-07,2.928773877774921e-07
scene_02_multi_obstacles,prm,7,0.03632257333929359,0.036322457698834534,2.2360679778123427e-07,1.6303252603404077e-07,4.0000499998021253e-07,2.928773877774921e-07
scene_02_multi_obstacles,prm,8,0.03632257333929359,0.036322457698834534,2.2360679778123427e-07,1.6303252603404077e-07,4.0000499998021253e-07,2.928773877774921e-07
scene_02_multi_obstacles,prm,9,0.03632257333929359,0.036322457698834534,2.2360679778123427e-07,1.6303252603404077e-07,4.0000499998021253e-07,2.928773877774921e-07
scene_02_multi_obstacles,prm,10,0.03632257333929359,0.036322457698834534,2.2360679778123427e-07,1.6303252603404077e-07,4.0000499998021253e-07,2.928773877774921e-07
scene_02_multi_obstacles,prm,11,0.03632257333929359,0.036322457698834534,2.2360679778123427e-07,1.6303252603404077e-07,4.0000499998021253e-07,2.928773877774921e-07
scene_02_multi_obstacles,prm,12,0.03632257333929359,0.036322457698834534,2.2360679778123427e-07,1.6303252603404077e-07,4.0000499998021253e-07,2.928773877774921e-07
scene_02_multi_obstacles,prm,13,0.03632257333929359,0.036322457698834534,2.2360679778123427e-07,1.6303252603404077e-07,4.0000499998021253e-07,2.928773877774921e-07
scene_02_multi_obstacles,prm,14,0.03632257333929359,0.036322457698834534,2.2360679778123427e-07,1.6303252603404077e-07,4.0000499998021253e-07,2.928773877774921e-07
scene_02_multi_obstacles,prm,15,0.03632257333929359,0.036322457698834534,2.2360679778123427e-07,1.6303252603404077e-07,4.0000499998021253e-07,2.928773877774921e-07
scene_02_multi_obstacles,prm,16,0.03632257333929359,0.036322457698834534,2.2360679778123427e-07,1.6303252603404077e-07,4.0000499998021253e-07,2.928773877774921e-07
scene_02_multi_obstacles,prm,17,0.03632257333929359,0.036322457698834534,2.2360679778123427e-07,1.6303252603404077e-07,4.0000499998021253e-07,2.928773877774921e-07
scene_02_multi_obstacles,prm,18,0.03632257333929359,0.036322457698834534,2.2360679778123427e-07,1.6303252603404077e-07,4.0000499998021253e-07,2.928773877774921e-07
scene_02_multi_obstacles,prm,19,0.03632257333929359,0.036322457698834534,2.2360679778123427e-07,1.6303252603404077e-07,4.0000499998021253e-07,2.928773877774921e-07
scene_02_multi_obstacles,prm,20,0.03632257333929359,0.036322457698834534,2.2360679778123427e-07,1.6303252603404077e-07,4.0000499998021253e-07,2.928773877774921e-07
scene_02_multi_obstacles,prm,21,0.03632257333929359,0.036322457698834534,2.2360679778123427e-07,1.6303252603404077e-07,4.0000499998021253e-07,2.928773877774921e-07
scene_02_multi_obstacles,prm,22,0.03632257333929359,0.036322457698834534,2.2360679778123427e-07,1.6303252603404077e-07,4.0000499998021253e-07,2.928773877774921e-07
scene_02_multi_obstacles,prm,23,0.03632257333929359,0.036322457698834534,2.2360679778123427e-07,1.6303252603404077e-07,4.0000499998021253e-07,2.928773877774921e-07
scene_02_multi_obstacles,prm,24,0.03632257333929359,0.036322457698834534,2.2360679778123427e-07,1.6303252603404077e-07,4.0000499998021253e-07,2.928773877774921e-07
scene_02_multi_obstacles,prm,25,0.03632257333929359,0.036322457698834534,2.2360679778123427e-07,1.6303252603404077e-07,4.0000499998021253e-07,2.928773877774921e-07
scene_02_multi_obstacles,prm,26,0.03632257333929359,0.036322457698834534,2.2360679778123427e-07,1.6303252603404077e-07,4.0000499998021253e-07,2.928773877774921e-07
scene_02_multi_obstacles,prm,27,0.03632257333929359,0.036322457698834534,2.2360679778123427e-07,1.6303252603404077e-07,4.0000499998021253e-07,2.928773877774921e-07
scene_02_multi_obstacles,prm,28,0.03632257333929359,0.036322457698834534,2.2360679778123427e-07,1.6303252603404077e-07,4.0000499998021253e-07,2.928773877774921e-07
scene_02_multi_obstacles,prm,29,0.03632257333929359,0.036322457698834534,2.2360679778123427e-07,1.6303252603404077e-07,4.0000499998021253e-07,2.928773877774921e-07
scene_02_multi_obstacles,prm,30,0.03632257333929359,0.036322457698834534,2.2360679778123427e-07,1.6303252603404077e-07,4.0000499998021253e-07,2.928773877774921e-07
scene_02_multi_obstacles,prm,31,0.03632257333929359,0.036322457698834534,2.2360679778123427e-07,1.6303252603404077e-07,4.0000499998021253e-07,2.928773877774921e-07
scene_02_multi_obstacles,prm,32,0.03632257333929359,0.036322457698834534,2.2360679778123427e-07,1.6303252603404077e-07,4.0000499998021253e-07,2.928773877774921e-07
scene_02_multi_obstacles,prm,33,0.03632257333929359,0.036322457698834534,2.2360679778123427e-07,1.6303252603404077e-07,4.0000499998021253e-07,2.928773877774921e-07
scene_02_multi_obstacles,prm,34,0.03632257333929359,0.036322457698834534,2.2360679778123427e-07,1.6303252603404077e-07,4.0000499998021253e-07,2.928773877774921e-07
scene_02_multi_obstacles,prm,35,0.03632257333929359,0.036322457698834534,2.2360679778123427e-07,1.6303252603404077e-07,4.0000499998021253e-07,2.928773877774921e-07
scene_02_multi_obstacles,prm,36,0.03632257333929359,0.036322457698834534,2.2360679778123427e-07,1.6303252603404077e-07,4.0000499998021253e-07,2.928773877774921e-07
scene_02_multi_obstacles,prm,37,0.03632257333929359,0.036322457698834534,2.2360679778123427e-07,1.6303252603404077e-07,4.0000499998021253e-07,2.928773877774921e-07
scene_02_multi_obstacles,prm,38,0.03632257333929359,0.036322457698834534,2.2360679778123427e-07,1.6303252603404077e-07,4.0000499998021253e-07,2.928773877774921e-07
scene_02_multi_obstacles,prm,39,0.03632257333929359,0.036322457698834534,2.2360679778123427e-07,1.6303252603404077e-07,4.0000499998021253e-07,2.928773877774921e-07
scene_02_multi_obstacles,prm,40,0.03632257333929359,0.036322457698834534,2.2360679778123427e-07,1.6303252603404077e-07,4.0000499998021253e-07,2.928773877774921e-07
scene_02_multi_obstacles,prm,41,0.03632257333929359,0.036322457698834534,2.2360679778123427e-07,1.6303252603404077e-07,4.0000499998021253e-07,2.928773877774921e-07
scene_02_multi_obstacles,prm,42,0.03632257333929359,0.036322457698834534,2.2360679778123427e-07,1.6303252603404077e-07,4.0000499998021253e-07,2.928773877774921e-07
scene_02_multi_obstacles,prm,43,0.03632257333929359,0.036322457698834534,2.2360679778123427e-07,1.6303252603404077e-07,4.0000499998021253e-07,2.928773877774921e-07
scene_02_multi_obstacles,prm,44,0.03632257333929359,0.036322457698834534,2.2360679778123427e-07,1.6303252603404077e-07,4.0000499998021253e-07,2.928773877774921e-07
scene_02_multi_obstacles,prm,45,0.03632257333929359,0.036322457698834534,2.2360679778123427e-07,1.6303252603404077e-07,4.0000499998021253e-07,2.928773877774921e-07
scene_02_multi_obstacles,prm,46,0.03632257333929359,0.036322457698834534,2.2360679778123427e-07,1.6303252603404077e-07,4.0000499998021253e-07,2.928773877774921e-07
scene_02_multi_obstacles,prm,47,0.03632257333929359,0.036322457698834534,2.2360679778123427e-07,1.6303252603404077e-07,4.0000499998021253e-07,2.928773877774921e-07
scene_02_multi_obstacles,prm,48,0.03632257333929359,0.036322457698834534,2.2360679778123427e-07,1.6303252603404077e-07,4.0000499998021253e-07,2.928773877774921e-07
scene_02_multi_obstacles,prm,49,0.03632257333929359,0.036322457698834534,2.2360679778123427e-07,1.6303252603404077e-07,4.0000499998021253e-07,2.928773877774921e-07
scene_02_multi_obstacles,rrt,0,0.03632257333929359,0.036322457698834534,2.2360679778123427e-07,1.6303252603404077e-07,4.0000499998021253e-07,2.928773877774921e-07
scene_02_multi_obstacles,rrt,1,0.03632257333929359,0.036322457698834534,2.2360679778123427e-07,1.6303252603404077e-07,4.0000499998021253e-07,2.928773877774921e-07
scene_02_multi_obstacles,rrt,2,0.03632257333929359,0.036322457698834534,2.2360679778123427e-07,1.6303252603404077e-07,4.0000499998021253e-07,2.928773877774921e-07
scene_02_multi_obstacles,rrt,3,0.03632257333929359,0.036322457698834534,2.2360679778123427e-07,1.6303252603404077e-07,4.0000499998021253e-07,2.928773877774921e-07
scene_02_multi_obstacles,rrt,4,0.03632257333929359,0.036322457698834534,2.2360679778123427e-07,1.6303252603404077e-07,4.0000499998021253e-07,2.928773877774921e-07
scene_02_multi_obstacles,rrt,5,0.03632257333929359,0.036322457698834534,2.2360679778123427e-07,1.6303252603404077e-07,4.0000499998021253e-07,2.928773877774921e-07
scene_02_multi_obstacles,rrt,6,0.03632257333929359,0.036322457698834534,2.2360679778123427e-07,1.6303252603404077e-07,4.0000499998021253e-07,2.928773877774921e-07
scene_02_multi_obstacles,rrt,7,0.03632257333929359,0.036322457698834534,2.2360679778123427e-07,1.6303252603404077e-07,4.0000499998021253e-07,2.928773877774921e-07
scene_02_multi_obstacles,rrt,8,0.03632257333929359,0.036322457698834534,2.2360679778123427e-07,1.6303252603404077e-07,4.0000499998021253e-07,2.928773877774921e-07
scene_02_multi_obstacles,rrt,9,0.03632257333929359,0.036322457698834534,2.2360679778123427e-07,1.6303252603404077e-07,4.0000499998021253e-07,2.928773877774921e-07
scene_02_multi_obstacles,rrt,10,0.03632257333929359,0.036322457698834534,2.2360679778123427e-07,1.6303252603404077e-07,4.0000499998021253e-07,2.928773877774921e-07
scene_02_multi_obstacles,rrt,11,0.03632257333929359,0.036322457698834534,2.2360679778123427e-07,1.6303252603404077e-07,4.0000499998021253e-07,2.928773877774921e-07
scene_02_multi_obstacles,rrt,12,0.03632257333929359,0.036322457698834534,2.2360679778123427e-07,1.6303252603404077e-07,4.0000499998021253e-07,2.928773877774921e-07
scene_02_multi_obstacles,rrt,13,0.03632257333929359,0.036322457698834534,2.2360679778123427e-07,1.6303252603404077e-07,4.0000499998021253e-07,2.928773877774921e-07
scene_02_multi_obstacles,rrt,14,0.03632257333929359,0.036322457698834534,2.2360679778123427e-07,1.6303252603404077e-07,4.0000499998021253e-07,2.928773877774921e-07
scene_02_multi_obstacles,rrt,15,0.03632257333929359,0.036322457698834534,2.2360679778123427e-07,1.6303252603404077e-07,4.0000499998021253e-07,2.928773877774921e-07
scene_02_multi_obstacles,rrt,16,0.03632257333929359,0.036322457698834534,2.2360679778123427e-07,1.6303252603404077e-07,4.0000499998021253e-07,2.928773877774921e-07
scene_02_multi_obstacles,rrt,17,0.03632257333929359,0.036322457698834534,2.2360679778123427e-07,1.6303252603404077e-07,4.0000499998021253e-07,2.928773877774921e-07
scene_02_multi_obstacles,rrt,18,0.03632257333929359,0.036322457698834534,2.2360679778123427e-07,1.6303252603404077e-07,4.0000499998021253e-07,2.928773877774921e-07
scene_02_multi_obstacles,rrt,19,0.03632257333929359,0.036322457698834534,2.2360679778123427e-07,1.6303252603404077e-07,4.0000499998021253e-07,2.928773877774921e-07
scene_02_multi_obstacles,rrt,20,0.03632257333929359,0.036322457698834534,2.2360679778123427e-07,1.6303252603404077e-07,4.0000499998021253e-07,2.928773877774921e-07
scene_02_multi_obstacles,rrt,21,0.03632257333929359,0.036322457698834534,2.2360679778123427e-07,1.6303252603404077e-07,4.0000499998021253e-07,2.928773877774921e-07
scene_02_multi_obstacles,rrt,22,0.03632257333929359,0.036322457698834534,2.2360679778123427e-07,1.6303252603404077e-07,4.0000499998021253e-07,2.928773877774921e-07
scene_02_multi_obstacles,rrt,23,0.03632257333929359,0.036322457698834534,2.2360679778123427e-07,1.6303252603404077e-07,4.0000499998021253e-07,2.928773877774921e-07
scene_02_multi_obstacles,rrt,24,0.03632257333929359,0.036322457698834534,2.2360679778123427e-07,1.6303252603404077e-07,4.0000499998021253e-07,2.928773877774921e-07
scene_02_multi_obstacles,rrt,25,0.03632257333929359,0.036322457698834534,2.2360679778123427e-07,1.6303252603404077e-07,4.0000499998021253e-07,2.928773877774921e-07
scene_02_multi_obstacles,rrt,26,0.03632257333929359,0.036322457698834534,2.2360679778123427e-07,1.6303252603404077e-07,4.0000499998021253e-07,2.928773877774921e-07
scene_02_multi_obstacles,rrt,27,0.03632257333929359,0.036322457698834534,2.2360679778123427e-07,1.6303252603404077e-07,4.0000499998021253e-07,2.928773877774921e-07
scene_02_multi_obstacles,rrt,28,0.03632257333929359,0.036322457698834534,2.2360679778123427e-07,1.6303252603404077e-07,4.0000499998021253e-07,2.928773877774921e-07
scene_02_multi_obstacles,rrt,29,0.03632257333929359,0.036322457698834534,2.2360679778123427e-07,1.6303252603404077e-07,4.0000499998021253e-07,2.928773877774921e-07
scene_02_multi_obstacles,rrt,30,0.03632257333929359,0.036322457698834534,2.2360679778123427e-07,1.6303252603404077e-07,4.0000499998021253e-07,2.928773877774921e-07
scene_02_multi_obstacles,rrt,31,0.03632257333929359,0.036322457698834534,2.2360679778123427e-07,1.6303252603404077e-07,4.0000499998021253e-07,2.928773877774921e-07
scene_02_multi_obstacles,rrt,32,0.03632257333929359,0.036322457698834534,2.2360679778123427e-07,1.6303252603404077e-07,4.0000499998021253e-07,2.928773877774921e-07
scene_02_multi_obstacles,rrt,33,0.03632257333929359,0.036322457698834534,2.2360679778123427e-07,1.6303252603404077e-07,4.0000499998021253e-07,2.928773877774921e-07
scene_02_multi_obstacles,rrt,34,0.03632257333929359,0.036322457698834534,2.2360679778123427e-07,1.6303252603404077e-07,4.0000499998021253e-07,2.928773877774921e-07
scene_02_multi_obstacles,rrt,35,0.03632257333929359,0.036322457698834534,2.2360679778123427e-07,1.6303252603404077e-07,4.0000499998021253e-07,2.928773877774921e-07
scene_02_multi_obstacles,rrt,36,0.03632257333929359,0.036322457698834534,2.2360679778123427e-07,1.6303252603404077e-07,4.0000499998021253e-07,2.928773877774921e-07
scene_02_multi_obstacles,rrt,37,0.03632257333929359,0.036322457698834534,2.2360679778123427e-07,1.6303252603404077e-07,4.0000499998021253e-07,2.928773877774921e-07
scene_02_multi_obstacles,rrt,38,0.03632257333929359,0.036322457698834534,2.2360679778123427e-07,1.6303252603404077e-07,4.0000499998021253e-07,2.928773877774921e-07
scene_02_multi_obstacles,rrt,39,0.03632257333929359,0.036322457698834534,2.2360679778123427e-07,1.6303252603404077e-07,4.0000499998021253e-07,2.928773877774921e-07
scene_02_multi_obstacles,rrt,40,0.03632257333929359,0.036322457698834534,2.2360679778123427e-07,1.6303252603404077e-07,4.0000499998021253e-07,2.928773877774921e-07
scene_02_multi_obstacles,rrt,41,0.03632257333929359,0.036322457698834534,2.2360679778123427e-07,1.6303252603404077e-07,4.0000499998021253e-07,2.928773877774921e-07
scene_02_multi_obstacles,rrt,42,0.03632257333929359,0.036322457698834534,2.2360679778123427e-07,1.6303252603404077e-07,4.0000499998021253e-07,2.928773877774921e-07
scene_02_multi_obstacles,rrt,43,0.03632257333929359,0.036322457698834534,2.2360679778123427e-07,1.6303252603404077e-07,4.0000499998021253e-07,2.928773877774921e-07
scene_02_multi_obstacles,rrt,44,0.03632257333929359,0.036322457698834534,2.2360679778123427e-07,1.6303252603404077e-07,4.0000499998021253e-07,2.928773877774921e-07
scene_02_multi_obstacles,rrt,45,0.03632257333929359,0.036322457698834534,2.2360679778123427e-07,1.6303252603404077e-07,4.0000499998021253e-07,2.928773877774921e-07
scene_02_multi_obstacles,rrt,46,0.03632257333929359,0.036322457698834534,2.2360679778123427e-07,1.6303252603404077e-07,4.0000499998021253e-07,2.928773877774921e-07
scene_02_multi_obstacles,rrt,47,0.03632257333929359,0.036322457698834534,2.2360679778123427e-07,1.6303252603404077e-07,4.0000499998021253e-07,2.928773877774921e-07
scene_02_multi_obstacles,rrt,48,0.03632257333929359,0.036322457698834534,2.2360679778123427e-07,1.6303252603404077e-07,4.0000499998021253e-07,2.928773877774921e-07
scene_02_multi_obstacles,rrt,49,0.03632257333929359,0.036322457698834534,2.2360679778123427e-07,1.6303252603404077e-07,4.0000499998021253e-07,2.928773877774921e-07
scene_02_multi_obstacles,rrt_connect,0,0.03632257333929359,0.036322457698834534,2.2360679778123427e-07,1.6303252603404077e-07,4.0000499998021253e-07,2.928773877774921e-07
scene_02_multi_obstacles,rrt_connect,1,0.03632257333929359,0.036322457698834534,2.2360679778123427e-07,1.6303252603404077e-07,4.0000499998021253e-07,2.928773877774921e-07
scene_02_multi_obstacles,rrt_connect,2,0.03632257333929359,0.036322457698834534,2.2360679778123427e-07,1.6303252603404077e-07,4.0000499998021253e-07,2.928773877774921e-07
scene_02_multi_obstacles,rrt_connect,3,0.03632257333929359,0.036322457698834534,2.2360679778123427e-07,1.6303252603404077e-07,4.0000499998021253e-07,2.928773877774921e-07
scene_02_multi_obstacles,rrt_connect,4,0.03632257333929359,0.036322457698834534,2.2360679778123427e-07,1.6303252603404077e-07,4.0000499998021253e-07,2.928773877774921e-07
scene_02_multi_obstacles,rrt_connect,5,0.03632257333929359,0.036322457698834534,2.2360679778123427e-07,1.6303252603404077e-07,4.0000499998021253e-07,2.928773877774921e-07
scene_02_multi_obstacles,rrt_connect,6,0.03632257333929359,0.036322457698834534,2.2360679778123427e-07,1.6303252603404077e-07,4.0000499998021253e-07,2.928773877774921e-07
scene_02_multi_obstacles,rrt_connect,7,0.03632257333929359,0.036322457698834534,2.2360679778123427e-07,1.6303252603404077e-07,4.0000499998021253e-07,2.928773877774921e-07
scene_02_multi_obstacles,rrt_connect,8,0.03632257333929359,0.036322457698834534,2.2360679778123427e-07,1.6303252603404077e-07,4.0000499998021253e-07,2.928773877774921e-07
scene_02_multi_obstacles,rrt_connect,9,0.03632257333929359,0.036322457698834534,2.2360679778123427e-07,1.6303252603404077e-07,4.0000499998021253e-07,2.928773877774921e-07
scene_02_multi_obstacles,rrt_connect,10,0.03632257333929359,0.036322457698834534,2.2360679778123427e-07,1.6303252603404077e-07,4.0000499998021253e-07,2.928773877774921e-07
scene_02_multi_obstacles,rrt_connect,11,0.03632257333929359,0.036322457698834534,2.2360679778123427e-07,1.6303252603404077e-07,4.0000499998021253e-07,2.928773877774921e-07
scene_02_multi_obstacles,rrt_connect,12,0.03632257333929359,0.036322457698834534,2.2360679778123427e-07,1.6303252603404077e-07,4.0000499998021253e-07,2.928773877774921e-07
scene_02_multi_obstacles,rrt_connect,13,0.03632257333929359,0.036322457698834534,2.2360679778123427e-07,1.6303252603404077e-07,4.0000499998021253e-07,2.928773877774921e-07
scene_02_multi_obstacles,rrt_connect,14,0.03632257333929359,0.036322457698834534,2.2360679778123427e-07,1.6303252603404077e-07,4.0000499998021253e-07,2.928773877774921e-07
scene_02_multi_obstacles,rrt_connect,15,0.03632257333929359,0.036322457698834534,2.2360679778123427e-07,1.6303252603404077e-07,4.0000499998021253e-07,2.928773877774921e-07
scene_02_multi_obstacles,rrt_connect,16,0.03632257333929359,0.036322457698834534,2.2360679778123427e-07,1.6303252603404077e-07,4.0000499998021253e-07,2.928773877774921e-07
scene_02_multi_obstacles,rrt_connect,17,0.03632257333929359,0.036322457698834534,2.2360679778123427e-07,1.6303252603404077e-07,4.0000499998021253e-07,2.928773877774921e-07
scene_02_multi_obstacles,rrt_connect,18,0.03632257333929359,0.036322457698834534,2.2360679778123427e-07,1.6303252603404077e-07,4.0000499998021253e-07,2.928773877774921e-07
scene_02_multi_obstacles,rrt_connect,19,0.03632257333929359,0.036322457698834534,2.2360679778123427e-07,1.6303252603404077e-07,4.0000499998021253e-07,2.928773877774921e-07
scene_02_multi_obstacles,rrt_connect,20,0.03632257333929359,0.036322457698834534,2.2360679778123427e-07,1.6303252603404077e-07,4.0000499998021253e-07,2.928773877774921e-07
scene_02_multi_obstacles,rrt_connect,21,0.03632257333929359,0.036322457698834534,2.2360679778123427e-07,1.6303252603404077e-07,4.0000499998021253e-07,2.928773877774921e-07
scene_02_multi_obstacles,rrt_connect,22,0.03632257333929359,0.036322457698834534,2.2360679778123427e-07,1.6303252603404077e-07,4.0000499998021253e-07,2.928773877774921e-07
scene_02_multi_obstacles,rrt_connect,23,0.03632257333929359,0.036322457698834534,2.2360679778123427e-07,1.6303252603404077e-07,4.0000499998021253e-07,2.928773877774921e-07
scene_02_multi_obstacles,rrt_connect,24,0.03632257333929359,0.036322457698834534,2.2360679778123427e-07,1.6303252603404077e-07,4.0000499998021253e-07,2.928773877774921e-07
scene_02_multi_obstacles,rrt_connect,25,0.03632257333929359,0.036322457698834534,2.2360679778123427e-07,1.6303252603404077e-07,4.0000499998021253e-07,2.928773877774921e-07
scene_02_multi_obstacles,rrt_connect,26,0.03632257333929359,0.036322457698834534,2.2360679778123427e-07,1.6303252603404077e-07,4.0000499998021253e-07,2.928773877774921e-07
scene_02_multi_obstacles,rrt_connect,27,0.03632257333929359,0.036322457698834534,2.2360679778123427e-07,1.6303252603404077e-07,4.0000499998021253e-07,2.928773877774921e-07
scene_02_multi_obstacles,rrt_connect,28,0.03632257333929359,0.036322457698834534,2.2360679778123427e-07,1.6303252603404077e-07,4.0000499998021253e-07,2.928773877774921e-07
scene_02_multi_obstacles,rrt_connect,29,0.03632257333929359,0.036322457698834534,2.2360679778123427e-07,1.6303252603404077e-07,4.0000499998021253e-07,2.928773877774921e-07
scene_02_multi_obstacles,rrt_connect,30,0.03632257333929359,0.036322457698834534,2.2360679778123427e-07,1.6303252603404077e-07,4.0000499998021253e-07,2.928773877774921e-07
scene_02_multi_obstacles,rrt_connect,31,0.03632257333929359,0.036322457698834534,2.2360679778123427e-07,1.6303252603404077e-07,4.0000499998021253e-07,2.928773877774921e-07
scene_02_multi_obstacles,rrt_connect,32,0.03632257333929359,0.036322457698834534,2.2360679778123427e-07,1.6303252603404077e-07,4.0000499998021253e-07,2.928773877774921e-07
scene_02_multi_obstacles,rrt_connect,33,0.03632257333929359,0.036322457698834534,2.2360679778123427e-07,1.6303252603404077e-07,4.0000499998021253e-07,2.928773877774921e-07
scene_02_multi_obstacles,rrt_connect,34,0.03632257333929359,0.036322457698834534,2.2360679778123427e-07,1.6303252603404077e-07,4.0000499998021253e-07,2.928773877774921e-07
scene_02_multi_obstacles,rrt_connect,35,0.03632257333929359,0.036322457698834534,2.2360679778123427e-07,1.6303252603404077e-07,4.0000499998021253e-07,2.928773877774921e-07
scene_02_multi_obstacles,rrt_connect,36,0.03632257333929359,0.036322457698834534,2.2360679778123427e-07,1.6303252603404077e-07,4.0000499998021253e-07,2.928773877774921e-07
scene_02_multi_obstacles,rrt_connect,37,0.03632257333929359,0.036322457698834534,2.2360679778123427e-07,1.6303252603404077e-07,4.0000499998021253e-07,2.928773877774921e-07
scene_02_multi_obstacles,rrt_connect,38,0.03632257333929359,0.036322457698834534,2.2360679778123427e-07,1.6303252603404077e-07,4.0000499998021253e-07,2.928773877774921e-07
scene_02_multi_obstacles,rrt_connect,39,0.03632257333929359,0.036322457698834534,2.2360679778123427e-07,1.6303252603404077e-07,4.0000499998021253e-07,2.928773877774921e-07
scene_02_multi_obstacles,rrt_connect,40,0.03632257333929359,0.036322457698834534,2.2360679778123427e-07,1.6303252603404077e-07,4.0000499998021253e-07,2.928773877774921e-07
scene_02_multi_obstacles,rrt_connect,41,0.03632257333929359,0.036322457698834534,2.2360679778123427e-07,1.6303252603404077e-07,4.0000499998021253e-07,2.928773877774921e-07
scene_02_multi_obstacles,rrt_connect,42,0.03632257333929359,0.036322457698834534,2.2360679778123427e-07,1.6303252603404077e-07,4.0000499998021253e-07,2.928773877774921e-07
scene_02_multi_obstacles,rrt_connect,43,0.03632257333929359,0.036322457698834534,2.2360679778123427e-07,1.6303252603404077e-07,4.0000499998021253e-07,2.928773877774921e-07
scene_02_multi_obstacles,rrt_connect,44,0.03632257333929359,0.036322457698834534,2.2360679778123427e-07,1.6303252603404077e-07,4.0000499998021253e-07,2.928773877774921e-07
scene_02_multi_obstacles,rrt_connect,45,0.03632257333929359,0.036322457698834534,2.2360679778123427e-07,1.6303252603404077e-07,4.0000499998021253e-07,2.928773877774921e-07
scene_02_multi_obstacles,rrt_connect,46,0.03632257333929359,0.036322457698834534,2.2360679778123427e-07,1.6303252603404077e-07,4.0000499998021253e-07,2.928773877774921e-07
scene_02_multi_obstacles,rrt_connect,47,0.03632257333929359,0.036322457698834534,2.2360679778123427e-07,1.6303252603404077e-07,4.0000499998021253e-07,2.928773877774921e-07
scene_02_multi_obstacles,rrt_connect,48,0.03632257333929359,0.036322457698834534,2.2360679778123427e-07,1.6303252603404077e-07,4.0000499998021253e-07,2.928773877774921e-07
scene_02_multi_obstacles,rrt_connect,49,0.03632257333929359,0.036322457698834534,2.2360679778123427e-07,1.6303252603404077e-07,4.0000499998021253e-07,2.928773877774921e-07
scene_03_narrow_passage,apf,0,0.04500012735870831,0.04500000157153556,0.09000022363916642,0.0871446786068687,0.1800004380547445,0.1742403369044179
scene_03_narrow_passage,apf,1,0.04500012735870831,0.04500000157153556,0.09000022363916642,0.0871446786068687,0.1800004380547445,0.1742403369044179
scene_03_narrow_passage,apf,2,0.04500012735870831,0.04500000157153556,0.09000022363916642,0.0871446786068687,0.1800004380547445,0.1742403369044179
scene_03_narrow_passage,apf,3,0.04500012735870831,0.04500000157153556,0.09000022363916642,0.0871446786068687,0.1800004380547445,0.1742403369044179
scene_03_narrow_passage,apf,4,0.04500012735870831,0.04500000157153556,0.09000022363916642,0.0871446786068687,0.1800004380547445,0.1742403369044179
scene_03_narrow_passage,apf,5,0.04500012735870831,0.04500000157153556,0.09000022363916642,0.0871446786068687,0.1800004380547445,0.1742403369044179
scene_03_narrow_passage,apf,6,0.04500012735870831,0.04500000157153556,0.09000022363916642,0.0871446786068687,0.1800004380547445,0.1742403369044179
scene_03_narrow_passage,apf,7,0.04500012735870831,0.04500000157153556,0.09000022363916642,0.0871446786068687,0.1800004380547445,0.1742403369044179
scene_03_narrow_passage,apf,8,0.04500012735870831,0.04500000157153556,0.09000022363916642,0.0871446786068687,0.1800004380547445,0.1742403369044179
scene_03_narrow_passage,apf,9,0.04500012735870831,0.04500000157153556,0.09000022363916642,0.0871446786068687,0.1800004380547445,0.1742403369044179
scene_03_narrow_passage,apf,10,0.04500012735870831,0.04500000157153556,0.09000022363916642,0.0871446786068687,0.1800004380547445,0.1742403369044179
scene_03_narrow_passage,apf,11,0.04500012735870831,0.04500000157153556,0.09000022363916642,0.0871446786068687,0.1800004380547445,0.1742403369044179
scene_03_narrow_passage,apf,12,0.04500012735870831,0.04500000157153556,0.09000022363916642,0.0871446786068687,0.1800004380547445,0.1742403369044179
scene_03_narrow_passage,apf,13,0.04500012735870831,0.04500000157153556,0.09000022363916642,0.0871446786068687,0.1800004380547445,0.1742403369044179
scene_03_narrow_passage,apf,14,0.04500012735870831,0.04500000157153556,0.09000022363916642,0.0871446786068687,0.1800004380547445,0.1742403369044179
scene_03_narrow_passage,apf,15,0.04500012735870831,0.04500000157153556,0.09000022363916642,0.0871446786068687,0.1800004380547445,0.1742403369044179
scene_03_narrow_passage,apf,16,0.04500012735870831,0.04500000157153556,0.09000022363916642,0.0871446786068687,0.1800004380547445,0.1742403369044179
scene_03_narrow_passage,apf,17,0.04500012735870831,0.04500000157153556,0.09000022363916642,0.0871446786068687,0.1800004380547445,0.1742403369044179
scene_03_narrow_passage,apf,18,0.04500012735870831,0.04500000157153556,0.09000022363916642,0.0871446786068687,0.1800004380547445,0.1742403369044179
scene_03_narrow_passage,apf,19,0.04500012735870831,0.04500000157153556,0.09000022363916642,0.0871446786068687,0.1800004380547445,0.1742403369044179
scene_03_narrow_passage,apf,20,0.04500012735870831,0.04500000157153556,0.09000022363916642,0.0871446786068687,0.1800004380547445,0.1742403369044179
scene_03_narrow_passage,apf,21,0.04500012735870831,0.04500000157153556,0.09000022363916642,0.0871446786068687,0.1800004380547445,0.1742403369044179
scene_03_narrow_passage,apf,22,0.04500012735870831,0.04500000157153556,0.09000022363916642,0.0871446786068687,0.1800004380547445,0.1742403369044179
scene_03_narrow_passage,apf,23,0.04500012735870831,0.04500000157153556,0.09000022363916642,0.0871446786068687,0.1800004380547445,0.1742403369044179
scene_03_narrow_passage,apf,24,0.04500012735870831,0.04500000157153556,0.09000022363916642,0.0871446786068687,0.1800004380547445,0.1742403369044179
scene_03_narrow_passage,apf,25,0.04500012735870831,0.04500000157153556,0.09000022363916642,0.0871446786068687,0.1800004380547445,0.1742403369044179
scene_03_narrow_passage,apf,26,0.04500012735870831,0.04500000157153556,0.09000022363916642,0.0871446786068687,0.1800004380547445,0.1742403369044179
scene_03_narrow_passage,apf,27,0.04500012735870831,0.04500000157153556,0.09000022363916642,0.0871446786068687,0.1800004380547445,0.1742403369044179
scene_03_narrow_passage,apf,28,0.04500012735870831,0.04500000157153556,0.09000022363916642,0.0871446786068687,0.1800004380547445,0.1742403369044179
scene_03_narrow_passage,apf,29,0.04500012735870831,0.04500000157153556,0.09000022363916642,0.0871446786068687,0.1800004380547445,0.1742403369044179
scene_03_narrow_passage,apf,30,0.04500012735870831,0.04500000157153556,0.09000022363916642,0.0871446786068687,0.1800004380547445,0.1742403369044179
scene_03_narrow_passage,apf,31,0.04500012735870831,0.04500000157153556,0.09000022363916642,0.0871446786068687,0.1800004380547445,0.1742403369044179
scene_03_narrow_passage,apf,32,0.04500012735870831,0.04500000157153556,0.09000022363916642,0.0871446786068687,0.1800004380547445,0.1742403369044179
scene_03_narrow_passage,apf,33,0.04500012735870831,0.04500000157153556,0.09000022363916642,0.0871446786068687,0.1800004380547445,0.1742403369044179
scene_03_narrow_passage,apf,34,0.04500012735870831,0.04500000157153556,0.09000022363916642,0.0871446786068687,0.1800004380547445,0.1742403369044179
scene_03_narrow_passage,apf,35,0.04500012735870831,0.04500000157153556,0.09000022363916642,0.0871446786068687,0.1800004380547445,0.1742403369044179
scene_03_narrow_passage,apf,36,0.04500012735870831,0.04500000157153556,0.09000022363916642,0.0871446786068687,0.1800004380547445,0.1742403369044179
scene_03_narrow_passage,apf,37,0.04500012735870831,0.04500000157153556,0.09000022363916642,0.0871446786068687,0.1800004380547445,0.1742403369044179
scene_03_narrow_passage,apf,38,0.04500012735870831,0.04500000157153556,0.09000022363916642,0.0871446786068687,0.1800004380547445,0.1742403369044179
scene_03_narrow_passage,apf,39,0.04500012735870831,0.04500000157153556,0.09000022363916642,0.0871446786068687,0.1800004380547445,0.1742403369044179
scene_03_narrow_passage,apf,40,0.04500012735870831,0.04500000157153556,0.09000022363916642,0.0871446786068687,0.1800004380547445,0.1742403369044179
scene_03_narrow_passage,apf,41,0.04500012735870831,0.04500000157153556,0.09000022363916642,0.0871446786068687,0.1800004380547445,0.1742403369044179
scene_03_narrow_passage,apf,42,0.04500012735870831,0.04500000157153556,0.09000022363916642,0.0871446786068687,0.1800004380547445,0.1742403369044179
scene_03_narrow_passage,apf,43,0.04500012735870831,0.04500000157153556,0.09000022363916642,0.0871446786068687,0.1800004380547445,0.1742403369044179
scene_03_narrow_passage,apf,44,0.04500012735870831,0.04500000157153556,0.09000022363916642,0.0871446786068687,0.1800004380547445,0.1742403369044179
scene_03_narrow_passage,apf,45,0.04500012735870831,0.04500000157153556,0.09000022363916642,0.0871446786068687,0.1800004380547445,0.1742403369044179
scene_03_narrow_passage,apf,46,0.04500012735870831,0.04500000157153556,0.09000022363916642,0.0871446786068687,0.1800004380547445,0.1742403369044179
scene_03_narrow_passage,apf,47,0.04500012735870831,0.04500000157153556,0.09000022363916642,0.0871446786068687,0.1800004380547445,0.1742403369044179
scene_03_narrow_passage,apf,48,0.04500012735870831,0.04500000157153556,0.09000022363916642,0.0871446786068687,0.1800004380547445,0.1742403369044179
scene_03_narrow_passage,apf,49,0.04500012735870831,0.04500000157153556,0.09000022363916642,0.0871446786068687,0.1800004380547445,0.1742403369044179
scene_03_narrow_passage,prm,0,0.15827056119548374,0.10538055383651374,0.007211430457620753,0.0036825711075238543,0.0002355835105340405,0.00018228569312555537
scene_03_narrow_passage,prm,1,0.20267747387940102,0.14662723229636282,0.01827450342526464,0.008809368300112558,0.0011398108615035556,0.0008085499162811028
scene_03_narrow_passage,prm,2,0.14910177636486457,0.10557501928682707,0.007096098764482143,0.003623407162899874,0.00018881511722803248,0.00017960049122737695
scene_03_narrow_passage,prm,3,0.11843793273784484,0.08387837807968823,0.005298270950498544,0.0027120581350473646,0.00016137756473541304,0.0001340042198908002
scene_03_narrow_passage,prm,4,0.20779188308805138,0.13686252754054534,0.009736233335458599,0.004971658628093068,0.0002986221091947119,0.0002462473330257282
scene_03_narrow_passage,prm,5,0.16272609386578676,0.10716508567606418,0.0073879323868658395,0.0037755770506266526,0.0002484313927430836,0.00018669272663775089
scene_03_narrow_passage,prm,6,0.12626059196744616,0.09012052784804189,0.005817847052311927,0.0029707105911794566,0.00016349417757190342,0.00014722422949156667
scene_03_narrow_passage,prm,7,0.16741659387008437,0.11358889040764111,0.007808027351444184,0.003987195025465284,0.00023197000150949402,0.0001975231173983512
scene_03_narrow_passage,prm,8,0.1365002801959148,0.09044294068633019,0.006027499208626363,0.0030801269002078864,0.0002201300070410355,0.0001521647279339498
scene_03_narrow_passage,prm,9,0.16425722971512952,0.11610806695227668,0.007948313996137869,0.004060455810093361,0.0002050726286190356,0.0002011752683520845
scene_03_narrow_passage,prm,10,0.1353695532344239,0.08976139166846754,0.005965260254172211,0.0030506311695112733,0.00021868515290216926,0.00015058354757274093
scene_03_narrow_passage,prm,11,0.1298728013644161,0.09104327275233796,0.005921268005621494,0.0030235839524797854,0.0001761329182744774,0.00014979237595393738
scene_03_narrow_passage,prm,12,0.1368878911712127,0.0971713380155267,0.006402787261544906,0.00327114551462605,0.00017570887388341266,0.00016203762985670894
scene_03_narrow_passage,prm,13,0.12793176668064632,0.08865080034832835,0.005748660990178708,0.002936066254036764,0.00018155057146687493,0.0001453592872123402
scene_03_narrow_passage,prm,14,0.13598507009452399,0.09171732520944469,0.006071285008538023,0.003101369000640737,0.00020617868779309535,0.00015340675514646717
scene_03_narrow_passage,prm,15,0.0774037905944458,0.061223564735896664,0.003182532382757521,0.0016259022624703478,8.914715017293349e-05,8.053657173192968e-05
scene_03_narrow_passage,prm,16,0.1795077764253089,0.12620840935382258,0.008719621756022405,0.0044760247278417264,0.00022406543133864792,0.00022067221766368738
scene_03_narrow_passage,prm,17,0.14772860242042404,0.1036275981091319,0.006914565039003297,0.00354715623972221,0.00019228553247767937,0.00017496337591302042
scene_03_narrow_passage,prm,18,0.18928067536843096,0.1316355735308732,0.009173555667193809,0.004698704573590728,0.00024050154183480002,0.00023216897126608326
scene_03_narrow_passage,prm,19,0.19117866210867318,0.13045774097960716,0.009110426097066587,0.004662850969931633,0.00025423647849971996,0.00023054050082030027
scene_03_narrow_passage,prm,20,0.14137079971558397,0.09720237431971925,0.006461928473760281,0.003300250193901744,0.00019788691214909514,0.00016343630311371453
scene_03_narrow_passage,prm,21,0.1641636549914569,0.11458116049030229,0.00780603387261433,0.004001591240644769,0.0002117232488412737,0.00019754285836196144
scene_03_narrow_passage,prm,22,0.07762236211418558,0.05672620044816218,0.002922801700936872,0.0014953995175879013,0.00015617168440265546,7.325327954970387e-05
scene_03_narrow_passage,prm,23,0.13030598122757314,0.09221457586978733,0.005976372505801536,0.0030648316844069027,0.00017133148834898778,0.00015120584927144938
scene_03_narrow_passage,prm,24,0.21028218640197294,0.14377913572055542,0.010129052973995871,0.005196548754829415,0.00027441270014365917,0.0002563243191893825
scene_03_narrow_passage,prm,25,0.21425473702635398,0.14365621684730223,0.010189977808667823,0.005212569492665704,0.0002925979026608844,0.00025782641013260107
scene_03_narrow_passage,prm,26,0.14302599661676285,0.10073348127371828,0.00667655146163759,0.0034244447211218146,0.00018553570114711592,0.00016894440004923313
scene_03_narrow_passage,prm,27,4.494263642408375,3.59982850476299,6.642129799404934,6.642129799404934,0.0,0.0
scene_03_narrow_passage,prm,28,0.1994184998865882,0.13344564813745383,0.009379407728103384,0.004807095892947714,0.0002767953982637901,0.00023726980596211272
scene_03_narrow_passage,prm,29,0.18935716866900681,0.13221782717367409,0.009241490878645722,0.0047215841190425285,0.00023839919715449076,0.00023390445844341
scene_03_narrow_passage,prm,30,0.17016182977272756,0.11363331599829611,0.00783189889206366,0.004012514704516799,0.00024576123250023325,0.00019803310945343768
scene_03_narrow_passage,prm,31,0.1500255310811653,0.10229449831561634,0.006893335139400805,0.0035201223680623095,0.00021112364197252323,0.00017434553172815037
scene_03_narrow_passage,prm,32,0.18285578567133054,0.11802100382897995,0.00831039158481115,0.004259206635182819,0.0002859873248941297,0.0002099376167058133
scene_03_narrow_passage,prm,33,0.08500354994086994,0.06450786628773156,0.0035276311828762504,0.0018043222200515752,0.00010940986427178596,8.921064106700022e-05
scene_03_narrow_passage,prm,34,0.14669177399446462,0.10398600741509265,0.006962744812392561,0.0035568091518797394,0.0001858578060347487,0.00017622117673819426
scene_03_narrow_passage,prm,35,0.14609788448543076,0.10074894683878213,0.0067424712606134075,0.0034430923127489544,0.00020032299743153711,0.00017056848147516913
scene_03_narrow_passage,prm,36,0.1862877266238536,0.12500615113897068,0.00874207135924909,0.004463952598177689,0.0002599203766541214,0.00022115071279603444
scene_03_narrow_passage,prm,37,0.23258110618745395,0.15615486676634394,0.011178174537306632,0.005708585060280477,0.0003131155954280616,0.00028286816749453466
scene_03_narrow_passage,prm,38,0.14888343095604753,0.10541505176291949,0.007082692132861348,0.003616766610785034,0.00018864585868752336,0.00017925999906859885
scene_03_narrow_passage,prm,39,0.18623447231735438,0.12707847398231895,0.008864815866248798,0.00452662746530396,0.0002487015739797355,0.00022432788674883443
scene_03_narrow_passage,prm,40,0.14362264761769264,0.10201258282349304,0.006795969731392633,0.0034736815286003364,0.00018198679649911252,0.00017199736365946174
scene_03_narrow_passage,prm,41,0.15076552122277667,0.10742221550067771,0.007244230251406542,0.0036989768692396274,0.00018747450528896917,0.00018335728295983654
scene_03_narrow_passage,prm,42,4.836606000619317,4.604760263638937,8.60889356891372,8.60889356891372,0.0,0.0
scene_03_narrow_passage,prm,43,0.16590989015258523,0.11303668904222193,0.0077187198986683634,0.003959567480560788,0.00022773123742680384,0.00019525640507987772
scene_03_narrow_passage,prm,44,0.11771885484366182,0.07628257074782872,0.0049651747929856495,0.002539060566317505,0.00023342368538802115,0.00012480497056874645
scene_03_narrow_passage,prm,45,4.302893932994976,3.900438827972614,7.112267079122332,7.112267079122332,0.0,0.0
scene_03_narrow_passage,prm,46,0.16494083554629085,0.11262921565971874,0.007696143115904957,0.003940359200225717,0.00022535742921044003,0.00019470105632575036
scene_03_narrow_passage,prm,47,0.0676098407620091,0.05253801140602871,0.0023832712796698474,0.001217604790695835,0.00012267611992609968,5.9786114155362544e-05
scene_03_narrow_passage,prm,48,0.12255622505991115,0.08864019021451598,0.005669860858230845,0.002901079478290356,0.00015400907635572866,0.0001434896551601792
scene_03_narrow_passage,prm,49,5.429584556040674,4.86506561834274,9.221331290150491,9.221331290150491,0.0,0.0
scene_03_narrow_passage,rrt,0,0.0431284770047687,0.04219326436896287,0.00045523164978304053,0.0002334620717268856,0.00018236796490577725,9.325520931889508e-06
scene_03_narrow_passage,rrt,1,0.04200604530428546,0.041905470419179,0.0001808392856204157,9.278244956767744e-05,6.682968804730779e-06,4.5740209918167695e-06
scene_03_narrow_passage,rrt,2,0.04561184391498718,0.043082011169733,0.0007931687107417807,0.00040712375546536855,8.181678373067114e-05,1.9393509641720117e-05
scene_03_narrow_passage,rrt,3,0.04266732788173972,0.0421785798287382,0.00038414005834436405,0.00019679123907143494,1.630848627227654e-05,9.680868669461028e-06
scene_03_narrow_passage,rrt,4,0.04379080628819206,0.04264919645165555,0.0005914335678239377,0.00030208354938422385,2.532430928961982e-05,1.4897268017778044e-05
scene_03_narrow_passage,rrt,5,0.044336591370122067,0.042668115943430195,0.0006447705238297423,0.0003295367854238542,6.198509279676591e-05,1.5826336717615674e-05
scene_03_narrow_passage,rrt,6,0.046987245136934426,0.043377075819401645,0.0009300380617675346,0.0004761444342479146,0.0001829992964471155,2.162161702584857e-05
scene_03_narrow_passage,rrt,7,0.04295492137668936,0.042232060286502275,0.00043287528809221593,0.0002211780508956098,3.010045449782116e-05,1.0770374683563488e-05
scene_03_narrow_passage,rrt,8,0.04278366647507326,0.04213726159104518,0.00039288274042141943,0.00020133082143697063,4.3614397440368796e-05,9.570142622473554e-06
scene_03_narrow_passage,rrt,9,0.04477913953771285,0.04301384934862793,0.0007202341014557003,0.00036835389971357467,3.4870894970013216e-05,1.809488784268935e-05
scene_03_narrow_passage,rrt,10,0.04457786756287281,0.0427700526071037,0.0006769828975684792,0.00034622576789624987,5.8606236016379686e-05,1.6697708825806738e-05
scene_03_narrow_passage,rrt,11,0.04267018668972895,0.04214470211014228,0.0003767378276679697,0.00019252819844243487,2.172825809846507e-05,9.42836516227896e-06
scene_03_narrow_passage,rrt,12,0.04211623522207848,0.04197234750039649,0.00024155117957066935,0.00012380835149210877,6.921214542982865e-06,6.115073179134055e-06
scene_03_narrow_passage,rrt,13,0.0421913930803187,0.04201066452466556,0.0002709437539955175,0.00013895199649744145,7.757970095091694e-06,6.8609406645657426e-06
scene_03_narrow_passage,rrt,14,0.04398795583914579,0.04280348062959047,0.0006352293337844136,0.0003246485611984678,2.252700088745462e-05,1.6045139782924205e-05
scene_03_narrow_passage,rrt,15,0.042993814880931895,0.04223365676733999,0.00043678540000352425,0.00022411948766538943,3.4447869309763995e-05,1.0816244439119924e-05
scene_03_narrow_passage,rrt,16,0.04346048836065877,0.042308867483934406,0.000513051826194015,0.00026249501820074084,0.00011628837417792731,1.1730158162837009e-05
scene_03_narrow_passage,rrt,17,0.04523288766042922,0.04292330893181696,0.0007521174410313628,0.00038452801763654357,9.066393304962287e-05,1.822357271429944e-05
scene_03_narrow_passage,rrt,18,0.04236953962369165,0.04197809962292615,0.0002939244870385447,0.00015024474125159866,0.00012118002710483906,5.929302553957252e-06
scene_03_narrow_passage,rrt,19,0.04543961709631579,0.04289630350379786,0.0007707614295513648,0.0003947183661487955,0.00017240956006046217,1.7649003646660146e-05
scene_03_narrow_passage,rrt,20,0.04311689860740729,0.04218092332599456,0.00045182935166372657,0.0002320406282705841,0.0001411321293289618,7.629615087102058e-06
scene_03_narrow_passage,rrt,21,0.04223095506504102,0.0419413813633524,0.0002536839536192711,0.00012976444096871422,8.023511630828419e-05,5.510074581193624e-06
scene_03_narrow_passage,rrt,22,0.042984123120412374,0.042411298559430544,0.00048458177030911564,0.00024752947253189157,1.3846271159044565e-05,1.226511591767849e-05
scene_03_narrow_passage,rrt,23,0.04527201694066543,0.04327645001879431,0.0007896720512338662,0.0004033420749768738,3.379259518046049e-05,1.98887246314744e-05
scene_03_narrow_passage,rrt,25,0.04303708946798492,0.04217284243243947,0.0004400546689048239,0.00022516218009116594,0.00014164133097716337,9.515678475842972e-06
scene_03_narrow_passage,rrt,26,0.04331097521401575,0.042330907418173205,0.0004936262339056116,0.00025238567588686497,4.3835515920728885e-05,1.2159868317857217e-05
scene_03_narrow_passage,rrt,27,0.043139472490632214,0.042200839478419114,0.0004576006559535994,0.00023457863166864525,0.00015572264090042267,9.787750286655083e-06
scene_03_narrow_passage,rrt,28,0.043856069749785474,0.04246138568637357,0.0005738869887781841,0.0002940187474359108,8.188679820933548e-05,1.3743315104115318e-05
scene_03_narrow_passage,rrt,29,0.042706628507692974,0.04209279916743801,0.0003738134030180879,0.00019214065291597008,6.640511293521482e-05,8.787771709814594e-06
scene_03_narrow_passage,rrt,30,0.043825360737412916,0.04245873449858917,0.0005701594218773285,0.0002919328238815759,7.543311782011978e-05,1.3726881153553208e-05
scene_03_narrow_passage,rrt,31,0.06305150438299918,0.048007248199959836,0.002045645419641488,0.0010485798404833054,0.00045314486962145595,4.6889439653089486e-05
scene_03_narrow_passage,rrt,32,0.04288616927510907,0.042154945260121986,0.00041062968638437764,0.00021126823218008595,6.128585504110759e-05,9.800840833686341e-06
scene_03_narrow_passage,rrt,34,0.04451234846550876,0.042756051863724734,0.0006680342178547354,0.0003422933604394968,5.5637902917224674e-05,1.650214610994021e-05
scene_03_narrow_passage,rrt,35,0.04483707247439064,0.042737437039279076,0.000702702072224541,0.00035941942552068817,0.00012916617359076934,1.6450729888783043e-05
scene_03_narrow_passage,rrt,36,0.041967342727720944,0.04186755971904453,0.00015074976218891145,7.69991157722941e-05,2.8210770442887516e-05,3.535481197651749e-06
scene_03_narrow_passage,rrt,37,0.045662480489672,0.04294716582846702,0.0007931918015615039,0.00040700605013757715,0.0002038316957587866,1.7822469895251534e-05
scene_03_narrow_passage,rrt,38,0.05040214873386803,0.044610530246279485,0.0012283899977207345,0.0006279641097945564,0.00014568131919010855,2.9789148337613083e-05
scene_03_narrow_passage,rrt,39,0.04479939665220612,0.04270674846635913,0.0006965651787561901,0.00035675667320411334,0.0001553199741468728,1.595250157108636e-05
scene_03_narrow_passage,rrt,40,0.045121772238688185,0.04289433318857173,0.0007381743938597633,0.00037814461416764357,8.582648218378634e-05,1.7925672052134912e-05
scene_03_narrow_passage,rrt,41,0.04606263625570389,0.04322430313143706,0.0008442665478843006,0.00043156956337503274,8.94617243341319e-05,2.061273096619306e-05
scene_03_narrow_passage,rrt,42,0.04276128733453003,0.042093914769883556,0.00038645168650688796,0.00019759307116142664,0.00012259152287606988,8.385272230213649e-06
scene_03_narrow_passage,rrt,43,0.042261419835021845,0.041951650895282966,0.00026160558575064074,0.00013462889940176942,7.155630650745904e-05,5.827529196897367e-06
scene_03_narrow_passage,rrt,44,0.04196684198991714,0.04186665430263132,0.00014958255061683502,7.678441143428325e-05,3.300818094067915e-05,3.444712345912943e-06
scene_03_narrow_passage,rrt,45,0.05069321608510593,0.04460545804165895,0.0012427561862250445,0.0006382013976265503,0.00018165648771500918,2.9696434375041366e-05
scene_03_narrow_passage,rrt,46,0.0419273274419153,0.04185663588645077,0.00012783405688622306,6.545508552459915e-05,1.8071294917257045e-05,3.082728991391825e-06
scene_03_narrow_passage,rrt,48,0.044671849582948474,0.0432793180833191,0.0007659765968623377,0.00039249022008433656,2.155587390936398e-05,1.9384436201743663e-05
scene_03_narrow_passage,rrt,49,0.04705945936964289,0.043334691656348644,0.0009362927635649549,0.0004788840461185623,0.00027775201964366607,2.0550934591960125e-05
scene_03_narrow_passage,rrt_connect,0,3.35108942505564,1.7755447173628502,3.4091598719747798,3.4091598719747798,0.0,0.0
scene_03_narrow_passage,rrt_connect,1,0.04191112982258384,0.04186633607517328,0.0001288089321781837,6.607842404650586e-05,4.115263782426666e-06,3.2678128208099844e-06
scene_03_narrow_passage,rrt_connect,2,0.043515076921675645,0.042541174470814874,0.0005484777419267563,0.00028055453255806093,2.2857483764068892e-05,1.3822907953039685e-05
scene_03_narrow_passage,rrt_connect,3,0.054629812046205026,0.045612718973510546,0.0015198141056800257,0.0007811090241936972,0.0003312557112233728,3.4905164093186906e-05
scene_03_narrow_passage,rrt_connect,4,0.04501581972367792,0.04284370444703319,0.0007230532565177428,0.00037138867042564046,9.230256074986852e-05,1.7450942549583295e-05
scene_03_narrow_passage,rrt_connect,5,0.04311128392167902,0.042259547023119834,0.0004564339190551065,0.000234382933724899,4.214748623602031e-05,1.12233734007457e-05
scene_03_narrow_passage,rrt_connect,6,0.06744366401333068,0.049197747997296516,0.002295968051189129,0.0011757868341300641,0.0005134566622658945,5.256389175166806e-05
scene_03_narrow_passage,rrt_connect,7,0.04295017093141968,0.04225057814812798,0.0004352268662080079,0.00022243779442844702,2.5304663918326112e-05,1.088855867886144e-05
scene_03_narrow_passage,rrt_connect,8,0.04424783781793497,0.04265052130496063,0.0006332385130351047,0.00032396433878256585,5.6579806647137386e-05,1.559459538352738e-05
scene_03_narrow_passage,rrt_connect,9,3.31216558572463,1.7560827995480768,3.3322142939375836,3.3322142939375836,0.0,0.0
scene_03_narrow_passage,rrt_connect,10,0.04298458241277481,0.04228228949561698,0.00044411717154829575,0.00022771452755765976,2.265644508742079e-05,1.1149521081936886e-05
scene_03_narrow_passage,rrt_connect,11,3.2286266705874787,1.7143133315652896,3.16398968165189,3.16398968165189,0.0,0.0
scene_03_narrow_passage,rrt_connect,12,0.042038204075463256,0.04193597742043771,0.0002101558558333638,0.0001073976550437129,5.7665202677423885e-06,5.325772386242318e-06
scene_03_narrow_passage,rrt_connect,13,0.04205656668563393,0.04194556715302016,0.0002190321398539183,0.00011192557895235346,6.028686255152613e-06,5.548210920421715e-06
scene_03_narrow_passage,rrt_connect,14,3.376678172764023,1.7883391057988778,3.4592891396089636,3.4592891396089636,0.0,0.0
scene_03_narrow_passage,rrt_connect,15,0.041928828561036045,0.04186797608949788,0.00013490669949632408,6.89104501583249e-05,6.034983430402475e-06,3.412516674119681e-06
scene_03_narrow_passage,rrt_connect,16,0.042693218270364305,0.042180282143270506,0.00038792970600371623,0.00019848149692589697,1.7557932936951272e-05,9.762140969188316e-06
scene_03_narrow_passage,rrt_connect,17,0.06507647661511269,0.04854885896642973,0.0021647787116268755,0.0011079153045896646,0.00048765724707565113,4.9516670583112346e-05
scene_03_narrow_passage,rrt_connect,18,0.07501021479122452,0.0511041536220737,0.00270503423102674,0.0013836545550353259,0.0006153889875720477,6.179456779839685e-05
scene_03_narrow_passage,rrt_connect,19,0.04224359307591556,0.04200700646718444,0.0002737498173514373,0.00013997797866066166,1.0652714395794758e-05,6.911485526445888e-06
scene_03_narrow_passage,rrt_connect,20,0.043695428227527824,0.04241747384844723,0.0005508735619143528,0.00028208097412405007,7.288134728589023e-05,1.3262927981064282e-05
scene_03_narrow_passage,rrt_connect,21,0.07946953241407986,0.052102456457122956,0.0029365175054135518,0.0015014800810330133,0.0006754525118171619,6.698979926475971e-05
scene_03_narrow_passage,rrt_connect,22,0.04203691836161157,0.04193529963522192,0.0002095105517630412,0.00010707142999777372,5.7433091502992805e-06,5.3068676610990845e-06
scene_03_narrow_passage,rrt_connect,23,0.04249172190566584,0.042106670337107445,0.00034293608261031644,0.00017527167655279391,1.4221240768887661e-05,8.646759277861863e-06
scene_03_narrow_passage,rrt_connect,24,0.04188448924773899,0.04184227274849914,9.685064158984624e-05,4.987632329361793e-05,2.063456212884233e-05,2.2510514928473008e-06
scene_03_narrow_passage,rrt_connect,25,3.3419407438879967,1.7709703989528023,3.391151171805671,3.391151171805671,0.0,0.0
scene_03_narrow_passage,rrt_connect,26,0.07861542143390592,0.05192074125522167,0.002892624252885776,0.0014791278421789871,0.0006638295647651319,6.60046815272e-05
scene_03_narrow_passage,rrt_connect,27,0.04230428356843885,0.04201859493026446,0.0002872937304590285,0.00014678253569543328,1.3466277325418836e-05,7.229087389043117e-06
scene_03_narrow_passage,rrt_connect,28,0.04212613589405804,0.04198186750199359,0.0002497212762681013,0.0001276275610950504,6.887978005244851e-06,6.326574405600098e-06
scene_03_narrow_passage,rrt_connect,29,0.04262127908669608,0.04217289460450197,0.0003789545377867696,0.00019357410074343902,1.4527742976707537e-05,9.564767590090397e-06
scene_03_narrow_passage,rrt_connect,30,0.042923400774477115,0.0423066540482091,0.0004461789243118688,0.0002278946068853111,1.6926192720316448e-05,1.1263157909477205e-05
scene_03_narrow_passage,rrt_connect,31,0.04188567524040039,0.04184627175312946,0.00010001008953601429,5.113619679143489e-05,7.15449143474791e-06,2.504265500266174e-06
scene_03_narrow_passage,rrt_connect,32,0.04196734746644209,0.041891267900461805,0.00016342852157455343,8.37141188651355e-05,5.542653622689138e-06,4.137852165036069e-06
scene_03_narrow_passage,rrt_connect,33,0.05753466973836054,0.04651510688696525,0.0017154955219480367,0.0008784979513748808,0.0003393602960408772,3.984665315146325e-05
scene_03_narrow_passage,rrt_connect,34,0.06924768534501718,0.049671106514927114,0.0023957555375696683,0.001226458979594622,0.0005378590399757408,5.4819149874991674e-05
scene_03_narrow_passage,rrt_connect,35,0.04188778046259223,0.041843256406769204,9.964691881315276e-05,5.122755225984844e-05,2.135332875668604e-05,2.3148624242883124e-06
scene_03_narrow_passage,rrt_connect,36,0.04223642511296394,0.04201753304576865,0.00027732684535945,0.0001423764334826846,9.205963501995982e-06,7.010925308800708e-06
scene_03_narrow_passage,rrt_connect,37,0.042305765949788375,0.04201922223787204,0.0002877752412570607,0.0001470203868495817,1.3545157806047148e-05,7.2388891357104806e-06
scene_03_narrow_passage,rrt_connect,38,0.043090352125693156,0.042263537690324676,0.00045585244325874397,0.0002330661208629145,3.732298220930946e-05,1.1270614234727673e-05
scene_03_narrow_passage,rrt_connect,39,0.04504255451504746,0.04312478389603481,0.0007509338695916207,0.00038526663377037005,3.6337100875387593e-05,1.8869473725775965e-05
scene_03_narrow_passage,rrt_connect,40,0.042767713800737975,0.04222920769655567,0.00040934684010989435,0.00020954071792986216,1.6535930531783704e-05,1.032352417247079e-05
scene_03_narrow_passage,rrt_connect,41,0.04193678073456408,0.0418748615900229,0.0001430640752563475,7.312076970044409e-05,5.2761439416711265e-06,3.6233757408493547e-06
scene_03_narrow_passage,rrt_connect,42,0.042434675287636,0.042061523323871454,0.0003200463239921331,0.00016414582278553042,1.7081071658327666e-05,8.027807080828028e-06
scene_03_narrow_passage,rrt_connect,43,0.04253818330340286,0.04211861763371276,0.00035229358225781764,0.00018005185135686256,1.563309950070497e-05,8.871213796269846e-06
scene_03_narrow_passage,rrt_connect,44,0.042227992938023214,0.04202078045982555,0.0002799501886052993,0.00014305008087659886,8.535710632218811e-06,7.085139460586278e-06
scene_03_narrow_passage,rrt_connect,45,0.04318660229468654,0.04237035258796851,0.00048431429752200834,0.0002478443764984802,2.361468365238754e-05,1.2170364339957222e-05
scene_03_narrow_passage,rrt_connect,46,0.043695099673042095,0.042640518774188084,0.000580642282632474,0.00029787446254230323,2.2573261527736163e-05,1.464966560399363e-05
scene_03_narrow_passage,rrt_connect,47,0.07577343353010972,0.0512830390509545,0.0027452332976269193,0.0014040284599090608,0.0006255903602710793,6.269902818926316e-05
scene_03_narrow_passage,rrt_connect,48,0.04204288728363842,0.041934587275459956,0.00020916392677537888,0.0001068411060212045,6.102852119808365e-06,5.299327366388734e-06
scene_03_narrow_passage,rrt_connect,49,0.04250856625265082,0.04208115415677276,0.00033631844873734416,0.00017272793538736692,2.023289227143411e-05,8.408539826075125e-06
scene_04_near_singularity,apf,0,0.04500008293562556,0.045000011612982185,0.09000013311323496,0.08527930801075402,0.18000025084142782,0.1705285735987073
scene_04_near_singularity,apf,1,0.04500008293562556,0.045000011612982185,0.09000013311323496,0.08527930801075402,0.18000025084142782,0.1705285735987073
scene_04_near_singularity,apf,2,0.04500008293562556,0.045000011612982185,0.09000013311323496,0.08527930801075402,0.18000025084142782,0.1705285735987073
scene_04_near_singularity,apf,3,0.04500008293562556,0.045000011612982185,0.09000013311323496,0.08527930801075402,0.18000025084142782,0.1705285735987073
scene_04_near_singularity,apf,4,0.04500008293562556,0.045000011612982185,0.09000013311323496,0.08527930801075402,0.18000025084142782,0.1705285735987073
scene_04_near_singularity,apf,5,0.04500008293562556,0.045000011612982185,0.09000013311323496,0.08527930801075402,0.18000025084142782,0.1705285735987073
scene_04_near_singularity,apf,6,0.04500008293562556,0.045000011612982185,0.09000013311323496,0.08527930801075402,0.18000025084142782,0.1705285735987073
scene_04_near_singularity,apf,7,0.04500008293562556,0.045000011612982185,0.09000013311323496,0.08527930801075402,0.18000025084142782,0.1705285735987073
scene_04_near_singularity,apf,8,0.04500008293562556,0.045000011612982185,0.09000013311323496,0.08527930801075402,0.18000025084142782,0.1705285735987073
scene_04_near_singularity,apf,9,0.04500008293562556,0.045000011612982185,0.09000013311323496,0.08527930801075402,0.18000025084142782,0.1705285735987073
scene_04_near_singularity,apf,10,0.04500008293562556,0.045000011612982185,0.09000013311323496,0.08527930801075402,0.18000025084142782,0.1705285735987073
scene_04_near_singularity,apf,11,0.04500008293562556,0.045000011612982185,0.09000013311323496,0.08527930801075402,0.18000025084142782,0.1705285735987073
scene_04_near_singularity,apf,12,0.04500008293562556,0.045000011612982185,0.09000013311323496,0.08527930801075402,0.18000025084142782,0.1705285735987073
scene_04_near_singularity,apf,13,0.04500008293562556,0.045000011612982185,0.09000013311323496,0.08527930801075402,0.18000025084142782,0.1705285735987073
scene_04_near_singularity,apf,14,0.04500008293562556,0.045000011612982185,0.09000013311323496,0.08527930801075402,0.18000025084142782,0.1705285735987073
scene_04_near_singularity,apf,15,0.04500008293562556,0.045000011612982185,0.09000013311323496,0.08527930801075402,0.18000025084142782,0.1705285735987073
scene_04_near_singularity,apf,16,0.04500008293562556,0.045000011612982185,0.09000013311323496,0.08527930801075402,0.18000025084142782,0.1705285735987073
scene_04_near_singularity,apf,17,0.04500008293562556,0.045000011612982185,0.09000013311323496,0.08527930801075402,0.18000025084142782,0.1705285735987073
scene_04_near_singularity,apf,18,0.04500008293562556,0.045000011612982185,0.09000013311323496,0.08527930801075402,0.18000025084142782,0.1705285735987073
scene_04_near_singularity,apf,19,0.04500008293562556,0.045000011612982185,0.09000013311323496,0.08527930801075402,0.18000025084142782,0.1705285735987073
scene_04_near_singularity,apf,20,0.04500008293562556,0.045000011612982185,0.09000013311323496,0.08527930801075402,0.18000025084142782,0.1705285735987073
scene_04_near_singularity,apf,21,0.04500008293562556,0.045000011612982185,0.09000013311323496,0.08527930801075402,0.18000025084142782,0.1705285735987073
scene_04_near_singularity,apf,22,0.04500008293562556,0.045000011612982185,0.09000013311323496,0.08527930801075402,0.18000025084142782,0.1705285735987073
scene_04_near_singularity,apf,23,0.04500008293562556,0.045000011612982185,0.09000013311323496,0.08527930801075402,0.18000025084142782,0.1705285735987073
scene_04_near_singularity,apf,24,0.04500008293562556,0.045000011612982185,0.09000013311323496,0.08527930801075402,0.18000025084142782,0.1705285735987073
scene_04_near_singularity,apf,25,0.04500008293562556,0.045000011612982185,0.09000013311323496,0.08527930801075402,0.18000025084142782,0.1705285735987073
scene_04_near_singularity,apf,26,0.04500008293562556,0.045000011612982185,0.09000013311323496,0.08527930801075402,0.18000025084142782,0.1705285735987073
scene_04_near_singularity,apf,27,0.04500008293562556,0.045000011612982185,0.09000013311323496,0.08527930801075402,0.18000025084142782,0.1705285735987073
scene_04_near_singularity,apf,28,0.04500008293562556,0.045000011612982185,0.09000013311323496,0.08527930801075402,0.18000025084142782,0.1705285735987073
scene_04_near_singularity,apf,29,0.04500008293562556,0.045000011612982185,0.09000013311323496,0.08527930801075402,0.18000025084142782,0.1705285735987073
scene_04_near_singularity,apf,30,0.04500008293562556,0.045000011612982185,0.09000013311323496,0.08527930801075402,0.18000025084142782,0.1705285735987073
scene_04_near_singularity,apf,31,0.04500008293562556,0.045000011612982185,0.09000013311323496,0.08527930801075402,0.18000025084142782,0.1705285735987073
scene_04_near_singularity,apf,32,0.04500008293562556,0.045000011612982185,0.09000013311323496,0.08527930801075402,0.18000025084142782,0.1705285735987073
scene_04_near_singularity,apf,33,0.04500008293562556,0.045000011612982185,0.09000013311323496,0.08527930801075402,0.18000025084142782,0.1705285735987073
scene_04_near_singularity,apf,34,0.04500008293562556,0.045000011612982185,0.09000013311323496,0.08527930801075402,0.18000025084142782,0.1705285735987073
scene_04_near_singularity,apf,35,0.04500008293562556,0.045000011612982185,0.09000013311323496,0.08527930801075402,0.18000025084142782,0.1705285735987073
scene_04_near_singularity,apf,36,0.04500008293562556,0.045000011612982185,0.09000013311323496,0.08527930801075402,0.18000025084142782,0.1705285735987073
scene_04_near_singularity,apf,37,0.04500008293562556,0.045000011612982185,0.09000013311323496,0.08527930801075402,0.18000025084142782,0.1705285735987073
scene_04_near_singularity,apf,38,0.04500008293562556,0.045000011612982185,0.09000013311323496,0.08527930801075402,0.18000025084142782,0.1705285735987073
scene_04_near_singularity,apf,39,0.04500008293562556,0.045000011612982185,0.09000013311323496,0.08527930801075402,0.18000025084142782,0.1705285735987073
scene_04_near_singularity,apf,40,0.04500008293562556,0.045000011612982185,0.09000013311323496,0.08527930801075402,0.18000025084142782,0.1705285735987073
scene_04_near_singularity,apf,41,0.04500008293562556,0.045000011612982185,0.09000013311323496,0.08527930801075402,0.18000025084142782,0.1705285735987073
scene_04_near_singularity,apf,42,0.04500008293562556,0.045000011612982185,0.09000013311323496,0.08527930801075402,0.18000025084142782,0.1705285735987073
scene_04_near_singularity,apf,43,0.04500008293562556,0.045000011612982185,0.09000013311323496,0.08527930801075402,0.18000025084142782,0.1705285735987073
scene_04_near_singularity,apf,44,0.04500008293562556,0.045000011612982185,0.09000013311323496,0.08527930801075402,0.18000025084142782,0.1705285735987073
scene_04_near_singularity,apf,45,0.04500008293562556,0.045000011612982185,0.09000013311323496,0.08527930801075402,0.18000025084142782,0.1705285735987073
scene_04_near_singularity,apf,46,0.04500008293562556,0.045000011612982185,0.09000013311323496,0.08527930801075402,0.18000025084142782,0.1705285735987073
scene_04_near_singularity,apf,47,0.04500008293562556,0.045000011612982185,0.09000013311323496,0.08527930801075402,0.18000025084142782,0.1705285735987073
scene_04_near_singularity,apf,48,0.04500008293562556,0.045000011612982185,0.09000013311323496,0.08527930801075402,0.18000025084142782,0.1705285735987073
scene_04_near_singularity,apf,49,0.04500008293562556,0.045000011612982185,0.09000013311323496,0.08527930801075402,0.18000025084142782,0.1705285735987073
scene_04_near_singularity,prm,0,0.0485144911432696,0.04851441612957155,2.2360903393732927e-07,1.6116297767183574e-07,4.1231177537113336e-07,2.954623386680485e-07
scene_04_near_singularity,prm,1,0.0485144911432696,0.04851441612957155,2.2360903393732927e-07,1.6116297767183574e-07,4.1231177537113336e-07,2.954623386680485e-07
scene_04_near_singularity,prm,2,0.0485144911432696,0.04851441612957155,2.2360903393732927e-07,1.6116297767183574e-07,4.1231177537113336e-07,2.954623386680485e-07
scene_04_near_singularity,prm,3,0.0485144911432696,0.04851441612957155,2.2360903393732927e-07,1.6116297767183574e-07,4.1231177537113336e-07,2.954623386680485e-07
scene_04_near_singularity,prm,4,0.0485144911432696,0.04851441612957155,2.2360903393732927e-07,1.6116297767183574e-07,4.1231177537113336e-07,2.954623386680485e-07
scene_04_near_singularity,prm,5,0.0485144911432696,0.04851441612957155,2.2360903393732927e-07,1.6116297767183574e-07,4.1231177537113336e-07,2.954623386680485e-07
scene_04_near_singularity,prm,6,0.0485144911432696,0.04851441612957155,2.2360903393732927e-07,1.6116297767183574e-07,4.1231177537113336e-07,2.954623386680485e-07
scene_04_near_singularity,prm,7,0.0485144911432696,0.04851441612957155,2.2360903393732927e-07,1.6116297767183574e-07,4.1231177537113336e-07,2.954623386680485e-07
scene_04_near_singularity,prm,8,0.0485144911432696,0.04851441612957155,2.2360903393732927e-07,1.6116297767183574e-07,4.1231177537113336e-07,2.954623386680485e-07
scene_04_near_singularity,prm,9,0.0485144911432696,0.04851441612957155,2.2360903393732927e-07,1.6116297767183574e-07,4.1231177537113336e-07,2.954623386680485e-07
scene_04_near_singularity,prm,10,0.0485144911432696,0.04851441612957155,2.2360903393732927e-07,1.6116297767183574e-07,4.1231177537113336e-07,2.954623386680485e-07
scene_04_near_singularity,prm,11,0.0485144911432696,0.04851441612957155,2.2360903393732927e-07,1.6116297767183574e-07,4.1231177537113336e-07,2.954623386680485e-07
scene_04_near_singularity,prm,12,0.0485144911432696,0.04851441612957155,2.2360903393732927e-07,1.6116297767183574e-07,4.1231177537113336e-07,2.954623386680485e-07
scene_04_near_singularity,prm,13,0.0485144911432696,0.04851441612957155,2.2360903393732927e-07,1.6116297767183574e-07,4.1231177537113336e-07,2.954623386680485e-07
scene_04_near_singularity,prm,14,0.0485144911432696,0.04851441612957155,2.2360903393732927e-07,1.6116297767183574e-07,4.1231177537113336e-07,2.954623386680485e-07
scene_04_near_singularity,prm,15,0.0485144911432696,0.04851441612957155,2.2360903393732927e-07,1.6116297767183574e-07,4.1231177537113336e-07,2.954623386680485e-07
scene_04_near_singularity,prm,16,0.0485144911432696,0.04851441612957155,2.2360903393732927e-07,1.6116297767183574e-07,4.1231177537113336e-07,2.954623386680485e-07
scene_04_near_singularity,prm,17,0.0485144911432696,0.04851441612957155,2.2360903393732927e-07,1.6116297767183574e-07,4.1231177537113336e-07,2.954623386680485e-07
scene_04_near_singularity,prm,18,0.0485144911432696,0.04851441612957155,2.2360903393732927e-07,1.6116297767183574e-07,4.1231177537113336e-07,2.954623386680485e-07
scene_04_near_singularity,prm,19,0.0485144911432696,0.04851441612957155,2.2360903393732927e-07,1.6116297767183574e-07,4.1231177537113336e-07,2.954623386680485e-07
scene_04_near_singularity,prm,20,0.0485144911432696,0.04851441612957155,2.2360903393732927e-07,1.6116297767183574e-07,4.1231177537113336e-07,2.954623386680485e-07
scene_04_near_singularity,prm,21,0.0485144911432696,0.04851441612957155,2.2360903393732927e-07,1.6116297767183574e-07,4.1231177537113336e-07,2.954623386680485e-07
scene_04_near_singularity,prm,22,0.0485144911432696,0.04851441612957155,2.2360903393732927e-07,1.6116297767183574e-07,4.1231177537113336e-07,2.954623386680485e-07
scene_04_near_singularity,prm,23,0.0485144911432696,0.04851441612957155,2.2360903393732927e-07,1.6116297767183574e-07,4.1231177537113336e-07,2.954623386680485e-07
scene_04_near_singularity,prm,24,0.0485144911432696,0.04851441612957155,2.2360903393732927e-07,1.6116297767183574e-07,4.1231177537113336e-07,2.954623386680485e-07
scene_04_near_singularity,prm,25,0.0485144911432696,0.04851441612957155,2.2360903393732927e-07,1.6116297767183574e-07,4.1231177537113336e-07,2.954623386680485e-07
scene_04_near_singularity,prm,26,0.0485144911432696,0.04851441612957155,2.2360903393732927e-07,1.6116297767183574e-07,4.1231177537113336e-07,2.954623386680485e-07
scene_04_near_singularity,prm,27,0.0485144911432696,0.04851441612957155,2.2360903393732927e-07,1.6116297767183574e-07,4.1231177537113336e-07,2.954623386680485e-07
scene_04_near_singularity,prm,28,0.0485144911432696,0.04851441612957155,2.2360903393732927e-07,1.6116297767183574e-07,4.1231177537113336e-07,2.954623386680485e-07
scene_04_near_singularity,prm,29,0.0485144911432696,0.04851441612957155,2.2360903393732927e-07,1.6116297767183574e-07,4.1231177537113336e-07,2.954623386680485e-07
scene_04_near_singularity,prm,30,0.0485144911432696,0.04851441612957155,2.2360903393732927e-07,1.6116297767183574e-07,4.1231177537113336e-07,2.954623386680485e-07
scene_04_near_singularity,prm,31,0.0485144911432696,0.04851441612957155,2.2360903393732927e-07,1.6116297767183574e-07,4.1231177537113336e-07,2.954623386680485e-07
scene_04_near_singularity,prm,32,0.0485144911432696,0.04851441612957155,2.2360903393732927e-07,1.6116297767183574e-07,4.1231177537113336e-07,2.954623386680485e-07
scene_04_near_singularity,prm,33,0.0485144911432696,0.04851441612957155,2.2360903393732927e-07,1.6116297767183574e-07,4.1231177537113336e-07,2.954623386680485e-07
scene_04_near_singularity,prm,34,0.0485144911432696,0.04851441612957155,2.2360903393732927e-07,1.6116297767183574e-07,4.1231177537113336e-07,2.954623386680485e-07
scene_04_near_singularity,prm,35,0.0485144911432696,0.04851441612957155,2.2360903393732927e-07,1.6116297767183574e-07,4.1231177537113336e-07,2.954623386680485e-07
scene_04_near_singularity,prm,36,0.0485144911432696,0.04851441612957155,2.2360903393732927e-07,1.6116297767183574e-07,4.1231177537113336e-07,2.954623386680485e-07
scene_04_near_singularity,prm,37,0.0485144911432696,0.04851441612957155,2.2360903393732927e-07,1.6116297767183574e-07,4.1231177537113336e-07,2.954623386680485e-07
scene_04_near_singularity,prm,38,0.0485144911432696,0.04851441612957155,2.2360903393732927e-07,1.6116297767183574e-07,4.1231177537113336e-07,2.954623386680485e-07
scene_04_near_singularity,prm,39,0.0485144911432696,0.04851441612957155,2.2360903393732927e-07,1.6116297767183574e-07,4.1231177537113336e-07,2.954623386680485e-07
scene_04_near_singularity,prm,40,0.0485144911432696,0.04851441612957155,2.2360903393732927e-07,1.6116297767183574e-07,4.1231177537113336e-07,2.954623386680485e-07
scene_04_near_singularity,prm,41,0.0485144911432696,0.04851441612957155,2.2360903393732927e-07,1.6116297767183574e-07,4.1231177537113336e-07,2.954623386680485e-07
scene_04_near_singularity,prm,42,0.0485144911432696,0.04851441612957155,2.2360903393732927e-07,1.6116297767183574e-07,4.1231177537113336e-07,2.954623386680485e-07
scene_04_near_singularity,prm,43,0.0485144911432696,0.04851441612957155,2.2360903393732927e-07,1.6116297767183574e-07,4.1231177537113336e-07,2.954623386680485e-07
scene_04_near_singularity,prm,44,0.0485144911432696,0.04851441612957155,2.2360903393732927e-07,1.6116297767183574e-07,4.1231177537113336e-07,2.954623386680485e-07
scene_04_near_singularity,prm,45,0.0485144911432696,0.04851441612957155,2.2360903393732927e-07,1.6116297767183574e-07,4.1231177537113336e-07,2.954623386680485e-07
scene_04_near_singularity,prm,46,0.0485144911432696,0.04851441612957155,2.2360903393732927e-07,1.6116297767183574e-07,4.1231177537113336e-07,2.954623386680485e-07
scene_04_near_singularity,prm,47,0.0485144911432696,0.04851441612957155,2.2360903393732927e-07,1.6116297767183574e-07,4.1231177537113336e-07,2.954623386680485e-07
scene_04_near_singularity,prm,48,0.0485144911432696,0.04851441612957155,2.2360903393732927e-07,1.6116297767183574e-07,4.1231177537113336e-07,2.954623386680485e-07
scene_04_near_singularity,prm,49,0.0485144911432696,0.04851441612957155,2.2360903393732927e-07,1.6116297767183574e-07,4.1231177537113336e-07,2.954623386680485e-07
scene_04_near_singularity,rrt,0,0.0485144911432696,0.04851441612957155,2.2360903393732927e-07,1.6116297767183574e-07,4.1231177537113336e-07,2.954623386680485e-07
scene_04_near_singularity,rrt,1,0.0485144911432696,0.04851441612957155,2.2360903393732927e-07,1.6116297767183574e-07,4.1231177537113336e-07,2.954623386680485e-07
scene_04_near_singularity,rrt,2,0.0485144911432696,0.04851441612957155,2.2360903393732927e-07,1.6116297767183574e-07,4.1231177537113336e-07,2.954623386680485e-07
scene_04_near_singularity,rrt,3,0.0485144911432696,0.04851441612957155,2.2360903393732927e-07,1.6116297767183574e-07,4.1231177537113336e-07,2.954623386680485e-07
scene_04_near_singularity,rrt,4,0.0485144911432696,0.04851441612957155,2.2360903393732927e-07,1.6116297767183574e-07,4.1231177537113336e-07,2.954623386680485e-07
scene_04_near_singularity,rrt,5,0.0485144911432696,0.04851441612957155,2.2360903393732927e-07,1.6116297767183574e-07,4.1231177537113336e-07,2.954623386680485e-07
scene_04_near_singularity,rrt,6,0.0485144911432696,0.04851441612957155,2.2360903393732927e-07,1.6116297767183574e-07,4.1231177537113336e-07,2.954623386680485e-07
scene_04_near_singularity,rrt,7,0.0485144911432696,0.04851441612957155,2.2360903393732927e-07,1.6116297767183574e-07,4.1231177537113336e-07,2.954623386680485e-07
scene_04_near_singularity,rrt,8,0.0485144911432696,0.04851441612957155,2.2360903393732927e-07,1.6116297767183574e-07,4.1231177537113336e-07,2.954623386680485e-07
scene_04_near_singularity,rrt,9,0.0485144911432696,0.04851441612957155,2.2360903393732927e-07,1.6116297767183574e-07,4.1231177537113336e-07,2.954623386680485e-07
scene_04_near_singularity,rrt,10,0.0485144911432696,0.04851441612957155,2.2360903393732927e-07,1.6116297767183574e-07,4.1231177537113336e-07,2.954623386680485e-07
scene_04_near_singularity,rrt,11,0.0485144911432696,0.04851441612957155,2.2360903393732927e-07,1.6116297767183574e-07,4.1231177537113336e-07,2.954623386680485e-07
scene_04_near_singularity,rrt,12,0.0485144911432696,0.04851441612957155,2.2360903393732927e-07,1.6116297767183574e-07,4.1231177537113336e-07,2.954623386680485e-07
scene_04_near_singularity,rrt,13,0.0485144911432696,0.04851441612957155,2.2360903393732927e-07,1.6116297767183574e-07,4.1231177537113336e-07,2.954623386680485e-07
scene_04_near_singularity,rrt,14,0.0485144911432696,0.04851441612957155,2.2360903393732927e-07,1.6116297767183574e-07,4.1231177537113336e-07,2.954623386680485e-07
scene_04_near_singularity,rrt,15,0.0485144911432696,0.04851441612957155,2.2360903393732927e-07,1.6116297767183574e-07,4.1231177537113336e-07,2.954623386680485e-07
scene_04_near_singularity,rrt,16,0.0485144911432696,0.04851441612957155,2.2360903393732927e-07,1.6116297767183574e-07,4.1231177537113336e-07,2.954623386680485e-07
scene_04_near_singularity,rrt,17,0.0485144911432696,0.04851441612957155,2.2360903393732927e-07,1.6116297767183574e-07,4.1231177537113336e-07,2.954623386680485e-07
scene_04_near_singularity,rrt,18,0.0485144911432696,0.04851441612957155,2.2360903393732927e-07,1.6116297767183574e-07,4.1231177537113336e-07,2.954623386680485e-07
scene_04_near_singularity,rrt,19,0.0485144911432696,0.04851441612957155,2.2360903393732927e-07,1.6116297767183574e-07,4.1231177537113336e-07,2.954623386680485e-07
scene_04_near_singularity,rrt,20,0.0485144911432696,0.04851441612957155,2.2360903393732927e-07,1.6116297767183574e-07,4.1231177537113336e-07,2.954623386680485e-07
scene_04_near_singularity,rrt,21,0.0485144911432696,0.04851441612957155,2.2360903393732927e-07,1.6116297767183574e-07,4.1231177537113336e-07,2.954623386680485e-07
scene_04_near_singularity,rrt,22,0.0485144911432696,0.04851441612957155,2.2360903393732927e-07,1.6116297767183574e-07,4.1231177537113336e-07,2.954623386680485e-07
scene_04_near_singularity,rrt,23,0.0485144911432696,0.04851441612957155,2.2360903393732927e-07,1.6116297767183574e-07,4.1231177537113336e-07,2.954623386680485e-07
scene_04_near_singularity,rrt,24,0.0485144911432696,0.04851441612957155,2.2360903393732927e-07,1.6116297767183574e-07,4.1231177537113336e-07,2.954623386680485e-07
scene_04_near_singularity,rrt,25,0.0485144911432696,0.04851441612957155,2.2360903393732927e-07,1.6116297767183574e-07,4.1231177537113336e-07,2.954623386680485e-07
scene_04_near_singularity,rrt,26,0.0485144911432696,0.04851441612957155,2.2360903393732927e-07,1.6116297767183574e-07,4.1231177537113336e-07,2.954623386680485e-07
scene_04_near_singularity,rrt,27,0.0485144911432696,0.04851441612957155,2.2360903393732927e-07,1.6116297767183574e-07,4.1231177537113336e-07,2.954623386680485e-07
scene_04_near_singularity,rrt,28,0.0485144911432696,0.04851441612957155,2.2360903393732927e-07,1.6116297767183574e-07,4.1231177537113336e-07,2.954623386680485e-07
scene_04_near_singularity,rrt,29,0.0485144911432696,0.04851441612957155,2.2360903393732927e-07,1.6116297767183574e-07,4.1231177537113336e-07,2.954623386680485e-07
scene_04_near_singularity,rrt,30,0.0485144911432696,0.04851441612957155,2.2360903393732927e-07,1.6116297767183574e-07,4.1231177537113336e-07,2.954623386680485e-07
scene_04_near_singularity,rrt,31,0.0485144911432696,0.04851441612957155,2.2360903393732927e-07,1.6116297767183574e-07,4.1231177537113336e-07,2.954623386680485e-07
scene_04_near_singularity,rrt,32,0.0485144911432696,0.04851441612957155,2.2360903393732927e-07,1.6116297767183574e-07,4.1231177537113336e-07,2.954623386680485e-07
scene_04_near_singularity,rrt,33,0.0485144911432696,0.04851441612957155,2.2360903393732927e-07,1.6116297767183574e-07,4.1231177537113336e-07,2.954623386680485e-07
scene_04_near_singularity,rrt,34,0.0485144911432696,0.04851441612957155,2.2360903393732927e-07,1.6116297767183574e-07,4.1231177537113336e-07,2.954623386680485e-07
scene_04_near_singularity,rrt,35,0.0485144911432696,0.04851441612957155,2.2360903393732927e-07,1.6116297767183574e-07,4.1231177537113336e-07,2.954623386680485e-07
scene_04_near_singularity,rrt,36,0.0485144911432696,0.04851441612957155,2.2360903393732927e-07,1.6116297767183574e-07,4.1231177537113336e-07,2.954623386680485e-07
scene_04_near_singularity,rrt,37,0.0485144911432696,0.04851441612957155,2.2360903393732927e-07,1.6116297767183574e-07,4.1231177537113336e-07,2.954623386680485e-07
scene_04_near_singularity,rrt,38,0.0485144911432696,0.04851441612957155,2.2360903393732927e-07,1.6116297767183574e-07,4.1231177537113336e-07,2.954623386680485e-07
scene_04_near_singularity,rrt,39,0.0485144911432696,0.04851441612957155,2.2360903393732927e-07,1.6116297767183574e-07,4.1231177537113336e-07,2.954623386680485e-07
scene_04_near_singularity,rrt,40,0.0485144911432696,0.04851441612957155,2.2360903393732927e-07,1.6116297767183574e-07,4.1231177537113336e-07,2.954623386680485e-07
scene_04_near_singularity,rrt,41,0.0485144911432696,0.04851441612957155,2.2360903393732927e-07,1.6116297767183574e-07,4.1231177537113336e-07,2.954623386680485e-07
scene_04_near_singularity,rrt,42,0.0485144911432696,0.04851441612957155,2.2360903393732927e-07,1.6116297767183574e-07,4.1231177537113336e-07,2.954623386680485e-07
scene_04_near_singularity,rrt,43,0.0485144911432696,0.04851441612957155,2.2360903393732927e-07,1.6116297767183574e-07,4.1231177537113336e-07,2.954623386680485e-07
scene_04_near_singularity,rrt,44,0.0485144911432696,0.04851441612957155,2.2360903393732927e-07,1.6116297767183574e-07,4.1231177537113336e-07,2.954623386680485e-07
scene_04_near_singularity,rrt,45,0.0485144911432696,0.04851441612957155,2.2360903393732927e-07,1.6116297767183574e-07,4.1231177537113336e-07,2.954623386680485e-07
scene_04_near_singularity,rrt,47,0.0485144911432696,0.04851441612957155,2.2360903393732927e-07,1.6116297767183574e-07,4.1231177537113336e-07,2.954623386680485e-07
scene_04_near_singularity,rrt,48,0.0485144911432696,0.04851441612957155,2.2360903393732927e-07,1.6116297767183574e-07,4.1231177537113336e-07,2.954623386680485e-07
scene_04_near_singularity,rrt,49,0.0485144911432696,0.04851441612957155,2.2360903393732927e-07,1.6116297767183574e-07,4.1231177537113336e-07,2.954623386680485e-07
scene_04_near_singularity,rrt_connect,0,0.0485144911432696,0.04851441612957155,2.2360903393732927e-07,1.6116297767183574e-07,4.1231177537113336e-07,2.954623386680485e-07
scene_04_near_singularity,rrt_connect,1,0.0485144911432696,0.04851441612957155,2.2360903393732927e-07,1.6116297767183574e-07,4.1231177537113336e-07,2.954623386680485e-07
scene_04_near_singularity,rrt_connect,2,0.0485144911432696,0.04851441612957155,2.2360903393732927e-07,1.6116297767183574e-07,4.1231177537113336e-07,2.954623386680485e-07
scene_04_near_singularity,rrt_connect,3,0.0485144911432696,0.04851441612957155,2.2360903393732927e-07,1.6116297767183574e-07,4.1231177537113336e-07,2.954623386680485e-07
scene_04_near_singularity,rrt_connect,4,0.0485144911432696,0.04851441612957155,2.2360903393732927e-07,1.6116297767183574e-07,4.1231177537113336e-07,2.954623386680485e-07
scene_04_near_singularity,rrt_connect,5,0.0485144911432696,0.04851441612957155,2.2360903393732927e-07,1.6116297767183574e-07,4.1231177537113336e-07,2.954623386680485e-07
scene_04_near_singularity,rrt_connect,6,0.0485144911432696,0.04851441612957155,2.2360903393732927e-07,1.6116297767183574e-07,4.1231177537113336e-07,2.954623386680485e-07
scene_04_near_singularity,rrt_connect,7,0.0485144911432696,0.04851441612957155,2.2360903393732927e-07,1.6116297767183574e-07,4.1231177537113336e-07,2.954623386680485e-07
scene_04_near_singularity,rrt_connect,8,0.0485144911432696,0.04851441612957155,2.2360903393732927e-07,1.6116297767183574e-07,4.1231177537113336e-07,2.954623386680485e-07
scene_04_near_singularity,rrt_connect,9,0.0485144911432696,0.04851441612957155,2.2360903393732927e-07,1.6116297767183574e-07,4.1231177537113336e-07,2.954623386680485e-07
scene_04_near_singularity,rrt_connect,10,0.0485144911432696,0.04851441612957155,2.2360903393732927e-07,1.6116297767183574e-07,4.1231177537113336e-07,2.954623386680485e-07
scene_04_near_singularity,rrt_connect,11,0.0485144911432696,0.04851441612957155,2.2360903393732927e-07,1.6116297767183574e-07,4.1231177537113336e-07,2.954623386680485e-07
scene_04_near_singularity,rrt_connect,12,0.0485144911432696,0.04851441612957155,2.2360903393732927e-07,1.6116297767183574e-07,4.1231177537113336e-07,2.954623386680485e-07
scene_04_near_singularity,rrt_connect,13,0.0485144911432696,0.04851441612957155,2.2360903393732927e-07,1.6116297767183574e-07,4.1231177537113336e-07,2.954623386680485e-07
scene_04_near_singularity,rrt_connect,14,0.0485144911432696,0.04851441612957155,2.2360903393732927e-07,1.6116297767183574e-07,4.1231177537113336e-07,2.954623386680485e-07
scene_04_near_singularity,rrt_connect,15,0.0485144911432696,0.04851441612957155,2.2360903393732927e-07,1.6116297767183574e-07,4.1231177537113336e-07,2.954623386680485e-07
scene_04_near_singularity,rrt_connect,16,0.0485144911432696,0.04851441612957155,2.2360903393732927e-07,1.6116297767183574e-07,4.1231177537113336e-07,2.954623386680485e-07
scene_04_near_singularity,rrt_connect,17,0.0485144911432696,0.04851441612957155,2.2360903393732927e-07,1.6116297767183574e-07,4.1231177537113336e-07,2.954623386680485e-07
scene_04_near_singularity,rrt_connect,18,0.0485144911432696,0.04851441612957155,2.2360903393732927e-07,1.6116297767183574e-07,4.1231177537113336e-07,2.954623386680485e-07
scene_04_near_singularity,rrt_connect,19,0.0485144911432696,0.04851441612957155,2.2360903393732927e-07,1.6116297767183574e-07,4.1231177537113336e-07,2.954623386680485e-07
scene_04_near_singularity,rrt_connect,20,0.0485144911432696,0.04851441612957155,2.2360903393732927e-07,1.6116297767183574e-07,4.1231177537113336e-07,2.954623386680485e-07
scene_04_near_singularity,rrt_connect,21,0.0485144911432696,0.04851441612957155,2.2360903393732927e-07,1.6116297767183574e-07,4.1231177537113336e-07,2.954623386680485e-07
scene_04_near_singularity,rrt_connect,22,0.0485144911432696,0.04851441612957155,2.2360903393732927e-07,1.6116297767183574e-07,4.1231177537113336e-07,2.954623386680485e-07
scene_04_near_singularity,rrt_connect,23,0.0485144911432696,0.04851441612957155,2.2360903393732927e-07,1.6116297767183574e-07,4.1231177537113336e-07,2.954623386680485e-07
scene_04_near_singularity,rrt_connect,24,0.0485144911432696,0.04851441612957155,2.2360903393732927e-07,1.6116297767183574e-07,4.1231177537113336e-07,2.954623386680485e-07
scene_04_near_singularity,rrt_connect,25,0.0485144911432696,0.04851441612957155,2.2360903393732927e-07,1.6116297767183574e-07,4.1231177537113336e-07,2.954623386680485e-07
scene_04_near_singularity,rrt_connect,26,0.0485144911432696,0.04851441612957155,2.2360903393732927e-07,1.6116297767183574e-07,4.1231177537113336e-07,2.954623386680485e-07
scene_04_near_singularity,rrt_connect,27,0.0485144911432696,0.04851441612957155,2.2360903393732927e-07,1.6116297767183574e-07,4.1231177537113336e-07,2.954623386680485e-07
scene_04_near_singularity,rrt_connect,28,0.0485144911432696,0.04851441612957155,2.2360903393732927e-07,1.6116297767183574e-07,4.1231177537113336e-07,2.954623386680485e-07
scene_04_near_singularity,rrt_connect,29,0.0485144911432696,0.04851441612957155,2.2360903393732927e-07,1.6116297767183574e-07,4.1231177537113336e-07,2.954623386680485e-07
scene_04_near_singularity,rrt_connect,30,0.0485144911432696,0.04851441612957155,2.2360903393732927e-07,1.6116297767183574e-07,4.1231177537113336e-07,2.954623386680485e-07
scene_04_near_singularity,rrt_connect,31,0.0485144911432696,0.04851441612957155,2.2360903393732927e-07,1.6116297767183574e-07,4.1231177537113336e-07,2.954623386680485e-07
scene_04_near_singularity,rrt_connect,32,0.0485144911432696,0.04851441612957155,2.2360903393732927e-07,1.6116297767183574e-07,4.1231177537113336e-07,2.954623386680485e-07
scene_04_near_singularity,rrt_connect,33,0.0485144911432696,0.04851441612957155,2.2360903393732927e-07,1.6116297767183574e-07,4.1231177537113336e-07,2.954623386680485e-07
scene_04_near_singularity,rrt_connect,34,0.0485144911432696,0.04851441612957155,2.2360903393732927e-07,1.6116297767183574e-07,4.1231177537113336e-07,2.954623386680485e-07
scene_04_near_singularity,rrt_connect,35,0.0485144911432696,0.04851441612957155,2.2360903393732927e-07,1.6116297767183574e-07,4.1231177537113336e-07,2.954623386680485e-07
scene_04_near_singularity,rrt_connect,36,0.0485144911432696,0.04851441612957155,2.2360903393732927e-07,1.6116297767183574e-07,4.1231177537113336e-07,2.954623386680485e-07
scene_04_near_singularity,rrt_connect,37,0.0485144911432696,0.04851441612957155,2.2360903393732927e-07,1.6116297767183574e-07,4.1231177537113336e-07,2.954623386680485e-07
scene_04_near_singularity,rrt_connect,38,0.0485144911432696,0.04851441612957155,2.2360903393732927e-07,1.6116297767183574e-07,4.1231177537113336e-07,2.954623386680485e-07
scene_04_near_singularity,rrt_connect,39,0.0485144911432696,0.04851441612957155,2.2360903393732927e-07,1.6116297767183574e-07,4.1231177537113336e-07,2.954623386680485e-07
scene_04_near_singularity,rrt_connect,40,0.0485144911432696,0.04851441612957155,2.2360903393732927e-07,1.6116297767183574e-07,4.1231177537113336e-07,2.954623386680485e-07
scene_04_near_singularity,rrt_connect,41,0.0485144911432696,0.04851441612957155,2.2360903393732927e-07,1.6116297767183574e-07,4.1231177537113336e-07,2.954623386680485e-07
scene_04_near_singularity,rrt_connect,42,0.0485144911432696,0.04851441612957155,2.2360903393732927e-07,1.6116297767183574e-07,4.1231177537113336e-07,2.954623386680485e-07
scene_04_near_singularity,rrt_connect,43,0.0485144911432696,0.04851441612957155,2.2360903393732927e-07,1.6116297767183574e-07,4.1231177537113336e-07,2.954623386680485e-07
scene_04_near_singularity,rrt_connect,44,0.0485144911432696,0.04851441612957155,2.2360903393732927e-07,1.6116297767183574e-07,4.1231177537113336e-07,2.954623386680485e-07
scene_04_near_singularity,rrt_connect,45,0.0485144911432696,0.04851441612957155,2.2360903393732927e-07,1.6116297767183574e-07,4.1231177537113336e-07,2.954623386680485e-07
scene_04_near_singularity,rrt_connect,46,0.0485144911432696,0.04851441612957155,2.2360903393732927e-07,1.6116297767183574e-07,4.1231177537113336e-07,2.954623386680485e-07
scene_04_near_singularity,rrt_connect,47,0.0485144911432696,0.04851441612957155,2.2360903393732927e-07,1.6116297767183574e-07,4.1231177537113336e-07,2.954623386680485e-07
scene_04_near_singularity,rrt_connect,48,0.0485144911432696,0.04851441612957155,2.2360903393732927e-07,1.6116297767183574e-07,4.1231177537113336e-07,2.954623386680485e-07
scene_04_near_singularity,rrt_connect,49,0.0485144911432696,0.04851441612957155,2.2360903393732927e-07,1.6116297767183574e-07,4.1231177537113336e-07,2.954623386680485e-07
scene_05_mixed_maze_passage,apf,0,0.04500010242152896,0.0450000360803263,0.09000018562795534,0.08647414213379663,0.18000033287179118,0.17295486518507583
scene_05_mixed_maze_passage,apf,1,0.04500010242152896,0.0450000360803263,0.09000018562795534,0.08647414213379663,0.18000033287179118,0.17295486518507583
scene_05_mixed_maze_passage,apf,2,0.04500010242152896,0.0450000360803263,0.09000018562795534,0.08647414213379663,0.18000033287179118,0.17295486518507583
scene_05_mixed_maze_passage,apf,3,0.04500010242152896,0.0450000360803263,0.09000018562795534,0.08647414213379663,0.18000033287179118,0.17295486518507583
scene_05_mixed_maze_passage,apf,4,0.04500010242152896,0.0450000360803263,0.09000018562795534,0.08647414213379663,0.18000033287179118,0.17295486518507583
scene_05_mixed_maze_passage,apf,5,0.04500010242152896,0.0450000360803263,0.09000018562795534,0.08647414213379663,0.18000033287179118,0.17295486518507583
scene_05_mixed_maze_passage,apf,6,0.04500010242152896,0.0450000360803263,0.09000018562795534,0.08647414213379663,0.18000033287179118,0.17295486518507583
scene_05_mixed_maze_passage,apf,7,0.04500010242152896,0.0450000360803263,0.09000018562795534,0.08647414213379663,0.18000033287179118,0.17295486518507583
scene_05_mixed_maze_passage,apf,8,0.04500010242152896,0.0450000360803263,0.09000018562795534,0.08647414213379663,0.18000033287179118,0.17295486518507583
scene_05_mixed_maze_passage,apf,9,0.04500010242152896,0.0450000360803263,0.09000018562795534,0.08647414213379663,0.18000033287179118,0.17295486518507583
scene_05_mixed_maze_passage,apf,10,0.04500010242152896,0.0450000360803263,0.09000018562795534,0.08647414213379663,0.18000033287179118,0.17295486518507583
scene_05_mixed_maze_passage,apf,11,0.04500010242152896,0.0450000360803263,0.09000018562795534,0.08647414213379663,0.18000033287179118,0.17295486518507583
scene_05_mixed_maze_passage,apf,12,0.04500010242152896,0.0450000360803263,0.09000018562795534,0.08647414213379663,0.18000033287179118,0.17295486518507583
scene_05_mixed_maze_passage,apf,13,0.04500010242152896,0.0450000360803263,0.09000018562795534,0.08647414213379663,0.18000033287179118,0.17295486518507583
scene_05_mixed_maze_passage,apf,14,0.04500010242152896,0.0450000360803263,0.09000018562795534,0.08647414213379663,0.18000033287179118,0.17295486518507583
scene_05_mixed_maze_passage,apf,15,0.04500010242152896,0.0450000360803263,0.09000018562795534,0.08647414213379663,0.18000033287179118,0.17295486518507583
scene_05_mixed_maze_passage,apf,16,0.04500010242152896,0.0450000360803263,0.09000018562795534,0.08647414213379663,0.18000033287179118,0.17295486518507583
scene_05_mixed_maze_passage,apf,17,0.04500010242152896,0.0450000360803263,0.09000018562795534,0.08647414213379663,0.18000033287179118,0.17295486518507583
scene_05_mixed_maze_passage,apf,18,0.04500010242152896,0.0450000360803263,0.09000018562795534,0.08647414213379663,0.18000033287179118,0.17295486518507583
scene_05_mixed_maze_passage,apf,19,0.04500010242152896,0.0450000360803263,0.09000018562795534,0.08647414213379663,0.18000033287179118,0.17295486518507583
scene_05_mixed_maze_passage,apf,20,0.04500010242152896,0.0450000360803263,0.09000018562795534,0.08647414213379663,0.18000033287179118,0.17295486518507583
scene_05_mixed_maze_passage,apf,21,0.04500010242152896,0.0450000360803263,0.09000018562795534,0.08647414213379663,0.18000033287179118,0.17295486518507583
scene_05_mixed_maze_passage,apf,22,0.04500010242152896,0.0450000360803263,0.09000018562795534,0.08647414213379663,0.18000033287179118,0.17295486518507583
scene_05_mixed_maze_passage,apf,23,0.04500010242152896,0.0450000360803263,0.09000018562795534,0.08647414213379663,0.18000033287179118,0.17295486518507583
scene_05_mixed_maze_passage,apf,24,0.04500010242152896,0.0450000360803263,0.09000018562795534,0.08647414213379663,0.18000033287179118,0.17295486518507583
scene_05_mixed_maze_passage,apf,25,0.04500010242152896,0.0450000360803263,0.09000018562795534,0.08647414213379663,0.18000033287179118,0.17295486518507583
scene_05_mixed_maze_passage,apf,26,0.04500010242152896,0.0450000360803263,0.09000018562795534,0.08647414213379663,0.18000033287179118,0.17295486518507583
scene_05_mixed_maze_passage,apf,27,0.04500010242152896,0.0450000360803263,0.09000018562795534,0.08647414213379663,0.18000033287179118,0.17295486518507583
scene_05_mixed_maze_passage,apf,28,0.04500010242152896,0.0450000360803263,0.09000018562795534,0.08647414213379663,0.18000033287179118,0.17295486518507583
scene_05_mixed_maze_passage,apf,29,0.04500010242152896,0.0450000360803263,0.09000018562795534,0.08647414213379663,0.18000033287179118,0.17295486518507583
scene_05_mixed_maze_passage,apf,30,0.04500010242152896,0.0450000360803263,0.09000018562795534,0.08647414213379663,0.18000033287179118,0.17295486518507583
scene_05_mixed_maze_passage,apf,31,0.04500010242152896,0.0450000360803263,0.09000018562795534,0.08647414213379663,0.18000033287179118,0.17295486518507583
scene_05_mixed_maze_passage,apf,32,0.04500010242152896,0.0450000360803263,0.09000018562795534,0.08647414213379663,0.18000033287179118,0.17295486518507583
scene_05_mixed_maze_passage,apf,33,0.04500010242152896,0.0450000360803263,0.09000018562795534,0.08647414213379663,0.18000033287179118,0.17295486518507583
scene_05_mixed_maze_passage,apf,34,0.04500010242152896,0.0450000360803263,0.09000018562795534,0.08647414213379663,0.18000033287179118,0.17295486518507583
scene_05_mixed_maze_passage,apf,35,0.04500010242152896,0.0450000360803263,0.09000018562795534,0.08647414213379663,0.18000033287179118,0.17295486518507583
scene_05_mixed_maze_passage,apf,36,0.04500010242152896,0.0450000360803263,0.09000018562795534,0.08647414213379663,0.18000033287179118,0.17295486518507583
scene_05_mixed_maze_passage,apf,37,0.04500010242152896,0.0450000360803263,0.09000018562795534,0.08647414213379663,0.18000033287179118,0.17295486518507583
scene_05_mixed_maze_passage,apf,38,0.04500010242152896,0.0450000360803263,0.09000018562795534,0.08647414213379663,0.18000033287179118,0.17295486518507583
scene_05_mixed_maze_passage,apf,39,0.04500010242152896,0.0450000360803263,0.09000018562795534,0.08647414213379663,0.18000033287179118,0.17295486518507583
scene_05_mixed_maze_passage,apf,40,0.04500010242152896,0.0450000360803263,0.09000018562795534,0.08647414213379663,0.18000033287179118,0.17295486518507583
scene_05_mixed_maze_passage,apf,41,0.04500010242152896,0.0450000360803263,0.09000018562795534,0.08647414213379663,0.18000033287179118,0.17295486518507583
scene_05_mixed_maze_passage,apf,42,0.04500010242152896,0.0450000360803263,0.09000018562795534,0.08647414213379663,0.18000033287179118,0.17295486518507583
scene_05_mixed_maze_passage,apf,43,0.04500010242152896,0.0450000360803263,0.09000018562795534,0.08647414213379663,0.18000033287179118,0.17295486518507583
scene_05_mixed_maze_passage,apf,44,0.04500010242152896,0.0450000360803263,0.09000018562795534,0.08647414213379663,0.18000033287179118,0.17295486518507583
scene_05_mixed_maze_passage,apf,45,0.04500010242152896,0.0450000360803263,0.09000018562795534,0.08647414213379663,0.18000033287179118,0.17295486518507583
scene_05_mixed_maze_passage,apf,46,0.04500010242152896,0.0450000360803263,0.09000018562795534,0.08647414213379663,0.18000033287179118,0.17295486518507583
scene_05_mixed_maze_passage,apf,47,0.04500010242152896,0.0450000360803263,0.09000018562795534,0.08647414213379663,0.18000033287179118,0.17295486518507583
scene_05_mixed_maze_passage,apf,48,0.04500010242152896,0.0450000360803263,0.09000018562795534,0.08647414213379663,0.18000033287179118,0.17295486518507583
scene_05_mixed_maze_passage,apf,49,0.04500010242152896,0.0450000360803263,0.09000018562795534,0.08647414213379663,0.18000033287179118,0.17295486518507583
scene_05_mixed_maze_passage,prm,0,0.04173313710149901,0.041733090654970405,2.2360679768193291e-07,1.1883902202150209e-07,3.741670747843095e-07,2.1615181587787618e-07
scene_05_mixed_maze_passage,prm,1,0.04173313710149901,0.041733090654970405,2.2360679768193291e-07,1.1883902202150209e-07,3.741670747843095e-07,2.1615181587787618e-07
scene_05_mixed_maze_passage,prm,2,0.04173313710149901,0.041733090654970405,2.2360679768193291e-07,1.1883902202150209e-07,3.741670747843095e-07,2.1615181587787618e-07
scene_05_mixed_maze_passage,prm,3,0.04173313710149901,0.041733090654970405,2.2360679768193291e-07,1.1883902202150209e-07,3.741670747843095e-07,2.1615181587787618e-07
scene_05_mixed_maze_passage,prm,4,0.04173313710149901,0.041733090654970405,2.2360679768193291e-07,1.1883902202150209e-07,3.741670747843095e-07,2.1615181587787618e-07
scene_05_mixed_maze_passage,prm,5,0.04173313710149901,0.041733090654970405,2.2360679768193291e-07,1.1883902202150209e-07,3.741670747843095e-07,2.1615181587787618e-07
scene_05_mixed_maze_passage,prm,6,0.04173313710149901,0.041733090654970405,2.2360679768193291e-07,1.1883902202150209e-07,3.741670747843095e-07,2.1615181587787618e-07
scene_05_mixed_maze_passage,prm,7,0.04173313710149901,0.041733090654970405,2.2360679768193291e-07,1.1883902202150209e-07,3.741670747843095e-07,2.1615181587787618e-07
scene_05_mixed_maze_passage,prm,8,0.04173313710149901,0.041733090654970405,2.2360679768193291e-07,1.1883902202150209e-07,3.741670747843095e-07,2.1615181587787618e-07
scene_05_mixed_maze_passage,prm,9,0.04173313710149901,0.041733090654970405,2.2360679768193291e-07,1.1883902202150209e-07,3.741670747843095e-07,2.1615181587787618e-07
scene_05_mixed_maze_passage,prm,10,0.04173313710149901,0.041733090654970405,2.2360679768193291e-07,1.1883902202150209e-07,3.741670747843095e-07,2.1615181587787618e-07
scene_05_mixed_maze_passage,prm,11,0.04173313710149901,0.041733090654970405,2.2360679768193291e-07,1.1883902202150209e-07,3.741670747843095e-07,2.1615181587787618e-07
scene_05_mixed_maze_passage,prm,12,0.04173313710149901,0.041733090654970405,2.2360679768193291e-07,1.1883902202150209e-07,3.741670747843095e-07,2.1615181587787618e-07
scene_05_mixed_maze_passage,prm,13,0.04173313710149901,0.041733090654970405,2.2360679768193291e-07,1.1883902202150209e-07,3.741670747843095e-07,2.1615181587787618e-07
scene_05_mixed_maze_passage,prm,14,0.04173313710149901,0.041733090654970405,2.2360679768193291e-07,1.1883902202150209e-07,3.741670747843095e-07,2.1615181587787618e-07
scene_05_mixed_maze_passage,prm,15,0.04173313710149901,0.041733090654970405,2.2360679768193291e-07,1.1883902202150209e-07,3.741670747843095e-07,2.1615181587787618e-07
scene_05_mixed_maze_passage,prm,16,0.04173313710149901,0.041733090654970405,2.2360679768193291e-07,1.1883902202150209e-07,3.741670747843095e-07,2.1615181587787618e-07
scene_05_mixed_maze_passage,prm,17,0.04173313710149901,0.041733090654970405,2.2360679768193291e-07,1.1883902202150209e-07,3.741670747843095e-07,2.1615181587787618e-07
scene_05_mixed_maze_passage,prm,18,0.04173313710149901,0.041733090654970405,2.2360679768193291e-07,1.1883902202150209e-07,3.741670747843095e-07,2.1615181587787618e-07
scene_05_mixed_maze_passage,prm,19,0.04173313710149901,0.041733090654970405,2.2360679768193291e-07,1.1883902202150209e-07,3.741670747843095e-07,2.1615181587787618e-07
scene_05_mixed_maze_passage,prm,20,0.04173313710149901,0.041733090654970405,2.2360679768193291e-07,1.1883902202150209e-07,3.741670747843095e-07,2.1615181587787618e-07
scene_05_mixed_maze_passage,prm,21,0.04173313710149901,0.041733090654970405,2.2360679768193291e-07,1.1883902202150209e-07,3.741670747843095e-07,2.1615181587787618e-07
scene_05_mixed_maze_passage,prm,22,0.04173313710149901,0.041733090654970405,2.2360679768193291e-07,1.1883902202150209e-07,3.741670747843095e-07,2.1615181587787618e-07
scene_05_mixed_maze_passage,prm,23,0.04173313710149901,0.041733090654970405,2.2360679768193291e-07,1.1883902202150209e-07,3.741670747843095e-07,2.1615181587787618e-07
scene_05_mixed_maze_passage,prm,24,0.04173313710149901,0.041733090654970405,2.2360679768193291e-07,1.1883902202150209e-07,3.741670747843095e-07,2.1615181587787618e-07
scene_05_mixed_maze_passage,prm,25,0.04173313710149901,0.041733090654970405,2.2360679768193291e-07,1.1883902202150209e-07,3.741670747843095e-07,2.1615181587787618e-07
scene_05_mixed_maze_passage,prm,26,0.04173313710149901,0.041733090654970405,2.2360679768193291e-07,1.1883902202150209e-07,3.741670747843095e-07,2.1615181587787618e-07
scene_05_mixed_maze_passage,prm,27,0.04173313710149901,0.041733090654970405,2.2360679768193291e-07,1.1883902202150209e-07,3.741670747843095e-07,2.1615181587787618e-07
scene_05_mixed_maze_passage,prm,28,0.04173313710149901,0.041733090654970405,2.2360679768193291e-07,1.1883902202150209e-07,3.741670747843095e-07,2.1615181587787618e-07
scene_05_mixed_maze_passage,prm,29,0.04173313710149901,0.041733090654970405,2.2360679768193291e-07,1.1883902202150209e-07,3.741670747843095e-07,2.1615181587787618e-07
scene_05_mixed_maze_passage,prm,30,0.04173313710149901,0.041733090654970405,2.2360679768193291e-07,1.1883902202150209e-07,3.741670747843095e-07,2.1615181587787618e-07
scene_05_mixed_maze_passage,prm,31,0.04173313710149901,0.041733090654970405,2.2360679768193291e-07,1.1883902202150209e-07,3.741670747843095e-07,2.1615181587787618e-07
scene_05_mixed_maze_passage,prm,32,0.04173313710149901,0.041733090654970405,2.2360679768193291e-07,1.1883902202150209e-07,3.741670747843095e-07,2.1615181587787618e-07
scene_05_mixed_maze_passage,prm,33,0.04173313710149901,0.041733090654970405,2.2360679768193291e-07,1.1883902202150209e-07,3.741670747843095e-07,2.1615181587787618e-07
scene_05_mixed_maze_passage,prm,34,0.04173313710149901,0.041733090654970405,2.2360679768193291e-07,1.1883902202150209e-07,3.741670747843095e-07,2.1615181587787618e-07
scene_05_mixed_maze_passage,prm,35,0.04173313710149901,0.041733090654970405,2.2360679768193291e-07,1.1883902202150209e-07,3.741670747843095e-07,2.1615181587787618e-07
scene_05_mixed_maze_passage,prm,36,0.04173313710149901,0.041733090654970405,2.2360679768193291e-07,1.1883902202150209e-07,3.741670747843095e-07,2.1615181587787618e-07
scene_05_mixed_maze_passage,prm,37,0.04173313710149901,0.041733090654970405,2.2360679768193291e-07,1.1883902202150209e-07,3.741670747843095e-07,2.1615181587787618e-07
scene_05_mixed_maze_passage,prm,38,0.04173313710149901,0.041733090654970405,2.2360679768193291e-07,1.1883902202150209e-07,3.741670747843095e-07,2.1615181587787618e-07
scene_05_mixed_maze_passage,prm,39,0.04173313710149901,0.041733090654970405,2.2360679768193291e-07,1.1883902202150209e-07,3.741670747843095e-07,2.1615181587787618e-07
scene_05_mixed_maze_passage,prm,40,0.04173313710149901,0.041733090654970405,2.2360679768193291e-07,1.1883902202150209e-07,3.741670747843095e-07,2.1615181587787618e-07
scene_05_mixed_maze_passage,prm,41,0.04173313710149901,0.041733090654970405,2.2360679768193291e-07,1.1883902202150209e-07,3.741670747843095e-07,2.1615181587787618e-07
scene_05_mixed_maze_passage,prm,42,0.04173313710149901,0.041733090654970405,2.2360679768193291e-07,1.1883902202150209e-07,3.741670747843095e-07,2.1615181587787618e-07
scene_05_mixed_maze_passage,prm,43,0.04173313710149901,0.041733090654970405,2.2360679768193291e-07,1.1883902202150209e-07,3.741670747843095e-07,2.1615181587787618e-07
scene_05_mixed_maze_passage,prm,44,0.04173313710149901,0.041733090654970405,2.2360679768193291e-07,1.1883902202150209e-07,3.741670747843095e-07,2.1615181587787618e-07
scene_05_mixed_maze_passage,prm,45,0.04173313710149901,0.041733090654970405,2.2360679768193291e-07,1.1883902202150209e-07,3.741670747843095e-07,2.1615181587787618e-07
scene_05_mixed_maze_passage,prm,46,0.04173313710149901,0.041733090654970405,2.2360679768193291e-07,1.1883902202150209e-07,3.741670747843095e-07,2.1615181587787618e-07
scene_05_mixed_maze_passage,prm,47,0.04173313710149901,0.041733090654970405,2.2360679768193291e-07,1.1883902202150209e-07,3.741670747843095e-07,2.1615181587787618e-07
scene_05_mixed_maze_passage,prm,48,0.04173313710149901,0.041733090654970405,2.2360679768193291e-07,1.1883902202150209e-07,3.741670747843095e-07,2.1615181587787618e-07
scene_05_mixed_maze_passage,prm,49,0.04173313710149901,0.041733090654970405,2.2360679768193291e-07,1.1883902202150209e-07,3.741670747843095e-07,2.1615181587787618e-07
scene_05_mixed_maze_passage,rrt,0,0.04173313710149901,0.041733090654970405,2.2360679768193291e-07,1.1883902202150209e-07,3.741670747843095e-07,2.1615181587787618e-07
scene_05_mixed_maze_passage,rrt,1,0.04173313710149901,0.041733090654970405,2.2360679768193291e-07,1.1883902202150209e-07,3.741670747843095e-07,2.1615181587787618e-07
scene_05_mixed_maze_passage,rrt,2,0.04173313710149901,0.041733090654970405,2.2360679768193291e-07,1.1883902202150209e-07,3.741670747843095e-07,2.1615181587787618e-07
scene_05_mixed_maze_passage,rrt,3,0.04173313710149901,0.041733090654970405,2.2360679768193291e-07,1.1883902202150209e-07,3.741670747843095e-07,2.1615181587787618e-07
scene_05_mixed_maze_passage,rrt,4,0.04173313710149901,0.041733090654970405,2.2360679768193291e-07,1.1883902202150209e-07,3.741670747843095e-07,2.1615181587787618e-07
scene_05_mixed_maze_passage,rrt,5,0.04173313710149901,0.041733090654970405,2.2360679768193291e-07,1.1883902202150209e-07,3.741670747843095e-07,2.1615181587787618e-07
scene_05_mixed_maze_passage,rrt,6,0.04173313710149901,0.041733090654970405,2.2360679768193291e-07,1.1883902202150209e-07,3.741670747843095e-07,2.1615181587787618e-07
scene_05_mixed_maze_passage,rrt,7,0.04173313710149901,0.041733090654970405,2.2360679768193291e-07,1.1883902202150209e-07,3.741670747843095e-07,2.1615181587787618e-07
scene_05_mixed_maze_passage,rrt,8,0.04173313710149901,0.041733090654970405,2.2360679768193291e-07,1.1883902202150209e-07,3.741670747843095e-07,2.1615181587787618e-07
scene_05_mixed_maze_passage,rrt,9,0.04173313710149901,0.041733090654970405,2.2360679768193291e-07,1.1883902202150209e-07,3.741670747843095e-07,2.1615181587787618e-07
scene_05_mixed_maze_passage,rrt,10,0.04173313710149901,0.041733090654970405,2.2360679768193291e-07,1.1883902202150209e-07,3.741670747843095e-07,2.1615181587787618e-07
scene_05_mixed_maze_passage,rrt,11,0.04173313710149901,0.041733090654970405,2.2360679768193291e-07,1.1883902202150209e-07,3.741670747843095e-07,2.1615181587787618e-07
scene_05_mixed_maze_passage,rrt,12,0.04173313710149901,0.041733090654970405,2.2360679768193291e-07,1.1883902202150209e-07,3.741670747843095e-07,2.1615181587787618e-07
scene_05_mixed_maze_passage,rrt,13,0.04173313710149901,0.041733090654970405,2.2360679768193291e-07,1.1883902202150209e-07,3.741670747843095e-07,2.1615181587787618e-07
scene_05_mixed_maze_passage,rrt,14,0.04173313710149901,0.041733090654970405,2.2360679768193291e-07,1.1883902202150209e-07,3.741670747843095e-07,2.1615181587787618e-07
scene_05_mixed_maze_passage,rrt,15,0.04173313710149901,0.041733090654970405,2.2360679768193291e-07,1.1883902202150209e-07,3.741670747843095e-07,2.1615181587787618e-07
scene_05_mixed_maze_passage,rrt,16,0.04173313710149901,0.041733090654970405,2.2360679768193291e-07,1.1883902202150209e-07,3.741670747843095e-07,2.1615181587787618e-07
scene_05_mixed_maze_passage,rrt,17,0.04173313710149901,0.041733090654970405,2.2360679768193291e-07,1.1883902202150209e-07,3.741670747843095e-07,2.1615181587787618e-07
scene_05_mixed_maze_passage,rrt,18,0.04173313710149901,0.041733090654970405,2.2360679768193291e-07,1.1883902202150209e-07,3.741670747843095e-07,2.1615181587787618e-07
scene_05_mixed_maze_passage,rrt,19,0.04173313710149901,0.041733090654970405,2.2360679768193291e-07,1.1883902202150209e-07,3.741670747843095e-07,2.1615181587787618e-07
scene_05_mixed_maze_passage,rrt,20,0.04173313710149901,0.041733090654970405,2.2360679768193291e-07,1.1883902202150209e-07,3.741670747843095e-07,2.1615181587787618e-07
scene_05_mixed_maze_passage,rrt,21,0.04173313710149901,0.041733090654970405,2.2360679768193291e-07,1.1883902202150209e-07,3.741670747843095e-07,2.1615181587787618e-07
scene_05_mixed_maze_passage,rrt,22,0.04173313710149901,0.041733090654970405,2.2360679768193291e-07,1.1883902202150209e-07,3.741670747843095e-07,2.1615181587787618e-07
scene_05_mixed_maze_passage,rrt,23,0.04173313710149901,0.041733090654970405,2.2360679768193291e-07,1.1883902202150209e-07,3.741670747843095e-07,2.1615181587787618e-07
scene_05_mixed_maze_passage,rrt,24,0.04173313710149901,0.041733090654970405,2.2360679768193291e-07,1.1883902202150209e-07,3.741670747843095e-07,2.1615181587787618e-07
scene_05_mixed_maze_passage,rrt,25,0.04173313710149901,0.041733090654970405,2.2360679768193291e-07,1.1883902202150209e-07,3.741670747843095e-07,2.1615181587787618e-07
scene_05_mixed_maze_passage,rrt,26,0.04173313710149901,0.041733090654970405,2.2360679768193291e-07,1.1883902202150209e-07,3.741670747843095e-07,2.1615181587787618e-07
scene_05_mixed_maze_passage,rrt,27,0.04173313710149901,0.041733090654970405,2.2360679768193291e-07,1.1883902202150209e-07,3.741670747843095e-07,2.1615181587787618e-07
scene_05_mixed_maze_passage,rrt,28,0.04173313710149901,0.041733090654970405,2.2360679768193291e-07,1.1883902202150209e-07,3.741670747843095e-07,2.1615181587787618e-07
scene_05_mixed_maze_passage,rrt,29,0.04173313710149901,0.041733090654970405,2.2360679768193291e-07,1.1883902202150209e-07,3.741670747843095e-07,2.1615181587787618e-07
scene_05_mixed_maze_passage,rrt,30,0.04173313710149901,0.041733090654970405,2.2360679768193291e-07,1.1883902202150209e-07,3.741670747843095e-07,2.1615181587787618e-07
scene_05_mixed_maze_passage,rrt,31,0.04173313710149901,0.041733090654970405,2.2360679768193291e-07,1.1883902202150209e-07,3.741670747843095e-07,2.1615181587787618e-07
scene_05_mixed_maze_passage,rrt,32,0.04173313710149901,0.041733090654970405,2.2360679768193291e-07,1.1883902202150209e-07,3.741670747843095e-07,2.1615181587787618e-07
scene_05_mixed_maze_passage,rrt,33,0.04173313710149901,0.041733090654970405,2.2360679768193291e-07,1.1883902202150209e-07,3.741670747843095e-07,2.1615181587787618e-07
scene_05_mixed_maze_passage,rrt,34,0.04173313710149901,0.041733090654970405,2.2360679768193291e-07,1.1883902202150209e-07,3.741670747843095e-07,2.1615181587787618e-07
scene_05_mixed_maze_passage,rrt,35,0.04173313710149901,0.041733090654970405,2.2360679768193291e-07,1.1883902202150209e-07,3.741670747843095e-07,2.1615181587787618e-07
scene_05_mixed_maze_passage,rrt,36,0.04173313710149901,0.041733090654970405,2.2360679768193291e-07,1.1883902202150209e-07,3.741670747843095e-07,2.1615181587787618e-07
scene_05_mixed_maze_passage,rrt,37,0.04173313710149901,0.041733090654970405,2.2360679768193291e-07,1.1883902202150209e-07,3.741670747843095e-07,2.1615181587787618e-07
scene_05_mixed_maze_passage,rrt,38,0.04173313710149901,0.041733090654970405,2.2360679768193291e-07,1.1883902202150209e-07,3.741670747843095e-07,2.1615181587787618e-07
scene_05_mixed_maze_passage,rrt,39,0.04173313710149901,0.041733090654970405,2.2360679768193291e-07,1.1883902202150209e-07,3.741670747843095e-07,2.1615181587787618e-07
scene_05_mixed_maze_passage,rrt,40,0.04173313710149901,0.041733090654970405,2.2360679768193291e-07,1.1883902202150209e-07,3.741670747843095e-07,2.1615181587787618e-07
scene_05_mixed_maze_passage,rrt,41,0.04173313710149901,0.041733090654970405,2.2360679768193291e-07,1.1883902202150209e-07,3.741670747843095e-07,2.1615181587787618e-07
scene_05_mixed_maze_passage,rrt,42,0.04173313710149901,0.041733090654970405,2.2360679768193291e-07,1.1883902202150209e-07,3.741670747843095e-07,2.1615181587787618e-07
scene_05_mixed_maze_passage,rrt,43,0.04173313710149901,0.041733090654970405,2.2360679768193291e-07,1.1883902202150209e-07,3.741670747843095e-07,2.1615181587787618e-07
scene_05_mixed_maze_passage,rrt,44,0.04173313710149901,0.041733090654970405,2.2360679768193291e-07,1.1883902202150209e-07,3.741670747843095e-07,2.1615181587787618e-07
scene_05_mixed_maze_passage,rrt,45,0.04173313710149901,0.041733090654970405,2.2360679768193291e-07,1.1883902202150209e-07,3.741670747843095e-07,2.1615181587787618e-07
scene_05_mixed_maze_passage,rrt,46,0.04173313710149901,0.041733090654970405,2.2360679768193291e-07,1.1883902202150209e-07,3.741670747843095e-07,2.1615181587787618e-07
scene_05_mixed_maze_passage,rrt,47,0.04173313710149901,0.041733090654970405,2.2360679768193291e-07,1.1883902202150209e-07,3.741670747843095e-07,2.1615181587787618e-07
scene_05_mixed_maze_passage,rrt,48,0.04173313710149901,0.041733090654970405,2.2360679768193291e-07,1.1883902202150209e-07,3.741670747843095e-07,2.1615181587787618e-07
scene_05_mixed_maze_passage,rrt,49,0.04173313710149901,0.041733090654970405,2.2360679768193291e-07,1.1883902202150209e-07,3.741670747843095e-07,2.1615181587787618e-07
scene_05_mixed_maze_passage,rrt_connect,0,0.04173313710149901,0.041733090654970405,2.2360679768193291e-07,1.1883902202150209e-07,3.741670747843095e-07,2.1615181587787618e-07
scene_05_mixed_maze_passage,rrt_connect,1,0.04173313710149901,0.041733090654970405,2.2360679768193291e-07,1.1883902202150209e-07,3.741670747843095e-07,2.1615181587787618e-07
scene_05_mixed_maze_passage,rrt_connect,2,0.04173313710149901,0.041733090654970405,2.2360679768193291e-07,1.1883902202150209e-07,3.741670747843095e-07,2.1615181587787618e-07
scene_05_mixed_maze_passage,rrt_connect,3,0.04173313710149901,0.041733090654970405,2.2360679768193291e-07,1.1883902202150209e-07,3.741670747843095e-07,2.1615181587787618e-07
scene_05_mixed_maze_passage,rrt_connect,4,0.04173313710149901,0.041733090654970405,2.2360679768193291e-07,1.1883902202150209e-07,3.741670747843095e-07,2.1615181587787618e-07
scene_05_mixed_maze_passage,rrt_connect,5,0.04173313710149901,0.041733090654970405,2.2360679768193291e-07,1.1883902202150209e-07,3.741670747843095e-07,2.1615181587787618e-07
scene_05_mixed_maze_passage,rrt_connect,6,0.04173313710149901,0.041733090654970405,2.2360679768193291e-07,1.1883902202150209e-07,3.741670747843095e-07,2.1615181587787618e-07
scene_05_mixed_maze_passage,rrt_connect,7,0.04173313710149901,0.041733090654970405,2.2360679768193291e-07,1.1883902202150209e-07,3.741670747843095e-07,2.1615181587787618e-07
scene_05_mixed_maze_passage,rrt_connect,8,0.04173313710149901,0.041733090654970405,2.2360679768193291e-07,1.1883902202150209e-07,3.741670747843095e-07,2.1615181587787618e-07
scene_05_mixed_maze_passage,rrt_connect,9,0.04173313710149901,0.041733090654970405,2.2360679768193291e-07,1.1883902202150209e-07,3.741670747843095e-07,2.1615181587787618e-07
scene_05_mixed_maze_passage,rrt_connect,10,0.04173313710149901,0.041733090654970405,2.2360679768193291e-07,1.1883902202150209e-07,3.741670747843095e-07,2.1615181587787618e-07
scene_05_mixed_maze_passage,rrt_connect,11,0.04173313710149901,0.041733090654970405,2.2360679768193291e-07,1.1883902202150209e-07,3.741670747843095e-07,2.1615181587787618e-07
scene_05_mixed_maze_passage,rrt_connect,12,0.04173313710149901,0.041733090654970405,2.2360679768193291e-07,1.1883902202150209e-07,3.741670747843095e-07,2.1615181587787618e-07
scene_05_mixed_maze_passage,rrt_connect,13,0.04173313710149901,0.041733090654970405,2.2360679768193291e-07,1.1883902202150209e-07,3.741670747843095e-07,2.1615181587787618e-07
scene_05_mixed_maze_passage,rrt_connect,14,0.04173313710149901,0.041733090654970405,2.2360679768193291e-07,1.1883902202150209e-07,3.741670747843095e-07,2.1615181587787618e-07
scene_05_mixed_maze_passage,rrt_connect,15,0.04173313710149901,0.041733090654970405,2.2360679768193291e-07,1.1883902202150209e-07,3.741670747843095e-07,2.1615181587787618e-07
scene_05_mixed_maze_passage,rrt_connect,16,0.04173313710149901,0.041733090654970405,2.2360679768193291e-07,1.1883902202150209e-07,3.741670747843095e-07,2.1615181587787618e-07
scene_05_mixed_maze_passage,rrt_connect,17,0.04173313710149901,0.041733090654970405,2.2360679768193291e-07,1.1883902202150209e-07,3.741670747843095e-07,2.1615181587787618e-07
scene_05_mixed_maze_passage,rrt_connect,18,0.04173313710149901,0.041733090654970405,2.2360679768193291e-07,1.1883902202150209e-07,3.741670747843095e-07,2.1615181587787618e-07
scene_05_mixed_maze_passage,rrt_connect,19,0.04173313710149901,0.041733090654970405,2.2360679768193291e-07,1.1883902202150209e-07,3.741670747843095e-07,2.1615181587787618e-07
scene_05_mixed_maze_passage,rrt_connect,20,0.04173313710149901,0.041733090654970405,2.2360679768193291e-07,1.1883902202150209e-07,3.741670747843095e-07,2.1615181587787618e-07
scene_05_mixed_maze_passage,rrt_connect,21,0.04173313710149901,0.041733090654970405,2.2360679768193291e-07,1.1883902202150209e-07,3.741670747843095e-07,2.1615181587787618e-07
scene_05_mixed_maze_passage,rrt_connect,22,0.04173313710149901,0.041733090654970405,2.2360679768193291e-07,1.1883902202150209e-07,3.741670747843095e-07,2.1615181587787618e-07
scene_05_mixed_maze_passage,rrt_connect,23,0.04173313710149901,0.041733090654970405,2.2360679768193291e-07,1.1883902202150209e-07,3.741670747843095e-07,2.1615181587787618e-07
scene_05_mixed_maze_passage,rrt_connect,24,0.04173313710149901,0.041733090654970405,2.2360679768193291e-07,1.1883902202150209e-07,3.741670747843095e-07,2.1615181587787618e-07
scene_05_mixed_maze_passage,rrt_connect,25,0.04173313710149901,0.041733090654970405,2.2360679768193291e-07,1.1883902202150209e-07,3.741670747843095e-07,2.1615181587787618e-07
scene_05_mixed_maze_passage,rrt_connect,26,0.04173313710149901,0.041733090654970405,2.2360679768193291e-07,1.1883902202150209e-07,3.741670747843095e-07,2.1615181587787618e-07
scene_05_mixed_maze_passage,rrt_connect,27,0.04173313710149901,0.041733090654970405,2.2360679768193291e-07,1.1883902202150209e-07,3.741670747843095e-07,2.1615181587787618e-07
scene_05_mixed_maze_passage,rrt_connect,28,0.04173313710149901,0.041733090654970405,2.2360679768193291e-07,1.1883902202150209e-07,3.741670747843095e-07,2.1615181587787618e-07
scene_05_mixed_maze_passage,rrt_connect,29,0.04173313710149901,0.041733090654970405,2.2360679768193291e-07,1.1883902202150209e-07,3.741670747843095e-07,2.1615181587787618e-07
scene_05_mixed_maze_passage,rrt_connect,30,0.04173313710149901,0.041733090654970405,2.2360679768193291e-07,1.1883902202150209e-07,3.741670747843095e-07,2.1615181587787618e-07
scene_05_mixed_maze_passage,rrt_connect,31,0.04173313710149901,0.041733090654970405,2.2360679768193291e-07,1.1883902202150209e-07,3.741670747843095e-07,2.1615181587787618e-07
scene_05_mixed_maze_passage,rrt_connect,32,0.04173313710149901,0.041733090654970405,2.2360679768193291e-07,1.1883902202150209e-07,3.741670747843095e-07,2.1615181587787618e-07
scene_05_mixed_maze_passage,rrt_connect,33,0.04173313710149901,0.041733090654970405,2.2360679768193291e-07,1.1883902202150209e-07,3.741670747843095e-07,2.1615181587787618e-07
scene_05_mixed_maze_passage,rrt_connect,34,0.04173313710149901,0.041733090654970405,2.2360679768193291e-07,1.1883902202150209e-07,3.741670747843095e-07,2.1615181587787618e-07
scene_05_mixed_maze_passage,rrt_connect,35,0.04173313710149901,0.041733090654970405,2.2360679768193291e-07,1.1883902202150209e-07,3.741670747843095e-07,2.1615181587787618e-07
scene_05_mixed_maze_passage,rrt_connect,36,0.04173313710149901,0.041733090654970405,2.2360679768193291e-07,1.1883902202150209e-07,3.741670747843095e-07,2.1615181587787618e-07
scene_05_mixed_maze_passage,rrt_connect,37,0.04173313710149901,0.041733090654970405,2.2360679768193291e-07,1.1883902202150209e-07,3.741670747843095e-07,2.1615181587787618e-07
scene_05_mixed_maze_passage,rrt_connect,38,0.04173313710149901,0.041733090654970405,2.2360679768193291e-07,1.1883902202150209e-07,3.741670747843095e-07,2.1615181587787618e-07
scene_05_mixed_maze_passage,rrt_connect,39,0.04173313710149901,0.041733090654970405,2.2360679768193291e-07,1.1883902202150209e-07,3.741670747843095e-07,2.1615181587787618e-07
scene_05_mixed_maze_passage,rrt_connect,40,0.04173313710149901,0.041733090654970405,2.2360679768193291e-07,1.1883902202150209e-07,3.741670747843095e-07,2.1615181587787618e-07
scene_05_mixed_maze_passage,rrt_connect,41,0.04173313710149901,0.041733090654970405,2.2360679768193291e-07,1.1883902202150209e-07,3.741670747843095e-07,2.1615181587787618e-07
scene_05_mixed_maze_passage,rrt_connect,42,0.04173313710149901,0.041733090654970405,2.2360679768193291e-07,1.1883902202150209e-07,3.741670747843095e-07,2.1615181587787618e-07
scene_05_mixed_maze_passage,rrt_connect,43,0.04173313710149901,0.041733090654970405,2.2360679768193291e-07,1.1883902202150209e-07,3.741670747843095e-07,2.1615181587787618e-07
scene_05_mixed_maze_passage,rrt_connect,44,0.04173313710149901,0.041733090654970405,2.2360679768193291e-07,1.1883902202150209e-07,3.741670747843095e-07,2.1615181587787618e-07
scene_05_mixed_maze_passage,rrt_connect,45,0.04173313710149901,0.041733090654970405,2.2360679768193291e-07,1.1883902202150209e-07,3.741670747843095e-07,2.1615181587787618e-07
scene_05_mixed_maze_passage,rrt_connect,46,0.04173313710149901,0.041733090654970405,2.2360679768193291e-07,1.1883902202150209e-07,3.741670747843095e-07,2.1615181587787618e-07
scene_05_mixed_maze_passage,rrt_connect,47,0.04173313710149901,0.041733090654970405,2.2360679768193291e-07,1.1883902202150209e-07,3.741670747843095e-07,2.1615181587787618e-07
scene_05_mixed_maze_passage,rrt_connect,48,0.04173313710149901,0.041733090654970405,2.2360679768193291e-07,1.1883902202150209e-07,3.741670747843095e-07,2.1615181587787618e-07
scene_05_mixed_maze_passage,rrt_connect,49,0.04173313710149901,0.041733090654970405,2.2360679768193291e-07,1.1883902202150209e-07,3.741670747843095e-07,2.1615181587787618e-07
scene_pass_through_maze,apf,0,0.045000103579090664,0.04500000924738537,0.09000015036475432,0.08569863145009043,0.18000026295448443,0.17138662388115375
scene_pass_through_maze,apf,1,0.045000103579090664,0.04500000924738537,0.09000015036475432,0.08569863145009043,0.18000026295448443,0.17138662388115375
scene_pass_through_maze,apf,2,0.045000103579090664,0.04500000924738537,0.09000015036475432,0.08569863145009043,0.18000026295448443,0.17138662388115375
scene_pass_through_maze,apf,3,0.045000103579090664,0.04500000924738537,0.09000015036475432,0.08569863145009043,0.18000026295448443,0.17138662388115375
scene_pass_through_maze,apf,4,0.045000103579090664,0.04500000924738537,0.09000015036475432,0.08569863145009043,0.18000026295448443,0.17138662388115375
scene_pass_through_maze,apf,5,0.045000103579090664,0.04500000924738537,0.09000015036475432,0.08569863145009043,0.18000026295448443,0.17138662388115375
scene_pass_through_maze,apf,6,0.045000103579090664,0.04500000924738537,0.09000015036475432,0.08569863145009043,0.18000026295448443,0.17138662388115375
scene_pass_through_maze,apf,7,0.045000103579090664,0.04500000924738537,0.09000015036475432,0.08569863145009043,0.18000026295448443,0.17138662388115375
scene_pass_through_maze,apf,8,0.045000103579090664,0.04500000924738537,0.09000015036475432,0.08569863145009043,0.18000026295448443,0.17138662388115375
scene_pass_through_maze,apf,9,0.045000103579090664,0.04500000924738537,0.09000015036475432,0.08569863145009043,0.18000026295448443,0.17138662388115375
scene_pass_through_maze,apf,10,0.045000103579090664,0.04500000924738537,0.09000015036475432,0.08569863145009043,0.18000026295448443,0.17138662388115375
scene_pass_through_maze,apf,11,0.045000103579090664,0.04500000924738537,0.09000015036475432,0.08569863145009043,0.18000026295448443,0.17138662388115375
scene_pass_through_maze,apf,12,0.045000103579090664,0.04500000924738537,0.09000015036475432,0.08569863145009043,0.18000026295448443,0.17138662388115375
scene_pass_through_maze,apf,13,0.045000103579090664,0.04500000924738537,0.09000015036475432,0.08569863145009043,0.18000026295448443,0.17138662388115375
scene_pass_through_maze,apf,14,0.045000103579090664,0.04500000924738537,0.09000015036475432,0.08569863145009043,0.18000026295448443,0.17138662388115375
scene_pass_through_maze,apf,15,0.045000103579090664,0.04500000924738537,0.09000015036475432,0.08569863145009043,0.18000026295448443,0.17138662388115375
scene_pass_through_maze,apf,16,0.045000103579090664,0.04500000924738537,0.09000015036475432,0.08569863145009043,0.18000026295448443,0.17138662388115375
scene_pass_through_maze,apf,17,0.045000103579090664,0.04500000924738537,0.09000015036475432,0.08569863145009043,0.18000026295448443,0.17138662388115375
scene_pass_through_maze,apf,18,0.045000103579090664,0.04500000924738537,0.09000015036475432,0.08569863145009043,0.18000026295448443,0.17138662388115375
scene_pass_through_maze,apf,19,0.045000103579090664,0.04500000924738537,0.09000015036475432,0.08569863145009043,0.18000026295448443,0.17138662388115375
scene_pass_through_maze,apf,20,0.045000103579090664,0.04500000924738537,0.09000015036475432,0.08569863145009043,0.18000026295448443,0.17138662388115375
scene_pass_through_maze,apf,21,0.045000103579090664,0.04500000924738537,0.09000015036475432,0.08569863145009043,0.18000026295448443,0.17138662388115375
scene_pass_through_maze,apf,22,0.045000103579090664,0.04500000924738537,0.09000015036475432,0.08569863145009043,0.18000026295448443,0.17138662388115375
scene_pass_through_maze,apf,23,0.045000103579090664,0.04500000924738537,0.09000015036475432,0.08569863145009043,0.18000026295448443,0.17138662388115375
scene_pass_through_maze,apf,24,0.045000103579090664,0.04500000924738537,0.09000015036475432,0.08569863145009043,0.18000026295448443,0.17138662388115375
scene_pass_through_maze,apf,25,0.045000103579090664,0.04500000924738537,0.09000015036475432,0.08569863145009043,0.18000026295448443,0.17138662388115375
scene_pass_through_maze,apf,26,0.045000103579090664,0.04500000924738537,0.09000015036475432,0.08569863145009043,0.18000026295448443,0.17138662388115375
scene_pass_through_maze,apf,27,0.045000103579090664,0.04500000924738537,0.09000015036475432,0.08569863145009043,0.18000026295448443,0.17138662388115375
scene_pass_through_maze,apf,28,0.045000103579090664,0.04500000924738537,0.09000015036475432,0.08569863145009043,0.18000026295448443,0.17138662388115375
scene_pass_through_maze,apf,29,0.045000103579090664,0.04500000924738537,0.09000015036475432,0.08569863145009043,0.18000026295448443,0.17138662388115375
scene_pass_through_maze,apf,30,0.045000103579090664,0.04500000924738537,0.09000015036475432,0.08569863145009043,0.18000026295448443,0.17138662388115375
scene_pass_through_maze,apf,31,0.045000103579090664,0.04500000924738537,0.09000015036475432,0.08569863145009043,0.18000026295448443,0.17138662388115375
scene_pass_through_maze,apf,32,0.045000103579090664,0.04500000924738537,0.09000015036475432,0.08569863145009043,0.18000026295448443,0.17138662388115375
scene_pass_through_maze,apf,33,0.045000103579090664,0.04500000924738537,0.09000015036475432,0.08569863145009043,0.18000026295448443,0.17138662388115375
scene_pass_through_maze,apf,34,0.045000103579090664,0.04500000924738537,0.09000015036475432,0.08569863145009043,0.18000026295448443,0.17138662388115375
scene_pass_through_maze,apf,35,0.045000103579090664,0.04500000924738537,0.09000015036475432,0.08569863145009043,0.18000026295448443,0.17138662388115375
scene_pass_through_maze,apf,36,0.045000103579090664,0.04500000924738537,0.09000015036475432,0.08569863145009043,0.18000026295448443,0.17138662388115375
scene_pass_through_maze,apf,37,0.045000103579090664,0.04500000924738537,0.09000015036475432,0.08569863145009043,0.18000026295448443,0.17138662388115375
scene_pass_through_maze,apf,38,0.045000103579090664,0.04500000924738537,0.09000015036475432,0.08569863145009043,0.18000026295448443,0.17138662388115375
scene_pass_through_maze,apf,39,0.045000103579090664,0.04500000924738537,0.09000015036475432,0.08569863145009043,0.18000026295448443,0.17138662388115375
scene_pass_through_maze,apf,40,0.045000103579090664,0.04500000924738537,0.09000015036475432,0.08569863145009043,0.18000026295448443,0.17138662388115375
scene_pass_through_maze,apf,41,0.045000103579090664,0.04500000924738537,0.09000015036475432,0.08569863145009043,0.18000026295448443,0.17138662388115375
scene_pass_through_maze,apf,42,0.045000103579090664,0.04500000924738537,0.09000015036475432,0.08569863145009043,0.18000026295448443,0.17138662388115375
scene_pass_through_maze,apf,43,0.045000103579090664,0.04500000924738537,0.09000015036475432,0.08569863145009043,0.18000026295448443,0.17138662388115375
scene_pass_through_maze,apf,44,0.045000103579090664,0.04500000924738537,0.09000015036475432,0.08569863145009043,0.18000026295448443,0.17138662388115375
scene_pass_through_maze,apf,45,0.045000103579090664,0.04500000924738537,0.09000015036475432,0.08569863145009043,0.18000026295448443,0.17138662388115375
scene_pass_through_maze,apf,46,0.045000103579090664,0.04500000924738537,0.09000015036475432,0.08569863145009043,0.18000026295448443,0.17138662388115375
scene_pass_through_maze,apf,47,0.045000103579090664,0.04500000924738537,0.09000015036475432,0.08569863145009043,0.18000026295448443,0.17138662388115375
scene_pass_through_maze,apf,48,0.045000103579090664,0.04500000924738537,0.09000015036475432,0.08569863145009043,0.18000026295448443,0.17138662388115375
scene_pass_through_maze,apf,49,0.045000103579090664,0.04500000924738537,0.09000015036475432,0.08569863145009043,0.18000026295448443,0.17138662388115375
scene_pass_through_maze,prm,0,4.876780102735425,3.1883745204524043,5.883991233997889,5.883991233997889,0.0,0.0
scene_pass_through_maze,prm,1,6.075831059514968,5.788286225276023,10.812184270517053,10.812184270517053,0.0,0.0
scene_pass_through_maze,prm,2,0.10621465068151811,0.08198090799481132,0.004464292992095113,0.0022895706745466094,0.00012765418324466678,0.00011294977281615862
scene_pass_through_maze,prm,3,0.2089233452120956,0.1449200098772319,0.009900714875200178,0.005066425008267,0.00027326256604279795,0.00025054664598827815
scene_pass_through_maze,prm,4,0.12174912618699851,0.08633737606526021,0.005040223044796503,0.002583452450111715,0.0001936287341179657,0.00012714276453095478
scene_pass_through_maze,prm,6,9.055946002553437,6.971799714889005,15.78304264464383,12.47840917832583,23.305381796506502,23.305381796506502
scene_pass_through_maze,prm,7,5.381840713968395,4.98357887440531,9.084836510968707,9.084836510968707,0.0,0.0
scene_pass_through_maze,prm,8,0.1574614895034418,0.1142520510932146,0.007360935669464633,0.0037605399945448725,0.00019494437180847315,0.00018630331074037218
scene_pass_through_maze,prm,9,0.21681372247010222,0.14978834857408943,0.010289616049202886,0.005268769391046962,0.000284509881200491,0.0002603824144643354
scene_pass_through_maze,prm,10,0.19456818546453686,0.13070534810734086,0.008853394293506988,0.004534163158894836,0.00028429512500191697,0.00022381867977163355
scene_pass_through_maze,prm,11,0.18975758863898678,0.13299610566381131,0.008923661007680274,0.004567488605369289,0.00024657037534941804,0.00022581751007048838
scene_pass_through_maze,prm,12,0.12204396256817317,0.0902542347219285,0.00527762607997188,0.002699524360943582,0.00015871115272664155,0.0001334969543163144
scene_pass_through_maze,prm,14,0.11961358678817868,0.09032242787828398,0.005252557674124012,0.0026888658018698994,0.00014537870579966764,0.0001329188655741075
scene_pass_through_maze,prm,15,0.19846036869358985,0.14035518604701255,0.009496172589522468,0.004867265962894988,0.00024945350448459165,0.00024032959068645335
scene_pass_through_maze,prm,16,5.556519827717763,4.488172463071395,8.227745953128506,8.227745953128506,0.0,0.0
scene_pass_through_maze,prm,17,0.1339030220143785,0.09909272225149128,0.006055812906001867,0.0030924047544075893,0.0001652010593184633,0.00015326355639762716
scene_pass_through_maze,prm,18,0.18051402428665111,0.12273434275829424,0.008189702661781756,0.004184742703127946,0.00026071550088153787,0.0002070645739168823
scene_pass_through_maze,prm,20,6.732734158420631,5.822367883577659,11.021366021247003,11.021366021247003,0.0,0.0
scene_pass_through_maze,prm,21,4.770490369103943,4.69975227757306,8.421773700505858,8.421773700505858,0.0,0.0
scene_pass_through_maze,prm,22,6.540500546629251,5.831164978847569,9.540442748416076,9.501464153824005,15.747376115237314,15.747376115237314
scene_pass_through_maze,prm,23,0.11319341187938838,0.08444063305511482,0.004758146842164571,0.002429771744422289,0.0001505050633706999,0.00012031229857355375
scene_pass_through_maze,prm,24,0.24646052207952682,0.16906721096041247,0.011852447352340378,0.00605619955044525,0.0003223234879742881,0.0002999614395221811
scene_pass_through_maze,prm,25,4.9631151950472425,3.7910534643163,6.748246524078701,6.748246524078701,0.0,0.0
scene_pass_through_maze,prm,26,0.17335547120371997,0.1175112816666452,0.0077677217433752554,0.003975290309044792,0.00025716788776884936,0.00019631685617254045
scene_pass_through_maze,prm,27,4.49406276057299,4.211227165702332,7.335754339496812,7.335754339496812,0.0,0.0
scene_pass_through_maze,prm,28,6.718220612796626,5.7586384116302,10.903505321534839,10.903505321534839,0.0,0.0
scene_pass_through_maze,prm,29,0.16206522816423097,0.10455123143442048,0.006939524951365838,0.003559699624014381,0.00030211667727701226,0.00017468797366058765
scene_pass_through_maze,prm,31,0.13473149735209783,0.10004322251573378,0.006130841523681702,0.003133339810737922,0.0001640647497176527,0.0001551652423404701
scene_pass_through_maze,prm,32,0.14092964818905987,0.10149846357435152,0.006292676011840671,0.003216530161818417,0.0001863911481264228,0.00015919135213391669
scene_pass_through_maze,prm,33,0.13360908716116587,0.09830054029550696,0.005993454006656125,0.0030604309791900314,0.0001682120417805849,0.0001516659261373349
scene_pass_through_maze,prm,34,7.893546818911995,7.055209175774232,13.581999740143884,13.581999740143884,0.0,0.0
scene_pass_through_maze,prm,35,0.2443963541100334,0.1670127712680786,0.011667219894541593,0.005977310618166415,0.0003229243527514737,0.000295238952697216
scene_pass_through_maze,prm,37,0.1684450212158257,0.12064559760863838,0.00788307332643846,0.0040379022898480365,0.00021232134042526644,0.00019949921296095094
scene_pass_through_maze,prm,39,5.419711271395063,4.280199841967772,7.8121673567487795,7.8121673567487795,0.0,0.0
scene_pass_through_maze,prm,40,5.1661500018688535,4.237963695361782,7.605460885515926,7.605460885515926,0.0,0.0
scene_pass_through_maze,prm,41,0.12756537285837477,0.09202845832814294,0.0054851478202505195,0.0028042425628080595,0.00017834239540917018,0.00013865575750994527
scene_pass_through_maze,prm,43,0.18258679468297173,0.12068588061356621,0.008126558928352163,0.004160599014743677,0.0002885656287573862,0.00020522082529531127
scene_pass_through_maze,prm,44,0.17324604187425782,0.11871147982882967,0.007843508275160081,0.0040054392476974445,0.0002478901629681674,0.00019832980019100066
scene_pass_through_maze,prm,45,4.187504988462742,3.6030909520848433,5.987552719566688,5.987552719566688,0.0,0.0
scene_pass_through_maze,prm,46,4.5922660557772685,4.435700670690029,7.83296773317851,7.83296773317851,0.0,0.0
scene_pass_through_maze,prm,47,0.17771484228687412,0.12426227786662619,0.008229377390647484,0.004207614462509126,0.00023649344858785168,0.00020821812286401622
scene_pass_through_maze,prm,48,3.158238204134581,3.005743053307037,4.334345990350038,4.334345990350038,0.0,0.0
scene_pass_through_maze,prm,49,4.566924900884334,3.6280708057460824,6.223580159667369,6.223580159667369,0.0,0.0
scene_pass_through_maze,rrt,0,0.05314270794828201,0.05300231904670555,0.0002592846975816291,0.00013236589085692177,7.930674624667943e-06,6.563773810324256e-06
scene_pass_through_maze,rrt,4,0.05475123644628442,0.05346054679480452,0.0006199995404030054,0.00031721966732428187,8.659229988848853e-05,1.4871268212998834e-05
scene_pass_through_maze,rrt,5,0.05325908073559463,0.05299377712392506,0.00028042713866558344,0.00014358389606281368,3.479844249414635e-05,6.791612682724568e-06
scene_pass_through_maze,rrt,8,0.0547508260400806,0.05359497128482027,0.0006362772371381099,0.00032509092716297307,3.4652797866294544e-05,1.5943755244688172e-05
scene_pass_through_maze,rrt,9,0.05591372272671678,0.05411551332838343,0.0008209462056067365,0.0004209077348969001,3.781655854257951e-05,2.0646474918460253e-05
scene_pass_through_maze,rrt,10,0.054405813416877266,0.05332076450419352,0.0005573225891709535,0.00028523124149901924,0.00013627660694357784,1.261036444215118e-05
scene_pass_through_maze,rrt,12,0.06011998078042295,0.05511351113566924,0.001246667273189183,0.0006373133354713317,0.00019649940991285606,2.9605513238282195e-05
scene_pass_through_maze,rrt,19,0.05305146631761571,0.05292488607303773,0.00019069130053590158,9.78502098423446e-05,3.21078510645157e-05,4.51447607140934e-06
scene_pass_through_maze,rrt,20,0.05427145761573461,0.05327118385100322,0.0005311608352468646,0.000272040075850243,0.00017667559565456828,1.1417063725498087e-05
scene_pass_through_maze,rrt,25,0.05464014203885321,0.05349505213094934,0.000608074669839393,0.00031087511116313497,4.590972119264079e-05,1.5081865035353446e-05
scene_pass_through_maze,rrt,27,0.054435748299825545,0.05335656952070663,0.0005616516852999492,0.00028882490406689326,8.437651095026946e-05,1.3394924570484937e-05
scene_pass_through_maze,rrt,30,0.0547372385628021,0.05357504091021456,0.0006302145381535671,0.0003226601855833212,3.6995075347732394e-05,1.5760822677386956e-05
scene_pass_through_maze,rrt,32,0.05343052885310766,0.05303886648290236,0.00033599420843237265,0.00017183965572551725,6.235403836135384e-05,7.86735098707346e-06
scene_pass_through_maze,rrt,39,0.05534758464142262,0.053652118490169355,0.0007142564391728394,0.0003651325207973879,9.656272572912855e-05,1.717156108282706e-05
scene_pass_through_maze,rrt,40,0.053965046436702524,0.05319684902848037,0.0004685804226598302,0.00024056329436631678,9.659901448774456e-05,1.0839677067720922e-05
scene_pass_through_maze,rrt,41,0.05316851897530055,0.0529869465545413,0.0002520080562202817,0.00012938521832809845,1.2978304974136031e-05,6.332378168266097e-06
scene_pass_through_maze,rrt,44,0.05397362069501789,0.05325021564013987,0.00047622184956137755,0.0002440860122092739,3.9738798422015004e-05,1.1766746509912685e-05
scene_pass_through_maze,rrt,47,0.05434359635362238,0.05331933426810775,0.0005444012439367146,0.0002797931247935519,9.409620396179044e-05,1.2827316025424162e-05
scene_pass_through_maze,rrt,48,0.056474397290885464,0.05423537533285236,0.0008816864281591065,0.0004517461912460354,5.175919338541789e-05,2.2045237139041202e-05
scene_pass_through_maze,rrt_connect,0,0.054192681397845686,0.053349553415661895,0.000524095254796522,0.00026920467489528397,3.548073279982489e-05,1.3052475652736612e-05
scene_pass_through_maze,rrt_connect,1,0.10799458565476773,0.06874725925968202,0.004095393933738232,0.002096208662062061,0.000669627974989515,9.69385658305222e-05
scene_pass_through_maze,rrt_connect,2,0.055771374747622414,0.05394578637479953,0.0007840819728193201,0.00040268613978819065,4.950656623080957e-05,1.9562442105214895e-05
scene_pass_through_maze,rrt_connect,3,0.06077023902686812,0.05560110357506232,0.0013149881345852412,0.0006726335022192421,0.0001134128727262378,3.242919917964107e-05
scene_pass_through_maze,rrt_connect,4,0.054803404584227604,0.05351554788754988,0.0006319457556626832,0.0003231559785858208,6.171495442687869e-05,1.5496794831682373e-05
scene_pass_through_maze,rrt_connect,5,0.056255565221369125,0.05407138037219575,0.0008476169223178421,0.0004331708392453656,6.339659296863482e-05,2.1025117134818978e-05
scene_pass_through_maze,rrt_connect,6,0.05403268527444474,0.05327261493496716,0.0004904763828154476,0.0002507319287106209,3.9899474933640855e-05,1.2130698854226041e-05
scene_pass_through_maze,rrt_connect,7,4.313246755318133,2.429564425127805,4.512176917809985,4.512176917809985,0.0,0.0
scene_pass_through_maze,rrt_connect,8,0.055577570253022075,0.053770619352569576,0.0007480010126327607,0.00038359015782800317,7.512838411769909e-05,1.831460933882343e-05
scene_pass_through_maze,rrt_connect,9,0.05380160391106385,0.053196249422973865,0.0004376409177627085,0.00022454151288508304,3.398727556002804e-05,1.0846234468934466e-05
scene_pass_through_maze,rrt_connect,10,0.05292636645686864,0.05289702110423321,0.00011864598138984568,6.0607205493378306e-05,3.848701078669975e-06,3.010919975826187e-06
scene_pass_through_maze,rrt_connect,11,0.05322011265892669,0.05298775815911767,0.0002669289088876981,0.00013684173425848736,2.4411228972866465e-05,6.574228723671274e-06
scene_pass_through_maze,rrt_connect,12,0.05747619176847275,0.0543605243124276,0.0009845535295249373,0.0005034438426901123,0.00011595339581068168,2.3887383973850952e-05
scene_pass_through_maze,rrt_connect,13,0.05561761641606657,0.05377958928598718,0.0007523887250614297,0.0003863262113308029,7.76346572100255e-05,1.8397547332426682e-05
scene_pass_through_maze,rrt_connect,14,0.05443762332625513,0.053439412219684464,0.000571465551105201,0.0002934394975451373,3.844401643931909e-05,1.4230669389648269e-05
scene_pass_through_maze,rrt_connect,15,0.057215326872266235,0.05428132111114636,0.0009522983584991017,0.0004885449297314642,0.00010993118802236841,2.3131159293516118e-05
scene_pass_through_maze,rrt_connect,16,0.10641950463417166,0.06627409796933506,0.004002643010240293,0.0020505166911873743,0.0011605004533496903,8.819760937107523e-05
scene_pass_through_maze,rrt_connect,17,0.05363776889980923,0.05317756582233838,0.00040656508015350195,0.0002085846644626779,1.960504016869282e-05,1.021806224986262e-05
scene_pass_through_maze,rrt_connect,18,0.05303254908166901,0.052931628597260395,0.0001857670971942258,9.500661080792985e-05,1.0421655337944354e-05,4.660031279961667e-06
scene_pass_through_maze,rrt_connect,19,0.0549983828325719,0.05359435088161893,0.0006648254769485115,0.0003399753403404782,5.9292717933870605e-05,1.6375338862028964e-05
scene_pass_through_maze,rrt_connect,20,0.053408419709829014,0.05305112510149681,0.00033044684534724335,0.00016973430197592937,3.048251301852617e-05,8.132012544672249e-06
scene_pass_through_maze,rrt_connect,21,2.7612955515073283,2.159705274708217,1.6311106059714808,1.6311106059714808,0.0,0.0
scene_pass_through_maze,rrt_connect,22,0.08673971925626757,0.062264869928534576,0.0029701171468647664,0.0015268735721773229,0.0008362225832970841,6.57626072731167e-05
scene_pass_through_maze,rrt_connect,23,0.05690668231157106,0.05465130213127399,0.0009731340604972972,0.0004969130508057811,3.687112827139661e-05,2.4558846520219408e-05
scene_pass_through_maze,rrt_connect,24,0.052934652544173705,0.05289921240796698,0.00012353984822743592,6.331546607190763e-05,4.322325762817635e-06,3.136958507802273e-06
scene_pass_through_maze,rrt_connect,25,0.1063610382441223,0.06626653643962865,0.003999740517986699,0.0020490212113308246,0.00115947461187563,8.813312437545916e-05
scene_pass_through_maze,rrt_connect,26,0.0554259858568142,0.053858815584544875,0.0007444531518504204,0.00038026560040499993,4.030884394266691e-05,1.865639260658172e-05
scene_pass_through_maze,rrt_connect,27,0.057951560996145166,0.054631661090562264,0.0010388957178177982,0.0005331333910187956,8.723833790234741e-05,2.565100392239712e-05
scene_pass_through_maze,rrt_connect,28,0.053659287079627055,0.053151850318188795,0.000404332289212512,0.00020710482822838952,2.8867628929740857e-05,1.0051990513491932e-05
scene_pass_through_maze,rrt_connect,29,0.05511771743368173,0.05361975831071568,0.0006818314546134937,0.0003488850755470015,6.708852435415824e-05,1.671296463114521e-05
scene_pass_through_maze,rrt_connect,30,4.175531644914459,2.1877658313326602,4.183981347892283,4.183981347892283,0.0,0.0
scene_pass_through_maze,rrt_connect,31,3.6604445284994207,2.1037575302099665,3.154655527340509,3.154655527340509,0.0,0.0
scene_pass_through_maze,rrt_connect,32,0.06834991298734008,0.06027616460685228,0.002030753825110522,0.0010415072258424072,6.803205273980943e-05,5.131614688171989e-05
scene_pass_through_maze,rrt_connect,33,0.05387332602621902,0.05322374375002487,0.00045634676299923226,0.00023328650697690021,3.4438037110149085e-05,1.1322696762159963e-05
scene_pass_through_maze,rrt_connect,34,0.05343527589512419,0.053105101062979596,0.00035349481255001554,0.00018059110007773464,1.532223547746083e-05,8.90647550816942e-06
scene_pass_through_maze,rrt_connect,35,0.054818827583684705,0.05351793075671711,0.0006328109203388222,0.00032434570960889766,6.333465796793372e-05,1.5497403428109652e-05
scene_pass_through_maze,rrt_connect,36,3.440228228875667,2.3092825363245786,3.000477768329555,3.000477768329555,0.0,0.0
scene_pass_through_maze,rrt_connect,37,0.05740373276894245,0.05431604351387303,0.0009702633953320666,0.0004988173540086229,0.00012493499188005944,2.3400446658937663e-05
scene_pass_through_maze,rrt_connect,38,0.05375098576757016,0.05316635688095971,0.0004230621273525509,0.00021734823496699721,3.947082973523109e-05,1.0402223147554842e-05
scene_pass_through_maze,rrt_connect,39,4.000000014813037,2.127945959555849,3.8323011938423552,3.8323011938423552,0.0,0.0
scene_pass_through_maze,rrt_connect,40,0.0565315217467025,0.05407512690710188,0.0008756239597566423,0.00044755873668020027,9.323669020302968e-05,2.13718650753389e-05
scene_pass_through_maze,rrt_connect,41,0.05599517928136324,0.05390353984824192,0.0008052949809846085,0.00041266446197598224,8.359311933383307e-05,1.968245843462021e-05
scene_pass_through_maze,rrt_connect,42,0.054300403210131146,0.05337547259062308,0.0005461452463400881,0.00027908871284378566,4.091280484144883e-05,1.355199467714239e-05
scene_pass_through_maze,rrt_connect,43,0.06463212177920581,0.05640913959797419,0.0016162026978385469,0.0008267460016175937,0.0003128199603605623,3.763032081510064e-05
scene_pass_through_maze,rrt_connect,44,3.201067540168158,2.1269032317282694,2.2947235442630025,2.2947235442630025,0.0,0.0
scene_pass_through_maze,rrt_connect,45,0.053832575879975704,0.05320753468959685,0.00044541279909781663,0.0002283012293983404,3.4410050856994123e-05,1.1041242891960148e-05
scene_pass_through_maze,rrt_connect,46,0.05315213680860481,0.05297773181140297,0.0002449147502702824,0.00012513578221659135,1.3442901472462241e-05,6.142078015111909e-06
scene_pass_through_maze,rrt_connect,47,0.05407762557876855,0.053282493399121,0.0004990092299747473,0.0002551902096851903,4.3367872901923554e-05,1.2306297018046819e-05
scene_pass_through_maze,rrt_connect,48,0.054082339476699104,0.05331409852841296,0.0005049810005336938,0.0002580195545628686,3.265908908746296e-05,1.2593774707542474e-05
scene_pass_through_maze,rrt_connect,49,0.09354754798622193,0.0638791317224329,0.0033380194168517114,0.0017135517749826516,0.0009489950951209838,7.379481660714497e-05
