trial_id,global_seed,scene_id,scene_seed,planner,trial_seed,success,max_joint_step,mean_joint_step,max_joint_speed_norm,mean_joint_speed_norm,max_joint_acc_norm,mean_joint_acc_norm,max_joint_jerk_norm,mean_joint_jerk_norm,path_length_task,smoothness,min_obstacle_distance,min_ground_clearance,safety_margin,final_error,final_orientation_error
0,42,scene_00_no_obstacle,20260525,rrt,42,True,0.04445566622423637,0.04445566622423583,0.04445566622423637,0.04445566622423583,1.0706603116298291e-15,5.426455178931241e-16,2.1413206232596582e-15,1.01042860997401e-15,0.8151784334708557,4.22252395657677e-14,inf,0.002999999999999989,inf,1.1721505415132563e-12,0.0
1,42,scene_00_no_obstacle,20260525,rrt,43,True,0.04445566622423637,0.04445566622423583,0.04445566622423637,0.04445566622423583,1.0706603116298291e-15,5.426455178931241e-16,2.1413206232596582e-15,1.01042860997401e-15,0.8151784334708557,4.22252395657677e-14,inf,0.002999999999999989,inf,1.1721505415132563e-12,0.0
2,42,scene_00_no_obstacle,20260525,rrt,44,True,0.04445566622423637,0.04445566622423583,0.04445566622423637,0.04445566622423583,1.0706603116298291e-15,5.426455178931241e-16,2.1413206232596582e-15,1.01042860997401e-15,0.8151784334708557,4.22252395657677e-14,inf,0.002999999999999989,inf,1.1721505415132563e-12,0.0
3,42,scene_00_no_obstacle,20260525,rrt,45,True,0.04445566622423637,0.04445566622423583,0.04445566622423637,0.04445566622423583,1.0706603116298291e-15,5.426455178931241e-16,2.1413206232596582e-15,1.01042860997401e-15,0.8151784334708557,4.22252395657677e-14,inf,0.002999999999999989,inf,1.1721505415132563e-12,0.0
4,42,scene_00_no_obstacle,20260525,rrt,46,True,0.04445566622423637,0.04445566622423583,0.04445566622423637,0.04445566622423583,1.0706603116298291e-15,5.426455178931241e-16,2.1413206232596582e-15,1.01042860997401e-15,0.8151784334708557,4.22252395657677e-14,inf,0.002999999999999989,inf,1.1721505415132563e-12,0.0
5,42,scene_00_no_obstacle,20260525,rrt,47,True,0.04445566622423637,0.04445566622423583,0.04445566622423637,0.04445566622423583,1.0706603116298291e-15,5.426455178931241e-16,2.1413206232596582e-15,1.01042860997401e-15,0.8151784334708557,4.22252395657677e-14,inf,0.002999999999999989,inf,1.1721505415132563e-12,0.0
6,42,scene_00_no_obstacle,20260525,rrt,48,True,0.04445566622423637,0.04445566622423583,0.04445566622423637,0.04445566622423583,1.0706603116298291e-15,5.426455178931241e-16,2.1413206232596582e-15,1.01042860997401e-15,0.8151784334708557,4.22252395657677e-14,inf,0.002999999999999989,inf,1.1721505415132563e-12,0.0
7,42,scene_00_no_obstacle,20260525,rrt,49,True,0.04445566622423637,0.04445566622423583,0.04445566622423637,0.04445566622423583,1.0706603116298291e-15,5.426455178931241e-16,2.1413206232596582e-15,1.01042860997401e-15,0.8151784334708557,4.22252395657677e-14,inf,0.002999999999999989,inf,1.1721505415132563e-12,0.0
8,42,scene_00_no_obstacle,20260525,rrt,50,True,0.04445566622423637,0.04445566622423583,0.04445566622423637,0.04445566622423583,1.0706603116298291e-15,5.426455178931241e-16,2.1413206232596582e-15,1.01042860997401e-15,0.8151784334708557,4.22252395657677e-14,inf,0.002999999999999989,inf,1.1721505415132563e-12,0.0
9,42,scene_00_no_obstacle,20260525,rrt,51,True,0.04445566622423637,0.04445566622423583,0.04445566622423637,0.04445566622423583,1.0706603116298291e-15,5.426455178931241e-16,2.1413206232596582e-15,1.01042860997401e-15,0.8151784334708557,4.22252395657677e-14,inf,0.002999999999999989,inf,1.1721505415132563e-12,0.0
10,42,scene_00_no_obstacle,20260525,rrt,52,True,0.04445566622423637,0.04445566622423583,0.04445566622423637,0.04445566622423583,1.0706603116298291e-15,5.426455178931241e-16,2.1413206232596582e-15,1.01042860997401e-15,0.8151784334708557,4.22252395657677e-14,inf,0.002999999999999989,inf,1.1721505415132563e-12,0.0
11,42,scene_00_no_obstacle,20260525,rrt,53,True,0.04445566622423637,0.04445566622423583,0.04445566622423637,0.04445566622423583,1.0706603116298291e-15,5.426455178931241e-16,2.1413206232596582e-15,1.01042860997401e-15,0.8151784334708557,4.22252395657677e-14,inf,0.002999999999999989,inf,1.1721505415132563e-12,0.0
12,42,scene_00_no_obstacle,20260525,rrt,54,True,0.04445566622423637,0.04445566622423583,0.04445566622423637,0.04445566622423583,1.0706603116298291e-15,5.426455178931241e-16,2.1413206232596582e-15,1.01042860997401e-15,0.8151784334708557,4.22252395657677e-14,inf,0.002999999999999989,inf,1.1721505415132563e-12,0.0
13,42,scene_00_no_obstacle,20260525,rrt,55,True,0.04445566622423637,0.04445566622423583,0.04445566622423637,0.04445566622423583,1.0706603116298291e-15,5.426455178931241e-16,2.1413206232596582e-15,1.01042860997401e-15,0.8151784334708557,4.22252395657677e-14,inf,0.002999999999999989,inf,1.1721505415132563e-12,0.0
14,42,scene_00_no_obstacle,20260525,rrt,56,True,0.04445566622423637,0.04445566622423583,0.04445566622423637,0.04445566622423583,1.0706603116298291e-15,5.426455178931241e-16,2.1413206232596582e-15,1.01042860997401e-15,0.8151784334708557,4.22252395657677e-14,inf,0.002999999999999989,inf,1.1721505415132563e-12,0.0
15,42,scene_00_no_obstacle,20260525,rrt,57,True,0.04445566622423637,0.04445566622423583,0.04445566622423637,0.04445566622423583,1.0706603116298291e-15,5.426455178931241e-16,2.1413206232596582e-15,1.01042860997401e-15,0.8151784334708557,4.22252395657677e-14,inf,0.002999999999999989,inf,1.1721505415132563e-12,0.0
16,42,scene_00_no_obstacle,20260525,rrt,58,True,0.04445566622423637,0.04445566622423583,0.04445566622423637,0.04445566622423583,1.0706603116298291e-15,5.426455178931241e-16,2.1413206232596582e-15,1.01042860997401e-15,0.8151784334708557,4.22252395657677e-14,inf,0.002999999999999989,inf,1.1721505415132563e-12,0.0
17,42,scene_00_no_obstacle,20260525,rrt,59,True,0.04445566622423637,0.04445566622423583,0.04445566622423637,0.04445566622423583,1.0706603116298291e-15,5.426455178931241e-16,2.1413206232596582e-15,1.01042860997401e-15,0.8151784334708557,4.22252395657677e-14,inf,0.002999999999999989,inf,1.1721505415132563e-12,0.0
18,42,scene_00_no_obstacle,20260525,rrt,60,True,0.04445566622423637,0.04445566622423583,0.04445566622423637,0.04445566622423583,1.0706603116298291e-15,5.426455178931241e-16,2.1413206232596582e-15,1.01042860997401e-15,0.8151784334708557,4.22252395657677e-14,inf,0.002999999999999989,inf,1.1721505415132563e-12,0.0
19,42,scene_00_no_obstacle,20260525,rrt,61,True,0.04445566622423637,0.04445566622423583,0.04445566622423637,0.04445566622423583,1.0706603116298291e-15,5.426455178931241e-16,2.1413206232596582e-15,1.01042860997401e-15,0.8151784334708557,4.22252395657677e-14,inf,0.002999999999999989,inf,1.1721505415132563e-12,0.0
20,42,scene_00_no_obstacle,20260525,rrt,62,True,0.04445566622423637,0.04445566622423583,0.04445566622423637,0.04445566622423583,1.0706603116298291e-15,5.426455178931241e-16,2.1413206232596582e-15,1.01042860997401e-15,0.8151784334708557,4.22252395657677e-14,inf,0.002999999999999989,inf,1.1721505415132563e-12,0.0
21,42,scene_00_no_obstacle,20260525,rrt,63,True,0.04445566622423637,0.04445566622423583,0.04445566622423637,0.04445566622423583,1.0706603116298291e-15,5.426455178931241e-16,2.1413206232596582e-15,1.01042860997401e-15,0.8151784334708557,4.22252395657677e-14,inf,0.002999999999999989,inf,1.1721505415132563e-12,0.0
22,42,scene_00_no_obstacle,20260525,rrt,64,True,0.04445566622423637,0.04445566622423583,0.04445566622423637,0.04445566622423583,1.0706603116298291e-15,5.426455178931241e-16,2.1413206232596582e-15,1.01042860997401e-15,0.8151784334708557,4.22252395657677e-14,inf,0.002999999999999989,inf,1.1721505415132563e-12,0.0
23,42,scene_00_no_obstacle,20260525,rrt,65,True,0.04445566622423637,0.04445566622423583,0.04445566622423637,0.04445566622423583,1.0706603116298291e-15,5.426455178931241e-16,2.1413206232596582e-15,1.01042860997401e-15,0.8151784334708557,4.22252395657677e-14,inf,0.002999999999999989,inf,1.1721505415132563e-12,0.0
24,42,scene_00_no_obstacle,20260525,rrt,66,True,0.04445566622423637,0.04445566622423583,0.04445566622423637,0.04445566622423583,1.0706603116298291e-15,5.426455178931241e-16,2.1413206232596582e-15,1.01042860997401e-15,0.8151784334708557,4.22252395657677e-14,inf,0.002999999999999989,inf,1.1721505415132563e-12,0.0
25,42,scene_00_no_obstacle,20260525,rrt,67,True,0.04445566622423637,0.04445566622423583,0.04445566622423637,0.04445566622423583,1.0706603116298291e-15,5.426455178931241e-16,2.1413206232596582e-15,1.01042860997401e-15,0.8151784334708557,4.22252395657677e-14,inf,0.002999999999999989,inf,1.1721505415132563e-12,0.0
26,42,scene_00_no_obstacle,20260525,rrt,68,True,0.04445566622423637,0.04445566622423583,0.04445566622423637,0.04445566622423583,1.0706603116298291e-15,5.426455178931241e-16,2.1413206232596582e-15,1.01042860997401e-15,0.8151784334708557,4.22252395657677e-14,inf,0.002999999999999989,inf,1.1721505415132563e-12,0.0
27,42,scene_00_no_obstacle,20260525,rrt,69,True,0.04445566622423637,0.04445566622423583,0.04445566622423637,0.04445566622423583,1.0706603116298291e-15,5.426455178931241e-16,2.1413206232596582e-15,1.01042860997401e-15,0.8151784334708557,4.22252395657677e-14,inf,0.002999999999999989,inf,1.1721505415132563e-12,0.0
28,42,scene_00_no_obstacle,20260525,rrt,70,True,0.04445566622423637,0.04445566622423583,0.04445566622423637,0.04445566622423583,1.0706603116298291e-15,5.426455178931241e-16,2.1413206232596582e-15,1.01042860997401e-15,0.8151784334708557,4.22252395657677e-14,inf,0.002999999999999989,inf,1.1721505415132563e-12,0.0
29,42,scene_00_no_obstacle,20260525,rrt,71,True,0.04445566622423637,0.04445566622423583,0.04445566622423637,0.04445566622423583,1.0706603116298291e-15,5.426455178931241e-16,2.1413206232596582e-15,1.01042860997401e-15,0.8151784334708557,4.22252395657677e-14,inf,0.002999999999999989,inf,1.1721505415132563e-12,0.0
30,42,scene_00_no_obstacle,20260525,rrt,72,True,0.04445566622423637,0.04445566622423583,0.04445566622423637,0.04445566622423583,1.0706603116298291e-15,5.426455178931241e-16,2.1413206232596582e-15,1.01042860997401e-15,0.8151784334708557,4.22252395657677e-14,inf,0.002999999999999989,inf,1.1721505415132563e-12,0.0
31,42,scene_00_no_obstacle,20260525,rrt,73,True,0.04445566622423637,0.04445566622423583,0.04445566622423637,0.04445566622423583,1.0706603116298291e-15,5.426455178931241e-16,2.1413206232596582e-15,1.01042860997401e-15,0.8151784334708557,4.22252395657677e-14,inf,0.002999999999999989,inf,1.1721505415132563e-12,0.0
32,42,scene_00_no_obstacle,20260525,rrt,74,True,0.04445566622423637,0.04445566622423583,0.04445566622423637,0.04445566622423583,1.0706603116298291e-15,5.426455178931241e-16,2.1413206232596582e-15,1.01042860997401e-15,0.8151784334708557,4.22252395657677e-14,inf,0.002999999999999989,inf,1.1721505415132563e-12,0.0
33,42,scene_00_no_obstacle,20260525,rrt,75,True,0.04445566622423637,0.04445566622423583,0.04445566622423637,0.04445566622423583,1.0706603116298291e-15,5.426455178931241e-16,2.1413206232596582e-15,1.01042860997401e-15,0.8151784334708557,4.22252395657677e-14,inf,0.002999999999999989,inf,1.1721505415132563e-12,0.0
34,42,scene_00_no_obstacle,20260525,rrt,76,True,0.04445566622423637,0.04445566622423583,0.04445566622423637,0.04445566622423583,1.0706603116298291e-15,5.426455178931241e-16,2.1413206232596582e-15,1.01042860997401e-15,0.8151784334708557,4.22252395657677e-14,inf,0.002999999999999989,inf,1.1721505415132563e-12,0.0
35,42,scene_00_no_obstacle,20260525,rrt,77,True,0.04445566622423637,0.04445566622423583,0.04445566622423637,0.04445566622423583,1.0706603116298291e-15,5.426455178931241e-16,2.1413206232596582e-15,1.01042860997401e-15,0.8151784334708557,4.22252395657677e-14,inf,0.002999999999999989,inf,1.1721505415132563e-12,0.0
36,42,scene_00_no_obstacle,20260525,rrt,78,True,0.04445566622423637,0.04445566622423583,0.04445566622423637,0.04445566622423583,1.0706603116298291e-15,5.426455178931241e-16,2.1413206232596582e-15,1.01042860997401e-15,0.8151784334708557,4.22252395657677e-14,inf,0.002999999999999989,inf,1.1721505415132563e-12,0.0
37,42,scene_00_no_obstacle,20260525,rrt,79,True,0.04445566622423637,0.04445566622423583,0.04445566622423637,0.04445566622423583,1.0706603116298291e-15,5.426455178931241e-16,2.1413206232596582e-15,1.01042860997401e-15,0.8151784334708557,4.22252395657677e-14,inf,0.002999999999999989,inf,1.1721505415132563e-12,0.0
38,42,scene_00_no_obstacle,20260525,rrt,80,True,0.04445566622423637,0.04445566622423583,0.04445566622423637,0.04445566622423583,1.0706603116298291e-15,5.426455178931241e-16,2.1413206232596582e-15,1.01042860997401e-15,0.8151784334708557,4.22252395657677e-14,inf,0.002999999999999989,inf,1.1721505415132563e-12,0.0
39,42,scene_00_no_obstacle,20260525,rrt,81,True,0.04445566622423637,0.04445566622423583,0.04445566622423637,0.04445566622423583,1.0706603116298291e-15,5.426455178931241e-16,2.1413206232596582e-15,1.01042860997401e-15,0.8151784334708557,4.22252395657677e-14,inf,0.002999999999999989,inf,1.1721505415132563e-12,0.0
40,42,scene_00_no_obstacle,20260525,rrt,82,True,0.04445566622423637,0.04445566622423583,0.04445566622423637,0.04445566622423583,1.0706603116298291e-15,5.426455178931241e-16,2.1413206232596582e-15,1.01042860997401e-15,0.8151784334708557,4.22252395657677e-14,inf,0.002999999999999989,inf,1.1721505415132563e-12,0.0
41,42,scene_00_no_obstacle,20260525,rrt,83,True,0.04445566622423637,0.04445566622423583,0.04445566622423637,0.04445566622423583,1.0706603116298291e-15,5.426455178931241e-16,2.1413206232596582e-15,1.01042860997401e-15,0.8151784334708557,4.22252395657677e-14,inf,0.002999999999999989,inf,1.1721505415132563e-12,0.0
42,42,scene_00_no_obstacle,20260525,rrt,84,True,0.04445566622423637,0.04445566622423583,0.04445566622423637,0.04445566622423583,1.0706603116298291e-15,5.426455178931241e-16,2.1413206232596582e-15,1.01042860997401e-15,0.8151784334708557,4.22252395657677e-14,inf,0.002999999999999989,inf,1.1721505415132563e-12,0.0
43,42,scene_00_no_obstacle,20260525,rrt,85,True,0.04445566622423637,0.04445566622423583,0.04445566622423637,0.04445566622423583,1.0706603116298291e-15,5.426455178931241e-16,2.1413206232596582e-15,1.01042860997401e-15,0.8151784334708557,4.22252395657677e-14,inf,0.002999999999999989,inf,1.1721505415132563e-12,0.0
44,42,scene_00_no_obstacle,20260525,rrt,86,True,0.04445566622423637,0.04445566622423583,0.04445566622423637,0.04445566622423583,1.0706603116298291e-15,5.426455178931241e-16,2.1413206232596582e-15,1.01042860997401e-15,0.8151784334708557,4.22252395657677e-14,inf,0.002999999999999989,inf,1.1721505415132563e-12,0.0
45,42,scene_00_no_obstacle,20260525,rrt,87,True,0.04445566622423637,0.04445566622423583,0.04445566622423637,0.04445566622423583,1.0706603116298291e-15,5.426455178931241e-16,2.1413206232596582e-15,1.01042860997401e-15,0.8151784334708557,4.22252395657677e-14,inf,0.002999999999999989,inf,1.1721505415132563e-12,0.0
46,42,scene_00_no_obstacle,20260525,rrt,88,True,0.04445566622423637,0.04445566622423583,0.04445566622423637,0.04445566622423583,1.0706603116298291e-15,5.426455178931241e-16,2.1413206232596582e-15,1.01042860997401e-15,0.8151784334708557,4.22252395657677e-14,inf,0.002999999999999989,inf,1.1721505415132563e-12,0.0
47,42,scene_00_no_obstacle,20260525,rrt,89,True,0.04445566622423637,0.04445566622423583,0.04445566622423637,0.04445566622423583,1.0706603116298291e-15,5.426455178931241e-16,2.1413206232596582e-15,1.01042860997401e-15,0.8151784334708557,4.22252395657677e-14,inf,0.002999999999999989,inf,1.1721505415132563e-12,0.0
48,42,scene_00_no_obstacle,20260525,rrt,90,True,0.04445566622423637,0.04445566622423583,0.04445566622423637,0.04445566622423583,1.0706603116298291e-15,5.426455178931241e-16,2.1413206232596582e-15,1.01042860997401e-15,0.8151784334708557,4.22252395657677e-14,inf,0.002999999999999989,inf,1.1721505415132563e-12,0.0
49,42,scene_00_no_obstacle,20260525,rrt,91,True,0.04445566622423637,0.04445566622423583,0.04445566622423637,0.04445566622423583,1.0706603116298291e-15,5.426455178931241e-16,2.1413206232596582e-15,1.01042860997401e-15,0.8151784334708557,4.22252395657677e-14,inf,0.002999999999999989,inf,1.1721505415132563e-12,0.0
0,42,scene_00_no_obstacle,20260525,rrt_connect,1042,True,0.04445566622423637,0.04445566622423583,0.04445566622423637,0.04445566622423583,1.0706603116298291e-15,5.426455178931241e-16,2.1413206232596582e-15,1.01042860997401e-15,0.8151784334708557,4.22252395657677e-14,inf,0.002999999999999989,inf,1.1721505415132563e-12,0.0
1,42,scene_00_no_obstacle,20260525,rrt_connect,1043,True,0.04445566622423637,0.04445566622423583,0.04445566622423637,0.04445566622423583,1.0706603116298291e-15,5.426455178931241e-16,2.1413206232596582e-15,1.01042860997401e-15,0.8151784334708557,4.22252395657677e-14,inf,0.002999999999999989,inf,1.1721505415132563e-12,0.0
2,42,scene_00_no_obstacle,20260525,rrt_connect,1044,True,0.04445566622423637,0.04445566622423583,0.04445566622423637,0.04445566622423583,1.0706603116298291e-15,5.426455178931241e-16,2.1413206232596582e-15,1.01042860997401e-15,0.8151784334708557,4.22252395657677e-14,inf,0.002999999999999989,inf,1.1721505415132563e-12,0.0
3,42,scene_00_no_obstacle,20260525,rrt_connect,1045,True,0.04445566622423637,0.04445566622423583,0.04445566622423637,0.04445566622423583,1.0706603116298291e-15,5.426455178931241e-16,2.1413206232596582e-15,1.01042860997401e-15,0.8151784334708557,4.22252395657677e-14,inf,0.002999999999999989,inf,1.1721505415132563e-12,0.0
4,42,scene_00_no_obstacle,20260525,rrt_connect,1046,True,0.04445566622423637,0.04445566622423583,0.04445566622423637,0.04445566622423583,1.0706603116298291e-15,5.426455178931241e-16,2.1413206232596582e-15,1.01042860997401e-15,0.8151784334708557,4.22252395657677e-14,inf,0.002999999999999989,inf,1.1721505415132563e-12,0.0
5,42,scene_00_no_obstacle,20260525,rrt_connect,1047,True,0.04445566622423637,0.04445566622423583,0.04445566622423637,0.04445566622423583,1.0706603116298291e-15,5.426455178931241e-16,2.1413206232596582e-15,1.01042860997401e-15,0.8151784334708557,4.22252395657677e-14,inf,0.002999999999999989,inf,1.1721505415132563e-12,0.0
6,42,scene_00_no_obstacle,20260525,rrt_connect,1048,True,0.04445566622423637,0.04445566622423583,0.04445566622423637,0.04445566622423583,1.0706603116298291e-15,5.426455178931241e-16,2.1413206232596582e-15,1.01042860997401e-15,0.8151784334708557,4.22252395657677e-14,inf,0.002999999999999989,inf,1.1721505415132563e-12,0.0
7,42,scene_00_no_obstacle,20260525,rrt_connect,1049,True,0.04445566622423637,0.04445566622423583,0.04445566622423637,0.04445566622423583,1.0706603116298291e-15,5.426455178931241e-16,2.1413206232596582e-15,1.01042860997401e-15,0.8151784334708557,4.22252395657677e-14,inf,0.002999999999999989,inf,1.1721505415132563e-12,0.0
8,42,scene_00_no_obstacle,20260525,rrt_connect,1050,True,0.04445566622423637,0.04445566622423583,0.04445566622423637,0.04445566622423583,1.0706603116298291e-15,5.426455178931241e-16,2.1413206232596582e-15,1.01042860997401e-15,0.8151784334708557,4.22252395657677e-14,inf,0.002999999999999989,inf,1.1721505415132563e-12,0.0
9,42,scene_00_no_obstacle,20260525,rrt_connect,1051,True,0.04445566622423637,0.04445566622423583,0.04445566622423637,0.04445566622423583,1.0706603116298291e-15,5.426455178931241e-16,2.1413206232596582e-15,1.01042860997401e-15,0.8151784334708557,4.22252395657677e-14,inf,0.002999999999999989,inf,1.1721505415132563e-12,0.0
10,42,scene_00_no_obstacle,20260525,rrt_connect,1052,True,0.04445566622423637,0.04445566622423583,0.04445566622423637,0.04445566622423583,1.0706603116298291e-15,5.426455178931241e-16,2.1413206232596582e-15,1.01042860997401e-15,0.8151784334708557,4.22252395657677e-14,inf,0.002999999999999989,inf,1.1721505415132563e-12,0.0
11,42,scene_00_no_obstacle,20260525,rrt_connect,1053,True,0.04445566622423637,0.04445566622423583,0.04445566622423637,0.04445566622423583,1.0706603116298291e-15,5.426455178931241e-16,2.1413206232596582e-15,1.01042860997401e-15,0.8151784334708557,4.22252395657677e-14,inf,0.002999999999999989,inf,1.1721505415132563e-12,0.0
12,42,scene_00_no_obstacle,20260525,rrt_connect,1054,True,0.04445566622423637,0.04445566622423583,0.04445566622423637,0.04445566622423583,1.0706603116298291e-15,5.426455178931241e-16,2.1413206232596582e-15,1.01042860997401e-15,0.8151784334708557,4.22252395657677e-14,inf,0.002999999999999989,inf,1.1721505415132563e-12,0.0
13,42,scene_00_no_obstacle,20260525,rrt_connect,1055,True,0.04445566622423637,0.04445566622423583,0.04445566622423637,0.04445566622423583,1.0706603116298291e-15,5.426455178931241e-16,2.1413206232596582e-15,1.01042860997401e-15,0.8151784334708557,4.22252395657677e-14,inf,0.002999999999999989,inf,1.1721505415132563e-12,0.0
14,42,scene_00_no_obstacle,20260525,rrt_connect,1056,True,0.04445566622423637,0.04445566622423583,0.04445566622423637,0.04445566622423583,1.0706603116298291e-15,5.426455178931241e-16,2.1413206232596582e-15,1.01042860997401e-15,0.8151784334708557,4.22252395657677e-14,inf,0.002999999999999989,inf,1.1721505415132563e-12,0.0
15,42,scene_00_no_obstacle,20260525,rrt_connect,1057,True,0.04445566622423637,0.04445566622423583,0.04445566622423637,0.04445566622423583,1.0706603116298291e-15,5.426455178931241e-16,2.1413206232596582e-15,1.01042860997401e-15,0.8151784334708557,4.22252395657677e-14,inf,0.002999999999999989,inf,1.1721505415132563e-12,0.0
16,42,scene_00_no_obstacle,20260525,rrt_connect,1058,True,0.04445566622423637,0.04445566622423583,0.04445566622423637,0.04445566622423583,1.0706603116298291e-15,5.426455178931241e-16,2.1413206232596582e-15,1.01042860997401e-15,0.8151784334708557,4.22252395657677e-14,inf,0.002999999999999989,inf,1.1721505415132563e-12,0.0
17,42,scene_00_no_obstacle,20260525,rrt_connect,1059,True,0.04445566622423637,0.04445566622423583,0.04445566622423637,0.04445566622423583,1.0706603116298291e-15,5.426455178931241e-16,2.1413206232596582e-15,1.01042860997401e-15,0.8151784334708557,4.22252395657677e-14,inf,0.002999999999999989,inf,1.1721505415132563e-12,0.0
18,42,scene_00_no_obstacle,20260525,rrt_connect,1060,True,0.04445566622423637,0.04445566622423583,0.04445566622423637,0.04445566622423583,1.0706603116298291e-15,5.426455178931241e-16,2.1413206232596582e-15,1.01042860997401e-15,0.8151784334708557,4.22252395657677e-14,inf,0.002999999999999989,inf,1.1721505415132563e-12,0.0
19,42,scene_00_no_obstacle,20260525,rrt_connect,1061,True,0.04445566622423637,0.04445566622423583,0.04445566622423637,0.04445566622423583,1.0706603116298291e-15,5.426455178931241e-16,2.1413206232596582e-15,1.01042860997401e-15,0.8151784334708557,4.22252395657677e-14,inf,0.002999999999999989,inf,1.1721505415132563e-12,0.0
20,42,scene_00_no_obstacle,20260525,rrt_connect,1062,True,0.04445566622423637,0.04445566622423583,0.04445566622423637,0.04445566622423583,1.0706603116298291e-15,5.426455178931241e-16,2.1413206232596582e-15,1.01042860997401e-15,0.8151784334708557,4.22252395657677e-14,inf,0.002999999999999989,inf,1.1721505415132563e-12,0.0
21,42,scene_00_no_obstacle,20260525,rrt_connect,1063,True,0.04445566622423637,0.04445566622423583,0.04445566622423637,0.04445566622423583,1.0706603116298291e-15,5.426455178931241e-16,2.1413206232596582e-15,1.01042860997401e-15,0.8151784334708557,4.22252395657677e-14,inf,0.002999999999999989,inf,1.1721505415132563e-12,0.0
22,42,scene_00_no_obstacle,20260525,rrt_connect,1064,True,0.04445566622423637,0.04445566622423583,0.04445566622423637,0.04445566622423583,1.0706603116298291e-15,5.426455178931241e-16,2.1413206232596582e-15,1.01042860997401e-15,0.8151784334708557,4.22252395657677e-14,inf,0.002999999999999989,inf,1.1721505415132563e-12,0.0
23,42,scene_00_no_obstacle,20260525,rrt_connect,1065,True,0.04445566622423637,0.04445566622423583,0.04445566622423637,0.04445566622423583,1.0706603116298291e-15,5.426455178931241e-16,2.1413206232596582e-15,1.01042860997401e-15,0.8151784334708557,4.22252395657677e-14,inf,0.002999999999999989,inf,1.1721505415132563e-12,0.0
24,42,scene_00_no_obstacle,20260525,rrt_connect,1066,True,0.04445566622423637,0.04445566622423583,0.04445566622423637,0.04445566622423583,1.0706603116298291e-15,5.426455178931241e-16,2.1413206232596582e-15,1.01042860997401e-15,0.8151784334708557,4.22252395657677e-14,inf,0.002999999999999989,inf,1.1721505415132563e-12,0.0
25,42,scene_00_no_obstacle,20260525,rrt_connect,1067,True,0.04445566622423637,0.04445566622423583,0.04445566622423637,0.04445566622423583,1.0706603116298291e-15,5.426455178931241e-16,2.1413206232596582e-15,1.01042860997401e-15,0.8151784334708557,4.22252395657677e-14,inf,0.002999999999999989,inf,1.1721505415132563e-12,0.0
26,42,scene_00_no_obstacle,20260525,rrt_connect,1068,True,0.04445566622423637,0.04445566622423583,0.04445566622423637,0.04445566622423583,1.0706603116298291e-15,5.426455178931241e-16,2.1413206232596582e-15,1.01042860997401e-15,0.8151784334708557,4.22252395657677e-14,inf,0.002999999999999989,inf,1.1721505415132563e-12,0.0
27,42,scene_00_no_obstacle,20260525,rrt_connect,1069,True,0.04445566622423637,0.04445566622423583,0.04445566622423637,0.04445566622423583,1.0706603116298291e-15,5.426455178931241e-16,2.1413206232596582e-15,1.01042860997401e-15,0.8151784334708557,4.22252395657677e-14,inf,0.002999999999999989,inf,1.1721505415132563e-12,0.0
28,42,scene_00_no_obstacle,20260525,rrt_connect,1070,True,0.04445566622423637,0.04445566622423583,0.04445566622423637,0.04445566622423583,1.0706603116298291e-15,5.426455178931241e-16,2.1413206232596582e-15,1.01042860997401e-15,0.8151784334708557,4.22252395657677e-14,inf,0.002999999999999989,inf,1.1721505415132563e-12,0.0
29,42,scene_00_no_obstacle,20260525,rrt_connect,1071,True,0.04445566622423637,0.04445566622423583,0.04445566622423637,0.04445566622423583,1.0706603116298291e-15,5.426455178931241e-16,2.1413206232596582e-15,1.01042860997401e-15,0.8151784334708557,4.22252395657677e-14,inf,0.002999999999999989,inf,1.1721505415132563e-12,0.0
30,42,scene_00_no_obstacle,20260525,rrt_connect,1072,True,0.04445566622423637,0.04445566622423583,0.04445566622423637,0.04445566622423583,1.0706603116298291e-15,5.426455178931241e-16,2.1413206232596582e-15,1.01042860997401e-15,0.8151784334708557,4.22252395657677e-14,inf,0.002999999999999989,inf,1.1721505415132563e-12,0.0
31,42,scene_00_no_obstacle,20260525,rrt_connect,1073,True,0.04445566622423637,0.04445566622423583,0.04445566622423637,0.04445566622423583,1.0706603116298291e-15,5.426455178931241e-16,2.1413206232596582e-15,1.01042860997401e-15,0.8151784334708557,4.22252395657677e-14,inf,0.002999999999999989,inf,1.1721505415132563e-12,0.0
32,42,scene_00_no_obstacle,20260525,rrt_connect,1074,True,0.04445566622423637,0.04445566622423583,0.04445566622423637,0.04445566622423583,1.0706603116298291e-15,5.426455178931241e-16,2.1413206232596582e-15,1.01042860997401e-15,0.8151784334708557,4.22252395657677e-14,inf,0.002999999999999989,inf,1.1721505415132563e-12,0.0
33,42,scene_00_no_obstacle,20260525,rrt_connect,1075,True,0.04445566622423637,0.04445566622423583,0.04445566622423637,0.04445566622423583,1.0706603116298291e-15,5.426455178931241e-16,2.1413206232596582e-15,1.01042860997401e-15,0.8151784334708557,4.22252395657677e-14,inf,0.002999999999999989,inf,1.1721505415132563e-12,0.0
34,42,scene_00_no_obstacle,20260525,rrt_connect,1076,True,0.04445566622423637,0.04445566622423583,0.04445566622423637,0.04445566622423583,1.0706603116298291e-15,5.426455178931241e-16,2.1413206232596582e-15,1.01042860997401e-15,0.8151784334708557,4.22252395657677e-14,inf,0.002999999999999989,inf,1.1721505415132563e-12,0.0
35,42,scene_00_no_obstacle,20260525,rrt_connect,1077,True,0.04445566622423637,0.04445566622423583,0.04445566622423637,0.04445566622423583,1.0706603116298291e-15,5.426455178931241e-16,2.1413206232596582e-15,1.01042860997401e-15,0.8151784334708557,4.22252395657677e-14,inf,0.002999999999999989,inf,1.1721505415132563e-12,0.0
36,42,scene_00_no_obstacle,20260525,rrt_connect,1078,True,0.04445566622423637,0.04445566622423583,0.04445566622423637,0.04445566622423583,1.0706603116298291e-15,5.426455178931241e-16,2.1413206232596582e-15,1.01042860997401e-15,0.8151784334708557,4.22252395657677e-14,inf,0.002999999999999989,inf,1.1721505415132563e-12,0.0
37,42,scene_00_no_obstacle,20260525,rrt_connect,1079,True,0.04445566622423637,0.04445566622423583,0.04445566622423637,0.04445566622423583,1.0706603116298291e-15,5.426455178931241e-16,2.1413206232596582e-15,1.01042860997401e-15,0.8151784334708557,4.22252395657677e-14,inf,0.002999999999999989,inf,1.1721505415132563e-12,0.0
38,42,scene_00_no_obstacle,20260525,rrt_connect,1080,True,0.04445566622423637,0.04445566622423583,0.04445566622423637,0.04445566622423583,1.0706603116298291e-15,5.426455178931241e-16,2.1413206232596582e-15,1.01042860997401e-15,0.8151784334708557,4.22252395657677e-14,inf,0.002999999999999989,inf,1.1721505415132563e-12,0.0
39,42,scene_00_no_obstacle,20260525,rrt_connect,1081,True,0.04445566622423637,0.04445566622423583,0.04445566622423637,0.04445566622423583,1.0706603116298291e-15,5.426455178931241e-16,2.1413206232596582e-15,1.01042860997401e-15,0.8151784334708557,4.22252395657677e-14,inf,0.002999999999999989,inf,1.1721505415132563e-12,0.0
40,42,scene_00_no_obstacle,20260525,rrt_connect,1082,True,0.04445566622423637,0.04445566622423583,0.04445566622423637,0.04445566622423583,1.0706603116298291e-15,5.426455178931241e-16,2.1413206232596582e-15,1.01042860997401e-15,0.8151784334708557,4.22252395657677e-14,inf,0.002999999999999989,inf,1.1721505415132563e-12,0.0
41,42,scene_00_no_obstacle,20260525,rrt_connect,1083,True,0.04445566622423637,0.04445566622423583,0.04445566622423637,0.04445566622423583,1.0706603116298291e-15,5.426455178931241e-16,2.1413206232596582e-15,1.01042860997401e-15,0.8151784334708557,4.22252395657677e-14,inf,0.002999999999999989,inf,1.1721505415132563e-12,0.0
42,42,scene_00_no_obstacle,20260525,rrt_connect,1084,True,0.04445566622423637,0.04445566622423583,0.04445566622423637,0.04445566622423583,1.0706603116298291e-15,5.426455178931241e-16,2.1413206232596582e-15,1.01042860997401e-15,0.8151784334708557,4.22252395657677e-14,inf,0.002999999999999989,inf,1.1721505415132563e-12,0.0
43,42,scene_00_no_obstacle,20260525,rrt_connect,1085,True,0.04445566622423637,0.04445566622423583,0.04445566622423637,0.04445566622423583,1.0706603116298291e-15,5.426455178931241e-16,2.1413206232596582e-15,1.01042860997401e-15,0.8151784334708557,4.22252395657677e-14,inf,0.002999999999999989,inf,1.1721505415132563e-12,0.0
44,42,scene_00_no_obstacle,20260525,rrt_connect,1086,True,0.04445566622423637,0.04445566622423583,0.04445566622423637,0.04445566622423583,1.0706603116298291e-15,5.426455178931241e-16,2.1413206232596582e-15,1.01042860997401e-15,0.8151784334708557,4.22252395657677e-14,inf,0.002999999999999989,inf,1.1721505415132563e-12,0.0
45,42,scene_00_no_obstacle,20260525,rrt_connect,1087,True,0.04445566622423637,0.04445566622423583,0.04445566622423637,0.04445566622423583,1.0706603116298291e-15,5.426455178931241e-16,2.1413206232596582e-15,1.01042860997401e-15,0.8151784334708557,4.22252395657677e-14,inf,0.002999999999999989,inf,1.1721505415132563e-12,0.0
46,42,scene_00_no_obstacle,20260525,rrt_connect,1088,True,0.04445566622423637,0.04445566622423583,0.04445566622423637,0.04445566622423583,1.0706603116298291e-15,5.426455178931241e-16,2.1413206232596582e-15,1.01042860997401e-15,0.8151784334708557,4.22252395657677e-14,inf,0.002999999999999989,inf,1.1721505415132563e-12,0.0
47,42,scene_00_no_obstacle,20260525,rrt_connect,1089,True,0.04445566622423637,0.04445566622423583,0.04445566622423637,0.04445566622423583,1.0706603116298291e-15,5.426455178931241e-16,2.1413206232596582e-15,1.01042860997401e-15,0.8151784334708557,4.22252395657677e-14,inf,0.002999999999999989,inf,1.1721505415132563e-12,0.0
48,42,scene_00_no_obstacle,20260525,rrt_connect,1090,True,0.04445566622423637,0.04445566622423583,0.04445566622423637,0.04445566622423583,1.0706603116298291e-15,5.426455178931241e-16,2.1413206232596582e-15,1.01042860997401e-15,0.8151784334708557,4.22252395657677e-14,inf,0.002999999999999989,inf,1.1721505415132563e-12,0.0
49,42,scene_00_no_obstacle,20260525,rrt_connect,1091,True,0.04445566622423637,0.04445566622423583,0.04445566622423637,0.04445566622423583,1.0706603116298291e-15,5.426455178931241e-16,2.1413206232596582e-15,1.01042860997401e-15,0.8151784334708557,4.22252395657677e-14,inf,0.002999999999999989,inf,1.1721505415132563e-12,0.0
0,42,scene_00_no_obstacle,20260525,prm,2042,True,0.04445566622423637,0.04445566622423583,0.04445566622423637,0.04445566622423583,1.0706603116298291e-15,5.426455178931241e-16,2.1413206232596582e-15,1.01042860997401e-15,0.8151784334708557,4.22252395657677e-14,inf,0.002999999999999989,inf,1.1721505415132563e-12,0.0
1,42,scene_00_no_obstacle,20260525,prm,2043,True,0.04445566622423637,0.04445566622423583,0.04445566622423637,0.04445566622423583,1.0706603116298291e-15,5.426455178931241e-16,2.1413206232596582e-15,1.01042860997401e-15,0.8151784334708557,4.22252395657677e-14,inf,0.002999999999999989,inf,1.1721505415132563e-12,0.0
2,42,scene_00_no_obstacle,20260525,prm,2044,True,0.04445566622423637,0.04445566622423583,0.04445566622423637,0.04445566622423583,1.0706603116298291e-15,5.426455178931241e-16,2.1413206232596582e-15,1.01042860997401e-15,0.8151784334708557,4.22252395657677e-14,inf,0.002999999999999989,inf,1.1721505415132563e-12,0.0
3,42,scene_00_no_obstacle,20260525,prm,2045,True,0.04445566622423637,0.04445566622423583,0.04445566622423637,0.04445566622423583,1.0706603116298291e-15,5.426455178931241e-16,2.1413206232596582e-15,1.01042860997401e-15,0.8151784334708557,4.22252395657677e-14,inf,0.002999999999999989,inf,1.1721505415132563e-12,0.0
4,42,scene_00_no_obstacle,20260525,prm,2046,True,0.04445566622423637,0.04445566622423583,0.04445566622423637,0.04445566622423583,1.0706603116298291e-15,5.426455178931241e-16,2.1413206232596582e-15,1.01042860997401e-15,0.8151784334708557,4.22252395657677e-14,inf,0.002999999999999989,inf,1.1721505415132563e-12,0.0
5,42,scene_00_no_obstacle,20260525,prm,2047,True,0.04445566622423637,0.04445566622423583,0.04445566622423637,0.04445566622423583,1.0706603116298291e-15,5.426455178931241e-16,2.1413206232596582e-15,1.01042860997401e-15,0.8151784334708557,4.22252395657677e-14,inf,0.002999999999999989,inf,1.1721505415132563e-12,0.0
6,42,scene_00_no_obstacle,20260525,prm,2048,True,0.04445566622423637,0.04445566622423583,0.04445566622423637,0.04445566622423583,1.0706603116298291e-15,5.426455178931241e-16,2.1413206232596582e-15,1.01042860997401e-15,0.8151784334708557,4.22252395657677e-14,inf,0.002999999999999989,inf,1.1721505415132563e-12,0.0
7,42,scene_00_no_obstacle,20260525,prm,2049,True,0.04445566622423637,0.04445566622423583,0.04445566622423637,0.04445566622423583,1.0706603116298291e-15,5.426455178931241e-16,2.1413206232596582e-15,1.01042860997401e-15,0.8151784334708557,4.22252395657677e-14,inf,0.002999999999999989,inf,1.1721505415132563e-12,0.0
8,42,scene_00_no_obstacle,20260525,prm,2050,True,0.04445566622423637,0.04445566622423583,0.04445566622423637,0.04445566622423583,1.0706603116298291e-15,5.426455178931241e-16,2.1413206232596582e-15,1.01042860997401e-15,0.8151784334708557,4.22252395657677e-14,inf,0.002999999999999989,inf,1.1721505415132563e-12,0.0
9,42,scene_00_no_obstacle,20260525,prm,2051,True,0.04445566622423637,0.04445566622423583,0.04445566622423637,0.04445566622423583,1.0706603116298291e-15,5.426455178931241e-16,2.1413206232596582e-15,1.01042860997401e-15,0.8151784334708557,4.22252395657677e-14,inf,0.002999999999999989,inf,1.1721505415132563e-12,0.0
10,42,scene_00_no_obstacle,20260525,prm,2052,True,0.04445566622423637,0.04445566622423583,0.04445566622423637,0.04445566622423583,1.0706603116298291e-15,5.426455178931241e-16,2.1413206232596582e-15,1.01042860997401e-15,0.8151784334708557,4.22252395657677e-14,inf,0.002999999999999989,inf,1.1721505415132563e-12,0.0
11,42,scene_00_no_obstacle,20260525,prm,2053,True,0.04445566622423637,0.04445566622423583,0.04445566622423637,0.04445566622423583,1.0706603116298291e-15,5.426455178931241e-16,2.1413206232596582e-15,1.01042860997401e-15,0.8151784334708557,4.22252395657677e-14,inf,0.002999999999999989,inf,1.1721505415132563e-12,0.0
12,42,scene_00_no_obstacle,20260525,prm,2054,True,0.04445566622423637,0.04445566622423583,0.04445566622423637,0.04445566622423583,1.0706603116298291e-15,5.426455178931241e-16,2.1413206232596582e-15,1.01042860997401e-15,0.8151784334708557,4.22252395657677e-14,inf,0.002999999999999989,inf,1.1721505415132563e-12,0.0
13,42,scene_00_no_obstacle,20260525,prm,2055,True,0.04445566622423637,0.04445566622423583,0.04445566622423637,0.04445566622423583,1.0706603116298291e-15,5.426455178931241e-16,2.1413206232596582e-15,1.01042860997401e-15,0.8151784334708557,4.22252395657677e-14,inf,0.002999999999999989,inf,1.1721505415132563e-12,0.0
14,42,scene_00_no_obstacle,20260525,prm,2056,True,0.04445566622423637,0.04445566622423583,0.04445566622423637,0.04445566622423583,1.0706603116298291e-15,5.426455178931241e-16,2.1413206232596582e-15,1.01042860997401e-15,0.8151784334708557,4.22252395657677e-14,inf,0.002999999999999989,inf,1.1721505415132563e-12,0.0
15,42,scene_00_no_obstacle,20260525,prm,2057,True,0.04445566622423637,0.04445566622423583,0.04445566622423637,0.04445566622423583,1.0706603116298291e-15,5.426455178931241e-16,2.1413206232596582e-15,1.01042860997401e-15,0.8151784334708557,4.22252395657677e-14,inf,0.002999999999999989,inf,1.1721505415132563e-12,0.0
16,42,scene_00_no_obstacle,20260525,prm,2058,True,0.04445566622423637,0.04445566622423583,0.04445566622423637,0.04445566622423583,1.0706603116298291e-15,5.426455178931241e-16,2.1413206232596582e-15,1.01042860997401e-15,0.8151784334708557,4.22252395657677e-14,inf,0.002999999999999989,inf,1.1721505415132563e-12,0.0
17,42,scene_00_no_obstacle,20260525,prm,2059,True,0.04445566622423637,0.04445566622423583,0.04445566622423637,0.04445566622423583,1.0706603116298291e-15,5.426455178931241e-16,2.1413206232596582e-15,1.01042860997401e-15,0.8151784334708557,4.22252395657677e-14,inf,0.002999999999999989,inf,1.1721505415132563e-12,0.0
18,42,scene_00_no_obstacle,20260525,prm,2060,True,0.04445566622423637,0.04445566622423583,0.04445566622423637,0.04445566622423583,1.0706603116298291e-15,5.426455178931241e-16,2.1413206232596582e-15,1.01042860997401e-15,0.8151784334708557,4.22252395657677e-14,inf,0.002999999999999989,inf,1.1721505415132563e-12,0.0
19,42,scene_00_no_obstacle,20260525,prm,2061,True,0.04445566622423637,0.04445566622423583,0.04445566622423637,0.04445566622423583,1.0706603116298291e-15,5.426455178931241e-16,2.1413206232596582e-15,1.01042860997401e-15,0.8151784334708557,4.22252395657677e-14,inf,0.002999999999999989,inf,1.1721505415132563e-12,0.0
20,42,scene_00_no_obstacle,20260525,prm,2062,True,0.04445566622423637,0.04445566622423583,0.04445566622423637,0.04445566622423583,1.0706603116298291e-15,5.426455178931241e-16,2.1413206232596582e-15,1.01042860997401e-15,0.8151784334708557,4.22252395657677e-14,inf,0.002999999999999989,inf,1.1721505415132563e-12,0.0
21,42,scene_00_no_obstacle,20260525,prm,2063,True,0.04445566622423637,0.04445566622423583,0.04445566622423637,0.04445566622423583,1.0706603116298291e-15,5.426455178931241e-16,2.1413206232596582e-15,1.01042860997401e-15,0.8151784334708557,4.22252395657677e-14,inf,0.002999999999999989,inf,1.1721505415132563e-12,0.0
22,42,scene_00_no_obstacle,20260525,prm,2064,True,0.04445566622423637,0.04445566622423583,0.04445566622423637,0.04445566622423583,1.0706603116298291e-15,5.426455178931241e-16,2.1413206232596582e-15,1.01042860997401e-15,0.8151784334708557,4.22252395657677e-14,inf,0.002999999999999989,inf,1.1721505415132563e-12,0.0
23,42,scene_00_no_obstacle,20260525,prm,2065,True,0.04445566622423637,0.04445566622423583,0.04445566622423637,0.04445566622423583,1.0706603116298291e-15,5.426455178931241e-16,2.1413206232596582e-15,1.01042860997401e-15,0.8151784334708557,4.22252395657677e-14,inf,0.002999999999999989,inf,1.1721505415132563e-12,0.0
24,42,scene_00_no_obstacle,20260525,prm,2066,True,0.04445566622423637,0.04445566622423583,0.04445566622423637,0.04445566622423583,1.0706603116298291e-15,5.426455178931241e-16,2.1413206232596582e-15,1.01042860997401e-15,0.8151784334708557,4.22252395657677e-14,inf,0.002999999999999989,inf,1.1721505415132563e-12,0.0
25,42,scene_00_no_obstacle,20260525,prm,2067,True,0.04445566622423637,0.04445566622423583,0.04445566622423637,0.04445566622423583,1.0706603116298291e-15,5.426455178931241e-16,2.1413206232596582e-15,1.01042860997401e-15,0.8151784334708557,4.22252395657677e-14,inf,0.002999999999999989,inf,1.1721505415132563e-12,0.0
26,42,scene_00_no_obstacle,20260525,prm,2068,True,0.04445566622423637,0.04445566622423583,0.04445566622423637,0.04445566622423583,1.0706603116298291e-15,5.426455178931241e-16,2.1413206232596582e-15,1.01042860997401e-15,0.8151784334708557,4.22252395657677e-14,inf,0.002999999999999989,inf,1.1721505415132563e-12,0.0
27,42,scene_00_no_obstacle,20260525,prm,2069,True,0.04445566622423637,0.04445566622423583,0.04445566622423637,0.04445566622423583,1.0706603116298291e-15,5.426455178931241e-16,2.1413206232596582e-15,1.01042860997401e-15,0.8151784334708557,4.22252395657677e-14,inf,0.002999999999999989,inf,1.1721505415132563e-12,0.0
28,42,scene_00_no_obstacle,20260525,prm,2070,True,0.04445566622423637,0.04445566622423583,0.04445566622423637,0.04445566622423583,1.0706603116298291e-15,5.426455178931241e-16,2.1413206232596582e-15,1.01042860997401e-15,0.8151784334708557,4.22252395657677e-14,inf,0.002999999999999989,inf,1.1721505415132563e-12,0.0
29,42,scene_00_no_obstacle,20260525,prm,2071,True,0.04445566622423637,0.04445566622423583,0.04445566622423637,0.04445566622423583,1.0706603116298291e-15,5.426455178931241e-16,2.1413206232596582e-15,1.01042860997401e-15,0.8151784334708557,4.22252395657677e-14,inf,0.002999999999999989,inf,1.1721505415132563e-12,0.0
30,42,scene_00_no_obstacle,20260525,prm,2072,True,0.04445566622423637,0.04445566622423583,0.04445566622423637,0.04445566622423583,1.0706603116298291e-15,5.426455178931241e-16,2.1413206232596582e-15,1.01042860997401e-15,0.8151784334708557,4.22252395657677e-14,inf,0.002999999999999989,inf,1.1721505415132563e-12,0.0
31,42,scene_00_no_obstacle,20260525,prm,2073,True,0.04445566622423637,0.04445566622423583,0.04445566622423637,0.04445566622423583,1.0706603116298291e-15,5.426455178931241e-16,2.1413206232596582e-15,1.01042860997401e-15,0.8151784334708557,4.22252395657677e-14,inf,0.002999999999999989,inf,1.1721505415132563e-12,0.0
32,42,scene_00_no_obstacle,20260525,prm,2074,True,0.04445566622423637,0.04445566622423583,0.04445566622423637,0.04445566622423583,1.0706603116298291e-15,5.426455178931241e-16,2.1413206232596582e-15,1.01042860997401e-15,0.8151784334708557,4.22252395657677e-14,inf,0.002999999999999989,inf,1.1721505415132563e-12,0.0
33,42,scene_00_no_obstacle,20260525,prm,2075,True,0.04445566622423637,0.04445566622423583,0.04445566622423637,0.04445566622423583,1.0706603116298291e-15,5.426455178931241e-16,2.1413206232596582e-15,1.01042860997401e-15,0.8151784334708557,4.22252395657677e-14,inf,0.002999999999999989,inf,1.1721505415132563e-12,0.0
34,42,scene_00_no_obstacle,20260525,prm,2076,True,0.04445566622423637,0.04445566622423583,0.04445566622423637,0.04445566622423583,1.0706603116298291e-15,5.426455178931241e-16,2.1413206232596582e-15,1.01042860997401e-15,0.8151784334708557,4.22252395657677e-14,inf,0.002999999999999989,inf,1.1721505415132563e-12,0.0
35,42,scene_00_no_obstacle,20260525,prm,2077,True,0.04445566622423637,0.04445566622423583,0.04445566622423637,0.04445566622423583,1.0706603116298291e-15,5.426455178931241e-16,2.1413206232596582e-15,1.01042860997401e-15,0.8151784334708557,4.22252395657677e-14,inf,0.002999999999999989,inf,1.1721505415132563e-12,0.0
36,42,scene_00_no_obstacle,20260525,prm,2078,True,0.04445566622423637,0.04445566622423583,0.04445566622423637,0.04445566622423583,1.0706603116298291e-15,5.426455178931241e-16,2.1413206232596582e-15,1.01042860997401e-15,0.8151784334708557,4.22252395657677e-14,inf,0.002999999999999989,inf,1.1721505415132563e-12,0.0
37,42,scene_00_no_obstacle,20260525,prm,2079,True,0.04445566622423637,0.04445566622423583,0.04445566622423637,0.04445566622423583,1.0706603116298291e-15,5.426455178931241e-16,2.1413206232596582e-15,1.01042860997401e-15,0.8151784334708557,4.22252395657677e-14,inf,0.002999999999999989,inf,1.1721505415132563e-12,0.0
38,42,scene_00_no_obstacle,20260525,prm,2080,True,0.04445566622423637,0.04445566622423583,0.04445566622423637,0.04445566622423583,1.0706603116298291e-15,5.426455178931241e-16,2.1413206232596582e-15,1.01042860997401e-15,0.8151784334708557,4.22252395657677e-14,inf,0.002999999999999989,inf,1.1721505415132563e-12,0.0
39,42,scene_00_no_obstacle,20260525,prm,2081,True,0.04445566622423637,0.04445566622423583,0.04445566622423637,0.04445566622423583,1.0706603116298291e-15,5.426455178931241e-16,2.1413206232596582e-15,1.01042860997401e-15,0.8151784334708557,4.22252395657677e-14,inf,0.002999999999999989,inf,1.1721505415132563e-12,0.0
40,42,scene_00_no_obstacle,20260525,prm,2082,True,0.04445566622423637,0.04445566622423583,0.04445566622423637,0.04445566622423583,1.0706603116298291e-15,5.426455178931241e-16,2.1413206232596582e-15,1.01042860997401e-15,0.8151784334708557,4.22252395657677e-14,inf,0.002999999999999989,inf,1.1721505415132563e-12,0.0
41,42,scene_00_no_obstacle,20260525,prm,2083,True,0.04445566622423637,0.04445566622423583,0.04445566622423637,0.04445566622423583,1.0706603116298291e-15,5.426455178931241e-16,2.1413206232596582e-15,1.01042860997401e-15,0.8151784334708557,4.22252395657677e-14,inf,0.002999999999999989,inf,1.1721505415132563e-12,0.0
42,42,scene_00_no_obstacle,20260525,prm,2084,True,0.04445566622423637,0.04445566622423583,0.04445566622423637,0.04445566622423583,1.0706603116298291e-15,5.426455178931241e-16,2.1413206232596582e-15,1.01042860997401e-15,0.8151784334708557,4.22252395657677e-14,inf,0.002999999999999989,inf,1.1721505415132563e-12,0.0
43,42,scene_00_no_obstacle,20260525,prm,2085,True,0.04445566622423637,0.04445566622423583,0.04445566622423637,0.04445566622423583,1.0706603116298291e-15,5.426455178931241e-16,2.1413206232596582e-15,1.01042860997401e-15,0.8151784334708557,4.22252395657677e-14,inf,0.002999999999999989,inf,1.1721505415132563e-12,0.0
44,42,scene_00_no_obstacle,20260525,prm,2086,True,0.04445566622423637,0.04445566622423583,0.04445566622423637,0.04445566622423583,1.0706603116298291e-15,5.426455178931241e-16,2.1413206232596582e-15,1.01042860997401e-15,0.8151784334708557,4.22252395657677e-14,inf,0.002999999999999989,inf,1.1721505415132563e-12,0.0
45,42,scene_00_no_obstacle,20260525,prm,2087,True,0.04445566622423637,0.04445566622423583,0.04445566622423637,0.04445566622423583,1.0706603116298291e-15,5.426455178931241e-16,2.1413206232596582e-15,1.01042860997401e-15,0.8151784334708557,4.22252395657677e-14,inf,0.002999999999999989,inf,1.1721505415132563e-12,0.0
46,42,scene_00_no_obstacle,20260525,prm,2088,True,0.04445566622423637,0.04445566622423583,0.04445566622423637,0.04445566622423583,1.0706603116298291e-15,5.426455178931241e-16,2.1413206232596582e-15,1.01042860997401e-15,0.8151784334708557,4.22252395657677e-14,inf,0.002999999999999989,inf,1.1721505415132563e-12,0.0
47,42,scene_00_no_obstacle,20260525,prm,2089,True,0.04445566622423637,0.04445566622423583,0.04445566622423637,0.04445566622423583,1.0706603116298291e-15,5.426455178931241e-16,2.1413206232596582e-15,1.01042860997401e-15,0.8151784334708557,4.22252395657677e-14,inf,0.002999999999999989,inf,1.1721505415132563e-12,0.0
48,42,scene_00_no_obstacle,20260525,prm,2090,True,0.04445566622423637,0.04445566622423583,0.04445566622423637,0.04445566622423583,1.0706603116298291e-15,5.426455178931241e-16,2.1413206232596582e-15,1.01042860997401e-15,0.8151784334708557,4.22252395657677e-14,inf,0.002999999999999989,inf,1.1721505415132563e-12,0.0
49,42,scene_00_no_obstacle,20260525,prm,2091,True,0.04445566622423637,0.04445566622423583,0.04445566622423637,0.04445566622423583,1.0706603116298291e-15,5.426455178931241e-16,2.1413206232596582e-15,1.01042860997401e-15,0.8151784334708557,4.22252395657677e-14,inf,0.002999999999999989,inf,1.1721505415132563e-12,0.0
0,42,scene_00_no_obstacle,20260525,apf,3042,True,0.04445566622423637,0.04445566622423583,0.04445566622423637,0.04445566622423583,1.0706603116298291e-15,5.426455178931241e-16,2.1413206232596582e-15,1.01042860997401e-15,0.8151784334708557,4.22252395657677e-14,inf,0.002999999999999989,inf,1.1721505415132563e-12,0.0
1,42,scene_00_no_obstacle,20260525,apf,3043,True,0.04445566622423637,0.04445566622423583,0.04445566622423637,0.04445566622423583,1.0706603116298291e-15,5.426455178931241e-16,2.1413206232596582e-15,1.01042860997401e-15,0.8151784334708557,4.22252395657677e-14,inf,0.002999999999999989,inf,1.1721505415132563e-12,0.0
2,42,scene_00_no_obstacle,20260525,apf,3044,True,0.04445566622423637,0.04445566622423583,0.04445566622423637,0.04445566622423583,1.0706603116298291e-15,5.426455178931241e-16,2.1413206232596582e-15,1.01042860997401e-15,0.8151784334708557,4.22252395657677e-14,inf,0.002999999999999989,inf,1.1721505415132563e-12,0.0
3,42,scene_00_no_obstacle,20260525,apf,3045,True,0.04445566622423637,0.04445566622423583,0.04445566622423637,0.04445566622423583,1.0706603116298291e-15,5.426455178931241e-16,2.1413206232596582e-15,1.01042860997401e-15,0.8151784334708557,4.22252395657677e-14,inf,0.002999999999999989,inf,1.1721505415132563e-12,0.0
4,42,scene_00_no_obstacle,20260525,apf,3046,True,0.04445566622423637,0.04445566622423583,0.04445566622423637,0.04445566622423583,1.0706603116298291e-15,5.426455178931241e-16,2.1413206232596582e-15,1.01042860997401e-15,0.8151784334708557,4.22252395657677e-14,inf,0.002999999999999989,inf,1.1721505415132563e-12,0.0
5,42,scene_00_no_obstacle,20260525,apf,3047,True,0.04445566622423637,0.04445566622423583,0.04445566622423637,0.04445566622423583,1.0706603116298291e-15,5.426455178931241e-16,2.1413206232596582e-15,1.01042860997401e-15,0.8151784334708557,4.22252395657677e-14,inf,0.002999999999999989,inf,1.1721505415132563e-12,0.0
6,42,scene_00_no_obstacle,20260525,apf,3048,True,0.04445566622423637,0.04445566622423583,0.04445566622423637,0.04445566622423583,1.0706603116298291e-15,5.426455178931241e-16,2.1413206232596582e-15,1.01042860997401e-15,0.8151784334708557,4.22252395657677e-14,inf,0.002999999999999989,inf,1.1721505415132563e-12,0.0
7,42,scene_00_no_obstacle,20260525,apf,3049,True,0.04445566622423637,0.04445566622423583,0.04445566622423637,0.04445566622423583,1.0706603116298291e-15,5.426455178931241e-16,2.1413206232596582e-15,1.01042860997401e-15,0.8151784334708557,4.22252395657677e-14,inf,0.002999999999999989,inf,1.1721505415132563e-12,0.0
8,42,scene_00_no_obstacle,20260525,apf,3050,True,0.04445566622423637,0.04445566622423583,0.04445566622423637,0.04445566622423583,1.0706603116298291e-15,5.426455178931241e-16,2.1413206232596582e-15,1.01042860997401e-15,0.8151784334708557,4.22252395657677e-14,inf,0.002999999999999989,inf,1.1721505415132563e-12,0.0
9,42,scene_00_no_obstacle,20260525,apf,3051,True,0.04445566622423637,0.04445566622423583,0.04445566622423637,0.04445566622423583,1.0706603116298291e-15,5.426455178931241e-16,2.1413206232596582e-15,1.01042860997401e-15,0.8151784334708557,4.22252395657677e-14,inf,0.002999999999999989,inf,1.1721505415132563e-12,0.0
10,42,scene_00_no_obstacle,20260525,apf,3052,True,0.04445566622423637,0.04445566622423583,0.04445566622423637,0.04445566622423583,1.0706603116298291e-15,5.426455178931241e-16,2.1413206232596582e-15,1.01042860997401e-15,0.8151784334708557,4.22252395657677e-14,inf,0.002999999999999989,inf,1.1721505415132563e-12,0.0
11,42,scene_00_no_obstacle,20260525,apf,3053,True,0.04445566622423637,0.04445566622423583,0.04445566622423637,0.04445566622423583,1.0706603116298291e-15,5.426455178931241e-16,2.1413206232596582e-15,1.01042860997401e-15,0.8151784334708557,4.22252395657677e-14,inf,0.002999999999999989,inf,1.1721505415132563e-12,0.0
12,42,scene_00_no_obstacle,20260525,apf,3054,True,0.04445566622423637,0.04445566622423583,0.04445566622423637,0.04445566622423583,1.0706603116298291e-15,5.426455178931241e-16,2.1413206232596582e-15,1.01042860997401e-15,0.8151784334708557,4.22252395657677e-14,inf,0.002999999999999989,inf,1.1721505415132563e-12,0.0
13,42,scene_00_no_obstacle,20260525,apf,3055,True,0.04445566622423637,0.04445566622423583,0.04445566622423637,0.04445566622423583,1.0706603116298291e-15,5.426455178931241e-16,2.1413206232596582e-15,1.01042860997401e-15,0.8151784334708557,4.22252395657677e-14,inf,0.002999999999999989,inf,1.1721505415132563e-12,0.0
14,42,scene_00_no_obstacle,20260525,apf,3056,True,0.04445566622423637,0.04445566622423583,0.04445566622423637,0.04445566622423583,1.0706603116298291e-15,5.426455178931241e-16,2.1413206232596582e-15,1.01042860997401e-15,0.8151784334708557,4.22252395657677e-14,inf,0.002999999999999989,inf,1.1721505415132563e-12,0.0
15,42,scene_00_no_obstacle,20260525,apf,3057,True,0.04445566622423637,0.04445566622423583,0.04445566622423637,0.04445566622423583,1.0706603116298291e-15,5.426455178931241e-16,2.1413206232596582e-15,1.01042860997401e-15,0.8151784334708557,4.22252395657677e-14,inf,0.002999999999999989,inf,1.1721505415132563e-12,0.0
16,42,scene_00_no_obstacle,20260525,apf,3058,True,0.04445566622423637,0.04445566622423583,0.04445566622423637,0.04445566622423583,1.0706603116298291e-15,5.426455178931241e-16,2.1413206232596582e-15,1.01042860997401e-15,0.8151784334708557,4.22252395657677e-14,inf,0.002999999999999989,inf,1.1721505415132563e-12,0.0
17,42,scene_00_no_obstacle,20260525,apf,3059,True,0.04445566622423637,0.04445566622423583,0.04445566622423637,0.04445566622423583,1.0706603116298291e-15,5.426455178931241e-16,2.1413206232596582e-15,1.01042860997401e-15,0.8151784334708557,4.22252395657677e-14,inf,0.002999999999999989,inf,1.1721505415132563e-12,0.0
18,42,scene_00_no_obstacle,20260525,apf,3060,True,0.04445566622423637,0.04445566622423583,0.04445566622423637,0.04445566622423583,1.0706603116298291e-15,5.426455178931241e-16,2.1413206232596582e-15,1.01042860997401e-15,0.8151784334708557,4.22252395657677e-14,inf,0.002999999999999989,inf,1.1721505415132563e-12,0.0
19,42,scene_00_no_obstacle,20260525,apf,3061,True,0.04445566622423637,0.04445566622423583,0.04445566622423637,0.04445566622423583,1.0706603116298291e-15,5.426455178931241e-16,2.1413206232596582e-15,1.01042860997401e-15,0.8151784334708557,4.22252395657677e-14,inf,0.002999999999999989,inf,1.1721505415132563e-12,0.0
20,42,scene_00_no_obstacle,20260525,apf,3062,True,0.04445566622423637,0.04445566622423583,0.04445566622423637,0.04445566622423583,1.0706603116298291e-15,5.426455178931241e-16,2.1413206232596582e-15,1.01042860997401e-15,0.8151784334708557,4.22252395657677e-14,inf,0.002999999999999989,inf,1.1721505415132563e-12,0.0
21,42,scene_00_no_obstacle,20260525,apf,3063,True,0.04445566622423637,0.04445566622423583,0.04445566622423637,0.04445566622423583,1.0706603116298291e-15,5.426455178931241e-16,2.1413206232596582e-15,1.01042860997401e-15,0.8151784334708557,4.22252395657677e-14,inf,0.002999999999999989,inf,1.1721505415132563e-12,0.0
22,42,scene_00_no_obstacle,20260525,apf,3064,True,0.04445566622423637,0.04445566622423583,0.04445566622423637,0.04445566622423583,1.0706603116298291e-15,5.426455178931241e-16,2.1413206232596582e-15,1.01042860997401e-15,0.8151784334708557,4.22252395657677e-14,inf,0.002999999999999989,inf,1.1721505415132563e-12,0.0
23,42,scene_00_no_obstacle,20260525,apf,3065,True,0.04445566622423637,0.04445566622423583,0.04445566622423637,0.04445566622423583,1.0706603116298291e-15,5.426455178931241e-16,2.1413206232596582e-15,1.01042860997401e-15,0.8151784334708557,4.22252395657677e-14,inf,0.002999999999999989,inf,1.1721505415132563e-12,0.0
24,42,scene_00_no_obstacle,20260525,apf,3066,True,0.04445566622423637,0.04445566622423583,0.04445566622423637,0.04445566622423583,1.0706603116298291e-15,5.426455178931241e-16,2.1413206232596582e-15,1.01042860997401e-15,0.8151784334708557,4.22252395657677e-14,inf,0.002999999999999989,inf,1.1721505415132563e-12,0.0
25,42,scene_00_no_obstacle,20260525,apf,3067,True,0.04445566622423637,0.04445566622423583,0.04445566622423637,0.04445566622423583,1.0706603116298291e-15,5.426455178931241e-16,2.1413206232596582e-15,1.01042860997401e-15,0.8151784334708557,4.22252395657677e-14,inf,0.002999999999999989,inf,1.1721505415132563e-12,0.0
26,42,scene_00_no_obstacle,20260525,apf,3068,True,0.04445566622423637,0.04445566622423583,0.04445566622423637,0.04445566622423583,1.0706603116298291e-15,5.426455178931241e-16,2.1413206232596582e-15,1.01042860997401e-15,0.8151784334708557,4.22252395657677e-14,inf,0.002999999999999989,inf,1.1721505415132563e-12,0.0
27,42,scene_00_no_obstacle,20260525,apf,3069,True,0.04445566622423637,0.04445566622423583,0.04445566622423637,0.04445566622423583,1.0706603116298291e-15,5.426455178931241e-16,2.1413206232596582e-15,1.01042860997401e-15,0.8151784334708557,4.22252395657677e-14,inf,0.002999999999999989,inf,1.1721505415132563e-12,0.0
28,42,scene_00_no_obstacle,20260525,apf,3070,True,0.04445566622423637,0.04445566622423583,0.04445566622423637,0.04445566622423583,1.0706603116298291e-15,5.426455178931241e-16,2.1413206232596582e-15,1.01042860997401e-15,0.8151784334708557,4.22252395657677e-14,inf,0.002999999999999989,inf,1.1721505415132563e-12,0.0
29,42,scene_00_no_obstacle,20260525,apf,3071,True,0.04445566622423637,0.04445566622423583,0.04445566622423637,0.04445566622423583,1.0706603116298291e-15,5.426455178931241e-16,2.1413206232596582e-15,1.01042860997401e-15,0.8151784334708557,4.22252395657677e-14,inf,0.002999999999999989,inf,1.1721505415132563e-12,0.0
30,42,scene_00_no_obstacle,20260525,apf,3072,True,0.04445566622423637,0.04445566622423583,0.04445566622423637,0.04445566622423583,1.0706603116298291e-15,5.426455178931241e-16,2.1413206232596582e-15,1.01042860997401e-15,0.8151784334708557,4.22252395657677e-14,inf,0.002999999999999989,inf,1.1721505415132563e-12,0.0
31,42,scene_00_no_obstacle,20260525,apf,3073,True,0.04445566622423637,0.04445566622423583,0.04445566622423637,0.04445566622423583,1.0706603116298291e-15,5.426455178931241e-16,2.1413206232596582e-15,1.01042860997401e-15,0.8151784334708557,4.22252395657677e-14,inf,0.002999999999999989,inf,1.1721505415132563e-12,0.0
32,42,scene_00_no_obstacle,20260525,apf,3074,True,0.04445566622423637,0.04445566622423583,0.04445566622423637,0.04445566622423583,1.0706603116298291e-15,5.426455178931241e-16,2.1413206232596582e-15,1.01042860997401e-15,0.8151784334708557,4.22252395657677e-14,inf,0.002999999999999989,inf,1.1721505415132563e-12,0.0
33,42,scene_00_no_obstacle,20260525,apf,3075,True,0.04445566622423637,0.04445566622423583,0.04445566622423637,0.04445566622423583,1.0706603116298291e-15,5.426455178931241e-16,2.1413206232596582e-15,1.01042860997401e-15,0.8151784334708557,4.22252395657677e-14,inf,0.002999999999999989,inf,1.1721505415132563e-12,0.0
34,42,scene_00_no_obstacle,20260525,apf,3076,True,0.04445566622423637,0.04445566622423583,0.04445566622423637,0.04445566622423583,1.0706603116298291e-15,5.426455178931241e-16,2.1413206232596582e-15,1.01042860997401e-15,0.8151784334708557,4.22252395657677e-14,inf,0.002999999999999989,inf,1.1721505415132563e-12,0.0
35,42,scene_00_no_obstacle,20260525,apf,3077,True,0.04445566622423637,0.04445566622423583,0.04445566622423637,0.04445566622423583,1.0706603116298291e-15,5.426455178931241e-16,2.1413206232596582e-15,1.01042860997401e-15,0.8151784334708557,4.22252395657677e-14,inf,0.002999999999999989,inf,1.1721505415132563e-12,0.0
36,42,scene_00_no_obstacle,20260525,apf,3078,True,0.04445566622423637,0.04445566622423583,0.04445566622423637,0.04445566622423583,1.0706603116298291e-15,5.426455178931241e-16,2.1413206232596582e-15,1.01042860997401e-15,0.8151784334708557,4.22252395657677e-14,inf,0.002999999999999989,inf,1.1721505415132563e-12,0.0
37,42,scene_00_no_obstacle,20260525,apf,3079,True,0.04445566622423637,0.04445566622423583,0.04445566622423637,0.04445566622423583,1.0706603116298291e-15,5.426455178931241e-16,2.1413206232596582e-15,1.01042860997401e-15,0.8151784334708557,4.22252395657677e-14,inf,0.002999999999999989,inf,1.1721505415132563e-12,0.0
38,42,scene_00_no_obstacle,20260525,apf,3080,True,0.04445566622423637,0.04445566622423583,0.04445566622423637,0.04445566622423583,1.0706603116298291e-15,5.426455178931241e-16,2.1413206232596582e-15,1.01042860997401e-15,0.8151784334708557,4.22252395657677e-14,inf,0.002999999999999989,inf,1.1721505415132563e-12,0.0
39,42,scene_00_no_obstacle,20260525,apf,3081,True,0.04445566622423637,0.04445566622423583,0.04445566622423637,0.04445566622423583,1.0706603116298291e-15,5.426455178931241e-16,2.1413206232596582e-15,1.01042860997401e-15,0.8151784334708557,4.22252395657677e-14,inf,0.002999999999999989,inf,1.1721505415132563e-12,0.0
40,42,scene_00_no_obstacle,20260525,apf,3082,True,0.04445566622423637,0.04445566622423583,0.04445566622423637,0.04445566622423583,1.0706603116298291e-15,5.426455178931241e-16,2.1413206232596582e-15,1.01042860997401e-15,0.8151784334708557,4.22252395657677e-14,inf,0.002999999999999989,inf,1.1721505415132563e-12,0.0
41,42,scene_00_no_obstacle,20260525,apf,3083,True,0.04445566622423637,0.04445566622423583,0.04445566622423637,0.04445566622423583,1.0706603116298291e-15,5.426455178931241e-16,2.1413206232596582e-15,1.01042860997401e-15,0.8151784334708557,4.22252395657677e-14,inf,0.002999999999999989,inf,1.1721505415132563e-12,0.0
42,42,scene_00_no_obstacle,20260525,apf,3084,True,0.04445566622423637,0.04445566622423583,0.04445566622423637,0.04445566622423583,1.0706603116298291e-15,5.426455178931241e-16,2.1413206232596582e-15,1.01042860997401e-15,0.8151784334708557,4.22252395657677e-14,inf,0.002999999999999989,inf,1.1721505415132563e-12,0.0
43,42,scene_00_no_obstacle,20260525,apf,3085,True,0.04445566622423637,0.04445566622423583,0.04445566622423637,0.04445566622423583,1.0706603116298291e-15,5.426455178931241e-16,2.1413206232596582e-15,1.01042860997401e-15,0.8151784334708557,4.22252395657677e-14,inf,0.002999999999999989,inf,1.1721505415132563e-12,0.0
44,42,scene_00_no_obstacle,20260525,apf,3086,True,0.04445566622423637,0.04445566622423583,0.04445566622423637,0.04445566622423583,1.0706603116298291e-15,5.426455178931241e-16,2.1413206232596582e-15,1.01042860997401e-15,0.8151784334708557,4.22252395657677e-14,inf,0.002999999999999989,inf,1.1721505415132563e-12,0.0
45,42,scene_00_no_obstacle,20260525,apf,3087,True,0.04445566622423637,0.04445566622423583,0.04445566622423637,0.04445566622423583,1.0706603116298291e-15,5.426455178931241e-16,2.1413206232596582e-15,1.01042860997401e-15,0.8151784334708557,4.22252395657677e-14,inf,0.002999999999999989,inf,1.1721505415132563e-12,0.0
46,42,scene_00_no_obstacle,20260525,apf,3088,True,0.04445566622423637,0.04445566622423583,0.04445566622423637,0.04445566622423583,1.0706603116298291e-15,5.426455178931241e-16,2.1413206232596582e-15,1.01042860997401e-15,0.8151784334708557,4.22252395657677e-14,inf,0.002999999999999989,inf,1.1721505415132563e-12,0.0
47,42,scene_00_no_obstacle,20260525,apf,3089,True,0.04445566622423637,0.04445566622423583,0.04445566622423637,0.04445566622423583,1.0706603116298291e-15,5.426455178931241e-16,2.1413206232596582e-15,1.01042860997401e-15,0.8151784334708557,4.22252395657677e-14,inf,0.002999999999999989,inf,1.1721505415132563e-12,0.0
48,42,scene_00_no_obstacle,20260525,apf,3090,True,0.04445566622423637,0.04445566622423583,0.04445566622423637,0.04445566622423583,1.0706603116298291e-15,5.426455178931241e-16,2.1413206232596582e-15,1.01042860997401e-15,0.8151784334708557,4.22252395657677e-14,inf,0.002999999999999989,inf,1.1721505415132563e-12,0.0
49,42,scene_00_no_obstacle,20260525,apf,3091,True,0.04445566622423637,0.04445566622423583,0.04445566622423637,0.04445566622423583,1.0706603116298291e-15,5.426455178931241e-16,2.1413206232596582e-15,1.01042860997401e-15,0.8151784334708557,4.22252395657677e-14,inf,0.002999999999999989,inf,1.1721505415132563e-12,0.0
0,42,scene_01_single_box,20260526,rrt,10042,True,0.0429913574502585,0.0429913574502581,0.0429913574502585,0.0429913574502581,1.0652501693184373e-15,5.445366146066623e-16,2.095500005536363e-15,9.88015347560329e-16,0.7042176292928835,4.246264398462639e-14,0.02927432507745089,0.002999999999999989,0.02927432507745089,2.273875602096571e-11,0.0
1,42,scene_01_single_box,20260526,rrt,10043,True,0.0429913574502585,0.0429913574502581,0.0429913574502585,0.0429913574502581,1.0652501693184373e-15,5.445366146066623e-16,2.095500005536363e-15,9.88015347560329e-16,0.7042176292928835,4.246264398462639e-14,0.02927432507745089,0.002999999999999989,0.02927432507745089,2.273875602096571e-11,0.0
2,42,scene_01_single_box,20260526,rrt,10044,True,0.0429913574502585,0.0429913574502581,0.0429913574502585,0.0429913574502581,1.0652501693184373e-15,5.445366146066623e-16,2.095500005536363e-15,9.88015347560329e-16,0.7042176292928835,4.246264398462639e-14,0.02927432507745089,0.002999999999999989,0.02927432507745089,2.273875602096571e-11,0.0
3,42,scene_01_single_box,20260526,rrt,10045,True,0.0429913574502585,0.0429913574502581,0.0429913574502585,0.0429913574502581,1.0652501693184373e-15,5.445366146066623e-16,2.095500005536363e-15,9.88015347560329e-16,0.7042176292928835,4.246264398462639e-14,0.02927432507745089,0.002999999999999989,0.02927432507745089,2.273875602096571e-11,0.0
4,42,scene_01_single_box,20260526,rrt,10046,True,0.0429913574502585,0.0429913574502581,0.0429913574502585,0.0429913574502581,1.0652501693184373e-15,5.445366146066623e-16,2.095500005536363e-15,9.88015347560329e-16,0.7042176292928835,4.246264398462639e-14,0.02927432507745089,0.002999999999999989,0.02927432507745089,2.273875602096571e-11,0.0
5,42,scene_01_single_box,20260526,rrt,10047,True,0.0429913574502585,0.0429913574502581,0.0429913574502585,0.0429913574502581,1.0652501693184373e-15,5.445366146066623e-16,2.095500005536363e-15,9.88015347560329e-16,0.7042176292928835,4.246264398462639e-14,0.02927432507745089,0.002999999999999989,0.02927432507745089,2.273875602096571e-11,0.0
6,42,scene_01_single_box,20260526,rrt,10048,True,0.0429913574502585,0.0429913574502581,0.0429913574502585,0.0429913574502581,1.0652501693184373e-15,5.445366146066623e-16,2.095500005536363e-15,9.88015347560329e-16,0.7042176292928835,4.246264398462639e-14,0.02927432507745089,0.002999999999999989,0.02927432507745089,2.273875602096571e-11,0.0
7,42,scene_01_single_box,20260526,rrt,10049,True,0.0429913574502585,0.0429913574502581,0.0429913574502585,0.0429913574502581,1.0652501693184373e-15,5.445366146066623e-16,2.095500005536363e-15,9.88015347560329e-16,0.7042176292928835,4.246264398462639e-14,0.02927432507745089,0.002999999999999989,0.02927432507745089,2.273875602096571e-11,0.0
8,42,scene_01_single_box,20260526,rrt,10050,True,0.0429913574502585,0.0429913574502581,0.0429913574502585,0.0429913574502581,1.0652501693184373e-15,5.445366146066623e-16,2.095500005536363e-15,9.88015347560329e-16,0.7042176292928835,4.246264398462639e-14,0.02927432507745089,0.002999999999999989,0.02927432507745089,2.273875602096571e-11,0.0
9,42,scene_01_single_box,20260526,rrt,10051,True,0.0429913574502585,0.0429913574502581,0.0429913574502585,0.0429913574502581,1.0652501693184373e-15,5.445366146066623e-16,2.095500005536363e-15,9.88015347560329e-16,0.7042176292928835,4.246264398462639e-14,0.02927432507745089,0.002999999999999989,0.02927432507745089,2.273875602096571e-11,0.0
10,42,scene_01_single_box,20260526,rrt,10052,True,0.0429913574502585,0.0429913574502581,0.0429913574502585,0.0429913574502581,1.0652501693184373e-15,5.445366146066623e-16,2.095500005536363e-15,9.88015347560329e-16,0.7042176292928835,4.246264398462639e-14,0.02927432507745089,0.002999999999999989,0.02927432507745089,2.273875602096571e-11,0.0
11,42,scene_01_single_box,20260526,rrt,10053,True,0.0429913574502585,0.0429913574502581,0.0429913574502585,0.0429913574502581,1.0652501693184373e-15,5.445366146066623e-16,2.095500005536363e-15,9.88015347560329e-16,0.7042176292928835,4.246264398462639e-14,0.02927432507745089,0.002999999999999989,0.02927432507745089,2.273875602096571e-11,0.0
12,42,scene_01_single_box,20260526,rrt,10054,True,0.0429913574502585,0.0429913574502581,0.0429913574502585,0.0429913574502581,1.0652501693184373e-15,5.445366146066623e-16,2.095500005536363e-15,9.88015347560329e-16,0.7042176292928835,4.246264398462639e-14,0.02927432507745089,0.002999999999999989,0.02927432507745089,2.273875602096571e-11,0.0
13,42,scene_01_single_box,20260526,rrt,10055,True,0.0429913574502585,0.0429913574502581,0.0429913574502585,0.0429913574502581,1.0652501693184373e-15,5.445366146066623e-16,2.095500005536363e-15,9.88015347560329e-16,0.7042176292928835,4.246264398462639e-14,0.02927432507745089,0.002999999999999989,0.02927432507745089,2.273875602096571e-11,0.0
14,42,scene_01_single_box,20260526,rrt,10056,True,0.0429913574502585,0.0429913574502581,0.0429913574502585,0.0429913574502581,1.0652501693184373e-15,5.445366146066623e-16,2.095500005536363e-15,9.88015347560329e-16,0.7042176292928835,4.246264398462639e-14,0.02927432507745089,0.002999999999999989,0.02927432507745089,2.273875602096571e-11,0.0
15,42,scene_01_single_box,20260526,rrt,10057,True,0.0429913574502585,0.0429913574502581,0.0429913574502585,0.0429913574502581,1.0652501693184373e-15,5.445366146066623e-16,2.095500005536363e-15,9.88015347560329e-16,0.7042176292928835,4.246264398462639e-14,0.02927432507745089,0.002999999999999989,0.02927432507745089,2.273875602096571e-11,0.0
16,42,scene_01_single_box,20260526,rrt,10058,True,0.0429913574502585,0.0429913574502581,0.0429913574502585,0.0429913574502581,1.0652501693184373e-15,5.445366146066623e-16,2.095500005536363e-15,9.88015347560329e-16,0.7042176292928835,4.246264398462639e-14,0.02927432507745089,0.002999999999999989,0.02927432507745089,2.273875602096571e-11,0.0
17,42,scene_01_single_box,20260526,rrt,10059,True,0.0429913574502585,0.0429913574502581,0.0429913574502585,0.0429913574502581,1.0652501693184373e-15,5.445366146066623e-16,2.095500005536363e-15,9.88015347560329e-16,0.7042176292928835,4.246264398462639e-14,0.02927432507745089,0.002999999999999989,0.02927432507745089,2.273875602096571e-11,0.0
18,42,scene_01_single_box,20260526,rrt,10060,True,0.0429913574502585,0.0429913574502581,0.0429913574502585,0.0429913574502581,1.0652501693184373e-15,5.445366146066623e-16,2.095500005536363e-15,9.88015347560329e-16,0.7042176292928835,4.246264398462639e-14,0.02927432507745089,0.002999999999999989,0.02927432507745089,2.273875602096571e-11,0.0
19,42,scene_01_single_box,20260526,rrt,10061,True,0.0429913574502585,0.0429913574502581,0.0429913574502585,0.0429913574502581,1.0652501693184373e-15,5.445366146066623e-16,2.095500005536363e-15,9.88015347560329e-16,0.7042176292928835,4.246264398462639e-14,0.02927432507745089,0.002999999999999989,0.02927432507745089,2.273875602096571e-11,0.0
20,42,scene_01_single_box,20260526,rrt,10062,True,0.0429913574502585,0.0429913574502581,0.0429913574502585,0.0429913574502581,1.0652501693184373e-15,5.445366146066623e-16,2.095500005536363e-15,9.88015347560329e-16,0.7042176292928835,4.246264398462639e-14,0.02927432507745089,0.002999999999999989,0.02927432507745089,2.273875602096571e-11,0.0
21,42,scene_01_single_box,20260526,rrt,10063,True,0.0429913574502585,0.0429913574502581,0.0429913574502585,0.0429913574502581,1.0652501693184373e-15,5.445366146066623e-16,2.095500005536363e-15,9.88015347560329e-16,0.7042176292928835,4.246264398462639e-14,0.02927432507745089,0.002999999999999989,0.02927432507745089,2.273875602096571e-11,0.0
22,42,scene_01_single_box,20260526,rrt,10064,True,0.0429913574502585,0.0429913574502581,0.0429913574502585,0.0429913574502581,1.0652501693184373e-15,5.445366146066623e-16,2.095500005536363e-15,9.88015347560329e-16,0.7042176292928835,4.246264398462639e-14,0.02927432507745089,0.002999999999999989,0.02927432507745089,2.273875602096571e-11,0.0
23,42,scene_01_single_box,20260526,rrt,10065,True,0.0429913574502585,0.0429913574502581,0.0429913574502585,0.0429913574502581,1.0652501693184373e-15,5.445366146066623e-16,2.095500005536363e-15,9.88015347560329e-16,0.7042176292928835,4.246264398462639e-14,0.02927432507745089,0.002999999999999989,0.02927432507745089,2.273875602096571e-11,0.0
24,42,scene_01_single_box,20260526,rrt,10066,True,0.0429913574502585,0.0429913574502581,0.0429913574502585,0.0429913574502581,1.0652501693184373e-15,5.445366146066623e-16,2.095500005536363e-15,9.88015347560329e-16,0.7042176292928835,4.246264398462639e-14,0.02927432507745089,0.002999999999999989,0.02927432507745089,2.273875602096571e-11,0.0
25,42,scene_01_single_box,20260526,rrt,10067,True,0.0429913574502585,0.0429913574502581,0.0429913574502585,0.0429913574502581,1.0652501693184373e-15,5.445366146066623e-16,2.095500005536363e-15,9.88015347560329e-16,0.7042176292928835,4.246264398462639e-14,0.02927432507745089,0.002999999999999989,0.02927432507745089,2.273875602096571e-11,0.0
26,42,scene_01_single_box,20260526,rrt,10068,True,0.0429913574502585,0.0429913574502581,0.0429913574502585,0.0429913574502581,1.0652501693184373e-15,5.445366146066623e-16,2.095500005536363e-15,9.88015347560329e-16,0.7042176292928835,4.246264398462639e-14,0.02927432507745089,0.002999999999999989,0.02927432507745089,2.273875602096571e-11,0.0
27,42,scene_01_single_box,20260526,rrt,10069,True,0.0429913574502585,0.0429913574502581,0.0429913574502585,0.0429913574502581,1.0652501693184373e-15,5.445366146066623e-16,2.095500005536363e-15,9.88015347560329e-16,0.7042176292928835,4.246264398462639e-14,0.02927432507745089,0.002999999999999989,0.02927432507745089,2.273875602096571e-11,0.0
28,42,scene_01_single_box,20260526,rrt,10070,True,0.0429913574502585,0.0429913574502581,0.0429913574502585,0.0429913574502581,1.0652501693184373e-15,5.445366146066623e-16,2.095500005536363e-15,9.88015347560329e-16,0.7042176292928835,4.246264398462639e-14,0.02927432507745089,0.002999999999999989,0.02927432507745089,2.273875602096571e-11,0.0
29,42,scene_01_single_box,20260526,rrt,10071,True,0.0429913574502585,0.0429913574502581,0.0429913574502585,0.0429913574502581,1.0652501693184373e-15,5.445366146066623e-16,2.095500005536363e-15,9.88015347560329e-16,0.7042176292928835,4.246264398462639e-14,0.02927432507745089,0.002999999999999989,0.02927432507745089,2.273875602096571e-11,0.0
30,42,scene_01_single_box,20260526,rrt,10072,True,0.0429913574502585,0.0429913574502581,0.0429913574502585,0.0429913574502581,1.0652501693184373e-15,5.445366146066623e-16,2.095500005536363e-15,9.88015347560329e-16,0.7042176292928835,4.246264398462639e-14,0.02927432507745089,0.002999999999999989,0.02927432507745089,2.273875602096571e-11,0.0
31,42,scene_01_single_box,20260526,rrt,10073,True,0.0429913574502585,0.0429913574502581,0.0429913574502585,0.0429913574502581,1.0652501693184373e-15,5.445366146066623e-16,2.095500005536363e-15,9.88015347560329e-16,0.7042176292928835,4.246264398462639e-14,0.02927432507745089,0.002999999999999989,0.02927432507745089,2.273875602096571e-11,0.0
32,42,scene_01_single_box,20260526,rrt,10074,True,0.0429913574502585,0.0429913574502581,0.0429913574502585,0.0429913574502581,1.0652501693184373e-15,5.445366146066623e-16,2.095500005536363e-15,9.88015347560329e-16,0.7042176292928835,4.246264398462639e-14,0.02927432507745089,0.002999999999999989,0.02927432507745089,2.273875602096571e-11,0.0
33,42,scene_01_single_box,20260526,rrt,10075,True,0.0429913574502585,0.0429913574502581,0.0429913574502585,0.0429913574502581,1.0652501693184373e-15,5.445366146066623e-16,2.095500005536363e-15,9.88015347560329e-16,0.7042176292928835,4.246264398462639e-14,0.02927432507745089,0.002999999999999989,0.02927432507745089,2.273875602096571e-11,0.0
34,42,scene_01_single_box,20260526,rrt,10076,True,0.0429913574502585,0.0429913574502581,0.0429913574502585,0.0429913574502581,1.0652501693184373e-15,5.445366146066623e-16,2.095500005536363e-15,9.88015347560329e-16,0.7042176292928835,4.246264398462639e-14,0.02927432507745089,0.002999999999999989,0.02927432507745089,2.273875602096571e-11,0.0
35,42,scene_01_single_box,20260526,rrt,10077,True,0.0429913574502585,0.0429913574502581,0.0429913574502585,0.0429913574502581,1.0652501693184373e-15,5.445366146066623e-16,2.095500005536363e-15,9.88015347560329e-16,0.7042176292928835,4.246264398462639e-14,0.02927432507745089,0.002999999999999989,0.02927432507745089,2.273875602096571e-11,0.0
36,42,scene_01_single_box,20260526,rrt,10078,True,0.0429913574502585,0.0429913574502581,0.0429913574502585,0.0429913574502581,1.0652501693184373e-15,5.445366146066623e-16,2.095500005536363e-15,9.88015347560329e-16,0.7042176292928835,4.246264398462639e-14,0.02927432507745089,0.002999999999999989,0.02927432507745089,2.273875602096571e-11,0.0
37,42,scene_01_single_box,20260526,rrt,10079,True,0.0429913574502585,0.0429913574502581,0.0429913574502585,0.0429913574502581,1.0652501693184373e-15,5.445366146066623e-16,2.095500005536363e-15,9.88015347560329e-16,0.7042176292928835,4.246264398462639e-14,0.02927432507745089,0.002999999999999989,0.02927432507745089,2.273875602096571e-11,0.0
38,42,scene_01_single_box,20260526,rrt,10080,True,0.0429913574502585,0.0429913574502581,0.0429913574502585,0.0429913574502581,1.0652501693184373e-15,5.445366146066623e-16,2.095500005536363e-15,9.88015347560329e-16,0.7042176292928835,4.246264398462639e-14,0.02927432507745089,0.002999999999999989,0.02927432507745089,2.273875602096571e-11,0.0
39,42,scene_01_single_box,20260526,rrt,10081,True,0.0429913574502585,0.0429913574502581,0.0429913574502585,0.0429913574502581,1.0652501693184373e-15,5.445366146066623e-16,2.095500005536363e-15,9.88015347560329e-16,0.7042176292928835,4.246264398462639e-14,0.02927432507745089,0.002999999999999989,0.02927432507745089,2.273875602096571e-11,0.0
40,42,scene_01_single_box,20260526,rrt,10082,True,0.0429913574502585,0.0429913574502581,0.0429913574502585,0.0429913574502581,1.0652501693184373e-15,5.445366146066623e-16,2.095500005536363e-15,9.88015347560329e-16,0.7042176292928835,4.246264398462639e-14,0.02927432507745089,0.002999999999999989,0.02927432507745089,2.273875602096571e-11,0.0
41,42,scene_01_single_box,20260526,rrt,10083,True,0.0429913574502585,0.0429913574502581,0.0429913574502585,0.0429913574502581,1.0652501693184373e-15,5.445366146066623e-16,2.095500005536363e-15,9.88015347560329e-16,0.7042176292928835,4.246264398462639e-14,0.02927432507745089,0.002999999999999989,0.02927432507745089,2.273875602096571e-11,0.0
42,42,scene_01_single_box,20260526,rrt,10084,True,0.0429913574502585,0.0429913574502581,0.0429913574502585,0.0429913574502581,1.0652501693184373e-15,5.445366146066623e-16,2.095500005536363e-15,9.88015347560329e-16,0.7042176292928835,4.246264398462639e-14,0.02927432507745089,0.002999999999999989,0.02927432507745089,2.273875602096571e-11,0.0
43,42,scene_01_single_box,20260526,rrt,10085,True,0.0429913574502585,0.0429913574502581,0.0429913574502585,0.0429913574502581,1.0652501693184373e-15,5.445366146066623e-16,2.095500005536363e-15,9.88015347560329e-16,0.7042176292928835,4.246264398462639e-14,0.02927432507745089,0.002999999999999989,0.02927432507745089,2.273875602096571e-11,0.0
44,42,scene_01_single_box,20260526,rrt,10086,True,0.0429913574502585,0.0429913574502581,0.0429913574502585,0.0429913574502581,1.0652501693184373e-15,5.445366146066623e-16,2.095500005536363e-15,9.88015347560329e-16,0.7042176292928835,4.246264398462639e-14,0.02927432507745089,0.002999999999999989,0.02927432507745089,2.273875602096571e-11,0.0
45,42,scene_01_single_box,20260526,rrt,10087,True,0.0429913574502585,0.0429913574502581,0.0429913574502585,0.0429913574502581,1.0652501693184373e-15,5.445366146066623e-16,2.095500005536363e-15,9.88015347560329e-16,0.7042176292928835,4.246264398462639e-14,0.02927432507745089,0.002999999999999989,0.02927432507745089,2.273875602096571e-11,0.0
46,42,scene_01_single_box,20260526,rrt,10088,True,0.0429913574502585,0.0429913574502581,0.0429913574502585,0.0429913574502581,1.0652501693184373e-15,5.445366146066623e-16,2.095500005536363e-15,9.88015347560329e-16,0.7042176292928835,4.246264398462639e-14,0.02927432507745089,0.002999999999999989,0.02927432507745089,2.273875602096571e-11,0.0
47,42,scene_01_single_box,20260526,rrt,10089,True,0.0429913574502585,0.0429913574502581,0.0429913574502585,0.0429913574502581,1.0652501693184373e-15,5.445366146066623e-16,2.095500005536363e-15,9.88015347560329e-16,0.7042176292928835,4.246264398462639e-14,0.02927432507745089,0.002999999999999989,0.02927432507745089,2.273875602096571e-11,0.0
48,42,scene_01_single_box,20260526,rrt,10090,True,0.0429913574502585,0.0429913574502581,0.0429913574502585,0.0429913574502581,1.0652501693184373e-15,5.445366146066623e-16,2.095500005536363e-15,9.88015347560329e-16,0.7042176292928835,4.246264398462639e-14,0.02927432507745089,0.002999999999999989,0.02927432507745089,2.273875602096571e-11,0.0
49,42,scene_01_single_box,20260526,rrt,10091,True,0.0429913574502585,0.0429913574502581,0.0429913574502585,0.0429913574502581,1.0652501693184373e-15,5.445366146066623e-16,2.095500005536363e-15,9.88015347560329e-16,0.7042176292928835,4.246264398462639e-14,0.02927432507745089,0.002999999999999989,0.02927432507745089,2.273875602096571e-11,0.0
0,42,scene_01_single_box,20260526,rrt_connect,11042,True,0.0429913574502585,0.0429913574502581,0.0429913574502585,0.0429913574502581,1.0652501693184373e-15,5.445366146066623e-16,2.095500005536363e-15,9.88015347560329e-16,0.7042176292928835,4.246264398462639e-14,0.02927432507745089,0.002999999999999989,0.02927432507745089,2.273875602096571e-11,0.0
1,42,scene_01_single_box,20260526,rrt_connect,11043,True,0.0429913574502585,0.0429913574502581,0.0429913574502585,0.0429913574502581,1.0652501693184373e-15,5.445366146066623e-16,2.095500005536363e-15,9.88015347560329e-16,0.7042176292928835,4.246264398462639e-14,0.02927432507745089,0.002999999999999989,0.02927432507745089,2.273875602096571e-11,0.0
2,42,scene_01_single_box,20260526,rrt_connect,11044,True,0.0429913574502585,0.0429913574502581,0.0429913574502585,0.0429913574502581,1.0652501693184373e-15,5.445366146066623e-16,2.095500005536363e-15,9.88015347560329e-16,0.7042176292928835,4.246264398462639e-14,0.02927432507745089,0.002999999999999989,0.02927432507745089,2.273875602096571e-11,0.0
3,42,scene_01_single_box,20260526,rrt_connect,11045,True,0.0429913574502585,0.0429913574502581,0.0429913574502585,0.0429913574502581,1.0652501693184373e-15,5.445366146066623e-16,2.095500005536363e-15,9.88015347560329e-16,0.7042176292928835,4.246264398462639e-14,0.02927432507745089,0.002999999999999989,0.02927432507745089,2.273875602096571e-11,0.0
4,42,scene_01_single_box,20260526,rrt_connect,11046,True,0.0429913574502585,0.0429913574502581,0.0429913574502585,0.0429913574502581,1.0652501693184373e-15,5.445366146066623e-16,2.095500005536363e-15,9.88015347560329e-16,0.7042176292928835,4.246264398462639e-14,0.02927432507745089,0.002999999999999989,0.02927432507745089,2.273875602096571e-11,0.0
5,42,scene_01_single_box,20260526,rrt_connect,11047,True,0.0429913574502585,0.0429913574502581,0.0429913574502585,0.0429913574502581,1.0652501693184373e-15,5.445366146066623e-16,2.095500005536363e-15,9.88015347560329e-16,0.7042176292928835,4.246264398462639e-14,0.02927432507745089,0.002999999999999989,0.02927432507745089,2.273875602096571e-11,0.0
6,42,scene_01_single_box,20260526,rrt_connect,11048,True,0.0429913574502585,0.0429913574502581,0.0429913574502585,0.0429913574502581,1.0652501693184373e-15,5.445366146066623e-16,2.095500005536363e-15,9.88015347560329e-16,0.7042176292928835,4.246264398462639e-14,0.02927432507745089,0.002999999999999989,0.02927432507745089,2.273875602096571e-11,0.0
7,42,scene_01_single_box,20260526,rrt_connect,11049,True,0.0429913574502585,0.0429913574502581,0.0429913574502585,0.0429913574502581,1.0652501693184373e-15,5.445366146066623e-16,2.095500005536363e-15,9.88015347560329e-16,0.7042176292928835,4.246264398462639e-14,0.02927432507745089,0.002999999999999989,0.02927432507745089,2.273875602096571e-11,0.0
8,42,scene_01_single_box,20260526,rrt_connect,11050,True,0.0429913574502585,0.0429913574502581,0.0429913574502585,0.0429913574502581,1.0652501693184373e-15,5.445366146066623e-16,2.095500005536363e-15,9.88015347560329e-16,0.7042176292928835,4.246264398462639e-14,0.02927432507745089,0.002999999999999989,0.02927432507745089,2.273875602096571e-11,0.0
9,42,scene_01_single_box,20260526,rrt_connect,11051,True,0.0429913574502585,0.0429913574502581,0.0429913574502585,0.0429913574502581,1.0652501693184373e-15,5.445366146066623e-16,2.095500005536363e-15,9.88015347560329e-16,0.7042176292928835,4.246264398462639e-14,0.02927432507745089,0.002999999999999989,0.02927432507745089,2.273875602096571e-11,0.0
10,42,scene_01_single_box,20260526,rrt_connect,11052,True,0.0429913574502585,0.0429913574502581,0.0429913574502585,0.0429913574502581,1.0652501693184373e-15,5.445366146066623e-16,2.095500005536363e-15,9.88015347560329e-16,0.7042176292928835,4.246264398462639e-14,0.02927432507745089,0.002999999999999989,0.02927432507745089,2.273875602096571e-11,0.0
11,42,scene_01_single_box,20260526,rrt_connect,11053,True,0.0429913574502585,0.0429913574502581,0.0429913574502585,0.0429913574502581,1.0652501693184373e-15,5.445366146066623e-16,2.095500005536363e-15,9.88015347560329e-16,0.7042176292928835,4.246264398462639e-14,0.02927432507745089,0.002999999999999989,0.02927432507745089,2.273875602096571e-11,0.0
12,42,scene_01_single_box,20260526,rrt_connect,11054,True,0.0429913574502585,0.0429913574502581,0.0429913574502585,0.0429913574502581,1.0652501693184373e-15,5.445366146066623e-16,2.095500005536363e-15,9.88015347560329e-16,0.7042176292928835,4.246264398462639e-14,0.02927432507745089,0.002999999999999989,0.02927432507745089,2.273875602096571e-11,0.0
13,42,scene_01_single_box,20260526,rrt_connect,11055,True,0.0429913574502585,0.0429913574502581,0.0429913574502585,0.0429913574502581,1.0652501693184373e-15,5.445366146066623e-16,2.095500005536363e-15,9.88015347560329e-16,0.7042176292928835,4.246264398462639e-14,0.02927432507745089,0.002999999999999989,0.02927432507745089,2.273875602096571e-11,0.0
14,42,scene_01_single_box,20260526,rrt_connect,11056,True,0.0429913574502585,0.0429913574502581,0.0429913574502585,0.0429913574502581,1.0652501693184373e-15,5.445366146066623e-16,2.095500005536363e-15,9.88015347560329e-16,0.7042176292928835,4.246264398462639e-14,0.02927432507745089,0.002999999999999989,0.02927432507745089,2.273875602096571e-11,0.0
15,42,scene_01_single_box,20260526,rrt_connect,11057,True,0.0429913574502585,0.0429913574502581,0.0429913574502585,0.0429913574502581,1.0652501693184373e-15,5.445366146066623e-16,2.095500005536363e-15,9.88015347560329e-16,0.7042176292928835,4.246264398462639e-14,0.02927432507745089,0.002999999999999989,0.02927432507745089,2.273875602096571e-11,0.0
16,42,scene_01_single_box,20260526,rrt_connect,11058,True,0.0429913574502585,0.0429913574502581,0.0429913574502585,0.0429913574502581,1.0652501693184373e-15,5.445366146066623e-16,2.095500005536363e-15,9.88015347560329e-16,0.7042176292928835,4.246264398462639e-14,0.02927432507745089,0.002999999999999989,0.02927432507745089,2.273875602096571e-11,0.0
17,42,scene_01_single_box,20260526,rrt_connect,11059,True,0.0429913574502585,0.0429913574502581,0.0429913574502585,0.0429913574502581,1.0652501693184373e-15,5.445366146066623e-16,2.095500005536363e-15,9.88015347560329e-16,0.7042176292928835,4.246264398462639e-14,0.02927432507745089,0.002999999999999989,0.02927432507745089,2.273875602096571e-11,0.0
18,42,scene_01_single_box,20260526,rrt_connect,11060,True,0.0429913574502585,0.0429913574502581,0.0429913574502585,0.0429913574502581,1.0652501693184373e-15,5.445366146066623e-16,2.095500005536363e-15,9.88015347560329e-16,0.7042176292928835,4.246264398462639e-14,0.02927432507745089,0.002999999999999989,0.02927432507745089,2.273875602096571e-11,0.0
19,42,scene_01_single_box,20260526,rrt_connect,11061,True,0.0429913574502585,0.0429913574502581,0.0429913574502585,0.0429913574502581,1.0652501693184373e-15,5.445366146066623e-16,2.095500005536363e-15,9.88015347560329e-16,0.7042176292928835,4.246264398462639e-14,0.02927432507745089,0.002999999999999989,0.02927432507745089,2.273875602096571e-11,0.0
20,42,scene_01_single_box,20260526,rrt_connect,11062,True,0.0429913574502585,0.0429913574502581,0.0429913574502585,0.0429913574502581,1.0652501693184373e-15,5.445366146066623e-16,2.095500005536363e-15,9.88015347560329e-16,0.7042176292928835,4.246264398462639e-14,0.02927432507745089,0.002999999999999989,0.02927432507745089,2.273875602096571e-11,0.0
21,42,scene_01_single_box,20260526,rrt_connect,11063,True,0.0429913574502585,0.0429913574502581,0.0429913574502585,0.0429913574502581,1.0652501693184373e-15,5.445366146066623e-16,2.095500005536363e-15,9.88015347560329e-16,0.7042176292928835,4.246264398462639e-14,0.02927432507745089,0.002999999999999989,0.02927432507745089,2.273875602096571e-11,0.0
22,42,scene_01_single_box,20260526,rrt_connect,11064,True,0.0429913574502585,0.0429913574502581,0.0429913574502585,0.0429913574502581,1.0652501693184373e-15,5.445366146066623e-16,2.095500005536363e-15,9.88015347560329e-16,0.7042176292928835,4.246264398462639e-14,0.02927432507745089,0.002999999999999989,0.02927432507745089,2.273875602096571e-11,0.0
23,42,scene_01_single_box,20260526,rrt_connect,11065,True,0.0429913574502585,0.0429913574502581,0.0429913574502585,0.0429913574502581,1.0652501693184373e-15,5.445366146066623e-16,2.095500005536363e-15,9.88015347560329e-16,0.7042176292928835,4.246264398462639e-14,0.02927432507745089,0.002999999999999989,0.02927432507745089,2.273875602096571e-11,0.0
24,42,scene_01_single_box,20260526,rrt_connect,11066,True,0.0429913574502585,0.0429913574502581,0.0429913574502585,0.0429913574502581,1.0652501693184373e-15,5.445366146066623e-16,2.095500005536363e-15,9.88015347560329e-16,0.7042176292928835,4.246264398462639e-14,0.02927432507745089,0.002999999999999989,0.02927432507745089,2.273875602096571e-11,0.0
25,42,scene_01_single_box,20260526,rrt_connect,11067,True,0.0429913574502585,0.0429913574502581,0.0429913574502585,0.0429913574502581,1.0652501693184373e-15,5.445366146066623e-16,2.095500005536363e-15,9.88015347560329e-16,0.7042176292928835,4.246264398462639e-14,0.02927432507745089,0.002999999999999989,0.02927432507745089,2.273875602096571e-11,0.0
26,42,scene_01_single_box,20260526,rrt_connect,11068,True,0.0429913574502585,0.0429913574502581,0.0429913574502585,0.0429913574502581,1.0652501693184373e-15,5.445366146066623e-16,2.095500005536363e-15,9.88015347560329e-16,0.7042176292928835,4.246264398462639e-14,0.02927432507745089,0.002999999999999989,0.02927432507745089,2.273875602096571e-11,0.0
27,42,scene_01_single_box,20260526,rrt_connect,11069,True,0.0429913574502585,0.0429913574502581,0.0429913574502585,0.0429913574502581,1.0652501693184373e-15,5.445366146066623e-16,2.095500005536363e-15,9.88015347560329e-16,0.7042176292928835,4.246264398462639e-14,0.02927432507745089,0.002999999999999989,0.02927432507745089,2.273875602096571e-11,0.0
28,42,scene_01_single_box,20260526,rrt_connect,11070,True,0.0429913574502585,0.0429913574502581,0.0429913574502585,0.0429913574502581,1.0652501693184373e-15,5.445366146066623e-16,2.095500005536363e-15,9.88015347560329e-16,0.7042176292928835,4.246264398462639e-14,0.02927432507745089,0.002999999999999989,0.02927432507745089,2.273875602096571e-11,0.0
29,42,scene_01_single_box,20260526,rrt_connect,11071,True,0.0429913574502585,0.0429913574502581,0.0429913574502585,0.0429913574502581,1.0652501693184373e-15,5.445366146066623e-16,2.095500005536363e-15,9.88015347560329e-16,0.7042176292928835,4.246264398462639e-14,0.02927432507745089,0.002999999999999989,0.02927432507745089,2.273875602096571e-11,0.0
30,42,scene_01_single_box,20260526,rrt_connect,11072,True,0.0429913574502585,0.0429913574502581,0.0429913574502585,0.0429913574502581,1.0652501693184373e-15,5.445366146066623e-16,2.095500005536363e-15,9.88015347560329e-16,0.7042176292928835,4.246264398462639e-14,0.02927432507745089,0.002999999999999989,0.02927432507745089,2.273875602096571e-11,0.0
31,42,scene_01_single_box,20260526,rrt_connect,11073,True,0.0429913574502585,0.0429913574502581,0.0429913574502585,0.0429913574502581,1.0652501693184373e-15,5.445366146066623e-16,2.095500005536363e-15,9.88015347560329e-16,0.7042176292928835,4.246264398462639e-14,0.02927432507745089,0.002999999999999989,0.02927432507745089,2.273875602096571e-11,0.0
32,42,scene_01_single_box,20260526,rrt_connect,11074,True,0.0429913574502585,0.0429913574502581,0.0429913574502585,0.0429913574502581,1.0652501693184373e-15,5.445366146066623e-16,2.095500005536363e-15,9.88015347560329e-16,0.7042176292928835,4.246264398462639e-14,0.02927432507745089,0.002999999999999989,0.02927432507745089,2.273875602096571e-11,0.0
33,42,scene_01_single_box,20260526,rrt_connect,11075,True,0.0429913574502585,0.0429913574502581,0.0429913574502585,0.0429913574502581,1.0652501693184373e-15,5.445366146066623e-16,2.095500005536363e-15,9.88015347560329e-16,0.7042176292928835,4.246264398462639e-14,0.02927432507745089,0.002999999999999989,0.02927432507745089,2.273875602096571e-11,0.0
34,42,scene_01_single_box,20260526,rrt_connect,11076,True,0.0429913574502585,0.0429913574502581,0.0429913574502585,0.0429913574502581,1.0652501693184373e-15,5.445366146066623e-16,2.095500005536363e-15,9.88015347560329e-16,0.7042176292928835,4.246264398462639e-14,0.02927432507745089,0.002999999999999989,0.02927432507745089,2.273875602096571e-11,0.0
35,42,scene_01_single_box,20260526,rrt_connect,11077,True,0.0429913574502585,0.0429913574502581,0.0429913574502585,0.0429913574502581,1.0652501693184373e-15,5.445366146066623e-16,2.095500005536363e-15,9.88015347560329e-16,0.7042176292928835,4.246264398462639e-14,0.02927432507745089,0.002999999999999989,0.02927432507745089,2.273875602096571e-11,0.0
36,42,scene_01_single_box,20260526,rrt_connect,11078,True,0.0429913574502585,0.0429913574502581,0.0429913574502585,0.0429913574502581,1.0652501693184373e-15,5.445366146066623e-16,2.095500005536363e-15,9.88015347560329e-16,0.7042176292928835,4.246264398462639e-14,0.02927432507745089,0.002999999999999989,0.02927432507745089,2.273875602096571e-11,0.0
37,42,scene_01_single_box,20260526,rrt_connect,11079,True,0.0429913574502585,0.0429913574502581,0.0429913574502585,0.0429913574502581,1.0652501693184373e-15,5.445366146066623e-16,2.095500005536363e-15,9.88015347560329e-16,0.7042176292928835,4.246264398462639e-14,0.02927432507745089,0.002999999999999989,0.02927432507745089,2.273875602096571e-11,0.0
38,42,scene_01_single_box,20260526,rrt_connect,11080,True,0.0429913574502585,0.0429913574502581,0.0429913574502585,0.0429913574502581,1.0652501693184373e-15,5.445366146066623e-16,2.095500005536363e-15,9.88015347560329e-16,0.7042176292928835,4.246264398462639e-14,0.02927432507745089,0.002999999999999989,0.02927432507745089,2.273875602096571e-11,0.0
39,42,scene_01_single_box,20260526,rrt_connect,11081,True,0.0429913574502585,0.0429913574502581,0.0429913574502585,0.0429913574502581,1.0652501693184373e-15,5.445366146066623e-16,2.095500005536363e-15,9.88015347560329e-16,0.7042176292928835,4.246264398462639e-14,0.02927432507745089,0.002999999999999989,0.02927432507745089,2.273875602096571e-11,0.0
40,42,scene_01_single_box,20260526,rrt_connect,11082,True,0.0429913574502585,0.0429913574502581,0.0429913574502585,0.0429913574502581,1.0652501693184373e-15,5.445366146066623e-16,2.095500005536363e-15,9.88015347560329e-16,0.7042176292928835,4.246264398462639e-14,0.02927432507745089,0.002999999999999989,0.02927432507745089,2.273875602096571e-11,0.0
41,42,scene_01_single_box,20260526,rrt_connect,11083,True,0.0429913574502585,0.0429913574502581,0.0429913574502585,0.0429913574502581,1.0652501693184373e-15,5.445366146066623e-16,2.095500005536363e-15,9.88015347560329e-16,0.7042176292928835,4.246264398462639e-14,0.02927432507745089,0.002999999999999989,0.02927432507745089,2.273875602096571e-11,0.0
42,42,scene_01_single_box,20260526,rrt_connect,11084,True,0.0429913574502585,0.0429913574502581,0.0429913574502585,0.0429913574502581,1.0652501693184373e-15,5.445366146066623e-16,2.095500005536363e-15,9.88015347560329e-16,0.7042176292928835,4.246264398462639e-14,0.02927432507745089,0.002999999999999989,0.02927432507745089,2.273875602096571e-11,0.0
43,42,scene_01_single_box,20260526,rrt_connect,11085,True,0.0429913574502585,0.0429913574502581,0.0429913574502585,0.0429913574502581,1.0652501693184373e-15,5.445366146066623e-16,2.095500005536363e-15,9.88015347560329e-16,0.7042176292928835,4.246264398462639e-14,0.02927432507745089,0.002999999999999989,0.02927432507745089,2.273875602096571e-11,0.0
44,42,scene_01_single_box,20260526,rrt_connect,11086,True,0.0429913574502585,0.0429913574502581,0.0429913574502585,0.0429913574502581,1.0652501693184373e-15,5.445366146066623e-16,2.095500005536363e-15,9.88015347560329e-16,0.7042176292928835,4.246264398462639e-14,0.02927432507745089,0.002999999999999989,0.02927432507745089,2.273875602096571e-11,0.0
45,42,scene_01_single_box,20260526,rrt_connect,11087,True,0.0429913574502585,0.0429913574502581,0.0429913574502585,0.0429913574502581,1.0652501693184373e-15,5.445366146066623e-16,2.095500005536363e-15,9.88015347560329e-16,0.7042176292928835,4.246264398462639e-14,0.02927432507745089,0.002999999999999989,0.02927432507745089,2.273875602096571e-11,0.0
46,42,scene_01_single_box,20260526,rrt_connect,11088,True,0.0429913574502585,0.0429913574502581,0.0429913574502585,0.0429913574502581,1.0652501693184373e-15,5.445366146066623e-16,2.095500005536363e-15,9.88015347560329e-16,0.7042176292928835,4.246264398462639e-14,0.02927432507745089,0.002999999999999989,0.02927432507745089,2.273875602096571e-11,0.0
47,42,scene_01_single_box,20260526,rrt_connect,11089,True,0.0429913574502585,0.0429913574502581,0.0429913574502585,0.0429913574502581,1.0652501693184373e-15,5.445366146066623e-16,2.095500005536363e-15,9.88015347560329e-16,0.7042176292928835,4.246264398462639e-14,0.02927432507745089,0.002999999999999989,0.02927432507745089,2.273875602096571e-11,0.0
48,42,scene_01_single_box,20260526,rrt_connect,11090,True,0.0429913574502585,0.0429913574502581,0.0429913574502585,0.0429913574502581,1.0652501693184373e-15,5.445366146066623e-16,2.095500005536363e-15,9.88015347560329e-16,0.7042176292928835,4.246264398462639e-14,0.02927432507745089,0.002999999999999989,0.02927432507745089,2.273875602096571e-11,0.0
49,42,scene_01_single_box,20260526,rrt_connect,11091,True,0.0429913574502585,0.0429913574502581,0.0429913574502585,0.0429913574502581,1.0652501693184373e-15,5.445366146066623e-16,2.095500005536363e-15,9.88015347560329e-16,0.7042176292928835,4.246264398462639e-14,0.02927432507745089,0.002999999999999989,0.02927432507745089,2.273875602096571e-11,0.0
0,42,scene_01_single_box,20260526,prm,12042,True,0.0429913574502585,0.0429913574502581,0.0429913574502585,0.0429913574502581,1.0652501693184373e-15,5.445366146066623e-16,2.095500005536363e-15,9.88015347560329e-16,0.7042176292928835,4.246264398462639e-14,0.02927432507745089,0.002999999999999989,0.02927432507745089,2.273875602096571e-11,0.0
1,42,scene_01_single_box,20260526,prm,12043,True,0.0429913574502585,0.0429913574502581,0.0429913574502585,0.0429913574502581,1.0652501693184373e-15,5.445366146066623e-16,2.095500005536363e-15,9.88015347560329e-16,0.7042176292928835,4.246264398462639e-14,0.02927432507745089,0.002999999999999989,0.02927432507745089,2.273875602096571e-11,0.0
2,42,scene_01_single_box,20260526,prm,12044,True,0.0429913574502585,0.0429913574502581,0.0429913574502585,0.0429913574502581,1.0652501693184373e-15,5.445366146066623e-16,2.095500005536363e-15,9.88015347560329e-16,0.7042176292928835,4.246264398462639e-14,0.02927432507745089,0.002999999999999989,0.02927432507745089,2.273875602096571e-11,0.0
3,42,scene_01_single_box,20260526,prm,12045,True,0.0429913574502585,0.0429913574502581,0.0429913574502585,0.0429913574502581,1.0652501693184373e-15,5.445366146066623e-16,2.095500005536363e-15,9.88015347560329e-16,0.7042176292928835,4.246264398462639e-14,0.02927432507745089,0.002999999999999989,0.02927432507745089,2.273875602096571e-11,0.0
4,42,scene_01_single_box,20260526,prm,12046,True,0.0429913574502585,0.0429913574502581,0.0429913574502585,0.0429913574502581,1.0652501693184373e-15,5.445366146066623e-16,2.095500005536363e-15,9.88015347560329e-16,0.7042176292928835,4.246264398462639e-14,0.02927432507745089,0.002999999999999989,0.02927432507745089,2.273875602096571e-11,0.0
5,42,scene_01_single_box,20260526,prm,12047,True,0.0429913574502585,0.0429913574502581,0.0429913574502585,0.0429913574502581,1.0652501693184373e-15,5.445366146066623e-16,2.095500005536363e-15,9.88015347560329e-16,0.7042176292928835,4.246264398462639e-14,0.02927432507745089,0.002999999999999989,0.02927432507745089,2.273875602096571e-11,0.0
6,42,scene_01_single_box,20260526,prm,12048,True,0.0429913574502585,0.0429913574502581,0.0429913574502585,0.0429913574502581,1.0652501693184373e-15,5.445366146066623e-16,2.095500005536363e-15,9.88015347560329e-16,0.7042176292928835,4.246264398462639e-14,0.02927432507745089,0.002999999999999989,0.02927432507745089,2.273875602096571e-11,0.0
7,42,scene_01_single_box,20260526,prm,12049,True,0.0429913574502585,0.0429913574502581,0.0429913574502585,0.0429913574502581,1.0652501693184373e-15,5.445366146066623e-16,2.095500005536363e-15,9.88015347560329e-16,0.7042176292928835,4.246264398462639e-14,0.02927432507745089,0.002999999999999989,0.02927432507745089,2.273875602096571e-11,0.0
8,42,scene_01_single_box,20260526,prm,12050,True,0.0429913574502585,0.0429913574502581,0.0429913574502585,0.0429913574502581,1.0652501693184373e-15,5.445366146066623e-16,2.095500005536363e-15,9.88015347560329e-16,0.7042176292928835,4.246264398462639e-14,0.02927432507745089,0.002999999999999989,0.02927432507745089,2.273875602096571e-11,0.0
9,42,scene_01_single_box,20260526,prm,12051,True,0.0429913574502585,0.0429913574502581,0.0429913574502585,0.0429913574502581,1.0652501693184373e-15,5.445366146066623e-16,2.095500005536363e-15,9.88015347560329e-16,0.7042176292928835,4.246264398462639e-14,0.02927432507745089,0.002999999999999989,0.02927432507745089,2.273875602096571e-11,0.0
10,42,scene_01_single_box,20260526,prm,12052,True,0.0429913574502585,0.0429913574502581,0.0429913574502585,0.0429913574502581,1.0652501693184373e-15,5.445366146066623e-16,2.095500005536363e-15,9.88015347560329e-16,0.7042176292928835,4.246264398462639e-14,0.02927432507745089,0.002999999999999989,0.02927432507745089,2.273875602096571e-11,0.0
11,42,scene_01_single_box,20260526,prm,12053,True,0.0429913574502585,0.0429913574502581,0.0429913574502585,0.0429913574502581,1.0652501693184373e-15,5.445366146066623e-16,2.095500005536363e-15,9.88015347560329e-16,0.7042176292928835,4.246264398462639e-14,0.02927432507745089,0.002999999999999989,0.02927432507745089,2.273875602096571e-11,0.0
12,42,scene_01_single_box,20260526,prm,12054,True,0.0429913574502585,0.0429913574502581,0.0429913574502585,0.0429913574502581,1.0652501693184373e-15,5.445366146066623e-16,2.095500005536363e-15,9.88015347560329e-16,0.7042176292928835,4.246264398462639e-14,0.02927432507745089,0.002999999999999989,0.02927432507745089,2.273875602096571e-11,0.0
13,42,scene_01_single_box,20260526,prm,12055,True,0.0429913574502585,0.0429913574502581,0.0429913574502585,0.0429913574502581,1.0652501693184373e-15,5.445366146066623e-16,2.095500005536363e-15,9.88015347560329e-16,0.7042176292928835,4.246264398462639e-14,0.02927432507745089,0.002999999999999989,0.02927432507745089,2.273875602096571e-11,0.0
14,42,scene_01_single_box,20260526,prm,12056,True,0.0429913574502585,0.0429913574502581,0.0429913574502585,0.0429913574502581,1.0652501693184373e-15,5.445366146066623e-16,2.095500005536363e-15,9.88015347560329e-16,0.7042176292928835,4.246264398462639e-14,0.02927432507745089,0.002999999999999989,0.02927432507745089,2.273875602096571e-11,0.0
15,42,scene_01_single_box,20260526,prm,12057,True,0.0429913574502585,0.0429913574502581,0.0429913574502585,0.0429913574502581,1.0652501693184373e-15,5.445366146066623e-16,2.095500005536363e-15,9.88015347560329e-16,0.7042176292928835,4.246264398462639e-14,0.02927432507745089,0.002999999999999989,0.02927432507745089,2.273875602096571e-11,0.0
16,42,scene_01_single_box,20260526,prm,12058,True,0.0429913574502585,0.0429913574502581,0.0429913574502585,0.0429913574502581,1.0652501693184373e-15,5.445366146066623e-16,2.095500005536363e-15,9.88015347560329e-16,0.7042176292928835,4.246264398462639e-14,0.02927432507745089,0.002999999999999989,0.02927432507745089,2.273875602096571e-11,0.0
17,42,scene_01_single_box,20260526,prm,12059,True,0.0429913574502585,0.0429913574502581,0.0429913574502585,0.0429913574502581,1.0652501693184373e-15,5.445366146066623e-16,2.095500005536363e-15,9.88015347560329e-16,0.7042176292928835,4.246264398462639e-14,0.02927432507745089,0.002999999999999989,0.02927432507745089,2.273875602096571e-11,0.0
18,42,scene_01_single_box,20260526,prm,12060,True,0.0429913574502585,0.0429913574502581,0.0429913574502585,0.0429913574502581,1.0652501693184373e-15,5.445366146066623e-16,2.095500005536363e-15,9.88015347560329e-16,0.7042176292928835,4.246264398462639e-14,0.02927432507745089,0.002999999999999989,0.02927432507745089,2.273875602096571e-11,0.0
19,42,scene_01_single_box,20260526,prm,12061,True,0.0429913574502585,0.0429913574502581,0.0429913574502585,0.0429913574502581,1.0652501693184373e-15,5.445366146066623e-16,2.095500005536363e-15,9.88015347560329e-16,0.7042176292928835,4.246264398462639e-14,0.02927432507745089,0.002999999999999989,0.02927432507745089,2.273875602096571e-11,0.0
20,42,scene_01_single_box,20260526,prm,12062,True,0.0429913574502585,0.0429913574502581,0.0429913574502585,0.0429913574502581,1.0652501693184373e-15,5.445366146066623e-16,2.095500005536363e-15,9.88015347560329e-16,0.7042176292928835,4.246264398462639e-14,0.02927432507745089,0.002999999999999989,0.02927432507745089,2.273875602096571e-11,0.0
21,42,scene_01_single_box,20260526,prm,12063,True,0.0429913574502585,0.0429913574502581,0.0429913574502585,0.0429913574502581,1.0652501693184373e-15,5.445366146066623e-16,2.095500005536363e-15,9.88015347560329e-16,0.7042176292928835,4.246264398462639e-14,0.02927432507745089,0.002999999999999989,0.02927432507745089,2.273875602096571e-11,0.0
22,42,scene_01_single_box,20260526,prm,12064,True,0.0429913574502585,0.0429913574502581,0.0429913574502585,0.0429913574502581,1.0652501693184373e-15,5.445366146066623e-16,2.095500005536363e-15,9.88015347560329e-16,0.7042176292928835,4.246264398462639e-14,0.02927432507745089,0.002999999999999989,0.02927432507745089,2.273875602096571e-11,0.0
23,42,scene_01_single_box,20260526,prm,12065,True,0.0429913574502585,0.0429913574502581,0.0429913574502585,0.0429913574502581,1.0652501693184373e-15,5.445366146066623e-16,2.095500005536363e-15,9.88015347560329e-16,0.7042176292928835,4.246264398462639e-14,0.02927432507745089,0.002999999999999989,0.02927432507745089,2.273875602096571e-11,0.0
24,42,scene_01_single_box,20260526,prm,12066,True,0.0429913574502585,0.0429913574502581,0.0429913574502585,0.0429913574502581,1.0652501693184373e-15,5.445366146066623e-16,2.095500005536363e-15,9.88015347560329e-16,0.7042176292928835,4.246264398462639e-14,0.02927432507745089,0.002999999999999989,0.02927432507745089,2.273875602096571e-11,0.0
25,42,scene_01_single_box,20260526,prm,12067,True,0.0429913574502585,0.0429913574502581,0.0429913574502585,0.0429913574502581,1.0652501693184373e-15,5.445366146066623e-16,2.095500005536363e-15,9.88015347560329e-16,0.7042176292928835,4.246264398462639e-14,0.02927432507745089,0.002999999999999989,0.02927432507745089,2.273875602096571e-11,0.0
26,42,scene_01_single_box,20260526,prm,12068,True,0.0429913574502585,0.0429913574502581,0.0429913574502585,0.0429913574502581,1.0652501693184373e-15,5.445366146066623e-16,2.095500005536363e-15,9.88015347560329e-16,0.7042176292928835,4.246264398462639e-14,0.02927432507745089,0.002999999999999989,0.02927432507745089,2.273875602096571e-11,0.0
27,42,scene_01_single_box,20260526,prm,12069,True,0.0429913574502585,0.0429913574502581,0.0429913574502585,0.0429913574502581,1.0652501693184373e-15,5.445366146066623e-16,2.095500005536363e-15,9.88015347560329e-16,0.7042176292928835,4.246264398462639e-14,0.02927432507745089,0.002999999999999989,0.02927432507745089,2.273875602096571e-11,0.0
28,42,scene_01_single_box,20260526,prm,12070,True,0.0429913574502585,0.0429913574502581,0.0429913574502585,0.0429913574502581,1.0652501693184373e-15,5.445366146066623e-16,2.095500005536363e-15,9.88015347560329e-16,0.7042176292928835,4.246264398462639e-14,0.02927432507745089,0.002999999999999989,0.02927432507745089,2.273875602096571e-11,0.0
29,42,scene_01_single_box,20260526,prm,12071,True,0.0429913574502585,0.0429913574502581,0.0429913574502585,0.0429913574502581,1.0652501693184373e-15,5.445366146066623e-16,2.095500005536363e-15,9.88015347560329e-16,0.7042176292928835,4.246264398462639e-14,0.02927432507745089,0.002999999999999989,0.02927432507745089,2.273875602096571e-11,0.0
30,42,scene_01_single_box,20260526,prm,12072,True,0.0429913574502585,0.0429913574502581,0.0429913574502585,0.0429913574502581,1.0652501693184373e-15,5.445366146066623e-16,2.095500005536363e-15,9.88015347560329e-16,0.7042176292928835,4.246264398462639e-14,0.02927432507745089,0.002999999999999989,0.02927432507745089,2.273875602096571e-11,0.0
31,42,scene_01_single_box,20260526,prm,12073,True,0.0429913574502585,0.0429913574502581,0.0429913574502585,0.0429913574502581,1.0652501693184373e-15,5.445366146066623e-16,2.095500005536363e-15,9.88015347560329e-16,0.7042176292928835,4.246264398462639e-14,0.02927432507745089,0.002999999999999989,0.02927432507745089,2.273875602096571e-11,0.0
32,42,scene_01_single_box,20260526,prm,12074,True,0.0429913574502585,0.0429913574502581,0.0429913574502585,0.0429913574502581,1.0652501693184373e-15,5.445366146066623e-16,2.095500005536363e-15,9.88015347560329e-16,0.7042176292928835,4.246264398462639e-14,0.02927432507745089,0.002999999999999989,0.02927432507745089,2.273875602096571e-11,0.0
33,42,scene_01_single_box,20260526,prm,12075,True,0.0429913574502585,0.0429913574502581,0.0429913574502585,0.0429913574502581,1.0652501693184373e-15,5.445366146066623e-16,2.095500005536363e-15,9.88015347560329e-16,0.7042176292928835,4.246264398462639e-14,0.02927432507745089,0.002999999999999989,0.02927432507745089,2.273875602096571e-11,0.0
34,42,scene_01_single_box,20260526,prm,12076,True,0.0429913574502585,0.0429913574502581,0.0429913574502585,0.0429913574502581,1.0652501693184373e-15,5.445366146066623e-16,2.095500005536363e-15,9.88015347560329e-16,0.7042176292928835,4.246264398462639e-14,0.02927432507745089,0.002999999999999989,0.02927432507745089,2.273875602096571e-11,0.0
35,42,scene_01_single_box,20260526,prm,12077,True,0.0429913574502585,0.0429913574502581,0.0429913574502585,0.0429913574502581,1.0652501693184373e-15,5.445366146066623e-16,2.095500005536363e-15,9.88015347560329e-16,0.7042176292928835,4.246264398462639e-14,0.02927432507745089,0.002999999999999989,0.02927432507745089,2.273875602096571e-11,0.0
36,42,scene_01_single_box,20260526,prm,12078,True,0.0429913574502585,0.0429913574502581,0.0429913574502585,0.0429913574502581,1.0652501693184373e-15,5.445366146066623e-16,2.095500005536363e-15,9.88015347560329e-16,0.7042176292928835,4.246264398462639e-14,0.02927432507745089,0.002999999999999989,0.02927432507745089,2.273875602096571e-11,0.0
37,42,scene_01_single_box,20260526,prm,12079,True,0.0429913574502585,0.0429913574502581,0.0429913574502585,0.0429913574502581,1.0652501693184373e-15,5.445366146066623e-16,2.095500005536363e-15,9.88015347560329e-16,0.7042176292928835,4.246264398462639e-14,0.02927432507745089,0.002999999999999989,0.02927432507745089,2.273875602096571e-11,0.0
38,42,scene_01_single_box,20260526,prm,12080,True,0.0429913574502585,0.0429913574502581,0.0429913574502585,0.0429913574502581,1.0652501693184373e-15,5.445366146066623e-16,2.095500005536363e-15,9.88015347560329e-16,0.7042176292928835,4.246264398462639e-14,0.02927432507745089,0.002999999999999989,0.02927432507745089,2.273875602096571e-11,0.0
39,42,scene_01_single_box,20260526,prm,12081,True,0.0429913574502585,0.0429913574502581,0.0429913574502585,0.0429913574502581,1.0652501693184373e-15,5.445366146066623e-16,2.095500005536363e-15,9.88015347560329e-16,0.7042176292928835,4.246264398462639e-14,0.02927432507745089,0.002999999999999989,0.02927432507745089,2.273875602096571e-11,0.0
40,42,scene_01_single_box,20260526,prm,12082,True,0.0429913574502585,0.0429913574502581,0.0429913574502585,0.0429913574502581,1.0652501693184373e-15,5.445366146066623e-16,2.095500005536363e-15,9.88015347560329e-16,0.7042176292928835,4.246264398462639e-14,0.02927432507745089,0.002999999999999989,0.02927432507745089,2.273875602096571e-11,0.0
41,42,scene_01_single_box,20260526,prm,12083,True,0.0429913574502585,0.0429913574502581,0.0429913574502585,0.0429913574502581,1.0652501693184373e-15,5.445366146066623e-16,2.095500005536363e-15,9.88015347560329e-16,0.7042176292928835,4.246264398462639e-14,0.02927432507745089,0.002999999999999989,0.02927432507745089,2.273875602096571e-11,0.0
42,42,scene_01_single_box,20260526,prm,12084,True,0.0429913574502585,0.0429913574502581,0.0429913574502585,0.0429913574502581,1.0652501693184373e-15,5.445366146066623e-16,2.095500005536363e-15,9.88015347560329e-16,0.7042176292928835,4.246264398462639e-14,0.02927432507745089,0.002999999999999989,0.02927432507745089,2.273875602096571e-11,0.0
43,42,scene_01_single_box,20260526,prm,12085,True,0.0429913574502585,0.0429913574502581,0.0429913574502585,0.0429913574502581,1.0652501693184373e-15,5.445366146066623e-16,2.095500005536363e-15,9.88015347560329e-16,0.7042176292928835,4.246264398462639e-14,0.02927432507745089,0.002999999999999989,0.02927432507745089,2.273875602096571e-11,0.0
44,42,scene_01_single_box,20260526,prm,12086,True,0.0429913574502585,0.0429913574502581,0.0429913574502585,0.0429913574502581,1.0652501693184373e-15,5.445366146066623e-16,2.095500005536363e-15,9.88015347560329e-16,0.7042176292928835,4.246264398462639e-14,0.02927432507745089,0.002999999999999989,0.02927432507745089,2.273875602096571e-11,0.0
45,42,scene_01_single_box,20260526,prm,12087,True,0.0429913574502585,0.0429913574502581,0.0429913574502585,0.0429913574502581,1.0652501693184373e-15,5.445366146066623e-16,2.095500005536363e-15,9.88015347560329e-16,0.7042176292928835,4.246264398462639e-14,0.02927432507745089,0.002999999999999989,0.02927432507745089,2.273875602096571e-11,0.0
46,42,scene_01_single_box,20260526,prm,12088,True,0.0429913574502585,0.0429913574502581,0.0429913574502585,0.0429913574502581,1.0652501693184373e-15,5.445366146066623e-16,2.095500005536363e-15,9.88015347560329e-16,0.7042176292928835,4.246264398462639e-14,0.02927432507745089,0.002999999999999989,0.02927432507745089,2.273875602096571e-11,0.0
47,42,scene_01_single_box,20260526,prm,12089,True,0.0429913574502585,0.0429913574502581,0.0429913574502585,0.0429913574502581,1.0652501693184373e-15,5.445366146066623e-16,2.095500005536363e-15,9.88015347560329e-16,0.7042176292928835,4.246264398462639e-14,0.02927432507745089,0.002999999999999989,0.02927432507745089,2.273875602096571e-11,0.0
48,42,scene_01_single_box,20260526,prm,12090,True,0.0429913574502585,0.0429913574502581,0.0429913574502585,0.0429913574502581,1.0652501693184373e-15,5.445366146066623e-16,2.095500005536363e-15,9.88015347560329e-16,0.7042176292928835,4.246264398462639e-14,0.02927432507745089,0.002999999999999989,0.02927432507745089,2.273875602096571e-11,0.0
49,42,scene_01_single_box,20260526,prm,12091,True,0.0429913574502585,0.0429913574502581,0.0429913574502585,0.0429913574502581,1.0652501693184373e-15,5.445366146066623e-16,2.095500005536363e-15,9.88015347560329e-16,0.7042176292928835,4.246264398462639e-14,0.02927432507745089,0.002999999999999989,0.02927432507745089,2.273875602096571e-11,0.0
0,42,scene_01_single_box,20260526,apf,13042,False,0.04500000000000015,0.04500000000000003,0.04500000000000015,0.04500000000000003,0.09000000000000023,0.08575050814303486,0.18000000000000044,0.17145266619859648,44.24049656598966,137.11506252071655,0.17600022410419272,0.002999999999999989,0.17600022410419272,0.26503108580364954,0.0
1,42,scene_01_single_box,20260526,apf,13043,False,0.04500000000000015,0.04500000000000003,0.04500000000000015,0.04500000000000003,0.09000000000000023,0.08575050814303486,0.18000000000000044,0.17145266619859648,44.24049656598966,137.11506252071655,0.17600022410419272,0.002999999999999989,0.17600022410419272,0.26503108580364954,0.0
2,42,scene_01_single_box,20260526,apf,13044,False,0.04500000000000015,0.04500000000000003,0.04500000000000015,0.04500000000000003,0.09000000000000023,0.08575050814303486,0.18000000000000044,0.17145266619859648,44.24049656598966,137.11506252071655,0.17600022410419272,0.002999999999999989,0.17600022410419272,0.26503108580364954,0.0
3,42,scene_01_single_box,20260526,apf,13045,False,0.04500000000000015,0.04500000000000003,0.04500000000000015,0.04500000000000003,0.09000000000000023,0.08575050814303486,0.18000000000000044,0.17145266619859648,44.24049656598966,137.11506252071655,0.17600022410419272,0.002999999999999989,0.17600022410419272,0.26503108580364954,0.0
4,42,scene_01_single_box,20260526,apf,13046,False,0.04500000000000015,0.04500000000000003,0.04500000000000015,0.04500000000000003,0.09000000000000023,0.08575050814303486,0.18000000000000044,0.17145266619859648,44.24049656598966,137.11506252071655,0.17600022410419272,0.002999999999999989,0.17600022410419272,0.26503108580364954,0.0
5,42,scene_01_single_box,20260526,apf,13047,False,0.04500000000000015,0.04500000000000003,0.04500000000000015,0.04500000000000003,0.09000000000000023,0.08575050814303486,0.18000000000000044,0.17145266619859648,44.24049656598966,137.11506252071655,0.17600022410419272,0.002999999999999989,0.17600022410419272,0.26503108580364954,0.0
6,42,scene_01_single_box,20260526,apf,13048,False,0.04500000000000015,0.04500000000000003,0.04500000000000015,0.04500000000000003,0.09000000000000023,0.08575050814303486,0.18000000000000044,0.17145266619859648,44.24049656598966,137.11506252071655,0.17600022410419272,0.002999999999999989,0.17600022410419272,0.26503108580364954,0.0
7,42,scene_01_single_box,20260526,apf,13049,False,0.04500000000000015,0.04500000000000003,0.04500000000000015,0.04500000000000003,0.09000000000000023,0.08575050814303486,0.18000000000000044,0.17145266619859648,44.24049656598966,137.11506252071655,0.17600022410419272,0.002999999999999989,0.17600022410419272,0.26503108580364954,0.0
8,42,scene_01_single_box,20260526,apf,13050,False,0.04500000000000015,0.04500000000000003,0.04500000000000015,0.04500000000000003,0.09000000000000023,0.08575050814303486,0.18000000000000044,0.17145266619859648,44.24049656598966,137.11506252071655,0.17600022410419272,0.002999999999999989,0.17600022410419272,0.26503108580364954,0.0
9,42,scene_01_single_box,20260526,apf,13051,False,0.04500000000000015,0.04500000000000003,0.04500000000000015,0.04500000000000003,0.09000000000000023,0.08575050814303486,0.18000000000000044,0.17145266619859648,44.24049656598966,137.11506252071655,0.17600022410419272,0.002999999999999989,0.17600022410419272,0.26503108580364954,0.0
10,42,scene_01_single_box,20260526,apf,13052,False,0.04500000000000015,0.04500000000000003,0.04500000000000015,0.04500000000000003,0.09000000000000023,0.08575050814303486,0.18000000000000044,0.17145266619859648,44.24049656598966,137.11506252071655,0.17600022410419272,0.002999999999999989,0.17600022410419272,0.26503108580364954,0.0
11,42,scene_01_single_box,20260526,apf,13053,False,0.04500000000000015,0.04500000000000003,0.04500000000000015,0.04500000000000003,0.09000000000000023,0.08575050814303486,0.18000000000000044,0.17145266619859648,44.24049656598966,137.11506252071655,0.17600022410419272,0.002999999999999989,0.17600022410419272,0.26503108580364954,0.0
12,42,scene_01_single_box,20260526,apf,13054,False,0.04500000000000015,0.04500000000000003,0.04500000000000015,0.04500000000000003,0.09000000000000023,0.08575050814303486,0.18000000000000044,0.17145266619859648,44.24049656598966,137.11506252071655,0.17600022410419272,0.002999999999999989,0.17600022410419272,0.26503108580364954,0.0
13,42,scene_01_single_box,20260526,apf,13055,False,0.04500000000000015,0.04500000000000003,0.04500000000000015,0.04500000000000003,0.09000000000000023,0.08575050814303486,0.18000000000000044,0.17145266619859648,44.24049656598966,137.11506252071655,0.17600022410419272,0.002999999999999989,0.17600022410419272,0.26503108580364954,0.0
14,42,scene_01_single_box,20260526,apf,13056,False,0.04500000000000015,0.04500000000000003,0.04500000000000015,0.04500000000000003,0.09000000000000023,0.08575050814303486,0.18000000000000044,0.17145266619859648,44.24049656598966,137.11506252071655,0.17600022410419272,0.002999999999999989,0.17600022410419272,0.26503108580364954,0.0
15,42,scene_01_single_box,20260526,apf,13057,False,0.04500000000000015,0.04500000000000003,0.04500000000000015,0.04500000000000003,0.09000000000000023,0.08575050814303486,0.18000000000000044,0.17145266619859648,44.24049656598966,137.11506252071655,0.17600022410419272,0.002999999999999989,0.17600022410419272,0.26503108580364954,0.0
16,42,scene_01_single_box,20260526,apf,13058,False,0.04500000000000015,0.04500000000000003,0.04500000000000015,0.04500000000000003,0.09000000000000023,0.08575050814303486,0.18000000000000044,0.17145266619859648,44.24049656598966,137.11506252071655,0.17600022410419272,0.002999999999999989,0.17600022410419272,0.26503108580364954,0.0
17,42,scene_01_single_box,20260526,apf,13059,False,0.04500000000000015,0.04500000000000003,0.04500000000000015,0.04500000000000003,0.09000000000000023,0.08575050814303486,0.18000000000000044,0.17145266619859648,44.24049656598966,137.11506252071655,0.17600022410419272,0.002999999999999989,0.17600022410419272,0.26503108580364954,0.0
18,42,scene_01_single_box,20260526,apf,13060,False,0.04500000000000015,0.04500000000000003,0.04500000000000015,0.04500000000000003,0.09000000000000023,0.08575050814303486,0.18000000000000044,0.17145266619859648,44.24049656598966,137.11506252071655,0.17600022410419272,0.002999999999999989,0.17600022410419272,0.26503108580364954,0.0
19,42,scene_01_single_box,20260526,apf,13061,False,0.04500000000000015,0.04500000000000003,0.04500000000000015,0.04500000000000003,0.09000000000000023,0.08575050814303486,0.18000000000000044,0.17145266619859648,44.24049656598966,137.11506252071655,0.17600022410419272,0.002999999999999989,0.17600022410419272,0.26503108580364954,0.0
20,42,scene_01_single_box,20260526,apf,13062,False,0.04500000000000015,0.04500000000000003,0.04500000000000015,0.04500000000000003,0.09000000000000023,0.08575050814303486,0.18000000000000044,0.17145266619859648,44.24049656598966,137.11506252071655,0.17600022410419272,0.002999999999999989,0.17600022410419272,0.26503108580364954,0.0
21,42,scene_01_single_box,20260526,apf,13063,False,0.04500000000000015,0.04500000000000003,0.04500000000000015,0.04500000000000003,0.09000000000000023,0.08575050814303486,0.18000000000000044,0.17145266619859648,44.24049656598966,137.11506252071655,0.17600022410419272,0.002999999999999989,0.17600022410419272,0.26503108580364954,0.0
22,42,scene_01_single_box,20260526,apf,13064,False,0.04500000000000015,0.04500000000000003,0.04500000000000015,0.04500000000000003,0.09000000000000023,0.08575050814303486,0.18000000000000044,0.17145266619859648,44.24049656598966,137.11506252071655,0.17600022410419272,0.002999999999999989,0.17600022410419272,0.26503108580364954,0.0
23,42,scene_01_single_box,20260526,apf,13065,False,0.04500000000000015,0.04500000000000003,0.04500000000000015,0.04500000000000003,0.09000000000000023,0.08575050814303486,0.18000000000000044,0.17145266619859648,44.24049656598966,137.11506252071655,0.17600022410419272,0.002999999999999989,0.17600022410419272,0.26503108580364954,0.0
24,42,scene_01_single_box,20260526,apf,13066,False,0.04500000000000015,0.04500000000000003,0.04500000000000015,0.04500000000000003,0.09000000000000023,0.08575050814303486,0.18000000000000044,0.17145266619859648,44.24049656598966,137.11506252071655,0.17600022410419272,0.002999999999999989,0.17600022410419272,0.26503108580364954,0.0
25,42,scene_01_single_box,20260526,apf,13067,False,0.04500000000000015,0.04500000000000003,0.04500000000000015,0.04500000000000003,0.09000000000000023,0.08575050814303486,0.18000000000000044,0.17145266619859648,44.24049656598966,137.11506252071655,0.17600022410419272,0.002999999999999989,0.17600022410419272,0.26503108580364954,0.0
26,42,scene_01_single_box,20260526,apf,13068,False,0.04500000000000015,0.04500000000000003,0.04500000000000015,0.04500000000000003,0.09000000000000023,0.08575050814303486,0.18000000000000044,0.17145266619859648,44.24049656598966,137.11506252071655,0.17600022410419272,0.002999999999999989,0.17600022410419272,0.26503108580364954,0.0
27,42,scene_01_single_box,20260526,apf,13069,False,0.04500000000000015,0.04500000000000003,0.04500000000000015,0.04500000000000003,0.09000000000000023,0.08575050814303486,0.18000000000000044,0.17145266619859648,44.24049656598966,137.11506252071655,0.17600022410419272,0.002999999999999989,0.17600022410419272,0.26503108580364954,0.0
28,42,scene_01_single_box,20260526,apf,13070,False,0.04500000000000015,0.04500000000000003,0.04500000000000015,0.04500000000000003,0.09000000000000023,0.08575050814303486,0.18000000000000044,0.17145266619859648,44.24049656598966,137.11506252071655,0.17600022410419272,0.002999999999999989,0.17600022410419272,0.26503108580364954,0.0
29,42,scene_01_single_box,20260526,apf,13071,False,0.04500000000000015,0.04500000000000003,0.04500000000000015,0.04500000000000003,0.09000000000000023,0.08575050814303486,0.18000000000000044,0.17145266619859648,44.24049656598966,137.11506252071655,0.17600022410419272,0.002999999999999989,0.17600022410419272,0.26503108580364954,0.0
30,42,scene_01_single_box,20260526,apf,13072,False,0.04500000000000015,0.04500000000000003,0.04500000000000015,0.04500000000000003,0.09000000000000023,0.08575050814303486,0.18000000000000044,0.17145266619859648,44.24049656598966,137.11506252071655,0.17600022410419272,0.002999999999999989,0.17600022410419272,0.26503108580364954,0.0
31,42,scene_01_single_box,20260526,apf,13073,False,0.04500000000000015,0.04500000000000003,0.04500000000000015,0.04500000000000003,0.09000000000000023,0.08575050814303486,0.18000000000000044,0.17145266619859648,44.24049656598966,137.11506252071655,0.17600022410419272,0.002999999999999989,0.17600022410419272,0.26503108580364954,0.0
32,42,scene_01_single_box,20260526,apf,13074,False,0.04500000000000015,0.04500000000000003,0.04500000000000015,0.04500000000000003,0.09000000000000023,0.08575050814303486,0.18000000000000044,0.17145266619859648,44.24049656598966,137.11506252071655,0.17600022410419272,0.002999999999999989,0.17600022410419272,0.26503108580364954,0.0
33,42,scene_01_single_box,20260526,apf,13075,False,0.04500000000000015,0.04500000000000003,0.04500000000000015,0.04500000000000003,0.09000000000000023,0.08575050814303486,0.18000000000000044,0.17145266619859648,44.24049656598966,137.11506252071655,0.17600022410419272,0.002999999999999989,0.17600022410419272,0.26503108580364954,0.0
34,42,scene_01_single_box,20260526,apf,13076,False,0.04500000000000015,0.04500000000000003,0.04500000000000015,0.04500000000000003,0.09000000000000023,0.08575050814303486,0.18000000000000044,0.17145266619859648,44.24049656598966,137.11506252071655,0.17600022410419272,0.002999999999999989,0.17600022410419272,0.26503108580364954,0.0
35,42,scene_01_single_box,20260526,apf,13077,False,0.04500000000000015,0.04500000000000003,0.04500000000000015,0.04500000000000003,0.09000000000000023,0.08575050814303486,0.18000000000000044,0.17145266619859648,44.24049656598966,137.11506252071655,0.17600022410419272,0.002999999999999989,0.17600022410419272,0.26503108580364954,0.0
36,42,scene_01_single_box,20260526,apf,13078,False,0.04500000000000015,0.04500000000000003,0.04500000000000015,0.04500000000000003,0.09000000000000023,0.08575050814303486,0.18000000000000044,0.17145266619859648,44.24049656598966,137.11506252071655,0.17600022410419272,0.002999999999999989,0.17600022410419272,0.26503108580364954,0.0
37,42,scene_01_single_box,20260526,apf,13079,False,0.04500000000000015,0.04500000000000003,0.04500000000000015,0.04500000000000003,0.09000000000000023,0.08575050814303486,0.18000000000000044,0.17145266619859648,44.24049656598966,137.11506252071655,0.17600022410419272,0.002999999999999989,0.17600022410419272,0.26503108580364954,0.0
38,42,scene_01_single_box,20260526,apf,13080,False,0.04500000000000015,0.04500000000000003,0.04500000000000015,0.04500000000000003,0.09000000000000023,0.08575050814303486,0.18000000000000044,0.17145266619859648,44.24049656598966,137.11506252071655,0.17600022410419272,0.002999999999999989,0.17600022410419272,0.26503108580364954,0.0
39,42,scene_01_single_box,20260526,apf,13081,False,0.04500000000000015,0.04500000000000003,0.04500000000000015,0.04500000000000003,0.09000000000000023,0.08575050814303486,0.18000000000000044,0.17145266619859648,44.24049656598966,137.11506252071655,0.17600022410419272,0.002999999999999989,0.17600022410419272,0.26503108580364954,0.0
40,42,scene_01_single_box,20260526,apf,13082,False,0.04500000000000015,0.04500000000000003,0.04500000000000015,0.04500000000000003,0.09000000000000023,0.08575050814303486,0.18000000000000044,0.17145266619859648,44.24049656598966,137.11506252071655,0.17600022410419272,0.002999999999999989,0.17600022410419272,0.26503108580364954,0.0
41,42,scene_01_single_box,20260526,apf,13083,False,0.04500000000000015,0.04500000000000003,0.04500000000000015,0.04500000000000003,0.09000000000000023,0.08575050814303486,0.18000000000000044,0.17145266619859648,44.24049656598966,137.11506252071655,0.17600022410419272,0.002999999999999989,0.17600022410419272,0.26503108580364954,0.0
42,42,scene_01_single_box,20260526,apf,13084,False,0.04500000000000015,0.04500000000000003,0.04500000000000015,0.04500000000000003,0.09000000000000023,0.08575050814303486,0.18000000000000044,0.17145266619859648,44.24049656598966,137.11506252071655,0.17600022410419272,0.002999999999999989,0.17600022410419272,0.26503108580364954,0.0
43,42,scene_01_single_box,20260526,apf,13085,False,0.04500000000000015,0.04500000000000003,0.04500000000000015,0.04500000000000003,0.09000000000000023,0.08575050814303486,0.18000000000000044,0.17145266619859648,44.24049656598966,137.11506252071655,0.17600022410419272,0.002999999999999989,0.17600022410419272,0.26503108580364954,0.0
44,42,scene_01_single_box,20260526,apf,13086,False,0.04500000000000015,0.04500000000000003,0.04500000000000015,0.04500000000000003,0.09000000000000023,0.08575050814303486,0.18000000000000044,0.17145266619859648,44.24049656598966,137.11506252071655,0.17600022410419272,0.002999999999999989,0.17600022410419272,0.26503108580364954,0.0
45,42,scene_01_single_box,20260526,apf,13087,False,0.04500000000000015,0.04500000000000003,0.04500000000000015,0.04500000000000003,0.09000000000000023,0.08575050814303486,0.18000000000000044,0.17145266619859648,44.24049656598966,137.11506252071655,0.17600022410419272,0.002999999999999989,0.17600022410419272,0.26503108580364954,0.0
46,42,scene_01_single_box,20260526,apf,13088,False,0.04500000000000015,0.04500000000000003,0.04500000000000015,0.04500000000000003,0.09000000000000023,0.08575050814303486,0.18000000000000044,0.17145266619859648,44.24049656598966,137.11506252071655,0.17600022410419272,0.002999999999999989,0.17600022410419272,0.26503108580364954,0.0
47,42,scene_01_single_box,20260526,apf,13089,False,0.04500000000000015,0.04500000000000003,0.04500000000000015,0.04500000000000003,0.09000000000000023,0.08575050814303486,0.18000000000000044,0.17145266619859648,44.24049656598966,137.11506252071655,0.17600022410419272,0.002999999999999989,0.17600022410419272,0.26503108580364954,0.0
48,42,scene_01_single_box,20260526,apf,13090,False,0.04500000000000015,0.04500000000000003,0.04500000000000015,0.04500000000000003,0.09000000000000023,0.08575050814303486,0.18000000000000044,0.17145266619859648,44.24049656598966,137.11506252071655,0.17600022410419272,0.002999999999999989,0.17600022410419272,0.26503108580364954,0.0
49,42,scene_01_single_box,20260526,apf,13091,False,0.04500000000000015,0.04500000000000003,0.04500000000000015,0.04500000000000003,0.09000000000000023,0.08575050814303486,0.18000000000000044,0.17145266619859648,44.24049656598966,137.11506252071655,0.17600022410419272,0.002999999999999989,0.17600022410419272,0.26503108580364954,0.0
0,42,scene_02_multi_obstacles,20260527,rrt,20042,True,0.0363224578802058,0.036322457880205446,0.0363224578802058,0.036322457880205446,1.3687924598523008e-15,6.1020255039161e-16,2.4725938129242844e-15,1.1049725268532816e-15,1.2443773430847331,4.759579893054559e-14,0.01875006308124403,0.002999999999999989,0.01875006308124403,1.2621047352659301e-12,0.0
1,42,scene_02_multi_obstacles,20260527,rrt,20043,True,0.0363224578802058,0.036322457880205446,0.0363224578802058,0.036322457880205446,1.3687924598523008e-15,6.1020255039161e-16,2.4725938129242844e-15,1.1049725268532816e-15,1.2443773430847331,4.759579893054559e-14,0.01875006308124403,0.002999999999999989,0.01875006308124403,1.2621047352659301e-12,0.0
2,42,scene_02_multi_obstacles,20260527,rrt,20044,True,0.0363224578802058,0.036322457880205446,0.0363224578802058,0.036322457880205446,1.3687924598523008e-15,6.1020255039161e-16,2.4725938129242844e-15,1.1049725268532816e-15,1.2443773430847331,4.759579893054559e-14,0.01875006308124403,0.002999999999999989,0.01875006308124403,1.2621047352659301e-12,0.0
3,42,scene_02_multi_obstacles,20260527,rrt,20045,True,0.0363224578802058,0.036322457880205446,0.0363224578802058,0.036322457880205446,1.3687924598523008e-15,6.1020255039161e-16,2.4725938129242844e-15,1.1049725268532816e-15,1.2443773430847331,4.759579893054559e-14,0.01875006308124403,0.002999999999999989,0.01875006308124403,1.2621047352659301e-12,0.0
4,42,scene_02_multi_obstacles,20260527,rrt,20046,True,0.0363224578802058,0.036322457880205446,0.0363224578802058,0.036322457880205446,1.3687924598523008e-15,6.1020255039161e-16,2.4725938129242844e-15,1.1049725268532816e-15,1.2443773430847331,4.759579893054559e-14,0.01875006308124403,0.002999999999999989,0.01875006308124403,1.2621047352659301e-12,0.0
5,42,scene_02_multi_obstacles,20260527,rrt,20047,True,0.0363224578802058,0.036322457880205446,0.0363224578802058,0.036322457880205446,1.3687924598523008e-15,6.1020255039161e-16,2.4725938129242844e-15,1.1049725268532816e-15,1.2443773430847331,4.759579893054559e-14,0.01875006308124403,0.002999999999999989,0.01875006308124403,1.2621047352659301e-12,0.0
6,42,scene_02_multi_obstacles,20260527,rrt,20048,True,0.0363224578802058,0.036322457880205446,0.0363224578802058,0.036322457880205446,1.3687924598523008e-15,6.1020255039161e-16,2.4725938129242844e-15,1.1049725268532816e-15,1.2443773430847331,4.759579893054559e-14,0.01875006308124403,0.002999999999999989,0.01875006308124403,1.2621047352659301e-12,0.0
7,42,scene_02_multi_obstacles,20260527,rrt,20049,True,0.0363224578802058,0.036322457880205446,0.0363224578802058,0.036322457880205446,1.3687924598523008e-15,6.1020255039161e-16,2.4725938129242844e-15,1.1049725268532816e-15,1.2443773430847331,4.759579893054559e-14,0.01875006308124403,0.002999999999999989,0.01875006308124403,1.2621047352659301e-12,0.0
8,42,scene_02_multi_obstacles,20260527,rrt,20050,True,0.0363224578802058,0.036322457880205446,0.0363224578802058,0.036322457880205446,1.3687924598523008e-15,6.1020255039161e-16,2.4725938129242844e-15,1.1049725268532816e-15,1.2443773430847331,4.759579893054559e-14,0.01875006308124403,0.002999999999999989,0.01875006308124403,1.2621047352659301e-12,0.0
9,42,scene_02_multi_obstacles,20260527,rrt,20051,True,0.0363224578802058,0.036322457880205446,0.0363224578802058,0.036322457880205446,1.3687924598523008e-15,6.1020255039161e-16,2.4725938129242844e-15,1.1049725268532816e-15,1.2443773430847331,4.759579893054559e-14,0.01875006308124403,0.002999999999999989,0.01875006308124403,1.2621047352659301e-12,0.0
10,42,scene_02_multi_obstacles,20260527,rrt,20052,True,0.0363224578802058,0.036322457880205446,0.0363224578802058,0.036322457880205446,1.3687924598523008e-15,6.1020255039161e-16,2.4725938129242844e-15,1.1049725268532816e-15,1.2443773430847331,4.759579893054559e-14,0.01875006308124403,0.002999999999999989,0.01875006308124403,1.2621047352659301e-12,0.0
11,42,scene_02_multi_obstacles,20260527,rrt,20053,True,0.0363224578802058,0.036322457880205446,0.0363224578802058,0.036322457880205446,1.3687924598523008e-15,6.1020255039161e-16,2.4725938129242844e-15,1.1049725268532816e-15,1.2443773430847331,4.759579893054559e-14,0.01875006308124403,0.002999999999999989,0.01875006308124403,1.2621047352659301e-12,0.0
12,42,scene_02_multi_obstacles,20260527,rrt,20054,True,0.0363224578802058,0.036322457880205446,0.0363224578802058,0.036322457880205446,1.3687924598523008e-15,6.1020255039161e-16,2.4725938129242844e-15,1.1049725268532816e-15,1.2443773430847331,4.759579893054559e-14,0.01875006308124403,0.002999999999999989,0.01875006308124403,1.2621047352659301e-12,0.0
13,42,scene_02_multi_obstacles,20260527,rrt,20055,True,0.0363224578802058,0.036322457880205446,0.0363224578802058,0.036322457880205446,1.3687924598523008e-15,6.1020255039161e-16,2.4725938129242844e-15,1.1049725268532816e-15,1.2443773430847331,4.759579893054559e-14,0.01875006308124403,0.002999999999999989,0.01875006308124403,1.2621047352659301e-12,0.0
14,42,scene_02_multi_obstacles,20260527,rrt,20056,True,0.0363224578802058,0.036322457880205446,0.0363224578802058,0.036322457880205446,1.3687924598523008e-15,6.1020255039161e-16,2.4725938129242844e-15,1.1049725268532816e-15,1.2443773430847331,4.759579893054559e-14,0.01875006308124403,0.002999999999999989,0.01875006308124403,1.2621047352659301e-12,0.0
15,42,scene_02_multi_obstacles,20260527,rrt,20057,True,0.0363224578802058,0.036322457880205446,0.0363224578802058,0.036322457880205446,1.3687924598523008e-15,6.1020255039161e-16,2.4725938129242844e-15,1.1049725268532816e-15,1.2443773430847331,4.759579893054559e-14,0.01875006308124403,0.002999999999999989,0.01875006308124403,1.2621047352659301e-12,0.0
16,42,scene_02_multi_obstacles,20260527,rrt,20058,True,0.0363224578802058,0.036322457880205446,0.0363224578802058,0.036322457880205446,1.3687924598523008e-15,6.1020255039161e-16,2.4725938129242844e-15,1.1049725268532816e-15,1.2443773430847331,4.759579893054559e-14,0.01875006308124403,0.002999999999999989,0.01875006308124403,1.2621047352659301e-12,0.0
17,42,scene_02_multi_obstacles,20260527,rrt,20059,True,0.0363224578802058,0.036322457880205446,0.0363224578802058,0.036322457880205446,1.3687924598523008e-15,6.1020255039161e-16,2.4725938129242844e-15,1.1049725268532816e-15,1.2443773430847331,4.759579893054559e-14,0.01875006308124403,0.002999999999999989,0.01875006308124403,1.2621047352659301e-12,0.0
18,42,scene_02_multi_obstacles,20260527,rrt,20060,True,0.0363224578802058,0.036322457880205446,0.0363224578802058,0.036322457880205446,1.3687924598523008e-15,6.1020255039161e-16,2.4725938129242844e-15,1.1049725268532816e-15,1.2443773430847331,4.759579893054559e-14,0.01875006308124403,0.002999999999999989,0.01875006308124403,1.2621047352659301e-12,0.0
19,42,scene_02_multi_obstacles,20260527,rrt,20061,True,0.0363224578802058,0.036322457880205446,0.0363224578802058,0.036322457880205446,1.3687924598523008e-15,6.1020255039161e-16,2.4725938129242844e-15,1.1049725268532816e-15,1.2443773430847331,4.759579893054559e-14,0.01875006308124403,0.002999999999999989,0.01875006308124403,1.2621047352659301e-12,0.0
20,42,scene_02_multi_obstacles,20260527,rrt,20062,True,0.0363224578802058,0.036322457880205446,0.0363224578802058,0.036322457880205446,1.3687924598523008e-15,6.1020255039161e-16,2.4725938129242844e-15,1.1049725268532816e-15,1.2443773430847331,4.759579893054559e-14,0.01875006308124403,0.002999999999999989,0.01875006308124403,1.2621047352659301e-12,0.0
21,42,scene_02_multi_obstacles,20260527,rrt,20063,True,0.0363224578802058,0.036322457880205446,0.0363224578802058,0.036322457880205446,1.3687924598523008e-15,6.1020255039161e-16,2.4725938129242844e-15,1.1049725268532816e-15,1.2443773430847331,4.759579893054559e-14,0.01875006308124403,0.002999999999999989,0.01875006308124403,1.2621047352659301e-12,0.0
22,42,scene_02_multi_obstacles,20260527,rrt,20064,True,0.0363224578802058,0.036322457880205446,0.0363224578802058,0.036322457880205446,1.3687924598523008e-15,6.1020255039161e-16,2.4725938129242844e-15,1.1049725268532816e-15,1.2443773430847331,4.759579893054559e-14,0.01875006308124403,0.002999999999999989,0.01875006308124403,1.2621047352659301e-12,0.0
23,42,scene_02_multi_obstacles,20260527,rrt,20065,True,0.0363224578802058,0.036322457880205446,0.0363224578802058,0.036322457880205446,1.3687924598523008e-15,6.1020255039161e-16,2.4725938129242844e-15,1.1049725268532816e-15,1.2443773430847331,4.759579893054559e-14,0.01875006308124403,0.002999999999999989,0.01875006308124403,1.2621047352659301e-12,0.0
24,42,scene_02_multi_obstacles,20260527,rrt,20066,True,0.0363224578802058,0.036322457880205446,0.0363224578802058,0.036322457880205446,1.3687924598523008e-15,6.1020255039161e-16,2.4725938129242844e-15,1.1049725268532816e-15,1.2443773430847331,4.759579893054559e-14,0.01875006308124403,0.002999999999999989,0.01875006308124403,1.2621047352659301e-12,0.0
25,42,scene_02_multi_obstacles,20260527,rrt,20067,True,0.0363224578802058,0.036322457880205446,0.0363224578802058,0.036322457880205446,1.3687924598523008e-15,6.1020255039161e-16,2.4725938129242844e-15,1.1049725268532816e-15,1.2443773430847331,4.759579893054559e-14,0.01875006308124403,0.002999999999999989,0.01875006308124403,1.2621047352659301e-12,0.0
26,42,scene_02_multi_obstacles,20260527,rrt,20068,True,0.0363224578802058,0.036322457880205446,0.0363224578802058,0.036322457880205446,1.3687924598523008e-15,6.1020255039161e-16,2.4725938129242844e-15,1.1049725268532816e-15,1.2443773430847331,4.759579893054559e-14,0.01875006308124403,0.002999999999999989,0.01875006308124403,1.2621047352659301e-12,0.0
27,42,scene_02_multi_obstacles,20260527,rrt,20069,True,0.0363224578802058,0.036322457880205446,0.0363224578802058,0.036322457880205446,1.3687924598523008e-15,6.1020255039161e-16,2.4725938129242844e-15,1.1049725268532816e-15,1.2443773430847331,4.759579893054559e-14,0.01875006308124403,0.002999999999999989,0.01875006308124403,1.2621047352659301e-12,0.0
28,42,scene_02_multi_obstacles,20260527,rrt,20070,True,0.0363224578802058,0.036322457880205446,0.0363224578802058,0.036322457880205446,1.3687924598523008e-15,6.1020255039161e-16,2.4725938129242844e-15,1.1049725268532816e-15,1.2443773430847331,4.759579893054559e-14,0.01875006308124403,0.002999999999999989,0.01875006308124403,1.2621047352659301e-12,0.0
29,42,scene_02_multi_obstacles,20260527,rrt,20071,True,0.0363224578802058,0.036322457880205446,0.0363224578802058,0.036322457880205446,1.3687924598523008e-15,6.1020255039161e-16,2.4725938129242844e-15,1.1049725268532816e-15,1.2443773430847331,4.759579893054559e-14,0.01875006308124403,0.002999999999999989,0.01875006308124403,1.2621047352659301e-12,0.0
30,42,scene_02_multi_obstacles,20260527,rrt,20072,True,0.0363224578802058,0.036322457880205446,0.0363224578802058,0.036322457880205446,1.3687924598523008e-15,6.1020255039161e-16,2.4725938129242844e-15,1.1049725268532816e-15,1.2443773430847331,4.759579893054559e-14,0.01875006308124403,0.002999999999999989,0.01875006308124403,1.2621047352659301e-12,0.0
31,42,scene_02_multi_obstacles,20260527,rrt,20073,True,0.0363224578802058,0.036322457880205446,0.0363224578802058,0.036322457880205446,1.3687924598523008e-15,6.1020255039161e-16,2.4725938129242844e-15,1.1049725268532816e-15,1.2443773430847331,4.759579893054559e-14,0.01875006308124403,0.002999999999999989,0.01875006308124403,1.2621047352659301e-12,0.0
32,42,scene_02_multi_obstacles,20260527,rrt,20074,True,0.0363224578802058,0.036322457880205446,0.0363224578802058,0.036322457880205446,1.3687924598523008e-15,6.1020255039161e-16,2.4725938129242844e-15,1.1049725268532816e-15,1.2443773430847331,4.759579893054559e-14,0.01875006308124403,0.002999999999999989,0.01875006308124403,1.2621047352659301e-12,0.0
33,42,scene_02_multi_obstacles,20260527,rrt,20075,True,0.0363224578802058,0.036322457880205446,0.0363224578802058,0.036322457880205446,1.3687924598523008e-15,6.1020255039161e-16,2.4725938129242844e-15,1.1049725268532816e-15,1.2443773430847331,4.759579893054559e-14,0.01875006308124403,0.002999999999999989,0.01875006308124403,1.2621047352659301e-12,0.0
34,42,scene_02_multi_obstacles,20260527,rrt,20076,True,0.0363224578802058,0.036322457880205446,0.0363224578802058,0.036322457880205446,1.3687924598523008e-15,6.1020255039161e-16,2.4725938129242844e-15,1.1049725268532816e-15,1.2443773430847331,4.759579893054559e-14,0.01875006308124403,0.002999999999999989,0.01875006308124403,1.2621047352659301e-12,0.0
35,42,scene_02_multi_obstacles,20260527,rrt,20077,True,0.0363224578802058,0.036322457880205446,0.0363224578802058,0.036322457880205446,1.3687924598523008e-15,6.1020255039161e-16,2.4725938129242844e-15,1.1049725268532816e-15,1.2443773430847331,4.759579893054559e-14,0.01875006308124403,0.002999999999999989,0.01875006308124403,1.2621047352659301e-12,0.0
36,42,scene_02_multi_obstacles,20260527,rrt,20078,True,0.0363224578802058,0.036322457880205446,0.0363224578802058,0.036322457880205446,1.3687924598523008e-15,6.1020255039161e-16,2.4725938129242844e-15,1.1049725268532816e-15,1.2443773430847331,4.759579893054559e-14,0.01875006308124403,0.002999999999999989,0.01875006308124403,1.2621047352659301e-12,0.0
37,42,scene_02_multi_obstacles,20260527,rrt,20079,True,0.0363224578802058,0.036322457880205446,0.0363224578802058,0.036322457880205446,1.3687924598523008e-15,6.1020255039161e-16,2.4725938129242844e-15,1.1049725268532816e-15,1.2443773430847331,4.759579893054559e-14,0.01875006308124403,0.002999999999999989,0.01875006308124403,1.2621047352659301e-12,0.0
38,42,scene_02_multi_obstacles,20260527,rrt,20080,True,0.0363224578802058,0.036322457880205446,0.0363224578802058,0.036322457880205446,1.3687924598523008e-15,6.1020255039161e-16,2.4725938129242844e-15,1.1049725268532816e-15,1.2443773430847331,4.759579893054559e-14,0.01875006308124403,0.002999999999999989,0.01875006308124403,1.2621047352659301e-12,0.0
39,42,scene_02_multi_obstacles,20260527,rrt,20081,True,0.0363224578802058,0.036322457880205446,0.0363224578802058,0.036322457880205446,1.3687924598523008e-15,6.1020255039161e-16,2.4725938129242844e-15,1.1049725268532816e-15,1.2443773430847331,4.759579893054559e-14,0.01875006308124403,0.002999999999999989,0.01875006308124403,1.2621047352659301e-12,0.0
40,42,scene_02_multi_obstacles,20260527,rrt,20082,True,0.0363224578802058,0.036322457880205446,0.0363224578802058,0.036322457880205446,1.3687924598523008e-15,6.1020255039161e-16,2.4725938129242844e-15,1.1049725268532816e-15,1.2443773430847331,4.759579893054559e-14,0.01875006308124403,0.002999999999999989,0.01875006308124403,1.2621047352659301e-12,0.0
41,42,scene_02_multi_obstacles,20260527,rrt,20083,True,0.0363224578802058,0.036322457880205446,0.0363224578802058,0.036322457880205446,1.3687924598523008e-15,6.1020255039161e-16,2.4725938129242844e-15,1.1049725268532816e-15,1.2443773430847331,4.759579893054559e-14,0.01875006308124403,0.002999999999999989,0.01875006308124403,1.2621047352659301e-12,0.0
42,42,scene_02_multi_obstacles,20260527,rrt,20084,True,0.0363224578802058,0.036322457880205446,0.0363224578802058,0.036322457880205446,1.3687924598523008e-15,6.1020255039161e-16,2.4725938129242844e-15,1.1049725268532816e-15,1.2443773430847331,4.759579893054559e-14,0.01875006308124403,0.002999999999999989,0.01875006308124403,1.2621047352659301e-12,0.0
43,42,scene_02_multi_obstacles,20260527,rrt,20085,True,0.0363224578802058,0.036322457880205446,0.0363224578802058,0.036322457880205446,1.3687924598523008e-15,6.1020255039161e-16,2.4725938129242844e-15,1.1049725268532816e-15,1.2443773430847331,4.759579893054559e-14,0.01875006308124403,0.002999999999999989,0.01875006308124403,1.2621047352659301e-12,0.0
44,42,scene_02_multi_obstacles,20260527,rrt,20086,True,0.0363224578802058,0.036322457880205446,0.0363224578802058,0.036322457880205446,1.3687924598523008e-15,6.1020255039161e-16,2.4725938129242844e-15,1.1049725268532816e-15,1.2443773430847331,4.759579893054559e-14,0.01875006308124403,0.002999999999999989,0.01875006308124403,1.2621047352659301e-12,0.0
45,42,scene_02_multi_obstacles,20260527,rrt,20087,True,0.0363224578802058,0.036322457880205446,0.0363224578802058,0.036322457880205446,1.3687924598523008e-15,6.1020255039161e-16,2.4725938129242844e-15,1.1049725268532816e-15,1.2443773430847331,4.759579893054559e-14,0.01875006308124403,0.002999999999999989,0.01875006308124403,1.2621047352659301e-12,0.0
46,42,scene_02_multi_obstacles,20260527,rrt,20088,True,0.0363224578802058,0.036322457880205446,0.0363224578802058,0.036322457880205446,1.3687924598523008e-15,6.1020255039161e-16,2.4725938129242844e-15,1.1049725268532816e-15,1.2443773430847331,4.759579893054559e-14,0.01875006308124403,0.002999999999999989,0.01875006308124403,1.2621047352659301e-12,0.0
47,42,scene_02_multi_obstacles,20260527,rrt,20089,True,0.0363224578802058,0.036322457880205446,0.0363224578802058,0.036322457880205446,1.3687924598523008e-15,6.1020255039161e-16,2.4725938129242844e-15,1.1049725268532816e-15,1.2443773430847331,4.759579893054559e-14,0.01875006308124403,0.002999999999999989,0.01875006308124403,1.2621047352659301e-12,0.0
48,42,scene_02_multi_obstacles,20260527,rrt,20090,True,0.0363224578802058,0.036322457880205446,0.0363224578802058,0.036322457880205446,1.3687924598523008e-15,6.1020255039161e-16,2.4725938129242844e-15,1.1049725268532816e-15,1.2443773430847331,4.759579893054559e-14,0.01875006308124403,0.002999999999999989,0.01875006308124403,1.2621047352659301e-12,0.0
49,42,scene_02_multi_obstacles,20260527,rrt,20091,True,0.0363224578802058,0.036322457880205446,0.0363224578802058,0.036322457880205446,1.3687924598523008e-15,6.1020255039161e-16,2.4725938129242844e-15,1.1049725268532816e-15,1.2443773430847331,4.759579893054559e-14,0.01875006308124403,0.002999999999999989,0.01875006308124403,1.2621047352659301e-12,0.0
0,42,scene_02_multi_obstacles,20260527,rrt_connect,21042,True,0.0363224578802058,0.036322457880205446,0.0363224578802058,0.036322457880205446,1.3687924598523008e-15,6.1020255039161e-16,2.4725938129242844e-15,1.1049725268532816e-15,1.2443773430847331,4.759579893054559e-14,0.01875006308124403,0.002999999999999989,0.01875006308124403,1.2621047352659301e-12,0.0
1,42,scene_02_multi_obstacles,20260527,rrt_connect,21043,True,0.0363224578802058,0.036322457880205446,0.0363224578802058,0.036322457880205446,1.3687924598523008e-15,6.1020255039161e-16,2.4725938129242844e-15,1.1049725268532816e-15,1.2443773430847331,4.759579893054559e-14,0.01875006308124403,0.002999999999999989,0.01875006308124403,1.2621047352659301e-12,0.0
2,42,scene_02_multi_obstacles,20260527,rrt_connect,21044,True,0.0363224578802058,0.036322457880205446,0.0363224578802058,0.036322457880205446,1.3687924598523008e-15,6.1020255039161e-16,2.4725938129242844e-15,1.1049725268532816e-15,1.2443773430847331,4.759579893054559e-14,0.01875006308124403,0.002999999999999989,0.01875006308124403,1.2621047352659301e-12,0.0
3,42,scene_02_multi_obstacles,20260527,rrt_connect,21045,True,0.0363224578802058,0.036322457880205446,0.0363224578802058,0.036322457880205446,1.3687924598523008e-15,6.1020255039161e-16,2.4725938129242844e-15,1.1049725268532816e-15,1.2443773430847331,4.759579893054559e-14,0.01875006308124403,0.002999999999999989,0.01875006308124403,1.2621047352659301e-12,0.0
4,42,scene_02_multi_obstacles,20260527,rrt_connect,21046,True,0.0363224578802058,0.036322457880205446,0.0363224578802058,0.036322457880205446,1.3687924598523008e-15,6.1020255039161e-16,2.4725938129242844e-15,1.1049725268532816e-15,1.2443773430847331,4.759579893054559e-14,0.01875006308124403,0.002999999999999989,0.01875006308124403,1.2621047352659301e-12,0.0
5,42,scene_02_multi_obstacles,20260527,rrt_connect,21047,True,0.0363224578802058,0.036322457880205446,0.0363224578802058,0.036322457880205446,1.3687924598523008e-15,6.1020255039161e-16,2.4725938129242844e-15,1.1049725268532816e-15,1.2443773430847331,4.759579893054559e-14,0.01875006308124403,0.002999999999999989,0.01875006308124403,1.2621047352659301e-12,0.0
6,42,scene_02_multi_obstacles,20260527,rrt_connect,21048,True,0.0363224578802058,0.036322457880205446,0.0363224578802058,0.036322457880205446,1.3687924598523008e-15,6.1020255039161e-16,2.4725938129242844e-15,1.1049725268532816e-15,1.2443773430847331,4.759579893054559e-14,0.01875006308124403,0.002999999999999989,0.01875006308124403,1.2621047352659301e-12,0.0
7,42,scene_02_multi_obstacles,20260527,rrt_connect,21049,True,0.0363224578802058,0.036322457880205446,0.0363224578802058,0.036322457880205446,1.3687924598523008e-15,6.1020255039161e-16,2.4725938129242844e-15,1.1049725268532816e-15,1.2443773430847331,4.759579893054559e-14,0.01875006308124403,0.002999999999999989,0.01875006308124403,1.2621047352659301e-12,0.0
8,42,scene_02_multi_obstacles,20260527,rrt_connect,21050,True,0.0363224578802058,0.036322457880205446,0.0363224578802058,0.036322457880205446,1.3687924598523008e-15,6.1020255039161e-16,2.4725938129242844e-15,1.1049725268532816e-15,1.2443773430847331,4.759579893054559e-14,0.01875006308124403,0.002999999999999989,0.01875006308124403,1.2621047352659301e-12,0.0
9,42,scene_02_multi_obstacles,20260527,rrt_connect,21051,True,0.0363224578802058,0.036322457880205446,0.0363224578802058,0.036322457880205446,1.3687924598523008e-15,6.1020255039161e-16,2.4725938129242844e-15,1.1049725268532816e-15,1.2443773430847331,4.759579893054559e-14,0.01875006308124403,0.002999999999999989,0.01875006308124403,1.2621047352659301e-12,0.0
10,42,scene_02_multi_obstacles,20260527,rrt_connect,21052,True,0.0363224578802058,0.036322457880205446,0.0363224578802058,0.036322457880205446,1.3687924598523008e-15,6.1020255039161e-16,2.4725938129242844e-15,1.1049725268532816e-15,1.2443773430847331,4.759579893054559e-14,0.01875006308124403,0.002999999999999989,0.01875006308124403,1.2621047352659301e-12,0.0
11,42,scene_02_multi_obstacles,20260527,rrt_connect,21053,True,0.0363224578802058,0.036322457880205446,0.0363224578802058,0.036322457880205446,1.3687924598523008e-15,6.1020255039161e-16,2.4725938129242844e-15,1.1049725268532816e-15,1.2443773430847331,4.759579893054559e-14,0.01875006308124403,0.002999999999999989,0.01875006308124403,1.2621047352659301e-12,0.0
12,42,scene_02_multi_obstacles,20260527,rrt_connect,21054,True,0.0363224578802058,0.036322457880205446,0.0363224578802058,0.036322457880205446,1.3687924598523008e-15,6.1020255039161e-16,2.4725938129242844e-15,1.1049725268532816e-15,1.2443773430847331,4.759579893054559e-14,0.01875006308124403,0.002999999999999989,0.01875006308124403,1.2621047352659301e-12,0.0
13,42,scene_02_multi_obstacles,20260527,rrt_connect,21055,True,0.0363224578802058,0.036322457880205446,0.0363224578802058,0.036322457880205446,1.3687924598523008e-15,6.1020255039161e-16,2.4725938129242844e-15,1.1049725268532816e-15,1.2443773430847331,4.759579893054559e-14,0.01875006308124403,0.002999999999999989,0.01875006308124403,1.2621047352659301e-12,0.0
14,42,scene_02_multi_obstacles,20260527,rrt_connect,21056,True,0.0363224578802058,0.036322457880205446,0.0363224578802058,0.036322457880205446,1.3687924598523008e-15,6.1020255039161e-16,2.4725938129242844e-15,1.1049725268532816e-15,1.2443773430847331,4.759579893054559e-14,0.01875006308124403,0.002999999999999989,0.01875006308124403,1.2621047352659301e-12,0.0
15,42,scene_02_multi_obstacles,20260527,rrt_connect,21057,True,0.0363224578802058,0.036322457880205446,0.0363224578802058,0.036322457880205446,1.3687924598523008e-15,6.1020255039161e-16,2.4725938129242844e-15,1.1049725268532816e-15,1.2443773430847331,4.759579893054559e-14,0.01875006308124403,0.002999999999999989,0.01875006308124403,1.2621047352659301e-12,0.0
16,42,scene_02_multi_obstacles,20260527,rrt_connect,21058,True,0.0363224578802058,0.036322457880205446,0.0363224578802058,0.036322457880205446,1.3687924598523008e-15,6.1020255039161e-16,2.4725938129242844e-15,1.1049725268532816e-15,1.2443773430847331,4.759579893054559e-14,0.01875006308124403,0.002999999999999989,0.01875006308124403,1.2621047352659301e-12,0.0
17,42,scene_02_multi_obstacles,20260527,rrt_connect,21059,True,0.0363224578802058,0.036322457880205446,0.0363224578802058,0.036322457880205446,1.3687924598523008e-15,6.1020255039161e-16,2.4725938129242844e-15,1.1049725268532816e-15,1.2443773430847331,4.759579893054559e-14,0.01875006308124403,0.002999999999999989,0.01875006308124403,1.2621047352659301e-12,0.0
18,42,scene_02_multi_obstacles,20260527,rrt_connect,21060,True,0.0363224578802058,0.036322457880205446,0.0363224578802058,0.036322457880205446,1.3687924598523008e-15,6.1020255039161e-16,2.4725938129242844e-15,1.1049725268532816e-15,1.2443773430847331,4.759579893054559e-14,0.01875006308124403,0.002999999999999989,0.01875006308124403,1.2621047352659301e-12,0.0
19,42,scene_02_multi_obstacles,20260527,rrt_connect,21061,True,0.0363224578802058,0.036322457880205446,0.0363224578802058,0.036322457880205446,1.3687924598523008e-15,6.1020255039161e-16,2.4725938129242844e-15,1.1049725268532816e-15,1.2443773430847331,4.759579893054559e-14,0.01875006308124403,0.002999999999999989,0.01875006308124403,1.2621047352659301e-12,0.0
20,42,scene_02_multi_obstacles,20260527,rrt_connect,21062,True,0.0363224578802058,0.036322457880205446,0.0363224578802058,0.036322457880205446,1.3687924598523008e-15,6.1020255039161e-16,2.4725938129242844e-15,1.1049725268532816e-15,1.2443773430847331,4.759579893054559e-14,0.01875006308124403,0.002999999999999989,0.01875006308124403,1.2621047352659301e-12,0.0
21,42,scene_02_multi_obstacles,20260527,rrt_connect,21063,True,0.0363224578802058,0.036322457880205446,0.0363224578802058,0.036322457880205446,1.3687924598523008e-15,6.1020255039161e-16,2.4725938129242844e-15,1.1049725268532816e-15,1.2443773430847331,4.759579893054559e-14,0.01875006308124403,0.002999999999999989,0.01875006308124403,1.2621047352659301e-12,0.0
22,42,scene_02_multi_obstacles,20260527,rrt_connect,21064,True,0.0363224578802058,0.036322457880205446,0.0363224578802058,0.036322457880205446,1.3687924598523008e-15,6.1020255039161e-16,2.4725938129242844e-15,1.1049725268532816e-15,1.2443773430847331,4.759579893054559e-14,0.01875006308124403,0.002999999999999989,0.01875006308124403,1.2621047352659301e-12,0.0
23,42,scene_02_multi_obstacles,20260527,rrt_connect,21065,True,0.0363224578802058,0.036322457880205446,0.0363224578802058,0.036322457880205446,1.3687924598523008e-15,6.1020255039161e-16,2.4725938129242844e-15,1.1049725268532816e-15,1.2443773430847331,4.759579893054559e-14,0.01875006308124403,0.002999999999999989,0.01875006308124403,1.2621047352659301e-12,0.0
24,42,scene_02_multi_obstacles,20260527,rrt_connect,21066,True,0.0363224578802058,0.036322457880205446,0.0363224578802058,0.036322457880205446,1.3687924598523008e-15,6.1020255039161e-16,2.4725938129242844e-15,1.1049725268532816e-15,1.2443773430847331,4.759579893054559e-14,0.01875006308124403,0.002999999999999989,0.01875006308124403,1.2621047352659301e-12,0.0
25,42,scene_02_multi_obstacles,20260527,rrt_connect,21067,True,0.0363224578802058,0.036322457880205446,0.0363224578802058,0.036322457880205446,1.3687924598523008e-15,6.1020255039161e-16,2.4725938129242844e-15,1.1049725268532816e-15,1.2443773430847331,4.759579893054559e-14,0.01875006308124403,0.002999999999999989,0.01875006308124403,1.2621047352659301e-12,0.0
26,42,scene_02_multi_obstacles,20260527,rrt_connect,21068,True,0.0363224578802058,0.036322457880205446,0.0363224578802058,0.036322457880205446,1.3687924598523008e-15,6.1020255039161e-16,2.4725938129242844e-15,1.1049725268532816e-15,1.2443773430847331,4.759579893054559e-14,0.01875006308124403,0.002999999999999989,0.01875006308124403,1.2621047352659301e-12,0.0
27,42,scene_02_multi_obstacles,20260527,rrt_connect,21069,True,0.0363224578802058,0.036322457880205446,0.0363224578802058,0.036322457880205446,1.3687924598523008e-15,6.1020255039161e-16,2.4725938129242844e-15,1.1049725268532816e-15,1.2443773430847331,4.759579893054559e-14,0.01875006308124403,0.002999999999999989,0.01875006308124403,1.2621047352659301e-12,0.0
28,42,scene_02_multi_obstacles,20260527,rrt_connect,21070,True,0.0363224578802058,0.036322457880205446,0.0363224578802058,0.036322457880205446,1.3687924598523008e-15,6.1020255039161e-16,2.4725938129242844e-15,1.1049725268532816e-15,1.2443773430847331,4.759579893054559e-14,0.01875006308124403,0.002999999999999989,0.01875006308124403,1.2621047352659301e-12,0.0
29,42,scene_02_multi_obstacles,20260527,rrt_connect,21071,True,0.0363224578802058,0.036322457880205446,0.0363224578802058,0.036322457880205446,1.3687924598523008e-15,6.1020255039161e-16,2.4725938129242844e-15,1.1049725268532816e-15,1.2443773430847331,4.759579893054559e-14,0.01875006308124403,0.002999999999999989,0.01875006308124403,1.2621047352659301e-12,0.0
30,42,scene_02_multi_obstacles,20260527,rrt_connect,21072,True,0.0363224578802058,0.036322457880205446,0.0363224578802058,0.036322457880205446,1.3687924598523008e-15,6.1020255039161e-16,2.4725938129242844e-15,1.1049725268532816e-15,1.2443773430847331,4.759579893054559e-14,0.01875006308124403,0.002999999999999989,0.01875006308124403,1.2621047352659301e-12,0.0
31,42,scene_02_multi_obstacles,20260527,rrt_connect,21073,True,0.0363224578802058,0.036322457880205446,0.0363224578802058,0.036322457880205446,1.3687924598523008e-15,6.1020255039161e-16,2.4725938129242844e-15,1.1049725268532816e-15,1.2443773430847331,4.759579893054559e-14,0.01875006308124403,0.002999999999999989,0.01875006308124403,1.2621047352659301e-12,0.0
32,42,scene_02_multi_obstacles,20260527,rrt_connect,21074,True,0.0363224578802058,0.036322457880205446,0.0363224578802058,0.036322457880205446,1.3687924598523008e-15,6.1020255039161e-16,2.4725938129242844e-15,1.1049725268532816e-15,1.2443773430847331,4.759579893054559e-14,0.01875006308124403,0.002999999999999989,0.01875006308124403,1.2621047352659301e-12,0.0
33,42,scene_02_multi_obstacles,20260527,rrt_connect,21075,True,0.0363224578802058,0.036322457880205446,0.0363224578802058,0.036322457880205446,1.3687924598523008e-15,6.1020255039161e-16,2.4725938129242844e-15,1.1049725268532816e-15,1.2443773430847331,4.759579893054559e-14,0.01875006308124403,0.002999999999999989,0.01875006308124403,1.2621047352659301e-12,0.0
34,42,scene_02_multi_obstacles,20260527,rrt_connect,21076,True,0.0363224578802058,0.036322457880205446,0.0363224578802058,0.036322457880205446,1.3687924598523008e-15,6.1020255039161e-16,2.4725938129242844e-15,1.1049725268532816e-15,1.2443773430847331,4.759579893054559e-14,0.01875006308124403,0.002999999999999989,0.01875006308124403,1.2621047352659301e-12,0.0
35,42,scene_02_multi_obstacles,20260527,rrt_connect,21077,True,0.0363224578802058,0.036322457880205446,0.0363224578802058,0.036322457880205446,1.3687924598523008e-15,6.1020255039161e-16,2.4725938129242844e-15,1.1049725268532816e-15,1.2443773430847331,4.759579893054559e-14,0.01875006308124403,0.002999999999999989,0.01875006308124403,1.2621047352659301e-12,0.0
36,42,scene_02_multi_obstacles,20260527,rrt_connect,21078,True,0.0363224578802058,0.036322457880205446,0.0363224578802058,0.036322457880205446,1.3687924598523008e-15,6.1020255039161e-16,2.4725938129242844e-15,1.1049725268532816e-15,1.2443773430847331,4.759579893054559e-14,0.01875006308124403,0.002999999999999989,0.01875006308124403,1.2621047352659301e-12,0.0
37,42,scene_02_multi_obstacles,20260527,rrt_connect,21079,True,0.0363224578802058,0.036322457880205446,0.0363224578802058,0.036322457880205446,1.3687924598523008e-15,6.1020255039161e-16,2.4725938129242844e-15,1.1049725268532816e-15,1.2443773430847331,4.759579893054559e-14,0.01875006308124403,0.002999999999999989,0.01875006308124403,1.2621047352659301e-12,0.0
38,42,scene_02_multi_obstacles,20260527,rrt_connect,21080,True,0.0363224578802058,0.036322457880205446,0.0363224578802058,0.036322457880205446,1.3687924598523008e-15,6.1020255039161e-16,2.4725938129242844e-15,1.1049725268532816e-15,1.2443773430847331,4.759579893054559e-14,0.01875006308124403,0.002999999999999989,0.01875006308124403,1.2621047352659301e-12,0.0
39,42,scene_02_multi_obstacles,20260527,rrt_connect,21081,True,0.0363224578802058,0.036322457880205446,0.0363224578802058,0.036322457880205446,1.3687924598523008e-15,6.1020255039161e-16,2.4725938129242844e-15,1.1049725268532816e-15,1.2443773430847331,4.759579893054559e-14,0.01875006308124403,0.002999999999999989,0.01875006308124403,1.2621047352659301e-12,0.0
40,42,scene_02_multi_obstacles,20260527,rrt_connect,21082,True,0.0363224578802058,0.036322457880205446,0.0363224578802058,0.036322457880205446,1.3687924598523008e-15,6.1020255039161e-16,2.4725938129242844e-15,1.1049725268532816e-15,1.2443773430847331,4.759579893054559e-14,0.01875006308124403,0.002999999999999989,0.01875006308124403,1.2621047352659301e-12,0.0
41,42,scene_02_multi_obstacles,20260527,rrt_connect,21083,True,0.0363224578802058,0.036322457880205446,0.0363224578802058,0.036322457880205446,1.3687924598523008e-15,6.1020255039161e-16,2.4725938129242844e-15,1.1049725268532816e-15,1.2443773430847331,4.759579893054559e-14,0.01875006308124403,0.002999999999999989,0.01875006308124403,1.2621047352659301e-12,0.0
42,42,scene_02_multi_obstacles,20260527,rrt_connect,21084,True,0.0363224578802058,0.036322457880205446,0.0363224578802058,0.036322457880205446,1.3687924598523008e-15,6.1020255039161e-16,2.4725938129242844e-15,1.1049725268532816e-15,1.2443773430847331,4.759579893054559e-14,0.01875006308124403,0.002999999999999989,0.01875006308124403,1.2621047352659301e-12,0.0
43,42,scene_02_multi_obstacles,20260527,rrt_connect,21085,True,0.0363224578802058,0.036322457880205446,0.0363224578802058,0.036322457880205446,1.3687924598523008e-15,6.1020255039161e-16,2.4725938129242844e-15,1.1049725268532816e-15,1.2443773430847331,4.759579893054559e-14,0.01875006308124403,0.002999999999999989,0.01875006308124403,1.2621047352659301e-12,0.0
44,42,scene_02_multi_obstacles,20260527,rrt_connect,21086,True,0.0363224578802058,0.036322457880205446,0.0363224578802058,0.036322457880205446,1.3687924598523008e-15,6.1020255039161e-16,2.4725938129242844e-15,1.1049725268532816e-15,1.2443773430847331,4.759579893054559e-14,0.01875006308124403,0.002999999999999989,0.01875006308124403,1.2621047352659301e-12,0.0
45,42,scene_02_multi_obstacles,20260527,rrt_connect,21087,True,0.0363224578802058,0.036322457880205446,0.0363224578802058,0.036322457880205446,1.3687924598523008e-15,6.1020255039161e-16,2.4725938129242844e-15,1.1049725268532816e-15,1.2443773430847331,4.759579893054559e-14,0.01875006308124403,0.002999999999999989,0.01875006308124403,1.2621047352659301e-12,0.0
46,42,scene_02_multi_obstacles,20260527,rrt_connect,21088,True,0.0363224578802058,0.036322457880205446,0.0363224578802058,0.036322457880205446,1.3687924598523008e-15,6.1020255039161e-16,2.4725938129242844e-15,1.1049725268532816e-15,1.2443773430847331,4.759579893054559e-14,0.01875006308124403,0.002999999999999989,0.01875006308124403,1.2621047352659301e-12,0.0
47,42,scene_02_multi_obstacles,20260527,rrt_connect,21089,True,0.0363224578802058,0.036322457880205446,0.0363224578802058,0.036322457880205446,1.3687924598523008e-15,6.1020255039161e-16,2.4725938129242844e-15,1.1049725268532816e-15,1.2443773430847331,4.759579893054559e-14,0.01875006308124403,0.002999999999999989,0.01875006308124403,1.2621047352659301e-12,0.0
48,42,scene_02_multi_obstacles,20260527,rrt_connect,21090,True,0.0363224578802058,0.036322457880205446,0.0363224578802058,0.036322457880205446,1.3687924598523008e-15,6.1020255039161e-16,2.4725938129242844e-15,1.1049725268532816e-15,1.2443773430847331,4.759579893054559e-14,0.01875006308124403,0.002999999999999989,0.01875006308124403,1.2621047352659301e-12,0.0
49,42,scene_02_multi_obstacles,20260527,rrt_connect,21091,True,0.0363224578802058,0.036322457880205446,0.0363224578802058,0.036322457880205446,1.3687924598523008e-15,6.1020255039161e-16,2.4725938129242844e-15,1.1049725268532816e-15,1.2443773430847331,4.759579893054559e-14,0.01875006308124403,0.002999999999999989,0.01875006308124403,1.2621047352659301e-12,0.0
0,42,scene_02_multi_obstacles,20260527,prm,22042,True,0.0363224578802058,0.036322457880205446,0.0363224578802058,0.036322457880205446,1.3687924598523008e-15,6.1020255039161e-16,2.4725938129242844e-15,1.1049725268532816e-15,1.2443773430847331,4.759579893054559e-14,0.01875006308124403,0.002999999999999989,0.01875006308124403,1.2621047352659301e-12,0.0
1,42,scene_02_multi_obstacles,20260527,prm,22043,True,0.0363224578802058,0.036322457880205446,0.0363224578802058,0.036322457880205446,1.3687924598523008e-15,6.1020255039161e-16,2.4725938129242844e-15,1.1049725268532816e-15,1.2443773430847331,4.759579893054559e-14,0.01875006308124403,0.002999999999999989,0.01875006308124403,1.2621047352659301e-12,0.0
2,42,scene_02_multi_obstacles,20260527,prm,22044,True,0.0363224578802058,0.036322457880205446,0.0363224578802058,0.036322457880205446,1.3687924598523008e-15,6.1020255039161e-16,2.4725938129242844e-15,1.1049725268532816e-15,1.2443773430847331,4.759579893054559e-14,0.01875006308124403,0.002999999999999989,0.01875006308124403,1.2621047352659301e-12,0.0
3,42,scene_02_multi_obstacles,20260527,prm,22045,True,0.0363224578802058,0.036322457880205446,0.0363224578802058,0.036322457880205446,1.3687924598523008e-15,6.1020255039161e-16,2.4725938129242844e-15,1.1049725268532816e-15,1.2443773430847331,4.759579893054559e-14,0.01875006308124403,0.002999999999999989,0.01875006308124403,1.2621047352659301e-12,0.0
4,42,scene_02_multi_obstacles,20260527,prm,22046,True,0.0363224578802058,0.036322457880205446,0.0363224578802058,0.036322457880205446,1.3687924598523008e-15,6.1020255039161e-16,2.4725938129242844e-15,1.1049725268532816e-15,1.2443773430847331,4.759579893054559e-14,0.01875006308124403,0.002999999999999989,0.01875006308124403,1.2621047352659301e-12,0.0
5,42,scene_02_multi_obstacles,20260527,prm,22047,True,0.0363224578802058,0.036322457880205446,0.0363224578802058,0.036322457880205446,1.3687924598523008e-15,6.1020255039161e-16,2.4725938129242844e-15,1.1049725268532816e-15,1.2443773430847331,4.759579893054559e-14,0.01875006308124403,0.002999999999999989,0.01875006308124403,1.2621047352659301e-12,0.0
6,42,scene_02_multi_obstacles,20260527,prm,22048,True,0.0363224578802058,0.036322457880205446,0.0363224578802058,0.036322457880205446,1.3687924598523008e-15,6.1020255039161e-16,2.4725938129242844e-15,1.1049725268532816e-15,1.2443773430847331,4.759579893054559e-14,0.01875006308124403,0.002999999999999989,0.01875006308124403,1.2621047352659301e-12,0.0
7,42,scene_02_multi_obstacles,20260527,prm,22049,True,0.0363224578802058,0.036322457880205446,0.0363224578802058,0.036322457880205446,1.3687924598523008e-15,6.1020255039161e-16,2.4725938129242844e-15,1.1049725268532816e-15,1.2443773430847331,4.759579893054559e-14,0.01875006308124403,0.002999999999999989,0.01875006308124403,1.2621047352659301e-12,0.0
8,42,scene_02_multi_obstacles,20260527,prm,22050,True,0.0363224578802058,0.036322457880205446,0.0363224578802058,0.036322457880205446,1.3687924598523008e-15,6.1020255039161e-16,2.4725938129242844e-15,1.1049725268532816e-15,1.2443773430847331,4.759579893054559e-14,0.01875006308124403,0.002999999999999989,0.01875006308124403,1.2621047352659301e-12,0.0
9,42,scene_02_multi_obstacles,20260527,prm,22051,True,0.0363224578802058,0.036322457880205446,0.0363224578802058,0.036322457880205446,1.3687924598523008e-15,6.1020255039161e-16,2.4725938129242844e-15,1.1049725268532816e-15,1.2443773430847331,4.759579893054559e-14,0.01875006308124403,0.002999999999999989,0.01875006308124403,1.2621047352659301e-12,0.0
10,42,scene_02_multi_obstacles,20260527,prm,22052,True,0.0363224578802058,0.036322457880205446,0.0363224578802058,0.036322457880205446,1.3687924598523008e-15,6.1020255039161e-16,2.4725938129242844e-15,1.1049725268532816e-15,1.2443773430847331,4.759579893054559e-14,0.01875006308124403,0.002999999999999989,0.01875006308124403,1.2621047352659301e-12,0.0
11,42,scene_02_multi_obstacles,20260527,prm,22053,True,0.0363224578802058,0.036322457880205446,0.0363224578802058,0.036322457880205446,1.3687924598523008e-15,6.1020255039161e-16,2.4725938129242844e-15,1.1049725268532816e-15,1.2443773430847331,4.759579893054559e-14,0.01875006308124403,0.002999999999999989,0.01875006308124403,1.2621047352659301e-12,0.0
12,42,scene_02_multi_obstacles,20260527,prm,22054,True,0.0363224578802058,0.036322457880205446,0.0363224578802058,0.036322457880205446,1.3687924598523008e-15,6.1020255039161e-16,2.4725938129242844e-15,1.1049725268532816e-15,1.2443773430847331,4.759579893054559e-14,0.01875006308124403,0.002999999999999989,0.01875006308124403,1.2621047352659301e-12,0.0
13,42,scene_02_multi_obstacles,20260527,prm,22055,True,0.0363224578802058,0.036322457880205446,0.0363224578802058,0.036322457880205446,1.3687924598523008e-15,6.1020255039161e-16,2.4725938129242844e-15,1.1049725268532816e-15,1.2443773430847331,4.759579893054559e-14,0.01875006308124403,0.002999999999999989,0.01875006308124403,1.2621047352659301e-12,0.0
14,42,scene_02_multi_obstacles,20260527,prm,22056,True,0.0363224578802058,0.036322457880205446,0.0363224578802058,0.036322457880205446,1.3687924598523008e-15,6.1020255039161e-16,2.4725938129242844e-15,1.1049725268532816e-15,1.2443773430847331,4.759579893054559e-14,0.01875006308124403,0.002999999999999989,0.01875006308124403,1.2621047352659301e-12,0.0
15,42,scene_02_multi_obstacles,20260527,prm,22057,True,0.0363224578802058,0.036322457880205446,0.0363224578802058,0.036322457880205446,1.3687924598523008e-15,6.1020255039161e-16,2.4725938129242844e-15,1.1049725268532816e-15,1.2443773430847331,4.759579893054559e-14,0.01875006308124403,0.002999999999999989,0.01875006308124403,1.2621047352659301e-12,0.0
16,42,scene_02_multi_obstacles,20260527,prm,22058,True,0.0363224578802058,0.036322457880205446,0.0363224578802058,0.036322457880205446,1.3687924598523008e-15,6.1020255039161e-16,2.4725938129242844e-15,1.1049725268532816e-15,1.2443773430847331,4.759579893054559e-14,0.01875006308124403,0.002999999999999989,0.01875006308124403,1.2621047352659301e-12,0.0
17,42,scene_02_multi_obstacles,20260527,prm,22059,True,0.0363224578802058,0.036322457880205446,0.0363224578802058,0.036322457880205446,1.3687924598523008e-15,6.1020255039161e-16,2.4725938129242844e-15,1.1049725268532816e-15,1.2443773430847331,4.759579893054559e-14,0.01875006308124403,0.002999999999999989,0.01875006308124403,1.2621047352659301e-12,0.0
18,42,scene_02_multi_obstacles,20260527,prm,22060,True,0.0363224578802058,0.036322457880205446,0.0363224578802058,0.036322457880205446,1.3687924598523008e-15,6.1020255039161e-16,2.4725938129242844e-15,1.1049725268532816e-15,1.2443773430847331,4.759579893054559e-14,0.01875006308124403,0.002999999999999989,0.01875006308124403,1.2621047352659301e-12,0.0
19,42,scene_02_multi_obstacles,20260527,prm,22061,True,0.0363224578802058,0.036322457880205446,0.0363224578802058,0.036322457880205446,1.3687924598523008e-15,6.1020255039161e-16,2.4725938129242844e-15,1.1049725268532816e-15,1.2443773430847331,4.759579893054559e-14,0.01875006308124403,0.002999999999999989,0.01875006308124403,1.2621047352659301e-12,0.0
20,42,scene_02_multi_obstacles,20260527,prm,22062,True,0.0363224578802058,0.036322457880205446,0.0363224578802058,0.036322457880205446,1.3687924598523008e-15,6.1020255039161e-16,2.4725938129242844e-15,1.1049725268532816e-15,1.2443773430847331,4.759579893054559e-14,0.01875006308124403,0.002999999999999989,0.01875006308124403,1.2621047352659301e-12,0.0
21,42,scene_02_multi_obstacles,20260527,prm,22063,True,0.0363224578802058,0.036322457880205446,0.0363224578802058,0.036322457880205446,1.3687924598523008e-15,6.1020255039161e-16,2.4725938129242844e-15,1.1049725268532816e-15,1.2443773430847331,4.759579893054559e-14,0.01875006308124403,0.002999999999999989,0.01875006308124403,1.2621047352659301e-12,0.0
22,42,scene_02_multi_obstacles,20260527,prm,22064,True,0.0363224578802058,0.036322457880205446,0.0363224578802058,0.036322457880205446,1.3687924598523008e-15,6.1020255039161e-16,2.4725938129242844e-15,1.1049725268532816e-15,1.2443773430847331,4.759579893054559e-14,0.01875006308124403,0.002999999999999989,0.01875006308124403,1.2621047352659301e-12,0.0
23,42,scene_02_multi_obstacles,20260527,prm,22065,True,0.0363224578802058,0.036322457880205446,0.0363224578802058,0.036322457880205446,1.3687924598523008e-15,6.1020255039161e-16,2.4725938129242844e-15,1.1049725268532816e-15,1.2443773430847331,4.759579893054559e-14,0.01875006308124403,0.002999999999999989,0.01875006308124403,1.2621047352659301e-12,0.0
24,42,scene_02_multi_obstacles,20260527,prm,22066,True,0.0363224578802058,0.036322457880205446,0.0363224578802058,0.036322457880205446,1.3687924598523008e-15,6.1020255039161e-16,2.4725938129242844e-15,1.1049725268532816e-15,1.2443773430847331,4.759579893054559e-14,0.01875006308124403,0.002999999999999989,0.01875006308124403,1.2621047352659301e-12,0.0
25,42,scene_02_multi_obstacles,20260527,prm,22067,True,0.0363224578802058,0.036322457880205446,0.0363224578802058,0.036322457880205446,1.3687924598523008e-15,6.1020255039161e-16,2.4725938129242844e-15,1.1049725268532816e-15,1.2443773430847331,4.759579893054559e-14,0.01875006308124403,0.002999999999999989,0.01875006308124403,1.2621047352659301e-12,0.0
26,42,scene_02_multi_obstacles,20260527,prm,22068,True,0.0363224578802058,0.036322457880205446,0.0363224578802058,0.036322457880205446,1.3687924598523008e-15,6.1020255039161e-16,2.4725938129242844e-15,1.1049725268532816e-15,1.2443773430847331,4.759579893054559e-14,0.01875006308124403,0.002999999999999989,0.01875006308124403,1.2621047352659301e-12,0.0
27,42,scene_02_multi_obstacles,20260527,prm,22069,True,0.0363224578802058,0.036322457880205446,0.0363224578802058,0.036322457880205446,1.3687924598523008e-15,6.1020255039161e-16,2.4725938129242844e-15,1.1049725268532816e-15,1.2443773430847331,4.759579893054559e-14,0.01875006308124403,0.002999999999999989,0.01875006308124403,1.2621047352659301e-12,0.0
28,42,scene_02_multi_obstacles,20260527,prm,22070,True,0.0363224578802058,0.036322457880205446,0.0363224578802058,0.036322457880205446,1.3687924598523008e-15,6.1020255039161e-16,2.4725938129242844e-15,1.1049725268532816e-15,1.2443773430847331,4.759579893054559e-14,0.01875006308124403,0.002999999999999989,0.01875006308124403,1.2621047352659301e-12,0.0
29,42,scene_02_multi_obstacles,20260527,prm,22071,True,0.0363224578802058,0.036322457880205446,0.0363224578802058,0.036322457880205446,1.3687924598523008e-15,6.1020255039161e-16,2.4725938129242844e-15,1.1049725268532816e-15,1.2443773430847331,4.759579893054559e-14,0.01875006308124403,0.002999999999999989,0.01875006308124403,1.2621047352659301e-12,0.0
30,42,scene_02_multi_obstacles,20260527,prm,22072,True,0.0363224578802058,0.036322457880205446,0.0363224578802058,0.036322457880205446,1.3687924598523008e-15,6.1020255039161e-16,2.4725938129242844e-15,1.1049725268532816e-15,1.2443773430847331,4.759579893054559e-14,0.01875006308124403,0.002999999999999989,0.01875006308124403,1.2621047352659301e-12,0.0
31,42,scene_02_multi_obstacles,20260527,prm,22073,True,0.0363224578802058,0.036322457880205446,0.0363224578802058,0.036322457880205446,1.3687924598523008e-15,6.1020255039161e-16,2.4725938129242844e-15,1.1049725268532816e-15,1.2443773430847331,4.759579893054559e-14,0.01875006308124403,0.002999999999999989,0.01875006308124403,1.2621047352659301e-12,0.0
32,42,scene_02_multi_obstacles,20260527,prm,22074,True,0.0363224578802058,0.036322457880205446,0.0363224578802058,0.036322457880205446,1.3687924598523008e-15,6.1020255039161e-16,2.4725938129242844e-15,1.1049725268532816e-15,1.2443773430847331,4.759579893054559e-14,0.01875006308124403,0.002999999999999989,0.01875006308124403,1.2621047352659301e-12,0.0
33,42,scene_02_multi_obstacles,20260527,prm,22075,True,0.0363224578802058,0.036322457880205446,0.0363224578802058,0.036322457880205446,1.3687924598523008e-15,6.1020255039161e-16,2.4725938129242844e-15,1.1049725268532816e-15,1.2443773430847331,4.759579893054559e-14,0.01875006308124403,0.002999999999999989,0.01875006308124403,1.2621047352659301e-12,0.0
34,42,scene_02_multi_obstacles,20260527,prm,22076,True,0.0363224578802058,0.036322457880205446,0.0363224578802058,0.036322457880205446,1.3687924598523008e-15,6.1020255039161e-16,2.4725938129242844e-15,1.1049725268532816e-15,1.2443773430847331,4.759579893054559e-14,0.01875006308124403,0.002999999999999989,0.01875006308124403,1.2621047352659301e-12,0.0
35,42,scene_02_multi_obstacles,20260527,prm,22077,True,0.0363224578802058,0.036322457880205446,0.0363224578802058,0.036322457880205446,1.3687924598523008e-15,6.1020255039161e-16,2.4725938129242844e-15,1.1049725268532816e-15,1.2443773430847331,4.759579893054559e-14,0.01875006308124403,0.002999999999999989,0.01875006308124403,1.2621047352659301e-12,0.0
36,42,scene_02_multi_obstacles,20260527,prm,22078,True,0.0363224578802058,0.036322457880205446,0.0363224578802058,0.036322457880205446,1.3687924598523008e-15,6.1020255039161e-16,2.4725938129242844e-15,1.1049725268532816e-15,1.2443773430847331,4.759579893054559e-14,0.01875006308124403,0.002999999999999989,0.01875006308124403,1.2621047352659301e-12,0.0
37,42,scene_02_multi_obstacles,20260527,prm,22079,True,0.0363224578802058,0.036322457880205446,0.0363224578802058,0.036322457880205446,1.3687924598523008e-15,6.1020255039161e-16,2.4725938129242844e-15,1.1049725268532816e-15,1.2443773430847331,4.759579893054559e-14,0.01875006308124403,0.002999999999999989,0.01875006308124403,1.2621047352659301e-12,0.0
38,42,scene_02_multi_obstacles,20260527,prm,22080,True,0.0363224578802058,0.036322457880205446,0.0363224578802058,0.036322457880205446,1.3687924598523008e-15,6.1020255039161e-16,2.4725938129242844e-15,1.1049725268532816e-15,1.2443773430847331,4.759579893054559e-14,0.01875006308124403,0.002999999999999989,0.01875006308124403,1.2621047352659301e-12,0.0
39,42,scene_02_multi_obstacles,20260527,prm,22081,True,0.0363224578802058,0.036322457880205446,0.0363224578802058,0.036322457880205446,1.3687924598523008e-15,6.1020255039161e-16,2.4725938129242844e-15,1.1049725268532816e-15,1.2443773430847331,4.759579893054559e-14,0.01875006308124403,0.002999999999999989,0.01875006308124403,1.2621047352659301e-12,0.0
40,42,scene_02_multi_obstacles,20260527,prm,22082,True,0.0363224578802058,0.036322457880205446,0.0363224578802058,0.036322457880205446,1.3687924598523008e-15,6.1020255039161e-16,2.4725938129242844e-15,1.1049725268532816e-15,1.2443773430847331,4.759579893054559e-14,0.01875006308124403,0.002999999999999989,0.01875006308124403,1.2621047352659301e-12,0.0
41,42,scene_02_multi_obstacles,20260527,prm,22083,True,0.0363224578802058,0.036322457880205446,0.0363224578802058,0.036322457880205446,1.3687924598523008e-15,6.1020255039161e-16,2.4725938129242844e-15,1.1049725268532816e-15,1.2443773430847331,4.759579893054559e-14,0.01875006308124403,0.002999999999999989,0.01875006308124403,1.2621047352659301e-12,0.0
42,42,scene_02_multi_obstacles,20260527,prm,22084,True,0.0363224578802058,0.036322457880205446,0.0363224578802058,0.036322457880205446,1.3687924598523008e-15,6.1020255039161e-16,2.4725938129242844e-15,1.1049725268532816e-15,1.2443773430847331,4.759579893054559e-14,0.01875006308124403,0.002999999999999989,0.01875006308124403,1.2621047352659301e-12,0.0
43,42,scene_02_multi_obstacles,20260527,prm,22085,True,0.0363224578802058,0.036322457880205446,0.0363224578802058,0.036322457880205446,1.3687924598523008e-15,6.1020255039161e-16,2.4725938129242844e-15,1.1049725268532816e-15,1.2443773430847331,4.759579893054559e-14,0.01875006308124403,0.002999999999999989,0.01875006308124403,1.2621047352659301e-12,0.0
44,42,scene_02_multi_obstacles,20260527,prm,22086,True,0.0363224578802058,0.036322457880205446,0.0363224578802058,0.036322457880205446,1.3687924598523008e-15,6.1020255039161e-16,2.4725938129242844e-15,1.1049725268532816e-15,1.2443773430847331,4.759579893054559e-14,0.01875006308124403,0.002999999999999989,0.01875006308124403,1.2621047352659301e-12,0.0
45,42,scene_02_multi_obstacles,20260527,prm,22087,True,0.0363224578802058,0.036322457880205446,0.0363224578802058,0.036322457880205446,1.3687924598523008e-15,6.1020255039161e-16,2.4725938129242844e-15,1.1049725268532816e-15,1.2443773430847331,4.759579893054559e-14,0.01875006308124403,0.002999999999999989,0.01875006308124403,1.2621047352659301e-12,0.0
46,42,scene_02_multi_obstacles,20260527,prm,22088,True,0.0363224578802058,0.036322457880205446,0.0363224578802058,0.036322457880205446,1.3687924598523008e-15,6.1020255039161e-16,2.4725938129242844e-15,1.1049725268532816e-15,1.2443773430847331,4.759579893054559e-14,0.01875006308124403,0.002999999999999989,0.01875006308124403,1.2621047352659301e-12,0.0
47,42,scene_02_multi_obstacles,20260527,prm,22089,True,0.0363224578802058,0.036322457880205446,0.0363224578802058,0.036322457880205446,1.3687924598523008e-15,6.1020255039161e-16,2.4725938129242844e-15,1.1049725268532816e-15,1.2443773430847331,4.759579893054559e-14,0.01875006308124403,0.002999999999999989,0.01875006308124403,1.2621047352659301e-12,0.0
48,42,scene_02_multi_obstacles,20260527,prm,22090,True,0.0363224578802058,0.036322457880205446,0.0363224578802058,0.036322457880205446,1.3687924598523008e-15,6.1020255039161e-16,2.4725938129242844e-15,1.1049725268532816e-15,1.2443773430847331,4.759579893054559e-14,0.01875006308124403,0.002999999999999989,0.01875006308124403,1.2621047352659301e-12,0.0
49,42,scene_02_multi_obstacles,20260527,prm,22091,True,0.0363224578802058,0.036322457880205446,0.0363224578802058,0.036322457880205446,1.3687924598523008e-15,6.1020255039161e-16,2.4725938129242844e-15,1.1049725268532816e-15,1.2443773430847331,4.759579893054559e-14,0.01875006308124403,0.002999999999999989,0.01875006308124403,1.2621047352659301e-12,0.0
0,42,scene_02_multi_obstacles,20260527,apf,23042,False,0.04500000000000023,0.045,0.04500000000000023,0.045,0.09000000000000032,0.0874956637985046,0.18000000000000055,0.17497433424549366,49.800621945064776,139.90556641381266,0.12759384669104148,0.002999999999999989,0.12759384669104148,0.4229129714448529,0.0
1,42,scene_02_multi_obstacles,20260527,apf,23043,False,0.04500000000000023,0.045,0.04500000000000023,0.045,0.09000000000000032,0.0874956637985046,0.18000000000000055,0.17497433424549366,49.800621945064776,139.90556641381266,0.12759384669104148,0.002999999999999989,0.12759384669104148,0.4229129714448529,0.0
2,42,scene_02_multi_obstacles,20260527,apf,23044,False,0.04500000000000023,0.045,0.04500000000000023,0.045,0.09000000000000032,0.0874956637985046,0.18000000000000055,0.17497433424549366,49.800621945064776,139.90556641381266,0.12759384669104148,0.002999999999999989,0.12759384669104148,0.4229129714448529,0.0
3,42,scene_02_multi_obstacles,20260527,apf,23045,False,0.04500000000000023,0.045,0.04500000000000023,0.045,0.09000000000000032,0.0874956637985046,0.18000000000000055,0.17497433424549366,49.800621945064776,139.90556641381266,0.12759384669104148,0.002999999999999989,0.12759384669104148,0.4229129714448529,0.0
4,42,scene_02_multi_obstacles,20260527,apf,23046,False,0.04500000000000023,0.045,0.04500000000000023,0.045,0.09000000000000032,0.0874956637985046,0.18000000000000055,0.17497433424549366,49.800621945064776,139.90556641381266,0.12759384669104148,0.002999999999999989,0.12759384669104148,0.4229129714448529,0.0
5,42,scene_02_multi_obstacles,20260527,apf,23047,False,0.04500000000000023,0.045,0.04500000000000023,0.045,0.09000000000000032,0.0874956637985046,0.18000000000000055,0.17497433424549366,49.800621945064776,139.90556641381266,0.12759384669104148,0.002999999999999989,0.12759384669104148,0.4229129714448529,0.0
6,42,scene_02_multi_obstacles,20260527,apf,23048,False,0.04500000000000023,0.045,0.04500000000000023,0.045,0.09000000000000032,0.0874956637985046,0.18000000000000055,0.17497433424549366,49.800621945064776,139.90556641381266,0.12759384669104148,0.002999999999999989,0.12759384669104148,0.4229129714448529,0.0
7,42,scene_02_multi_obstacles,20260527,apf,23049,False,0.04500000000000023,0.045,0.04500000000000023,0.045,0.09000000000000032,0.0874956637985046,0.18000000000000055,0.17497433424549366,49.800621945064776,139.90556641381266,0.12759384669104148,0.002999999999999989,0.12759384669104148,0.4229129714448529,0.0
8,42,scene_02_multi_obstacles,20260527,apf,23050,False,0.04500000000000023,0.045,0.04500000000000023,0.045,0.09000000000000032,0.0874956637985046,0.18000000000000055,0.17497433424549366,49.800621945064776,139.90556641381266,0.12759384669104148,0.002999999999999989,0.12759384669104148,0.4229129714448529,0.0
9,42,scene_02_multi_obstacles,20260527,apf,23051,False,0.04500000000000023,0.045,0.04500000000000023,0.045,0.09000000000000032,0.0874956637985046,0.18000000000000055,0.17497433424549366,49.800621945064776,139.90556641381266,0.12759384669104148,0.002999999999999989,0.12759384669104148,0.4229129714448529,0.0
10,42,scene_02_multi_obstacles,20260527,apf,23052,False,0.04500000000000023,0.045,0.04500000000000023,0.045,0.09000000000000032,0.0874956637985046,0.18000000000000055,0.17497433424549366,49.800621945064776,139.90556641381266,0.12759384669104148,0.002999999999999989,0.12759384669104148,0.4229129714448529,0.0
11,42,scene_02_multi_obstacles,20260527,apf,23053,False,0.04500000000000023,0.045,0.04500000000000023,0.045,0.09000000000000032,0.0874956637985046,0.18000000000000055,0.17497433424549366,49.800621945064776,139.90556641381266,0.12759384669104148,0.002999999999999989,0.12759384669104148,0.4229129714448529,0.0
12,42,scene_02_multi_obstacles,20260527,apf,23054,False,0.04500000000000023,0.045,0.04500000000000023,0.045,0.09000000000000032,0.0874956637985046,0.18000000000000055,0.17497433424549366,49.800621945064776,139.90556641381266,0.12759384669104148,0.002999999999999989,0.12759384669104148,0.4229129714448529,0.0
13,42,scene_02_multi_obstacles,20260527,apf,23055,False,0.04500000000000023,0.045,0.04500000000000023,0.045,0.09000000000000032,0.0874956637985046,0.18000000000000055,0.17497433424549366,49.800621945064776,139.90556641381266,0.12759384669104148,0.002999999999999989,0.12759384669104148,0.4229129714448529,0.0
14,42,scene_02_multi_obstacles,20260527,apf,23056,False,0.04500000000000023,0.045,0.04500000000000023,0.045,0.09000000000000032,0.0874956637985046,0.18000000000000055,0.17497433424549366,49.800621945064776,139.90556641381266,0.12759384669104148,0.002999999999999989,0.12759384669104148,0.4229129714448529,0.0
15,42,scene_02_multi_obstacles,20260527,apf,23057,False,0.04500000000000023,0.045,0.04500000000000023,0.045,0.09000000000000032,0.0874956637985046,0.18000000000000055,0.17497433424549366,49.800621945064776,139.90556641381266,0.12759384669104148,0.002999999999999989,0.12759384669104148,0.4229129714448529,0.0
16,42,scene_02_multi_obstacles,20260527,apf,23058,False,0.04500000000000023,0.045,0.04500000000000023,0.045,0.09000000000000032,0.0874956637985046,0.18000000000000055,0.17497433424549366,49.800621945064776,139.90556641381266,0.12759384669104148,0.002999999999999989,0.12759384669104148,0.4229129714448529,0.0
17,42,scene_02_multi_obstacles,20260527,apf,23059,False,0.04500000000000023,0.045,0.04500000000000023,0.045,0.09000000000000032,0.0874956637985046,0.18000000000000055,0.17497433424549366,49.800621945064776,139.90556641381266,0.12759384669104148,0.002999999999999989,0.12759384669104148,0.4229129714448529,0.0
18,42,scene_02_multi_obstacles,20260527,apf,23060,False,0.04500000000000023,0.045,0.04500000000000023,0.045,0.09000000000000032,0.0874956637985046,0.18000000000000055,0.17497433424549366,49.800621945064776,139.90556641381266,0.12759384669104148,0.002999999999999989,0.12759384669104148,0.4229129714448529,0.0
19,42,scene_02_multi_obstacles,20260527,apf,23061,False,0.04500000000000023,0.045,0.04500000000000023,0.045,0.09000000000000032,0.0874956637985046,0.18000000000000055,0.17497433424549366,49.800621945064776,139.90556641381266,0.12759384669104148,0.002999999999999989,0.12759384669104148,0.4229129714448529,0.0
20,42,scene_02_multi_obstacles,20260527,apf,23062,False,0.04500000000000023,0.045,0.04500000000000023,0.045,0.09000000000000032,0.0874956637985046,0.18000000000000055,0.17497433424549366,49.800621945064776,139.90556641381266,0.12759384669104148,0.002999999999999989,0.12759384669104148,0.4229129714448529,0.0
21,42,scene_02_multi_obstacles,20260527,apf,23063,False,0.04500000000000023,0.045,0.04500000000000023,0.045,0.09000000000000032,0.0874956637985046,0.18000000000000055,0.17497433424549366,49.800621945064776,139.90556641381266,0.12759384669104148,0.002999999999999989,0.12759384669104148,0.4229129714448529,0.0
22,42,scene_02_multi_obstacles,20260527,apf,23064,False,0.04500000000000023,0.045,0.04500000000000023,0.045,0.09000000000000032,0.0874956637985046,0.18000000000000055,0.17497433424549366,49.800621945064776,139.90556641381266,0.12759384669104148,0.002999999999999989,0.12759384669104148,0.4229129714448529,0.0
23,42,scene_02_multi_obstacles,20260527,apf,23065,False,0.04500000000000023,0.045,0.04500000000000023,0.045,0.09000000000000032,0.0874956637985046,0.18000000000000055,0.17497433424549366,49.800621945064776,139.90556641381266,0.12759384669104148,0.002999999999999989,0.12759384669104148,0.4229129714448529,0.0
24,42,scene_02_multi_obstacles,20260527,apf,23066,False,0.04500000000000023,0.045,0.04500000000000023,0.045,0.09000000000000032,0.0874956637985046,0.18000000000000055,0.17497433424549366,49.800621945064776,139.90556641381266,0.12759384669104148,0.002999999999999989,0.12759384669104148,0.4229129714448529,0.0
25,42,scene_02_multi_obstacles,20260527,apf,23067,False,0.04500000000000023,0.045,0.04500000000000023,0.045,0.09000000000000032,0.0874956637985046,0.18000000000000055,0.17497433424549366,49.800621945064776,139.90556641381266,0.12759384669104148,0.002999999999999989,0.12759384669104148,0.4229129714448529,0.0
26,42,scene_02_multi_obstacles,20260527,apf,23068,False,0.04500000000000023,0.045,0.04500000000000023,0.045,0.09000000000000032,0.0874956637985046,0.18000000000000055,0.17497433424549366,49.800621945064776,139.90556641381266,0.12759384669104148,0.002999999999999989,0.12759384669104148,0.4229129714448529,0.0
27,42,scene_02_multi_obstacles,20260527,apf,23069,False,0.04500000000000023,0.045,0.04500000000000023,0.045,0.09000000000000032,0.0874956637985046,0.18000000000000055,0.17497433424549366,49.800621945064776,139.90556641381266,0.12759384669104148,0.002999999999999989,0.12759384669104148,0.4229129714448529,0.0
28,42,scene_02_multi_obstacles,20260527,apf,23070,False,0.04500000000000023,0.045,0.04500000000000023,0.045,0.09000000000000032,0.0874956637985046,0.18000000000000055,0.17497433424549366,49.800621945064776,139.90556641381266,0.12759384669104148,0.002999999999999989,0.12759384669104148,0.4229129714448529,0.0
29,42,scene_02_multi_obstacles,20260527,apf,23071,False,0.04500000000000023,0.045,0.04500000000000023,0.045,0.09000000000000032,0.0874956637985046,0.18000000000000055,0.17497433424549366,49.800621945064776,139.90556641381266,0.12759384669104148,0.002999999999999989,0.12759384669104148,0.4229129714448529,0.0
30,42,scene_02_multi_obstacles,20260527,apf,23072,False,0.04500000000000023,0.045,0.04500000000000023,0.045,0.09000000000000032,0.0874956637985046,0.18000000000000055,0.17497433424549366,49.800621945064776,139.90556641381266,0.12759384669104148,0.002999999999999989,0.12759384669104148,0.4229129714448529,0.0
31,42,scene_02_multi_obstacles,20260527,apf,23073,False,0.04500000000000023,0.045,0.04500000000000023,0.045,0.09000000000000032,0.0874956637985046,0.18000000000000055,0.17497433424549366,49.800621945064776,139.90556641381266,0.12759384669104148,0.002999999999999989,0.12759384669104148,0.4229129714448529,0.0
32,42,scene_02_multi_obstacles,20260527,apf,23074,False,0.04500000000000023,0.045,0.04500000000000023,0.045,0.09000000000000032,0.0874956637985046,0.18000000000000055,0.17497433424549366,49.800621945064776,139.90556641381266,0.12759384669104148,0.002999999999999989,0.12759384669104148,0.4229129714448529,0.0
33,42,scene_02_multi_obstacles,20260527,apf,23075,False,0.04500000000000023,0.045,0.04500000000000023,0.045,0.09000000000000032,0.0874956637985046,0.18000000000000055,0.17497433424549366,49.800621945064776,139.90556641381266,0.12759384669104148,0.002999999999999989,0.12759384669104148,0.4229129714448529,0.0
34,42,scene_02_multi_obstacles,20260527,apf,23076,False,0.04500000000000023,0.045,0.04500000000000023,0.045,0.09000000000000032,0.0874956637985046,0.18000000000000055,0.17497433424549366,49.800621945064776,139.90556641381266,0.12759384669104148,0.002999999999999989,0.12759384669104148,0.4229129714448529,0.0
35,42,scene_02_multi_obstacles,20260527,apf,23077,False,0.04500000000000023,0.045,0.04500000000000023,0.045,0.09000000000000032,0.0874956637985046,0.18000000000000055,0.17497433424549366,49.800621945064776,139.90556641381266,0.12759384669104148,0.002999999999999989,0.12759384669104148,0.4229129714448529,0.0
36,42,scene_02_multi_obstacles,20260527,apf,23078,False,0.04500000000000023,0.045,0.04500000000000023,0.045,0.09000000000000032,0.0874956637985046,0.18000000000000055,0.17497433424549366,49.800621945064776,139.90556641381266,0.12759384669104148,0.002999999999999989,0.12759384669104148,0.4229129714448529,0.0
37,42,scene_02_multi_obstacles,20260527,apf,23079,False,0.04500000000000023,0.045,0.04500000000000023,0.045,0.09000000000000032,0.0874956637985046,0.18000000000000055,0.17497433424549366,49.800621945064776,139.90556641381266,0.12759384669104148,0.002999999999999989,0.12759384669104148,0.4229129714448529,0.0
38,42,scene_02_multi_obstacles,20260527,apf,23080,False,0.04500000000000023,0.045,0.04500000000000023,0.045,0.09000000000000032,0.0874956637985046,0.18000000000000055,0.17497433424549366,49.800621945064776,139.90556641381266,0.12759384669104148,0.002999999999999989,0.12759384669104148,0.4229129714448529,0.0
39,42,scene_02_multi_obstacles,20260527,apf,23081,False,0.04500000000000023,0.045,0.04500000000000023,0.045,0.09000000000000032,0.0874956637985046,0.18000000000000055,0.17497433424549366,49.800621945064776,139.90556641381266,0.12759384669104148,0.002999999999999989,0.12759384669104148,0.4229129714448529,0.0
40,42,scene_02_multi_obstacles,20260527,apf,23082,False,0.04500000000000023,0.045,0.04500000000000023,0.045,0.09000000000000032,0.0874956637985046,0.18000000000000055,0.17497433424549366,49.800621945064776,139.90556641381266,0.12759384669104148,0.002999999999999989,0.12759384669104148,0.4229129714448529,0.0
41,42,scene_02_multi_obstacles,20260527,apf,23083,False,0.04500000000000023,0.045,0.04500000000000023,0.045,0.09000000000000032,0.0874956637985046,0.18000000000000055,0.17497433424549366,49.800621945064776,139.90556641381266,0.12759384669104148,0.002999999999999989,0.12759384669104148,0.4229129714448529,0.0
42,42,scene_02_multi_obstacles,20260527,apf,23084,False,0.04500000000000023,0.045,0.04500000000000023,0.045,0.09000000000000032,0.0874956637985046,0.18000000000000055,0.17497433424549366,49.800621945064776,139.90556641381266,0.12759384669104148,0.002999999999999989,0.12759384669104148,0.4229129714448529,0.0
43,42,scene_02_multi_obstacles,20260527,apf,23085,False,0.04500000000000023,0.045,0.04500000000000023,0.045,0.09000000000000032,0.0874956637985046,0.18000000000000055,0.17497433424549366,49.800621945064776,139.90556641381266,0.12759384669104148,0.002999999999999989,0.12759384669104148,0.4229129714448529,0.0
44,42,scene_02_multi_obstacles,20260527,apf,23086,False,0.04500000000000023,0.045,0.04500000000000023,0.045,0.09000000000000032,0.0874956637985046,0.18000000000000055,0.17497433424549366,49.800621945064776,139.90556641381266,0.12759384669104148,0.002999999999999989,0.12759384669104148,0.4229129714448529,0.0
45,42,scene_02_multi_obstacles,20260527,apf,23087,False,0.04500000000000023,0.045,0.04500000000000023,0.045,0.09000000000000032,0.0874956637985046,0.18000000000000055,0.17497433424549366,49.800621945064776,139.90556641381266,0.12759384669104148,0.002999999999999989,0.12759384669104148,0.4229129714448529,0.0
46,42,scene_02_multi_obstacles,20260527,apf,23088,False,0.04500000000000023,0.045,0.04500000000000023,0.045,0.09000000000000032,0.0874956637985046,0.18000000000000055,0.17497433424549366,49.800621945064776,139.90556641381266,0.12759384669104148,0.002999999999999989,0.12759384669104148,0.4229129714448529,0.0
47,42,scene_02_multi_obstacles,20260527,apf,23089,False,0.04500000000000023,0.045,0.04500000000000023,0.045,0.09000000000000032,0.0874956637985046,0.18000000000000055,0.17497433424549366,49.800621945064776,139.90556641381266,0.12759384669104148,0.002999999999999989,0.12759384669104148,0.4229129714448529,0.0
48,42,scene_02_multi_obstacles,20260527,apf,23090,False,0.04500000000000023,0.045,0.04500000000000023,0.045,0.09000000000000032,0.0874956637985046,0.18000000000000055,0.17497433424549366,49.800621945064776,139.90556641381266,0.12759384669104148,0.002999999999999989,0.12759384669104148,0.4229129714448529,0.0
49,42,scene_02_multi_obstacles,20260527,apf,23091,False,0.04500000000000023,0.045,0.04500000000000023,0.045,0.09000000000000032,0.0874956637985046,0.18000000000000055,0.17497433424549366,49.800621945064776,139.90556641381266,0.12759384669104148,0.002999999999999989,0.12759384669104148,0.4229129714448529,0.0
0,42,scene_03_narrow_passage,20260528,rrt,30042,True,0.043128526436304236,0.042193264190227335,0.043128526436304236,0.042193264190227335,0.000455279613237609,0.00023346286376462253,0.00018214766162643006,9.319632401886131e-06,1.0444719385046126,0.018210103373640558,0.007591616167029351,0.002999999999999989,0.007591616167029351,1.3563615151437045e-09,0.0
1,42,scene_03_narrow_passage,20260528,rrt,30043,True,0.04200600667176106,0.04190547018858564,0.04200600667176106,0.04190547018858564,0.00018094947001121882,9.278178208752749e-05,6.488531376143884e-06,4.568829968143156e-06,1.042855392694015,0.007236979002827227,0.015513809529223002,0.002999999999999989,0.015513809529223002,1.3563614176506333e-09,0.0
2,42,scene_03_narrow_passage,20260528,rrt,30044,True,0.04561185978745263,0.043082010959970204,0.04561185978745263,0.043082010959970204,0.0007931057347628355,0.00040712423968103996,8.168343980939577e-05,1.9388270013751122e-05,1.135203275668393,0.031755690695121054,0.025592668323389293,0.002999999999999989,0.025592668323389293,1.3563615295690948e-09,0.0
3,42,scene_03_narrow_passage,20260528,rrt,30045,True,0.042667349446332624,0.04217857954419548,0.042667349446332624,0.04217857954419548,0.00038407264166822084,0.0001967908006738502,1.6109841750300966e-05,9.674697880726508e-06,1.0440583649703388,0.015349682452560317,0.017824479372242415,0.002999999999999989,0.017824479372242415,1.3563615129717414e-09,0.0
4,42,scene_03_narrow_passage,20260528,rrt,30046,True,0.0437907926606479,0.042649196333825266,0.0437907926606479,0.042649196333825266,0.0005914518255347467,0.0003020834431091639,2.5109881219337514e-05,1.4895998411935843e-05,1.1121698752611233,0.023562508562514763,0.013462464419091644,0.002999999999999989,0.013462464419091644,1.3563615118637874e-09,0.0
5,42,scene_03_narrow_passage,20260528,rrt,30047,True,0.04433660917512754,0.04266811580029737,0.04433660917512754,0.04266811580029737,0.0006447873430196832,0.00032953727321324307,6.176652817815749e-05,1.582205778613275e-05,1.0512572437279815,0.02570390731063299,0.01570505869563739,0.002999999999999989,0.01570505869563739,1.3563615122331053e-09,0.0
6,42,scene_03_narrow_passage,20260528,rrt,30048,True,0.04698724108133493,0.04337707580624651,0.04698724108133493,0.04337707580624651,0.0009301103098611868,0.0004761452078982893,0.00018276199855897697,2.1619687069363552e-05,1.131439850600195,0.03713932621606654,0.025592668323389293,0.002999999999999989,0.025592668323389293,1.3563613828687962e-09,0.0
7,42,scene_03_narrow_passage,20260528,rrt,30049,True,0.04295489906985889,0.04223206017030174,0.04295489906985889,0.04223206017030174,0.0004328683318683556,0.00022117764851337763,2.985086314722222e-05,1.076750175822357e-05,1.072296975812814,0.01725185658404344,0.013673405209756267,0.0030000000000000027,0.013673405209756267,1.3563615295690948e-09,0.0
8,42,scene_03_narrow_passage,20260528,rrt,30050,True,0.042783652880245736,0.04213726137205461,0.042783652880245736,0.04213726137205461,0.0003929192364148523,0.00020133047691828056,4.345729897814253e-05,9.56735409938305e-06,1.0948005613518423,0.01570377719962593,0.025592668323389474,0.002999999999999989,0.025592668323389474,1.3563615129717414e-09,0.0
9,42,scene_03_narrow_passage,20260528,rrt,30051,True,0.04477909709406689,0.04301384912209367,0.04477909709406689,0.04301384912209367,0.0007202208729417773,0.000368353708524264,3.473326817655239e-05,1.8093185396476062e-05,1.087408070629806,0.028731589264892554,0.01660450237441534,0.0030000000000000027,0.01660450237441534,1.3563614339226201e-09,0.0
10,42,scene_03_narrow_passage,20260528,rrt,30052,True,0.04457788661586575,0.04277005237874086,0.04457788661586575,0.04277005237874086,0.0006769903894909374,0.0003462262099875119,5.844838517194416e-05,1.6693103316002777e-05,1.0280607115357645,0.027005644379025938,0.025592668323389293,0.002999999999999989,0.025592668323389293,1.35636141580404e-09,0.0
11,42,scene_03_narrow_passage,20260528,rrt,30053,True,0.04267019730346082,0.04214470182492096,0.04267019730346082,0.04214470182492096,0.0003768099309458401,0.00019252779397456495,2.1618155352904473e-05,9.426087765916922e-06,1.093322912192267,0.01501716793001608,0.025592668323389293,0.002999999999999989,0.025592668323389293,1.3563615151437045e-09,0.0
12,42,scene_03_narrow_passage,20260528,rrt,30054,True,0.042116237664101566,0.04197234727499108,0.042116237664101566,0.04197234727499108,0.00024156673406751725,0.0001238075997261724,6.725289165929047e-06,6.1126403276563895e-06,1.0928155616034159,0.009656992778641408,0.000861370046422956,0.002999999999999989,0.000861370046422956,1.3563615151437045e-09,0.0
13,42,scene_03_narrow_passage,20260528,rrt,30055,True,0.042191359074204314,0.042010664350642275,0.042191359074204314,0.042010664350642275,0.0002708216441752879,0.00013895247193004059,7.535389529911042e-06,6.852757518862801e-06,1.0715447666806917,0.010838292810543174,0.009034673942031494,0.002999999999999989,0.009034673942031494,1.3563616226303432e-09,0.0
14,42,scene_03_narrow_passage,20260528,rrt,30056,True,0.04398788429367205,0.04280348042345736,0.04398788429367205,0.04280348042345736,0.000635164660676104,0.0003246483887201633,2.238086064516404e-05,1.6041726314009713e-05,1.1381358296071624,0.02532257432017274,0.0075710463226891025,0.002999999999999989,0.0075710463226891025,1.3563615089092436e-09,0.0
15,42,scene_03_narrow_passage,20260528,rrt,30057,True,0.04299380161955666,0.04223365652022191,0.04299380161955666,0.04223365652022191,0.0004368185812712586,0.00022411888836547795,3.425094829695858e-05,1.081409830217967e-05,1.0846149339288045,0.017481273292507364,0.006552546324918411,0.002999999999999989,0.006552546324918411,1.35636141580404e-09,0.0
16,42,scene_03_narrow_passage,20260528,rrt,30058,True,0.04346048083950313,0.04230886727439204,0.04346048083950313,0.04230886727439204,0.0005130651506360231,0.00026249433950681827,0.00011616625414890853,1.1727306122076525e-05,1.029023916259057,0.020474558481531777,0.023936973539522864,0.002999999999999989,0.023936973539522864,1.3563615591146214e-09,0.0
17,42,scene_03_narrow_passage,20260528,rrt,30059,True,0.045232872268138914,0.04292330867549255,0.045232872268138914,0.04292330867549255,0.0007522167153647344,0.0003845277935715322,9.042423227309442e-05,1.8223994674617396e-05,1.1249305589559186,0.02999316789857952,0.02559266832338928,0.002999999999999989,0.02559266832338928,1.356361296107923e-09,0.0
18,42,scene_03_narrow_passage,20260528,rrt,30060,True,0.04236953046589862,0.04197809944869125,0.04236953046589862,0.04197809944869125,0.0002938839647231131,0.000150244807248463,0.00012118844956621049,5.9196113522926445e-06,1.0415282131178771,0.011719094965380119,0.014146701269690053,0.002999999999999989,0.014146701269690053,1.3563615129717414e-09,0.0
19,42,scene_03_narrow_passage,20260528,rrt,30061,True,0.045439649725076504,0.04289630333103654,0.045439649725076504,0.04289630333103654,0.0007708154151835564,0.0003947192657237665,0.00017238390047856942,1.7646370822624635e-05,1.0924249031204931,0.030788102726453773,0.02120608787621176,0.002999999999999989,0.02120608787621176,1.3563615151437045e-09,0.0
20,42,scene_03_narrow_passage,20260528,rrt,30062,True,0.043116906634567624,0.042180923185533625,0.043116906634567624,0.042180923185533625,0.00045180223721876526,0.00023204139551352495,0.0001410475481871068,7.62239926930675e-06,1.0530443889648022,0.018099228850054848,0.025592668323389293,0.002999999999999989,0.025592668323389293,1.3563615151437045e-09,0.0
21,42,scene_03_narrow_passage,20260528,rrt,30063,True,0.042230976554679375,0.041941381199911774,0.042230976554679375,0.041941381199911774,0.000253771166792914,0.00012976440369663576,8.027122717078868e-05,5.5050139970095525e-06,1.0690223257256546,0.010121623488337589,0.01789872088288498,0.002999999999999989,0.01789872088288498,1.35636141580404e-09,0.0
22,42,scene_03_narrow_passage,20260528,rrt,30064,True,0.042984055745825304,0.04241129835960808,0.042984055745825304,0.04241129835960808,0.0004845954895526947,0.0002475293821172098,1.3552852144927528e-05,1.2262973746060354e-05,1.0865013695868824,0.019307291805142412,0.017864978203673047,0.0030000000000000027,0.017864978203673047,1.3563614224957228e-09,0.0
23,42,scene_03_narrow_passage,20260528,rrt,30065,True,0.04527203496831169,0.04327644987678985,0.04527203496831169,0.04327644987678985,0.0007896241821169479,0.0004033416238850679,3.360558870875368e-05,1.9886164148581818e-05,1.1209148271948166,0.03146064666303538,0.007550176830188736,0.002999999999999989,0.007550176830188736,1.3563615151437045e-09,0.0
25,42,scene_03_narrow_passage,20260528,rrt,30067,True,0.043037120943903745,0.04217284220557919,0.043037120943903745,0.04217284220557919,0.0004401261898597764,0.00022516146108572478,0.00014184511190497146,9.513481010939765e-06,1.084859830014749,0.01756259396468658,0.022414181847906327,0.002999999999999989,0.022414181847906327,1.3563612868529947e-09,0.0
26,42,scene_03_narrow_passage,20260528,rrt,30068,True,0.043310961766796184,0.04233090733331314,0.043310961766796184,0.04233090733331314,0.0004936647701083145,0.00025238521623319036,4.368892167324091e-05,1.2159267228155802e-05,1.075891597033356,0.019686046866188824,0.005067700931009174,0.002999999999999989,0.005067700931009174,1.3563615591146214e-09,0.0
27,42,scene_03_narrow_passage,20260528,rrt,30069,True,0.04313949757616272,0.042200839376710333,0.04313949757616272,0.042200839376710333,0.00045766994006469055,0.0002345784324919512,0.00015572905417121427,9.7858221620904e-06,1.0615605350420958,0.01829711773437219,0.020865176711130883,0.0030000000000000027,0.020865176711130883,1.3563612868529947e-09,0.0
28,42,scene_03_narrow_passage,20260528,rrt,30070,True,0.04385608726116745,0.042461385453566036,0.04385608726116745,0.042461385453566036,0.0005737823110665552,0.0002940185834514687,8.167752385725816e-05,1.373773186023096e-05,1.1082347970052209,0.022933449509214627,0.003608677645261432,0.002999999999999989,0.003608677645261432,1.3563615151437045e-09,0.0
29,42,scene_03_narrow_passage,20260528,rrt,30071,True,0.04270661344137616,0.04209279900707736,0.04270661344137616,0.04209279900707736,0.0003737780511617812,0.0001921411880466199,6.634916010596295e-05,8.779544929208567e-06,1.0612732879786988,0.014987012667636348,0.02356002887950239,0.002999999999999989,0.02356002887950239,1.3563615151437045e-09,0.0
30,42,scene_03_narrow_passage,20260528,rrt,30072,True,0.043825324361199375,0.0424587344417636,0.043825324361199375,0.0424587344417636,0.0005701453982021112,0.0002919322411421091,7.537034775550143e-05,1.3725138023856689e-05,1.0571246926457674,0.0227707148090845,0.025592668323389238,0.002999999999999989,0.025592668323389238,1.3563613686261992e-09,0.0
31,42,scene_03_narrow_passage,20260528,rrt,30073,True,0.0630515202917951,0.04800724785668596,0.0630515202917951,0.04800724785668596,0.0020456115022016103,0.0010485802451140945,0.00045311936857788044,4.688643107907751e-05,1.028686232773859,0.08178925911889921,0.01718271224984689,0.002999999999999989,0.01718271224984689,1.3563614301635893e-09,0.0
32,42,scene_03_narrow_passage,20260528,rrt,30074,True,0.042886148108160174,0.042154945090508565,0.042886148108160174,0.042154945090508565,0.0004106256191797807,0.00021126828603978783,6.124491452757242e-05,9.795102135161092e-06,1.0675500605591168,0.016478926311103453,0.019546639742153885,0.002999999999999989,0.019546639742153885,1.3563615151437045e-09,0.0
34,42,scene_03_narrow_passage,20260528,rrt,30076,True,0.04451233124145964,0.04275605159702155,0.04451233124145964,0.04275605159702155,0.000668057125545424,0.0003422927564500242,5.5401640879298524e-05,1.650115713948681e-05,1.0807146487306363,0.026698835003101964,0.0012243021633801601,0.002999999999999989,0.0012243021633801601,1.3563614443514697e-09,0.0
35,42,scene_03_narrow_passage,20260528,rrt,30077,True,0.0448370316168716,0.042737436987661075,0.0448370316168716,0.042737436987661075,0.0007025987318066599,0.00035941915427614924,0.00012914369578383844,1.6446616234678318e-05,1.094164525214996,0.028034694033539732,0.020947473552339266,0.002999999999999989,0.020947473552339266,1.356361487400887e-09,0.0
36,42,scene_03_narrow_passage,20260528,rrt,30078,True,0.041967374009724126,0.041867559488561044,0.041967374009724126,0.041867559488561044,0.00015060951565286286,7.699933406410937e-05,2.8125459007799254e-05,3.519813700536727e-06,1.047343321242816,0.0060059480570005255,0.020142144924716374,0.002999999999999989,0.020142144924716374,1.3563612207520444e-09,0.0
37,42,scene_03_narrow_passage,20260528,rrt,30079,True,0.045662489765545905,0.04294716572134656,0.045662489765545905,0.04294716572134656,0.0007933703882151879,0.00040700650166281314,0.00020363139346775817,1.7823222876628952e-05,1.0799868661434027,0.03174650712969949,0.021244711576976764,0.002999999999999989,0.021244711576976764,1.35636141580404e-09,0.0
38,42,scene_03_narrow_passage,20260528,rrt,30080,True,0.05040217524349468,0.04461053006484105,0.05040217524349468,0.04461053006484105,0.0012284223491496092,0.0006279642267687679,0.0001455401555733383,2.9788304769866797e-05,1.078115102701984,0.04898120968796391,0.01425520322764643,0.002999999999999989,0.01425520322764643,1.3563614339226201e-09,0.0
39,42,scene_03_narrow_passage,20260528,rrt,30081,True,0.044799434322970434,0.04270674820956531,0.044799434322970434,0.04270674820956531,0.0006965447228127545,0.00035675582677042805,0.00015545200396504456,1.5950225743750446e-05,1.0603922409684714,0.027826954488093514,0.025592668323389293,0.002999999999999989,0.025592668323389293,1.3563615151437045e-09,0.0
40,42,scene_03_narrow_passage,20260528,rrt,30082,True,0.0451217951830505,0.04289433312373561,0.0451217951830505,0.04289433312373561,0.000738092877044995,0.0003781453841219184,8.563491229520736e-05,1.792103227811479e-05,1.1003846719990562,0.029495339961509638,0.022631131178678966,0.002999999999999989,0.022631131178678966,1.3563615151437045e-09,0.0
41,42,scene_03_narrow_passage,20260528,rrt,30083,True,0.046062613370154104,0.04322430310401913,0.046062613370154104,0.04322430310401913,0.0008443022580552841,0.00043156981363849965,8.928432480246319e-05,2.0610950250281217e-05,1.13264183624328,0.033662445463803,0.010976914730981537,0.0030000000000000027,0.010976914730981537,1.3563615151437045e-09,0.0
42,42,scene_03_narrow_passage,20260528,rrt,30084,True,0.042761274465294125,0.04209391448698721,0.042761274465294125,0.04209391448698721,0.0003863967212067494,0.00019759245832535254,0.00012253729598731849,8.377951776831905e-06,1.0713046750351554,0.01541221174937747,0.00994795632064574,0.002999999999999989,0.00994795632064574,1.3563615295690948e-09,0.0
43,42,scene_03_narrow_passage,20260528,rrt,30085,True,0.04226145452270472,0.04195165064147098,0.04226145452270472,0.04195165064147098,0.00026164063306073355,0.0001346281786305686,7.154164674532224e-05,5.820830326569211e-06,1.0721299944826164,0.010500997933184352,0.012741150442090773,0.002999999999999989,0.012741150442090773,1.356361380652884e-09,0.0
44,42,scene_03_narrow_passage,20260528,rrt,30086,True,0.04196679607295341,0.04186665405972924,0.04196679607295341,0.04186665405972924,0.0001496463459610747,7.678345098609954e-05,3.291212590839932e-05,3.43299126992584e-06,1.0535346857477936,0.00598910917691586,0.008494362573472046,0.002999999999999989,0.008494362573472046,1.3563615151437045e-09,0.0
45,42,scene_03_narrow_passage,20260528,rrt,30087,True,0.050693234841170075,0.044605457991443595,0.050693234841170075,0.044605457991443595,0.0012426482982672508,0.0006382017307122095,0.000181542027363493,2.9691590655352486e-05,1.1975113188502322,0.04977973499555233,0.012954879161151796,0.0030000000000000027,0.012954879161151796,1.3563613729851473e-09,0.0
46,42,scene_03_narrow_passage,20260528,rrt,30088,True,0.04192732999956189,0.04185663565164884,0.04192732999956189,0.04185663565164884,0.0001278803605724763,6.54544015724732e-05,1.7940041478113378e-05,3.065183415234639e-06,1.042888931656027,0.005105443322652918,0.004587038689871981,0.0030000000000000027,0.004587038689871981,1.356361522182722e-09,0.0
48,42,scene_03_narrow_passage,20260528,rrt,30090,True,0.044671866499925196,0.043279317855167775,0.044671866499925196,0.043279317855167775,0.000766012419207964,0.0003924901746001226,2.1329712941140757e-05,1.938339629604617e-05,1.1460527318719123,0.030614233618809498,0.02559266832338907,0.002999999999999989,0.02559266832338907,1.3563615591146214e-09,0.0
49,42,scene_03_narrow_passage,20260528,rrt,30091,True,0.047059449347521924,0.043334691709227394,0.047059449347521924,0.043334691709227394,0.0009361530141964476,0.0004788839412665788,0.0002777341886013889,2.0546046534773864e-05,1.0896092163461257,0.03735294741879316,0.01373127636617081,0.002999999999999989,0.01373127636617081,1.3563615151437045e-09,0.0
0,42,scene_03_narrow_passage,20260528,rrt_connect,31042,True,3.3510894485546325,1.7755447242773164,3.3510894485546325,1.7755447242773164,3.409159932898455,3.409159932898455,0.0,0.0,0.9721964090121435,3.409159932898455,0.025592668323389293,0.0030000000000000027,0.025592668323389293,1.3563615151437045e-09,0.0
1,42,scene_03_narrow_passage,20260528,rrt_connect,31043,True,0.04191114275863253,0.041866335860207576,0.04191114275863253,0.041866335860207576,0.00012882279938232382,6.607741361018676e-05,3.9021531557046705e-06,3.2581622931511013e-06,1.0561107632252382,0.005154038261594572,0.016614041199705394,0.002999999999999989,0.016614041199705394,1.3563613167678413e-09,0.0
2,42,scene_03_narrow_passage,20260528,rrt_connect,31044,True,0.043515111991963604,0.042541174421329805,0.043515111991963604,0.042541174421329805,0.0005484485376638993,0.00028055525284244694,2.2607359992835697e-05,1.3819736390392846e-05,1.0142807069054318,0.021883309721710875,0.00458430815962995,0.002999999999999989,0.00458430815962995,1.3563615151437045e-09,0.0
3,42,scene_03_narrow_passage,20260528,rrt_connect,31045,True,0.05462980285756108,0.04561271872802478,0.05462980285756108,0.04561271872802478,0.001519932687081061,0.0007811085023638903,0.0003312300427716092,3.4907357632741885e-05,1.2840563433745693,0.060926463184383446,0.025592668323389058,0.002999999999999989,0.025592668323389058,1.3563613833769874e-09,0.0
4,42,scene_03_narrow_passage,20260528,rrt_connect,31046,True,0.04501582362785075,0.04284370432540693,0.04501582362785075,0.04284370432540693,0.0007230122614211102,0.0003713886670489022,9.224721992318833e-05,1.7447383848410824e-05,1.0556320068431109,0.028968316029814374,0.023082261687482654,0.002999999999999989,0.023082261687482654,1.3563614220824578e-09,0.0
5,42,scene_03_narrow_passage,20260528,rrt_connect,31047,True,0.043111320829154115,0.04225954673190437,0.043111320829154115,0.04225954673190437,0.0004563752106568769,0.00023438145710733945,4.200907237351265e-05,1.1219867237554243e-05,1.0665657334255894,0.018281753654372405,0.025592668323389266,0.002999999999999989,0.025592668323389266,1.3563613449458566e-09,0.0
6,42,scene_03_narrow_passage,20260528,rrt_connect,31048,True,0.0674435982748101,0.04919774758811015,0.0674435982748101,0.04919774758811015,0.0022960480378004912,0.0011757861184336276,0.0005133616358858732,5.256528595831484e-05,1.1950192890236953,0.091711317237823,0.020410223023538267,0.002999999999999989,0.020410223023538267,1.3563613987714584e-09,0.0
7,42,scene_03_narrow_passage,20260528,rrt_connect,31049,True,0.0429501939512263,0.04225057787982342,0.0429501939512263,0.04225057787982342,0.0004351818433556104,0.00022243692380231964,2.5084355932704787e-05,1.0884845466353121e-05,1.0732031374637876,0.017350080056580904,0.02559266832338928,0.002999999999999989,0.02559266832338928,1.3563612868529947e-09,0.0
8,42,scene_03_narrow_passage,20260528,rrt_connect,31050,True,0.04424779627028137,0.04265052111704573,0.04424779627028137,0.04265052111704573,0.0006333221540560533,0.00032396427088773443,5.644505740459815e-05,1.5594030129073675e-05,1.1148173291767365,0.025269213129243278,0.017009822082907584,0.002999999999999989,0.017009822082907584,1.3563614080263852e-09,0.0
9,42,scene_03_narrow_passage,20260528,rrt_connect,31051,True,3.3121655761953837,1.756082788097692,3.3121655761953837,1.756082788097692,3.332214289615722,3.332214289615722,0.0,0.0,0.9215398192858992,3.332214289615722,0.025592668323389293,0.0030000000000000027,0.025592668323389293,1.3563615151437045e-09,0.0
10,42,scene_03_narrow_passage,20260528,rrt_connect,31052,True,0.04298458480729452,0.04228228921042048,0.04298458480729452,0.04228228921042048,0.0004441565944752881,0.00022771442188911277,2.2406556062027216e-05,1.1146408830392306e-05,1.0411232814766036,0.017761724907350798,0.025592668323389293,0.002999999999999989,0.025592668323389293,1.35636141580404e-09,0.0
11,42,scene_03_narrow_passage,20260528,rrt_connect,31053,True,3.228626664717887,1.7143133323589435,3.228626664717887,1.7143133323589435,3.1639896877054623,3.1639896877054623,0.0,0.0,0.9631002088129615,3.163989687705462,0.025592668323389293,0.0030000000000000027,0.025592668323389293,1.3563615151437045e-09,0.0
12,42,scene_03_narrow_passage,20260528,rrt_connect,31054,True,0.04203815893294631,0.04193597722853313,0.04203815893294631,0.04193597722853313,0.00021015231207479276,0.00010739794830305429,5.557258715594144e-06,5.318858030146521e-06,1.0605017093178748,0.008377039967638179,0.008284094218635803,0.002999999999999989,0.008284094218635803,1.35636141580404e-09,0.0
13,42,scene_03_narrow_passage,20260528,rrt_connect,31055,True,0.04205654145462164,0.04194556696034553,0.04205654145462164,0.04194556696034553,0.00021902476430495058,0.00011192522357445944,5.792625723297524e-06,5.543422956638914e-06,1.0334554893505032,0.008730167438807845,0.019428641187836326,0.002999999999999989,0.019428641187836326,1.3563615151437045e-09,0.0
14,42,scene_03_narrow_passage,20260528,rrt_connect,31056,True,3.3766781503700734,1.7883390751850368,3.3766781503700734,1.7883390751850368,3.459289107031261,3.459289107031261,0.0,0.0,0.9939223042321856,3.4592891070312604,0.025592668323389293,0.0030000000000000027,0.025592668323389293,1.3563615151437045e-09,0.0
15,42,scene_03_narrow_passage,20260528,rrt_connect,31057,True,0.04192883599474518,0.041867975883104404,0.04192883599474518,0.041867975883104404,0.00013488002702153733,6.891110545780218e-05,5.6972069693368485e-06,3.3973113740748477e-06,1.0452251924531941,0.00537506622570854,0.01813839363473284,0.002999999999999989,0.01813839363473284,1.356361522182722e-09,0.0
16,42,scene_03_narrow_passage,20260528,rrt_connect,31058,True,0.04269325160239137,0.042180281968293896,0.04269325160239137,0.042180281968293896,0.0003880043386840263,0.0001984805546041858,1.7435364410854433e-05,9.76151135358297e-06,1.058106315681687,0.015481483259126492,0.02315348951471919,0.002999999999999989,0.02315348951471919,1.356361423885158e-09,0.0
17,42,scene_03_narrow_passage,20260528,rrt_connect,31059,True,0.06507650092024218,0.04854885914013495,0.06507650092024218,0.04854885914013495,0.0021647710267680815,0.0011079154977317591,0.00048752242907556257,4.951464007861404e-05,1.076914392779311,0.08641740882307719,0.008706864451383321,0.002999999999999989,0.008706864451383321,1.3563613523542043e-09,0.0
18,42,scene_03_narrow_passage,20260528,rrt_connect,31060,True,0.07501024440598933,0.05110415344410888,0.07501024440598933,0.05110415344410888,0.002705102594732092,0.001383655189895553,0.0006153373907749012,6.179458639695809e-05,1.575739259489274,0.10792510481185319,0.025592668323389474,0.002999999999999989,0.025592668323389474,1.3563615085399257e-09,0.0
19,42,scene_03_narrow_passage,20260528,rrt_connect,31061,True,0.04224359509123912,0.04200700623390272,0.04224359509123912,0.04200700623390272,0.0002737432388602434,0.00013997805664320252,1.0403288476931841e-05,6.906614159816032e-06,1.0862313124673932,0.010918288418169818,0.002329872597265331,0.002999999999999989,0.002329872597265331,1.3563614480446481e-09,0.0
20,42,scene_03_narrow_passage,20260528,rrt_connect,31062,True,0.04369537570744468,0.04241747357966185,0.04369537570744468,0.04241747357966185,0.0005508895283473049,0.00028208008963969517,7.281146561764656e-05,1.3261758994392764e-05,1.1008622523639533,0.022002246991896207,0.02559266832338928,0.002999999999999989,0.02559266832338928,1.356361296107923e-09,0.0
21,42,scene_03_narrow_passage,20260528,rrt_connect,31063,True,0.07946951467678379,0.05210245645417791,0.07946951467678379,0.05210245645417791,0.002936542547344233,0.0015014802101919065,0.0006752106934433398,6.698820370708495e-05,1.3329538789344153,0.11711545639496866,0.021226708697901636,0.002999999999999989,0.021226708697901636,1.356361487400887e-09,0.0
22,42,scene_03_narrow_passage,20260528,rrt_connect,31064,True,0.04203685972950097,0.041935299417707905,0.04203685972950097,0.041935299417707905,0.00020951116563954877,0.00010707077215408786,5.540254409637498e-06,5.302630407252045e-06,1.064687215120733,0.008351520228018857,0.0154563302137967,0.002999999999999989,0.0154563302137967,1.3563614531052647e-09,0.0
23,42,scene_03_narrow_passage,20260528,rrt_connect,31065,True,0.04249170173120601,0.042106670123466715,0.04249170173120601,0.042106670123466715,0.00034292399695122207,0.00017527191573528568,1.4070163414704434e-05,8.641732951450347e-06,1.08176845032904,0.013671209427352218,0.024186576671652173,0.002999999999999989,0.024186576671652173,1.3563614844463382e-09,0.0
24,42,scene_03_narrow_passage,20260528,rrt_connect,31066,True,0.04188448803150371,0.04184227252492508,0.04188448803150371,0.04184227252492508,9.696239542932073e-05,4.987555124852165e-05,2.061769181828524e-05,2.233491520107254e-06,1.0476038685268338,0.0038902929973846524,0.00828990171438558,0.002999999999999989,0.00828990171438558,1.3563614439161911e-09,0.0
25,42,scene_03_narrow_passage,20260528,rrt_connect,31067,True,3.3419407277603894,1.7709703638801946,3.3419407277603894,1.7709703638801946,3.3911511495919933,3.3911511495919933,0.0,0.0,1.0317463247316487,3.3911511495919933,0.025592668323389293,0.0030000000000000027,0.025592668323389293,1.3563615151437045e-09,0.0
26,42,scene_03_narrow_passage,20260528,rrt_connect,31068,True,0.07861542915033219,0.051920741090598674,0.07861542915033219,0.051920741090598674,0.002892670076504198,0.0014791275503389838,0.0006637329338713854,6.600534903950412e-05,1.1535313269693976,0.11537194892644066,0.01709126871546171,0.002999999999999989,0.01709126871546171,1.3563616965600069e-09,0.0
27,42,scene_03_narrow_passage,20260528,rrt_connect,31069,True,0.042304255816036654,0.0420185947174229,0.042304255816036654,0.0420185947174229,0.0002873386950762068,0.00014678219873448935,1.3294924501574754e-05,7.224846597170159e-06,1.0939862291735793,0.011449011501290188,0.0002450348810413977,0.002999999999999989,0.0002450348810413977,1.356361411002899e-09,0.0
28,42,scene_03_narrow_passage,20260528,rrt_connect,31070,True,0.04212614688424463,0.041981867315808136,0.04212614688424463,0.041981867315808136,0.0002498068335698503,0.00012762783978486814,6.610077354182312e-06,6.322531802941916e-06,1.033963268172009,0.009954971503219744,0.003496063190060808,0.002999999999999989,0.003496063190060808,1.3563613917983488e-09,0.0
29,42,scene_03_narrow_passage,20260528,rrt_connect,31071,True,0.042621281661650544,0.04217289437993125,0.042621281661650544,0.04217289437993125,0.00037897121066370233,0.00019357338480332554,1.4299929351453232e-05,9.562686345352011e-06,1.0303306797514038,0.015098724014659413,0.025592668323389293,0.002999999999999989,0.025592668323389293,1.35636141580404e-09,0.0
30,42,scene_03_narrow_passage,20260528,rrt_connect,31072,True,0.04292340243852559,0.042306653804422126,0.04292340243852559,0.042306653804422126,0.000446200199489307,0.00022789463836033218,1.67420075468778e-05,1.1260013357627408e-05,1.0437045337783155,0.017775781792105923,0.017034722569175646,0.002999999999999989,0.017034722569175646,1.3563613523542043e-09,0.0
31,42,scene_03_narrow_passage,20260528,rrt_connect,31073,True,0.04188563161044218,0.04184627153097127,0.04188563161044218,0.04184627153097127,9.992569574560363e-05,5.113494688761797e-05,7.043358604932939e-06,2.4837117158291032e-06,1.0512084522150433,0.003988525857234202,0.004898727494664752,0.002999999999999989,0.004898727494664752,1.3563614479786972e-09,0.0
32,42,scene_03_narrow_passage,20260528,rrt_connect,31074,True,0.0419673575132776,0.04189126767725774,0.0419673575132776,0.04189126767725774,0.00016327920388372276,8.37136646809997e-05,5.283643408040171e-06,4.127387915459352e-06,1.0721864974668407,0.0065296658451180056,0.00023086660425643973,0.002999999999999989,0.00023086660425643973,1.3563613167678413e-09,0.0
33,42,scene_03_narrow_passage,20260528,rrt_connect,31075,True,0.057534677655421806,0.04651510676596205,0.057534677655421806,0.04651510676596205,0.0017154430385897341,0.0008784975669711833,0.0003393001029847679,3.984526518344707e-05,1.385406992414656,0.06852281022375226,0.0082060719353335,0.002999999999999989,0.0082060719353335,1.3563612851892394e-09,0.0
34,42,scene_03_narrow_passage,20260528,rrt_connect,31076,True,0.06924761249848518,0.0496711062949389,0.06924761249848518,0.0496711062949389,0.002395810761734312,0.0012264578176580372,0.0005378048559061492,5.482172369132807e-05,1.5440056942791898,0.0956637097773269,0.025592668323389127,0.002999999999999989,0.025592668323389127,1.3563617038258813e-09,0.0
35,42,scene_03_narrow_passage,20260528,rrt_connect,31077,True,0.0418877877839598,0.04184325619902259,0.0418877877839598,0.04184325619902259,9.958864779862547e-05,5.122646343915557e-05,2.1176263009964443e-05,2.293984474481098e-06,1.0495318587010702,0.0039956641482541385,0.005669776113366651,0.002999999999999989,0.005669776113366651,1.35636141580404e-09,0.0
36,42,scene_03_narrow_passage,20260528,rrt_connect,31078,True,0.04223636371382285,0.04201753274044336,0.04223636371382285,0.04201753274044336,0.00027733301430970424,0.00014237443331169145,8.967245161946478e-06,7.010339054650027e-06,1.0449666385888414,0.011105205798311929,0.025592668323389266,0.002999999999999989,0.025592668323389266,1.3563613449458566e-09,0.0
37,42,scene_03_narrow_passage,20260528,rrt_connect,31079,True,0.04230579835334355,0.042019222003490585,0.04230579835334355,0.042019222003490585,0.00028780286741012976,0.00014701959458659664,1.3316050819242434e-05,7.23652146726668e-06,1.0466211497967217,0.011467528377754528,0.025592668323389293,0.002999999999999989,0.025592668323389293,1.3563615295690948e-09,0.0
38,42,scene_03_narrow_passage,20260528,rrt_connect,31080,True,0.04309027819697153,0.04226353745250171,0.04309027819697153,0.04226353745250171,0.00045587040735522603,0.00023306507035888193,3.7061422205554165e-05,1.126966049120353e-05,1.0375272086313363,0.018179075487992812,0.025592668323389293,0.002999999999999989,0.025592668323389293,1.3563615188368918e-09,0.0
39,42,scene_03_narrow_passage,20260528,rrt_connect,31081,True,0.04504261224855832,0.043124783840725954,0.04504261224855832,0.043124783840725954,0.0007509246183527317,0.0003852672811219491,3.601599291524359e-05,1.8866019040744752e-05,1.1252979716940719,0.030050847927512087,0.009918587893782319,0.002999999999999989,0.009918587893782319,1.3563612868529947e-09,0.0
40,42,scene_03_narrow_passage,20260528,rrt_connect,31082,True,0.04276772434748033,0.04222920744863639,0.04276772434748033,0.04222920744863639,0.0004093696152268055,0.0002095401589491271,1.6248851577310344e-05,1.0321539449779715e-05,1.113491254918749,0.016344132398031945,0.008797018365116684,0.002999999999999989,0.008797018365116684,1.3563614224957228e-09,0.0
41,42,scene_03_narrow_passage,20260528,rrt_connect,31083,True,0.041936767109707854,0.041874861372733815,0.041936767109707854,0.041874861372733815,0.00014307283092417135,7.312021966674248e-05,5.038461158753286e-06,3.6134808565898634e-06,1.05172764103795,0.0057033771340059426,0.007864297779764842,0.002999999999999989,0.007864297779764842,1.35636141580404e-09,0.0
42,42,scene_03_narrow_passage,20260528,rrt_connect,31084,True,0.04243465761980043,0.042061523109683266,0.04243465761980043,0.042061523109683266,0.0003199537014789369,0.0001641457233522453,1.6870525638341717e-05,8.020951613878617e-06,1.0690674473186546,0.012803366421475152,0.02035721315949411,0.002999999999999989,0.02035721315949411,1.3563614339226201e-09,0.0
43,42,scene_03_narrow_passage,20260528,rrt_connect,31085,True,0.042538225380236834,0.04211861749261925,0.042538225380236834,0.04211861749261925,0.0003522900743521567,0.00018005224614080795,1.5515504805038885e-05,8.866530506278644e-06,1.0462691636814956,0.014044075198982984,0.007959044009116956,0.002999999999999989,0.007959044009116956,1.3563614176506333e-09,0.0
44,42,scene_03_narrow_passage,20260528,rrt_connect,31086,True,0.042227952529794784,0.04202078031591664,0.042227952529794784,0.04202078031591664,0.00027996970345665185,0.00014305027960850528,8.369451157279515e-06,7.0821399962541185e-06,1.036974554900374,0.011157921809463405,0.002177169635053336,0.002999999999999989,0.002177169635053336,1.3563612868529947e-09,0.0
45,42,scene_03_narrow_passage,20260528,rrt_connect,31087,True,0.043186581890724725,0.04237035247840723,0.043186581890724725,0.04237035247840723,0.0004842747814702933,0.0002478444196842431,2.3314669185796132e-05,1.2166165963124323e-05,1.1048532476966022,0.019331864735370952,0.005857809282636205,0.002999999999999989,0.005857809282636205,1.3563615295690948e-09,0.0
46,42,scene_03_narrow_passage,20260528,rrt_connect,31088,True,0.043695134979234336,0.04264051865310629,0.043695134979234336,0.04264051865310629,0.000580631726139866,0.0002978749647271341,2.2348324938861923e-05,1.4646044129850282e-05,1.0932160692648274,0.023234247248716377,0.005005041462399572,0.002999999999999989,0.005005041462399572,1.3563612259883727e-09,0.0
47,42,scene_03_narrow_passage,20260528,rrt_connect,31089,True,0.0757734910655536,0.05128303902405481,0.0757734910655536,0.05128303902405481,0.0027451516806784124,0.0014040289771033853,0.0006255804026239132,6.269483466033734e-05,1.0647060117314835,0.10951426021406402,0.022283605360630107,0.002999999999999989,0.022283605360630107,1.3563615118637874e-09,0.0
48,42,scene_03_narrow_passage,20260528,rrt_connect,31090,True,0.04204288266987889,0.041934587089887246,0.04204288266987889,0.041934587089887246,0.0002091857479198395,0.00010684164506569276,5.852540228534801e-06,5.293570556502684e-06,1.0404178559696415,0.00833364831512405,0.018286604654219774,0.002999999999999989,0.018286604654219774,1.356361513297111e-09,0.0
49,42,scene_03_narrow_passage,20260528,rrt_connect,31091,True,0.0425085325496026,0.04208115395810301,0.0425085325496026,0.04208115395810301,0.00033631260781092265,0.00017272782700020398,1.9979683346661974e-05,8.40435884703439e-06,1.0654155835951165,0.013472770506015906,0.011058156072205262,0.002999999999999989,0.011058156072205262,1.3563613449458566e-09,0.0
0,42,scene_03_narrow_passage,20260528,prm,32042,True,0.15827053365796304,0.10538055375351063,0.15827053365796304,0.10538055375351063,0.0072114818199543445,0.003682569666096628,0.00023546869375470808,0.00018228974628215391,1.4435709920120228,0.2872404339555373,0.025592668323389516,0.002999999999999989,0.025592668323389516,1.356361730943558e-09,0.0
1,42,scene_03_narrow_passage,20260528,prm,32043,True,0.20267740511382465,0.14662723261699526,0.20267740511382465,0.14662723261699526,0.018274479513391766,0.00880936811656529,0.001139472289535448,0.0008085488372155651,4.964733427618648,0.6871307130920928,0.02559266832338928,0.002999999999999989,0.02559266832338928,1.3563612883302698e-09,0.0
2,42,scene_03_narrow_passage,20260528,prm,32044,True,0.149101768723754,0.1055750186578946,0.149101768723754,0.1055750186578946,0.007096032517813512,0.0036234069480285524,0.0001885820926482048,0.00017959929533098155,2.3362512064526815,0.28262574194622736,0.01980759225010388,0.002999999999999989,0.01980759225010388,1.35636141580404e-09,0.0
3,42,scene_03_narrow_passage,20260528,prm,32045,True,0.11843787940975095,0.08387837765016816,0.11843787940975095,0.08387837765016816,0.005298362402565441,0.0027120576917586156,0.000161197276761126,0.0001340064050468533,1.7448974850558863,0.21154049995717197,0.012465195408330784,0.002999999999999989,0.012465195408330784,1.3563617741098354e-09,0.0
4,42,scene_03_narrow_passage,20260528,prm,32046,True,0.207791885804221,0.13686252729677875,0.207791885804221,0.13686252729677875,0.00973620192748784,0.004971658341823828,0.0002983213542013603,0.0002462467640937636,2.2345422475903995,0.3877893506622588,0.0192837483220758,0.002999999999999989,0.0192837483220758,1.356361257380491e-09,0.0
5,42,scene_03_narrow_passage,20260528,prm,32047,True,0.16272609870658597,0.10716508626673067,0.16272609870658597,0.10716508626673067,0.007387877087899437,0.0037755775479709095,0.0002481938810257178,0.00018669127205033376,1.022811706829314,0.2944950487417315,0.02559266832338932,0.002999999999999989,0.02559266832338932,1.356361421713139e-09,0.0
6,42,scene_03_narrow_passage,20260528,prm,32048,True,0.1262605942161973,0.09012052762792691,0.1262605942161973,0.09012052762792691,0.00581785910666022,0.002970710643499642,0.00016322648691183503,0.00014722347064070025,1.9975994618655666,0.23171543019297242,0.01848023248203315,0.002999999999999989,0.01848023248203315,1.3563613743744675e-09,0.0
7,42,scene_03_narrow_passage,20260528,prm,32049,True,0.16741656837755192,0.11358889065444655,0.16741656837755192,0.11358889065444655,0.00780794021077751,0.003987194208889451,0.00023178376892260975,0.00019752188339880797,1.3935240375272517,0.31100114829337716,0.017142340511459526,0.0030000000000000027,0.017142340511459526,1.3563614020733823e-09,0.0
8,42,scene_03_narrow_passage,20260528,prm,32050,True,0.13650027597014738,0.09044294017878414,0.13650027597014738,0.09044294017878414,0.00602746931763111,0.0030801273234694402,0.00021989651531290278,0.0001521627199021222,1.7226522357230072,0.24024993123061641,0.025592668323389474,0.002999999999999989,0.025592668323389474,1.3563615144490136e-09,0.0
9,42,scene_03_narrow_passage,20260528,prm,32051,True,0.16425724324231375,0.11610806739629154,0.16425724324231375,0.11610806739629154,0.007948367564036623,0.004060455884171008,0.00020492824519757503,0.0002011770536311828,2.913585935363277,0.3167155589653387,0.011890134630460875,0.002999999999999989,0.011890134630460875,1.3563614287521586e-09,0.0
10,42,scene_03_narrow_passage,20260528,prm,32052,True,0.1353695675337968,0.08976139207404851,0.1353695675337968,0.08976139207404851,0.005965327817444369,0.003050631426305838,0.0002184702038334536,0.00015058446752189798,1.260085428782983,0.2379492512518551,0.025592668323389224,0.002999999999999989,0.025592668323389224,1.356361232288763e-09,0.0
11,42,scene_03_narrow_passage,20260528,prm,32053,True,0.12987275035754267,0.09104327229114782,0.12987275035754267,0.09104327229114782,0.0059212289654437976,0.0030235832101363678,0.0001759151972348212,0.00014979204333196504,2.7685453301173064,0.23583949039063676,0.0255926683233895,0.0030000000000000027,0.0255926683233895,1.3563614874448274e-09,0.0
12,42,scene_03_narrow_passage,20260528,prm,32054,True,0.1368878423652913,0.09717133794919693,0.1368878423652913,0.09717133794919693,0.006402773507005063,0.0032711450865201383,0.000175506696262869,0.0001620375774127492,1.5483565475925702,0.25514931674857105,0.022538619167025424,0.002999999999999989,0.022538619167025424,1.3563615513808646e-09,0.0
13,42,scene_03_narrow_passage,20260528,prm,32055,True,0.12793171423870045,0.08865079994736719,0.12793171423870045,0.08865079994736719,0.005748599275988016,0.0029360659637898204,0.00018128058084379773,0.00014535792915331433,1.3714866972957689,0.22901314517560573,0.02559266832338928,0.002999999999999989,0.02559266832338928,1.3563612924147369e-09,0.0
14,42,scene_03_narrow_passage,20260528,prm,32056,True,0.1359850675059678,0.09171732509526612,0.1359850675059678,0.09171732509526612,0.006071223702505197,0.003101369058725064,0.00020591956626065622,0.00015340462167409767,2.5778295799835824,0.2419067865805549,0.02559266832338932,0.002999999999999989,0.02559266832338932,1.3563615240293149e-09,0.0
15,42,scene_03_narrow_passage,20260528,prm,32057,True,0.07740379985961393,0.06122356474387556,0.07740379985961393,0.06122356474387556,0.0031826126584741667,0.0016259021424811471,8.896535122318259e-05,8.05377909330781e-05,1.1453291808001467,0.1268203671135293,0.025592668323389293,0.002999999999999989,0.025592668323389293,1.356361514774386e-09,0.0
16,42,scene_03_narrow_passage,20260528,prm,32058,True,0.1795077959175195,0.1262084096460639,0.1795077959175195,0.1262084096460639,0.008719658660196743,0.004476025280842556,0.00022382245351332405,0.00022067131012826422,3.6221349171761066,0.34912997190571915,0.021342101607098256,0.002999999999999989,0.021342101607098256,1.3563615133410594e-09,0.0
17,42,scene_03_narrow_passage,20260528,prm,32059,True,0.14772860174263194,0.10362759752464337,0.14772860174263194,0.10362759752464337,0.0069146642120686,0.003547155292190599,0.00019201141805725203,0.00017496776765913544,4.116058913474011,0.27667811279086624,0.02320918173073539,0.002999999999999989,0.02320918173073539,1.3563615309039048e-09,0.0
18,42,scene_03_narrow_passage,20260528,prm,32060,True,0.18928067552492703,0.13163557339669799,0.18928067552492703,0.13163557339669799,0.009173455883561724,0.00469870481593202,0.00024034520275051892,0.00023216596158197677,3.4042848090176827,0.36649897564269696,0.025592668323389516,0.002999999999999989,0.025592668323389516,1.356361489313405e-09,0.0
19,42,scene_03_narrow_passage,20260528,prm,32061,True,0.19117868402314278,0.130457741543421,0.19117868402314278,0.130457741543421,0.009110519737696011,0.004662852284913843,0.00025391210125014224,0.00023054014939311425,1.9761152030480862,0.3637024782232793,0.018048662263141987,0.002999999999999989,0.018048662263141987,1.3563614531052647e-09,0.0
20,42,scene_03_narrow_passage,20260528,prm,32062,True,0.14137077017090155,0.09720237368210194,0.14137077017090155,0.09720237368210194,0.006461930282789557,0.003300249906596273,0.0001975463088957813,0.00016343662895203868,1.0714160823109338,0.25741949271450937,0.025592668323389002,0.002999999999999989,0.025592668323389002,1.356361410011885e-09,0.0
21,42,scene_03_narrow_passage,20260528,prm,32063,True,0.16416365594207796,0.11458116027956405,0.16416365594207796,0.11458116027956405,0.00780599892762315,0.004001591476509764,0.00021138402451610202,0.00019754118852969245,1.1396571014176218,0.3121241351677613,0.025592668323389266,0.002999999999999989,0.025592668323389266,1.3563613442072193e-09,0.0
22,42,scene_03_narrow_passage,20260528,prm,32064,True,0.07762236091569596,0.056726199995661836,0.07762236091569596,0.056726199995661836,0.0029227247463046737,0.0014953998313138154,0.0001560109301036898,7.325016987641201e-05,1.4986837169699658,0.11664118684247755,0.02198724378585798,0.002999999999999989,0.02198724378585798,1.3563613538314783e-09,0.0
23,42,scene_03_narrow_passage,20260528,prm,32065,True,0.13030598205909055,0.0922145760829797,0.13030598205909055,0.0922145760829797,0.00597646854848433,0.003064831502275526,0.00017111440447089576,0.00015120856372775516,3.9281461073415778,0.239056857177491,0.024251665252784015,0.002999999999999989,0.024251665252784015,1.356361448348016e-09,0.0
24,42,scene_03_narrow_passage,20260528,prm,32066,True,0.2102821673469182,0.1437791354927463,0.2102821673469182,0.1437791354927463,0.010129019507958583,0.005196548583579096,0.00027418320603757253,0.0002563237703700639,2.4859203962176717,0.4053307895191694,0.025592668323389058,0.002999999999999989,0.025592668323389058,1.3563613693209035e-09,0.0
25,42,scene_03_narrow_passage,20260528,prm,32067,True,0.21425476748316752,0.1436562168200625,0.21425476748316752,0.1436562168200625,0.010189944229262763,0.005212570430560521,0.00029235368174007853,0.00025782332870269935,4.820098180274149,0.4065804935837206,0.016057102725747646,0.002999999999999989,0.016057102725747646,1.3563613171371607e-09,0.0
26,42,scene_03_narrow_passage,20260528,prm,32068,True,0.143026009946913,0.10073348153590322,0.143026009946913,0.10073348153590322,0.006676462449880459,0.003424445413083702,0.00018532490091756714,0.00016894116417020717,2.4545137602785907,0.2671067422205286,0.025592668323389405,0.002999999999999989,0.025592668323389405,1.3563615943756726e-09,0.0
27,42,scene_03_narrow_passage,20260528,prm,32069,True,4.49426359782306,3.599828456558176,4.49426359782306,3.599828456558176,6.642129704993273,6.642129704993273,0.0,0.0,1.549160207921848,6.642129704993273,0.025592668323389293,0.0030000000000000027,0.025592668323389293,1.3563615151437045e-09,0.0
28,42,scene_03_narrow_passage,20260528,prm,32070,True,0.19941849541918594,0.13344564856297322,0.19941849541918594,0.13344564856297322,0.009379431135186553,0.004807096595623313,0.0002765998461956366,0.00023726925602358698,1.442465196521898,0.37495353445861873,0.021449340739245128,0.002999999999999989,0.021449340739245128,1.3563615092346066e-09,0.0
29,42,scene_03_narrow_passage,20260528,prm,32071,True,0.18935716480827333,0.1322178274714572,0.18935716480827333,0.1322178274714572,0.009241454092729192,0.004721583717524957,0.00023819265276308547,0.000233905036980488,3.4655214519051825,0.3682835299669463,0.0205899609017857,0.002999999999999989,0.0205899609017857,1.3563613953527873e-09,0.0
30,42,scene_03_narrow_passage,20260528,prm,32072,True,0.17016180064755496,0.1136333160162827,0.17016180064755496,0.1136333160162827,0.00783191678185911,0.004012514528108944,0.00024558723599942624,0.00019803440735299084,3.5087649183989753,0.31297613319249773,0.025592668323389002,0.002999999999999989,0.025592668323389002,1.3563613859622221e-09,0.0
31,42,scene_03_narrow_passage,20260528,prm,32073,True,0.1500255101998892,0.10229449799776899,0.1500255101998892,0.10229449799776899,0.006893313941027041,0.003520121832929095,0.00021097417972089577,0.0001743461917846996,2.888333003099242,0.2745695029684693,0.022725768093439118,0.002999999999999989,0.022725768093439118,1.356361424623797e-09,0.0
32,42,scene_03_narrow_passage,20260528,prm,32074,True,0.1828557436985711,0.11802100363819858,0.1828557436985711,0.11802100363819858,0.008310203645254127,0.004259206035618441,0.0002858116814240667,0.00020993341798180044,4.137740927455574,0.3322180707782386,0.010580531764841854,0.002999999999999989,0.010580531764841854,1.3563615092785614e-09,0.0
33,42,scene_03_narrow_passage,20260528,prm,32075,True,0.08500350509371225,0.06450786592454921,0.08500350509371225,0.06450786592454921,0.003527639669631463,0.0018043220332554521,0.00010921014618916401,8.921053451465574e-05,1.1570172732896873,0.14073711859392515,0.0037227085970583038,0.002999999999999989,0.0037227085970583038,1.3563614870315684e-09,0.0
34,42,scene_03_narrow_passage,20260528,prm,32076,True,0.14669171818666407,0.10398600727845939,0.14669171818666407,0.10398600727845939,0.00696271433874532,0.003556808457645272,0.00018563556609873117,0.00017622210295737293,4.254077057922662,0.27743105969633114,0.024335871494696036,0.002999999999999989,0.024335871494696036,1.356361513297111e-09,0.0
35,42,scene_03_narrow_passage,20260528,prm,32077,True,0.14609793330077148,0.10074894740150724,0.14609793330077148,0.10074894740150724,0.0067423953875883295,0.003443092528817667,0.0002001343716175135,0.00017056626524529402,1.9143334043073854,0.2685612172477781,0.009564158671193285,0.002999999999999989,0.009564158671193285,1.356361488139524e-09,0.0
36,42,scene_03_narrow_passage,20260528,prm,32078,True,0.1862876773430712,0.12500615091884182,0.1862876773430712,0.12500615091884182,0.008742006149900788,0.004463951377477737,0.0002597520011568482,0.00022115036538240606,4.12596092232732,0.34818820744326323,0.0255926683233891,0.002999999999999989,0.0255926683233891,1.3563609295673743e-09,0.0
37,42,scene_03_narrow_passage,20260528,prm,32079,True,0.2325810480633616,0.15615486624611735,0.2325810480633616,0.15615486624611735,0.01117820220594223,0.005708583969859794,0.00031294213910103123,0.0002828710737672376,1.9819329251307092,0.4452695496490635,0.02559266832338939,0.002999999999999989,0.02559266832338939,1.356361354636107e-09,0.0
38,42,scene_03_narrow_passage,20260528,prm,32080,True,0.1488834348089558,0.10541505162805351,0.1488834348089558,0.10541505162805351,0.007082543852469833,0.0036167661084024116,0.00018838947165220662,0.00017925728705896137,2.6642059452509614,0.28210775645538827,0.025592668323389474,0.002999999999999989,0.025592668323389474,1.3563615100171975e-09,0.0
39,42,scene_03_narrow_passage,20260528,prm,32081,True,0.18623447310034635,0.12707847356272112,0.18623447310034635,0.12707847356272112,0.00886478245935559,0.004526626772442019,0.0002484521759275514,0.0002243281064780582,3.4659150713428453,0.35307688825047767,0.025592668323389058,0.002999999999999989,0.025592668323389058,1.3563613730140958e-09,0.0
40,42,scene_03_narrow_passage,20260528,prm,32082,True,0.14362258719621784,0.10201258220041762,0.14362258719621784,0.10201258220041762,0.006796030747986236,0.0034736809551971534,0.00018165702727576482,0.00017200007522655297,1.5253886994083383,0.2709471145053774,0.007913674415042801,0.0030000000000000027,0.007913674415042801,1.3563611985490078e-09,0.0
41,42,scene_03_narrow_passage,20260528,prm,32083,True,0.15076547707673638,0.10742221504957217,0.15076547707673638,0.10742221504957217,0.007244143100581442,0.003698976723087606,0.00018726526406296975,0.0001833547094598426,1.6995307957829466,0.288520184400833,0.025592668323389293,0.002999999999999989,0.025592668323389293,1.3563613824994774e-09,0.0
42,42,scene_03_narrow_passage,20260528,prm,32084,True,4.836605977705903,4.604760251937002,4.836605977705903,4.604760251937002,8.60889354895022,8.60889354895022,0.0,0.0,0.9748956684669088,8.60889354895022,0.025592668323389293,0.0030000000000000027,0.025592668323389293,1.3563615151437045e-09,0.0
43,42,scene_03_narrow_passage,20260528,prm,32085,True,0.16590989119759456,0.11303668903911342,0.16590989119759456,0.11303668903911342,0.007718745338009539,0.003959567736208463,0.00022750166462930031,0.00019525628295120878,2.2374469050539583,0.30884628342426024,0.012047790973011972,0.002999999999999989,0.012047790973011972,1.3563615151437045e-09,0.0
44,42,scene_03_narrow_passage,20260528,prm,32086,True,0.11771886411166003,0.07628257107057522,0.11771886411166003,0.07628257107057522,0.004965200669243606,0.002539061360645194,0.00023319590102268144,0.00012480487030712542,1.102742373235452,0.19804678613032495,0.025592668323389238,0.002999999999999989,0.025592668323389238,1.3563613623477846e-09,0.0
45,42,scene_03_narrow_passage,20260528,prm,32087,True,4.302893926984461,3.900438802929898,4.302893926984461,3.900438802929898,7.112267036098108,7.112267036098108,0.0,0.0,2.2903006781753312,7.112267036098108,0.025592668323389293,0.0030000000000000027,0.025592668323389293,1.3563615151437045e-09,0.0
46,42,scene_03_narrow_passage,20260528,prm,32088,True,0.16494080442669234,0.11262921539175691,0.16494080442669234,0.11262921539175691,0.007696071609811359,0.003940358852859932,0.00022506074658410909,0.00019469968301447148,3.7858076087014165,0.30734799052307465,0.0026654126458851776,0.002999999999999989,0.0026654126458851776,1.356361580319587e-09,0.0
47,42,scene_03_narrow_passage,20260528,prm,32089,True,0.06760979637563927,0.05253801123555731,0.06760979637563927,0.05253801123555731,0.0023833108205521493,0.001217604622074105,0.0001225030127871386,5.978710217381371e-05,1.039723888578128,0.09497316052178015,0.025592668323389266,0.002999999999999989,0.025592668323389266,1.3563614232123803e-09,0.0
48,42,scene_03_narrow_passage,20260528,prm,32090,True,0.1225562392899438,0.08864018975144558,0.1225562392899438,0.08864018975144558,0.005669930319717889,0.0029010793716927716,0.0001537618453846318,0.00014349097676896887,1.1384368144251906,0.22628419099203614,0.01616424290051475,0.002999999999999989,0.01616424290051475,1.3563613653023323e-09,0.0
49,42,scene_03_narrow_passage,20260528,prm,32091,True,5.429584526019532,4.865065608953195,5.429584526019532,4.865065608953195,9.221331271146877,9.221331271146877,0.0,0.0,1.4637291448011291,9.221331271146877,0.025592668323389293,0.0030000000000000027,0.025592668323389293,1.3563615151437045e-09,0.0
0,42,scene_03_narrow_passage,20260528,apf,33042,False,0.045000000000000234,0.045,0.045000000000000234,0.045,0.08999999999978046,0.08714467535550964,0.17999999999955293,0.1742403305280251,51.61892421333635,139.3443358934599,0.13750066301318256,0.002999999999999989,0.13750066301318256,0.5700096109923453,0.0
1,42,scene_03_narrow_passage,20260528,apf,33043,False,0.045000000000000234,0.045,0.045000000000000234,0.045,0.08999999999978046,0.08714467535550964,0.17999999999955293,0.1742403305280251,51.61892421333635,139.3443358934599,0.13750066301318256,0.002999999999999989,0.13750066301318256,0.5700096109923453,0.0
2,42,scene_03_narrow_passage,20260528,apf,33044,False,0.045000000000000234,0.045,0.045000000000000234,0.045,0.08999999999978046,0.08714467535550964,0.17999999999955293,0.1742403305280251,51.61892421333635,139.3443358934599,0.13750066301318256,0.002999999999999989,0.13750066301318256,0.5700096109923453,0.0
3,42,scene_03_narrow_passage,20260528,apf,33045,False,0.045000000000000234,0.045,0.045000000000000234,0.045,0.08999999999978046,0.08714467535550964,0.17999999999955293,0.1742403305280251,51.61892421333635,139.3443358934599,0.13750066301318256,0.002999999999999989,0.13750066301318256,0.5700096109923453,0.0
4,42,scene_03_narrow_passage,20260528,apf,33046,False,0.045000000000000234,0.045,0.045000000000000234,0.045,0.08999999999978046,0.08714467535550964,0.17999999999955293,0.1742403305280251,51.61892421333635,139.3443358934599,0.13750066301318256,0.002999999999999989,0.13750066301318256,0.5700096109923453,0.0
5,42,scene_03_narrow_passage,20260528,apf,33047,False,0.045000000000000234,0.045,0.045000000000000234,0.045,0.08999999999978046,0.08714467535550964,0.17999999999955293,0.1742403305280251,51.61892421333635,139.3443358934599,0.13750066301318256,0.002999999999999989,0.13750066301318256,0.5700096109923453,0.0
6,42,scene_03_narrow_passage,20260528,apf,33048,False,0.045000000000000234,0.045,0.045000000000000234,0.045,0.08999999999978046,0.08714467535550964,0.17999999999955293,0.1742403305280251,51.61892421333635,139.3443358934599,0.13750066301318256,0.002999999999999989,0.13750066301318256,0.5700096109923453,0.0
7,42,scene_03_narrow_passage,20260528,apf,33049,False,0.045000000000000234,0.045,0.045000000000000234,0.045,0.08999999999978046,0.08714467535550964,0.17999999999955293,0.1742403305280251,51.61892421333635,139.3443358934599,0.13750066301318256,0.002999999999999989,0.13750066301318256,0.5700096109923453,0.0
8,42,scene_03_narrow_passage,20260528,apf,33050,False,0.045000000000000234,0.045,0.045000000000000234,0.045,0.08999999999978046,0.08714467535550964,0.17999999999955293,0.1742403305280251,51.61892421333635,139.3443358934599,0.13750066301318256,0.002999999999999989,0.13750066301318256,0.5700096109923453,0.0
9,42,scene_03_narrow_passage,20260528,apf,33051,False,0.045000000000000234,0.045,0.045000000000000234,0.045,0.08999999999978046,0.08714467535550964,0.17999999999955293,0.1742403305280251,51.61892421333635,139.3443358934599,0.13750066301318256,0.002999999999999989,0.13750066301318256,0.5700096109923453,0.0
10,42,scene_03_narrow_passage,20260528,apf,33052,False,0.045000000000000234,0.045,0.045000000000000234,0.045,0.08999999999978046,0.08714467535550964,0.17999999999955293,0.1742403305280251,51.61892421333635,139.3443358934599,0.13750066301318256,0.002999999999999989,0.13750066301318256,0.5700096109923453,0.0
11,42,scene_03_narrow_passage,20260528,apf,33053,False,0.045000000000000234,0.045,0.045000000000000234,0.045,0.08999999999978046,0.08714467535550964,0.17999999999955293,0.1742403305280251,51.61892421333635,139.3443358934599,0.13750066301318256,0.002999999999999989,0.13750066301318256,0.5700096109923453,0.0
12,42,scene_03_narrow_passage,20260528,apf,33054,False,0.045000000000000234,0.045,0.045000000000000234,0.045,0.08999999999978046,0.08714467535550964,0.17999999999955293,0.1742403305280251,51.61892421333635,139.3443358934599,0.13750066301318256,0.002999999999999989,0.13750066301318256,0.5700096109923453,0.0
13,42,scene_03_narrow_passage,20260528,apf,33055,False,0.045000000000000234,0.045,0.045000000000000234,0.045,0.08999999999978046,0.08714467535550964,0.17999999999955293,0.1742403305280251,51.61892421333635,139.3443358934599,0.13750066301318256,0.002999999999999989,0.13750066301318256,0.5700096109923453,0.0
14,42,scene_03_narrow_passage,20260528,apf,33056,False,0.045000000000000234,0.045,0.045000000000000234,0.045,0.08999999999978046,0.08714467535550964,0.17999999999955293,0.1742403305280251,51.61892421333635,139.3443358934599,0.13750066301318256,0.002999999999999989,0.13750066301318256,0.5700096109923453,0.0
15,42,scene_03_narrow_passage,20260528,apf,33057,False,0.045000000000000234,0.045,0.045000000000000234,0.045,0.08999999999978046,0.08714467535550964,0.17999999999955293,0.1742403305280251,51.61892421333635,139.3443358934599,0.13750066301318256,0.002999999999999989,0.13750066301318256,0.5700096109923453,0.0
16,42,scene_03_narrow_passage,20260528,apf,33058,False,0.045000000000000234,0.045,0.045000000000000234,0.045,0.08999999999978046,0.08714467535550964,0.17999999999955293,0.1742403305280251,51.61892421333635,139.3443358934599,0.13750066301318256,0.002999999999999989,0.13750066301318256,0.5700096109923453,0.0
17,42,scene_03_narrow_passage,20260528,apf,33059,False,0.045000000000000234,0.045,0.045000000000000234,0.045,0.08999999999978046,0.08714467535550964,0.17999999999955293,0.1742403305280251,51.61892421333635,139.3443358934599,0.13750066301318256,0.002999999999999989,0.13750066301318256,0.5700096109923453,0.0
18,42,scene_03_narrow_passage,20260528,apf,33060,False,0.045000000000000234,0.045,0.045000000000000234,0.045,0.08999999999978046,0.08714467535550964,0.17999999999955293,0.1742403305280251,51.61892421333635,139.3443358934599,0.13750066301318256,0.002999999999999989,0.13750066301318256,0.5700096109923453,0.0
19,42,scene_03_narrow_passage,20260528,apf,33061,False,0.045000000000000234,0.045,0.045000000000000234,0.045,0.08999999999978046,0.08714467535550964,0.17999999999955293,0.1742403305280251,51.61892421333635,139.3443358934599,0.13750066301318256,0.002999999999999989,0.13750066301318256,0.5700096109923453,0.0
20,42,scene_03_narrow_passage,20260528,apf,33062,False,0.045000000000000234,0.045,0.045000000000000234,0.045,0.08999999999978046,0.08714467535550964,0.17999999999955293,0.1742403305280251,51.61892421333635,139.3443358934599,0.13750066301318256,0.002999999999999989,0.13750066301318256,0.5700096109923453,0.0
21,42,scene_03_narrow_passage,20260528,apf,33063,False,0.045000000000000234,0.045,0.045000000000000234,0.045,0.08999999999978046,0.08714467535550964,0.17999999999955293,0.1742403305280251,51.61892421333635,139.3443358934599,0.13750066301318256,0.002999999999999989,0.13750066301318256,0.5700096109923453,0.0
22,42,scene_03_narrow_passage,20260528,apf,33064,False,0.045000000000000234,0.045,0.045000000000000234,0.045,0.08999999999978046,0.08714467535550964,0.17999999999955293,0.1742403305280251,51.61892421333635,139.3443358934599,0.13750066301318256,0.002999999999999989,0.13750066301318256,0.5700096109923453,0.0
23,42,scene_03_narrow_passage,20260528,apf,33065,False,0.045000000000000234,0.045,0.045000000000000234,0.045,0.08999999999978046,0.08714467535550964,0.17999999999955293,0.1742403305280251,51.61892421333635,139.3443358934599,0.13750066301318256,0.002999999999999989,0.13750066301318256,0.5700096109923453,0.0
24,42,scene_03_narrow_passage,20260528,apf,33066,False,0.045000000000000234,0.045,0.045000000000000234,0.045,0.08999999999978046,0.08714467535550964,0.17999999999955293,0.1742403305280251,51.61892421333635,139.3443358934599,0.13750066301318256,0.002999999999999989,0.13750066301318256,0.5700096109923453,0.0
25,42,scene_03_narrow_passage,20260528,apf,33067,False,0.045000000000000234,0.045,0.045000000000000234,0.045,0.08999999999978046,0.08714467535550964,0.17999999999955293,0.1742403305280251,51.61892421333635,139.3443358934599,0.13750066301318256,0.002999999999999989,0.13750066301318256,0.5700096109923453,0.0
26,42,scene_03_narrow_passage,20260528,apf,33068,False,0.045000000000000234,0.045,0.045000000000000234,0.045,0.08999999999978046,0.08714467535550964,0.17999999999955293,0.1742403305280251,51.61892421333635,139.3443358934599,0.13750066301318256,0.002999999999999989,0.13750066301318256,0.5700096109923453,0.0
27,42,scene_03_narrow_passage,20260528,apf,33069,False,0.045000000000000234,0.045,0.045000000000000234,0.045,0.08999999999978046,0.08714467535550964,0.17999999999955293,0.1742403305280251,51.61892421333635,139.3443358934599,0.13750066301318256,0.002999999999999989,0.13750066301318256,0.5700096109923453,0.0
28,42,scene_03_narrow_passage,20260528,apf,33070,False,0.045000000000000234,0.045,0.045000000000000234,0.045,0.08999999999978046,0.08714467535550964,0.17999999999955293,0.1742403305280251,51.61892421333635,139.3443358934599,0.13750066301318256,0.002999999999999989,0.13750066301318256,0.5700096109923453,0.0
29,42,scene_03_narrow_passage,20260528,apf,33071,False,0.045000000000000234,0.045,0.045000000000000234,0.045,0.08999999999978046,0.08714467535550964,0.17999999999955293,0.1742403305280251,51.61892421333635,139.3443358934599,0.13750066301318256,0.002999999999999989,0.13750066301318256,0.5700096109923453,0.0
30,42,scene_03_narrow_passage,20260528,apf,33072,False,0.045000000000000234,0.045,0.045000000000000234,0.045,0.08999999999978046,0.08714467535550964,0.17999999999955293,0.1742403305280251,51.61892421333635,139.3443358934599,0.13750066301318256,0.002999999999999989,0.13750066301318256,0.5700096109923453,0.0
31,42,scene_03_narrow_passage,20260528,apf,33073,False,0.045000000000000234,0.045,0.045000000000000234,0.045,0.08999999999978046,0.08714467535550964,0.17999999999955293,0.1742403305280251,51.61892421333635,139.3443358934599,0.13750066301318256,0.002999999999999989,0.13750066301318256,0.5700096109923453,0.0
32,42,scene_03_narrow_passage,20260528,apf,33074,False,0.045000000000000234,0.045,0.045000000000000234,0.045,0.08999999999978046,0.08714467535550964,0.17999999999955293,0.1742403305280251,51.61892421333635,139.3443358934599,0.13750066301318256,0.002999999999999989,0.13750066301318256,0.5700096109923453,0.0
33,42,scene_03_narrow_passage,20260528,apf,33075,False,0.045000000000000234,0.045,0.045000000000000234,0.045,0.08999999999978046,0.08714467535550964,0.17999999999955293,0.1742403305280251,51.61892421333635,139.3443358934599,0.13750066301318256,0.002999999999999989,0.13750066301318256,0.5700096109923453,0.0
34,42,scene_03_narrow_passage,20260528,apf,33076,False,0.045000000000000234,0.045,0.045000000000000234,0.045,0.08999999999978046,0.08714467535550964,0.17999999999955293,0.1742403305280251,51.61892421333635,139.3443358934599,0.13750066301318256,0.002999999999999989,0.13750066301318256,0.5700096109923453,0.0
35,42,scene_03_narrow_passage,20260528,apf,33077,False,0.045000000000000234,0.045,0.045000000000000234,0.045,0.08999999999978046,0.08714467535550964,0.17999999999955293,0.1742403305280251,51.61892421333635,139.3443358934599,0.13750066301318256,0.002999999999999989,0.13750066301318256,0.5700096109923453,0.0
36,42,scene_03_narrow_passage,20260528,apf,33078,False,0.045000000000000234,0.045,0.045000000000000234,0.045,0.08999999999978046,0.08714467535550964,0.17999999999955293,0.1742403305280251,51.61892421333635,139.3443358934599,0.13750066301318256,0.002999999999999989,0.13750066301318256,0.5700096109923453,0.0
37,42,scene_03_narrow_passage,20260528,apf,33079,False,0.045000000000000234,0.045,0.045000000000000234,0.045,0.08999999999978046,0.08714467535550964,0.17999999999955293,0.1742403305280251,51.61892421333635,139.3443358934599,0.13750066301318256,0.002999999999999989,0.13750066301318256,0.5700096109923453,0.0
38,42,scene_03_narrow_passage,20260528,apf,33080,False,0.045000000000000234,0.045,0.045000000000000234,0.045,0.08999999999978046,0.08714467535550964,0.17999999999955293,0.1742403305280251,51.61892421333635,139.3443358934599,0.13750066301318256,0.002999999999999989,0.13750066301318256,0.5700096109923453,0.0
39,42,scene_03_narrow_passage,20260528,apf,33081,False,0.045000000000000234,0.045,0.045000000000000234,0.045,0.08999999999978046,0.08714467535550964,0.17999999999955293,0.1742403305280251,51.61892421333635,139.3443358934599,0.13750066301318256,0.002999999999999989,0.13750066301318256,0.5700096109923453,0.0
40,42,scene_03_narrow_passage,20260528,apf,33082,False,0.045000000000000234,0.045,0.045000000000000234,0.045,0.08999999999978046,0.08714467535550964,0.17999999999955293,0.1742403305280251,51.61892421333635,139.3443358934599,0.13750066301318256,0.002999999999999989,0.13750066301318256,0.5700096109923453,0.0
41,42,scene_03_narrow_passage,20260528,apf,33083,False,0.045000000000000234,0.045,0.045000000000000234,0.045,0.08999999999978046,0.08714467535550964,0.17999999999955293,0.1742403305280251,51.61892421333635,139.3443358934599,0.13750066301318256,0.002999999999999989,0.13750066301318256,0.5700096109923453,0.0
42,42,scene_03_narrow_passage,20260528,apf,33084,False,0.045000000000000234,0.045,0.045000000000000234,0.045,0.08999999999978046,0.08714467535550964,0.17999999999955293,0.1742403305280251,51.61892421333635,139.3443358934599,0.13750066301318256,0.002999999999999989,0.13750066301318256,0.5700096109923453,0.0
43,42,scene_03_narrow_passage,20260528,apf,33085,False,0.045000000000000234,0.045,0.045000000000000234,0.045,0.08999999999978046,0.08714467535550964,0.17999999999955293,0.1742403305280251,51.61892421333635,139.3443358934599,0.13750066301318256,0.002999999999999989,0.13750066301318256,0.5700096109923453,0.0
44,42,scene_03_narrow_passage,20260528,apf,33086,False,0.045000000000000234,0.045,0.045000000000000234,0.045,0.08999999999978046,0.08714467535550964,0.17999999999955293,0.1742403305280251,51.61892421333635,139.3443358934599,0.13750066301318256,0.002999999999999989,0.13750066301318256,0.5700096109923453,0.0
45,42,scene_03_narrow_passage,20260528,apf,33087,False,0.045000000000000234,0.045,0.045000000000000234,0.045,0.08999999999978046,0.08714467535550964,0.17999999999955293,0.1742403305280251,51.61892421333635,139.3443358934599,0.13750066301318256,0.002999999999999989,0.13750066301318256,0.5700096109923453,0.0
46,42,scene_03_narrow_passage,20260528,apf,33088,False,0.045000000000000234,0.045,0.045000000000000234,0.045,0.08999999999978046,0.08714467535550964,0.17999999999955293,0.1742403305280251,51.61892421333635,139.3443358934599,0.13750066301318256,0.002999999999999989,0.13750066301318256,0.5700096109923453,0.0
47,42,scene_03_narrow_passage,20260528,apf,33089,False,0.045000000000000234,0.045,0.045000000000000234,0.045,0.08999999999978046,0.08714467535550964,0.17999999999955293,0.1742403305280251,51.61892421333635,139.3443358934599,0.13750066301318256,0.002999999999999989,0.13750066301318256,0.5700096109923453,0.0
48,42,scene_03_narrow_passage,20260528,apf,33090,False,0.045000000000000234,0.045,0.045000000000000234,0.045,0.08999999999978046,0.08714467535550964,0.17999999999955293,0.1742403305280251,51.61892421333635,139.3443358934599,0.13750066301318256,0.002999999999999989,0.13750066301318256,0.5700096109923453,0.0
49,42,scene_03_narrow_passage,20260528,apf,33091,False,0.045000000000000234,0.045,0.045000000000000234,0.045,0.08999999999978046,0.08714467535550964,0.17999999999955293,0.1742403305280251,51.61892421333635,139.3443358934599,0.13750066301318256,0.002999999999999989,0.13750066301318256,0.5700096109923453,0.0
0,42,scene_04_near_singularity,20260529,rrt,40042,True,0.04851441640538573,0.04851441640538528,0.04851441640538573,0.04851441640538528,1.047382306668854e-15,5.244244613718706e-16,2.010699415441723e-15,9.697171462713196e-16,1.3161699691995135,4.0934926664832923e-14,0.01993175472938819,0.002999999999999989,0.01993175472938819,2.212113038394986e-13,0.0
1,42,scene_04_near_singularity,20260529,rrt,40043,True,0.04851441640538573,0.04851441640538528,0.04851441640538573,0.04851441640538528,1.047382306668854e-15,5.244244613718706e-16,2.010699415441723e-15,9.697171462713196e-16,1.3161699691995135,4.0934926664832923e-14,0.01993175472938819,0.002999999999999989,0.01993175472938819,2.212113038394986e-13,0.0
2,42,scene_04_near_singularity,20260529,rrt,40044,True,0.04851441640538573,0.04851441640538528,0.04851441640538573,0.04851441640538528,1.047382306668854e-15,5.244244613718706e-16,2.010699415441723e-15,9.697171462713196e-16,1.3161699691995135,4.0934926664832923e-14,0.01993175472938819,0.002999999999999989,0.01993175472938819,2.212113038394986e-13,0.0
3,42,scene_04_near_singularity,20260529,rrt,40045,True,0.04851441640538573,0.04851441640538528,0.04851441640538573,0.04851441640538528,1.047382306668854e-15,5.244244613718706e-16,2.010699415441723e-15,9.697171462713196e-16,1.3161699691995135,4.0934926664832923e-14,0.01993175472938819,0.002999999999999989,0.01993175472938819,2.212113038394986e-13,0.0
4,42,scene_04_near_singularity,20260529,rrt,40046,True,0.04851441640538573,0.04851441640538528,0.04851441640538573,0.04851441640538528,1.047382306668854e-15,5.244244613718706e-16,2.010699415441723e-15,9.697171462713196e-16,1.3161699691995135,4.0934926664832923e-14,0.01993175472938819,0.002999999999999989,0.01993175472938819,2.212113038394986e-13,0.0
5,42,scene_04_near_singularity,20260529,rrt,40047,True,0.04851441640538573,0.04851441640538528,0.04851441640538573,0.04851441640538528,1.047382306668854e-15,5.244244613718706e-16,2.010699415441723e-15,9.697171462713196e-16,1.3161699691995135,4.0934926664832923e-14,0.01993175472938819,0.002999999999999989,0.01993175472938819,2.212113038394986e-13,0.0
6,42,scene_04_near_singularity,20260529,rrt,40048,True,0.04851441640538573,0.04851441640538528,0.04851441640538573,0.04851441640538528,1.047382306668854e-15,5.244244613718706e-16,2.010699415441723e-15,9.697171462713196e-16,1.3161699691995135,4.0934926664832923e-14,0.01993175472938819,0.002999999999999989,0.01993175472938819,2.212113038394986e-13,0.0
7,42,scene_04_near_singularity,20260529,rrt,40049,True,0.04851441640538573,0.04851441640538528,0.04851441640538573,0.04851441640538528,1.047382306668854e-15,5.244244613718706e-16,2.010699415441723e-15,9.697171462713196e-16,1.3161699691995135,4.0934926664832923e-14,0.01993175472938819,0.002999999999999989,0.01993175472938819,2.212113038394986e-13,0.0
8,42,scene_04_near_singularity,20260529,rrt,40050,True,0.04851441640538573,0.04851441640538528,0.04851441640538573,0.04851441640538528,1.047382306668854e-15,5.244244613718706e-16,2.010699415441723e-15,9.697171462713196e-16,1.3161699691995135,4.0934926664832923e-14,0.01993175472938819,0.002999999999999989,0.01993175472938819,2.212113038394986e-13,0.0
9,42,scene_04_near_singularity,20260529,rrt,40051,True,0.04851441640538573,0.04851441640538528,0.04851441640538573,0.04851441640538528,1.047382306668854e-15,5.244244613718706e-16,2.010699415441723e-15,9.697171462713196e-16,1.3161699691995135,4.0934926664832923e-14,0.01993175472938819,0.002999999999999989,0.01993175472938819,2.212113038394986e-13,0.0
10,42,scene_04_near_singularity,20260529,rrt,40052,True,0.04851441640538573,0.04851441640538528,0.04851441640538573,0.04851441640538528,1.047382306668854e-15,5.244244613718706e-16,2.010699415441723e-15,9.697171462713196e-16,1.3161699691995135,4.0934926664832923e-14,0.01993175472938819,0.002999999999999989,0.01993175472938819,2.212113038394986e-13,0.0
11,42,scene_04_near_singularity,20260529,rrt,40053,True,0.04851441640538573,0.04851441640538528,0.04851441640538573,0.04851441640538528,1.047382306668854e-15,5.244244613718706e-16,2.010699415441723e-15,9.697171462713196e-16,1.3161699691995135,4.0934926664832923e-14,0.01993175472938819,0.002999999999999989,0.01993175472938819,2.212113038394986e-13,0.0
12,42,scene_04_near_singularity,20260529,rrt,40054,True,0.04851441640538573,0.04851441640538528,0.04851441640538573,0.04851441640538528,1.047382306668854e-15,5.244244613718706e-16,2.010699415441723e-15,9.697171462713196e-16,1.3161699691995135,4.0934926664832923e-14,0.01993175472938819,0.002999999999999989,0.01993175472938819,2.212113038394986e-13,0.0
13,42,scene_04_near_singularity,20260529,rrt,40055,True,0.04851441640538573,0.04851441640538528,0.04851441640538573,0.04851441640538528,1.047382306668854e-15,5.244244613718706e-16,2.010699415441723e-15,9.697171462713196e-16,1.3161699691995135,4.0934926664832923e-14,0.01993175472938819,0.002999999999999989,0.01993175472938819,2.212113038394986e-13,0.0
14,42,scene_04_near_singularity,20260529,rrt,40056,True,0.04851441640538573,0.04851441640538528,0.04851441640538573,0.04851441640538528,1.047382306668854e-15,5.244244613718706e-16,2.010699415441723e-15,9.697171462713196e-16,1.3161699691995135,4.0934926664832923e-14,0.01993175472938819,0.002999999999999989,0.01993175472938819,2.212113038394986e-13,0.0
15,42,scene_04_near_singularity,20260529,rrt,40057,True,0.04851441640538573,0.04851441640538528,0.04851441640538573,0.04851441640538528,1.047382306668854e-15,5.244244613718706e-16,2.010699415441723e-15,9.697171462713196e-16,1.3161699691995135,4.0934926664832923e-14,0.01993175472938819,0.002999999999999989,0.01993175472938819,2.212113038394986e-13,0.0
16,42,scene_04_near_singularity,20260529,rrt,40058,True,0.04851441640538573,0.04851441640538528,0.04851441640538573,0.04851441640538528,1.047382306668854e-15,5.244244613718706e-16,2.010699415441723e-15,9.697171462713196e-16,1.3161699691995135,4.0934926664832923e-14,0.01993175472938819,0.002999999999999989,0.01993175472938819,2.212113038394986e-13,0.0
17,42,scene_04_near_singularity,20260529,rrt,40059,True,0.04851441640538573,0.04851441640538528,0.04851441640538573,0.04851441640538528,1.047382306668854e-15,5.244244613718706e-16,2.010699415441723e-15,9.697171462713196e-16,1.3161699691995135,4.0934926664832923e-14,0.01993175472938819,0.002999999999999989,0.01993175472938819,2.212113038394986e-13,0.0
18,42,scene_04_near_singularity,20260529,rrt,40060,True,0.04851441640538573,0.04851441640538528,0.04851441640538573,0.04851441640538528,1.047382306668854e-15,5.244244613718706e-16,2.010699415441723e-15,9.697171462713196e-16,1.3161699691995135,4.0934926664832923e-14,0.01993175472938819,0.002999999999999989,0.01993175472938819,2.212113038394986e-13,0.0
19,42,scene_04_near_singularity,20260529,rrt,40061,True,0.04851441640538573,0.04851441640538528,0.04851441640538573,0.04851441640538528,1.047382306668854e-15,5.244244613718706e-16,2.010699415441723e-15,9.697171462713196e-16,1.3161699691995135,4.0934926664832923e-14,0.01993175472938819,0.002999999999999989,0.01993175472938819,2.212113038394986e-13,0.0
20,42,scene_04_near_singularity,20260529,rrt,40062,True,0.04851441640538573,0.04851441640538528,0.04851441640538573,0.04851441640538528,1.047382306668854e-15,5.244244613718706e-16,2.010699415441723e-15,9.697171462713196e-16,1.3161699691995135,4.0934926664832923e-14,0.01993175472938819,0.002999999999999989,0.01993175472938819,2.212113038394986e-13,0.0
21,42,scene_04_near_singularity,20260529,rrt,40063,True,0.04851441640538573,0.04851441640538528,0.04851441640538573,0.04851441640538528,1.047382306668854e-15,5.244244613718706e-16,2.010699415441723e-15,9.697171462713196e-16,1.3161699691995135,4.0934926664832923e-14,0.01993175472938819,0.002999999999999989,0.01993175472938819,2.212113038394986e-13,0.0
22,42,scene_04_near_singularity,20260529,rrt,40064,True,0.04851441640538573,0.04851441640538528,0.04851441640538573,0.04851441640538528,1.047382306668854e-15,5.244244613718706e-16,2.010699415441723e-15,9.697171462713196e-16,1.3161699691995135,4.0934926664832923e-14,0.01993175472938819,0.002999999999999989,0.01993175472938819,2.212113038394986e-13,0.0
23,42,scene_04_near_singularity,20260529,rrt,40065,True,0.04851441640538573,0.04851441640538528,0.04851441640538573,0.04851441640538528,1.047382306668854e-15,5.244244613718706e-16,2.010699415441723e-15,9.697171462713196e-16,1.3161699691995135,4.0934926664832923e-14,0.01993175472938819,0.002999999999999989,0.01993175472938819,2.212113038394986e-13,0.0
24,42,scene_04_near_singularity,20260529,rrt,40066,True,0.04851441640538573,0.04851441640538528,0.04851441640538573,0.04851441640538528,1.047382306668854e-15,5.244244613718706e-16,2.010699415441723e-15,9.697171462713196e-16,1.3161699691995135,4.0934926664832923e-14,0.01993175472938819,0.002999999999999989,0.01993175472938819,2.212113038394986e-13,0.0
25,42,scene_04_near_singularity,20260529,rrt,40067,True,0.04851441640538573,0.04851441640538528,0.04851441640538573,0.04851441640538528,1.047382306668854e-15,5.244244613718706e-16,2.010699415441723e-15,9.697171462713196e-16,1.3161699691995135,4.0934926664832923e-14,0.01993175472938819,0.002999999999999989,0.01993175472938819,2.212113038394986e-13,0.0
26,42,scene_04_near_singularity,20260529,rrt,40068,True,0.04851441640538573,0.04851441640538528,0.04851441640538573,0.04851441640538528,1.047382306668854e-15,5.244244613718706e-16,2.010699415441723e-15,9.697171462713196e-16,1.3161699691995135,4.0934926664832923e-14,0.01993175472938819,0.002999999999999989,0.01993175472938819,2.212113038394986e-13,0.0
27,42,scene_04_near_singularity,20260529,rrt,40069,True,0.04851441640538573,0.04851441640538528,0.04851441640538573,0.04851441640538528,1.047382306668854e-15,5.244244613718706e-16,2.010699415441723e-15,9.697171462713196e-16,1.3161699691995135,4.0934926664832923e-14,0.01993175472938819,0.002999999999999989,0.01993175472938819,2.212113038394986e-13,0.0
28,42,scene_04_near_singularity,20260529,rrt,40070,True,0.04851441640538573,0.04851441640538528,0.04851441640538573,0.04851441640538528,1.047382306668854e-15,5.244244613718706e-16,2.010699415441723e-15,9.697171462713196e-16,1.3161699691995135,4.0934926664832923e-14,0.01993175472938819,0.002999999999999989,0.01993175472938819,2.212113038394986e-13,0.0
29,42,scene_04_near_singularity,20260529,rrt,40071,True,0.04851441640538573,0.04851441640538528,0.04851441640538573,0.04851441640538528,1.047382306668854e-15,5.244244613718706e-16,2.010699415441723e-15,9.697171462713196e-16,1.3161699691995135,4.0934926664832923e-14,0.01993175472938819,0.002999999999999989,0.01993175472938819,2.212113038394986e-13,0.0
30,42,scene_04_near_singularity,20260529,rrt,40072,True,0.04851441640538573,0.04851441640538528,0.04851441640538573,0.04851441640538528,1.047382306668854e-15,5.244244613718706e-16,2.010699415441723e-15,9.697171462713196e-16,1.3161699691995135,4.0934926664832923e-14,0.01993175472938819,0.002999999999999989,0.01993175472938819,2.212113038394986e-13,0.0
31,42,scene_04_near_singularity,20260529,rrt,40073,True,0.04851441640538573,0.04851441640538528,0.04851441640538573,0.04851441640538528,1.047382306668854e-15,5.244244613718706e-16,2.010699415441723e-15,9.697171462713196e-16,1.3161699691995135,4.0934926664832923e-14,0.01993175472938819,0.002999999999999989,0.01993175472938819,2.212113038394986e-13,0.0
32,42,scene_04_near_singularity,20260529,rrt,40074,True,0.04851441640538573,0.04851441640538528,0.04851441640538573,0.04851441640538528,1.047382306668854e-15,5.244244613718706e-16,2.010699415441723e-15,9.697171462713196e-16,1.3161699691995135,4.0934926664832923e-14,0.01993175472938819,0.002999999999999989,0.01993175472938819,2.212113038394986e-13,0.0
33,42,scene_04_near_singularity,20260529,rrt,40075,True,0.04851441640538573,0.04851441640538528,0.04851441640538573,0.04851441640538528,1.047382306668854e-15,5.244244613718706e-16,2.010699415441723e-15,9.697171462713196e-16,1.3161699691995135,4.0934926664832923e-14,0.01993175472938819,0.002999999999999989,0.01993175472938819,2.212113038394986e-13,0.0
34,42,scene_04_near_singularity,20260529,rrt,40076,True,0.04851441640538573,0.04851441640538528,0.04851441640538573,0.04851441640538528,1.047382306668854e-15,5.244244613718706e-16,2.010699415441723e-15,9.697171462713196e-16,1.3161699691995135,4.0934926664832923e-14,0.01993175472938819,0.002999999999999989,0.01993175472938819,2.212113038394986e-13,0.0
35,42,scene_04_near_singularity,20260529,rrt,40077,True,0.04851441640538573,0.04851441640538528,0.04851441640538573,0.04851441640538528,1.047382306668854e-15,5.244244613718706e-16,2.010699415441723e-15,9.697171462713196e-16,1.3161699691995135,4.0934926664832923e-14,0.01993175472938819,0.002999999999999989,0.01993175472938819,2.212113038394986e-13,0.0
36,42,scene_04_near_singularity,20260529,rrt,40078,True,0.04851441640538573,0.04851441640538528,0.04851441640538573,0.04851441640538528,1.047382306668854e-15,5.244244613718706e-16,2.010699415441723e-15,9.697171462713196e-16,1.3161699691995135,4.0934926664832923e-14,0.01993175472938819,0.002999999999999989,0.01993175472938819,2.212113038394986e-13,0.0
37,42,scene_04_near_singularity,20260529,rrt,40079,True,0.04851441640538573,0.04851441640538528,0.04851441640538573,0.04851441640538528,1.047382306668854e-15,5.244244613718706e-16,2.010699415441723e-15,9.697171462713196e-16,1.3161699691995135,4.0934926664832923e-14,0.01993175472938819,0.002999999999999989,0.01993175472938819,2.212113038394986e-13,0.0
38,42,scene_04_near_singularity,20260529,rrt,40080,True,0.04851441640538573,0.04851441640538528,0.04851441640538573,0.04851441640538528,1.047382306668854e-15,5.244244613718706e-16,2.010699415441723e-15,9.697171462713196e-16,1.3161699691995135,4.0934926664832923e-14,0.01993175472938819,0.002999999999999989,0.01993175472938819,2.212113038394986e-13,0.0
39,42,scene_04_near_singularity,20260529,rrt,40081,True,0.04851441640538573,0.04851441640538528,0.04851441640538573,0.04851441640538528,1.047382306668854e-15,5.244244613718706e-16,2.010699415441723e-15,9.697171462713196e-16,1.3161699691995135,4.0934926664832923e-14,0.01993175472938819,0.002999999999999989,0.01993175472938819,2.212113038394986e-13,0.0
40,42,scene_04_near_singularity,20260529,rrt,40082,True,0.04851441640538573,0.04851441640538528,0.04851441640538573,0.04851441640538528,1.047382306668854e-15,5.244244613718706e-16,2.010699415441723e-15,9.697171462713196e-16,1.3161699691995135,4.0934926664832923e-14,0.01993175472938819,0.002999999999999989,0.01993175472938819,2.212113038394986e-13,0.0
41,42,scene_04_near_singularity,20260529,rrt,40083,True,0.04851441640538573,0.04851441640538528,0.04851441640538573,0.04851441640538528,1.047382306668854e-15,5.244244613718706e-16,2.010699415441723e-15,9.697171462713196e-16,1.3161699691995135,4.0934926664832923e-14,0.01993175472938819,0.002999999999999989,0.01993175472938819,2.212113038394986e-13,0.0
42,42,scene_04_near_singularity,20260529,rrt,40084,True,0.04851441640538573,0.04851441640538528,0.04851441640538573,0.04851441640538528,1.047382306668854e-15,5.244244613718706e-16,2.010699415441723e-15,9.697171462713196e-16,1.3161699691995135,4.0934926664832923e-14,0.01993175472938819,0.002999999999999989,0.01993175472938819,2.212113038394986e-13,0.0
43,42,scene_04_near_singularity,20260529,rrt,40085,True,0.04851441640538573,0.04851441640538528,0.04851441640538573,0.04851441640538528,1.047382306668854e-15,5.244244613718706e-16,2.010699415441723e-15,9.697171462713196e-16,1.3161699691995135,4.0934926664832923e-14,0.01993175472938819,0.002999999999999989,0.01993175472938819,2.212113038394986e-13,0.0
44,42,scene_04_near_singularity,20260529,rrt,40086,True,0.04851441640538573,0.04851441640538528,0.04851441640538573,0.04851441640538528,1.047382306668854e-15,5.244244613718706e-16,2.010699415441723e-15,9.697171462713196e-16,1.3161699691995135,4.0934926664832923e-14,0.01993175472938819,0.002999999999999989,0.01993175472938819,2.212113038394986e-13,0.0
45,42,scene_04_near_singularity,20260529,rrt,40087,True,0.04851441640538573,0.04851441640538528,0.04851441640538573,0.04851441640538528,1.047382306668854e-15,5.244244613718706e-16,2.010699415441723e-15,9.697171462713196e-16,1.3161699691995135,4.0934926664832923e-14,0.01993175472938819,0.002999999999999989,0.01993175472938819,2.212113038394986e-13,0.0
47,42,scene_04_near_singularity,20260529,rrt,40089,True,0.04851441640538573,0.04851441640538528,0.04851441640538573,0.04851441640538528,1.047382306668854e-15,5.244244613718706e-16,2.010699415441723e-15,9.697171462713196e-16,1.3161699691995135,4.0934926664832923e-14,0.01993175472938819,0.002999999999999989,0.01993175472938819,2.212113038394986e-13,0.0
48,42,scene_04_near_singularity,20260529,rrt,40090,True,0.04851441640538573,0.04851441640538528,0.04851441640538573,0.04851441640538528,1.047382306668854e-15,5.244244613718706e-16,2.010699415441723e-15,9.697171462713196e-16,1.3161699691995135,4.0934926664832923e-14,0.01993175472938819,0.002999999999999989,0.01993175472938819,2.212113038394986e-13,0.0
49,42,scene_04_near_singularity,20260529,rrt,40091,True,0.04851441640538573,0.04851441640538528,0.04851441640538573,0.04851441640538528,1.047382306668854e-15,5.244244613718706e-16,2.010699415441723e-15,9.697171462713196e-16,1.3161699691995135,4.0934926664832923e-14,0.01993175472938819,0.002999999999999989,0.01993175472938819,2.212113038394986e-13,0.0
0,42,scene_04_near_singularity,20260529,rrt_connect,41042,True,0.04851441640538573,0.04851441640538528,0.04851441640538573,0.04851441640538528,1.047382306668854e-15,5.244244613718706e-16,2.010699415441723e-15,9.697171462713196e-16,1.3161699691995135,4.0934926664832923e-14,0.01993175472938819,0.002999999999999989,0.01993175472938819,2.212113038394986e-13,0.0
1,42,scene_04_near_singularity,20260529,rrt_connect,41043,True,0.04851441640538573,0.04851441640538528,0.04851441640538573,0.04851441640538528,1.047382306668854e-15,5.244244613718706e-16,2.010699415441723e-15,9.697171462713196e-16,1.3161699691995135,4.0934926664832923e-14,0.01993175472938819,0.002999999999999989,0.01993175472938819,2.212113038394986e-13,0.0
2,42,scene_04_near_singularity,20260529,rrt_connect,41044,True,0.04851441640538573,0.04851441640538528,0.04851441640538573,0.04851441640538528,1.047382306668854e-15,5.244244613718706e-16,2.010699415441723e-15,9.697171462713196e-16,1.3161699691995135,4.0934926664832923e-14,0.01993175472938819,0.002999999999999989,0.01993175472938819,2.212113038394986e-13,0.0
3,42,scene_04_near_singularity,20260529,rrt_connect,41045,True,0.04851441640538573,0.04851441640538528,0.04851441640538573,0.04851441640538528,1.047382306668854e-15,5.244244613718706e-16,2.010699415441723e-15,9.697171462713196e-16,1.3161699691995135,4.0934926664832923e-14,0.01993175472938819,0.002999999999999989,0.01993175472938819,2.212113038394986e-13,0.0
4,42,scene_04_near_singularity,20260529,rrt_connect,41046,True,0.04851441640538573,0.04851441640538528,0.04851441640538573,0.04851441640538528,1.047382306668854e-15,5.244244613718706e-16,2.010699415441723e-15,9.697171462713196e-16,1.3161699691995135,4.0934926664832923e-14,0.01993175472938819,0.002999999999999989,0.01993175472938819,2.212113038394986e-13,0.0
5,42,scene_04_near_singularity,20260529,rrt_connect,41047,True,0.04851441640538573,0.04851441640538528,0.04851441640538573,0.04851441640538528,1.047382306668854e-15,5.244244613718706e-16,2.010699415441723e-15,9.697171462713196e-16,1.3161699691995135,4.0934926664832923e-14,0.01993175472938819,0.002999999999999989,0.01993175472938819,2.212113038394986e-13,0.0
6,42,scene_04_near_singularity,20260529,rrt_connect,41048,True,0.04851441640538573,0.04851441640538528,0.04851441640538573,0.04851441640538528,1.047382306668854e-15,5.244244613718706e-16,2.010699415441723e-15,9.697171462713196e-16,1.3161699691995135,4.0934926664832923e-14,0.01993175472938819,0.002999999999999989,0.01993175472938819,2.212113038394986e-13,0.0
7,42,scene_04_near_singularity,20260529,rrt_connect,41049,True,0.04851441640538573,0.04851441640538528,0.04851441640538573,0.04851441640538528,1.047382306668854e-15,5.244244613718706e-16,2.010699415441723e-15,9.697171462713196e-16,1.3161699691995135,4.0934926664832923e-14,0.01993175472938819,0.002999999999999989,0.01993175472938819,2.212113038394986e-13,0.0
8,42,scene_04_near_singularity,20260529,rrt_connect,41050,True,0.04851441640538573,0.04851441640538528,0.04851441640538573,0.04851441640538528,1.047382306668854e-15,5.244244613718706e-16,2.010699415441723e-15,9.697171462713196e-16,1.3161699691995135,4.0934926664832923e-14,0.01993175472938819,0.002999999999999989,0.01993175472938819,2.212113038394986e-13,0.0
9,42,scene_04_near_singularity,20260529,rrt_connect,41051,True,0.04851441640538573,0.04851441640538528,0.04851441640538573,0.04851441640538528,1.047382306668854e-15,5.244244613718706e-16,2.010699415441723e-15,9.697171462713196e-16,1.3161699691995135,4.0934926664832923e-14,0.01993175472938819,0.002999999999999989,0.01993175472938819,2.212113038394986e-13,0.0
10,42,scene_04_near_singularity,20260529,rrt_connect,41052,True,0.04851441640538573,0.04851441640538528,0.04851441640538573,0.04851441640538528,1.047382306668854e-15,5.244244613718706e-16,2.010699415441723e-15,9.697171462713196e-16,1.3161699691995135,4.0934926664832923e-14,0.01993175472938819,0.002999999999999989,0.01993175472938819,2.212113038394986e-13,0.0
11,42,scene_04_near_singularity,20260529,rrt_connect,41053,True,0.04851441640538573,0.04851441640538528,0.04851441640538573,0.04851441640538528,1.047382306668854e-15,5.244244613718706e-16,2.010699415441723e-15,9.697171462713196e-16,1.3161699691995135,4.0934926664832923e-14,0.01993175472938819,0.002999999999999989,0.01993175472938819,2.212113038394986e-13,0.0
12,42,scene_04_near_singularity,20260529,rrt_connect,41054,True,0.04851441640538573,0.04851441640538528,0.04851441640538573,0.04851441640538528,1.047382306668854e-15,5.244244613718706e-16,2.010699415441723e-15,9.697171462713196e-16,1.3161699691995135,4.0934926664832923e-14,0.01993175472938819,0.002999999999999989,0.01993175472938819,2.212113038394986e-13,0.0
13,42,scene_04_near_singularity,20260529,rrt_connect,41055,True,0.04851441640538573,0.04851441640538528,0.04851441640538573,0.04851441640538528,1.047382306668854e-15,5.244244613718706e-16,2.010699415441723e-15,9.697171462713196e-16,1.3161699691995135,4.0934926664832923e-14,0.01993175472938819,0.002999999999999989,0.01993175472938819,2.212113038394986e-13,0.0
14,42,scene_04_near_singularity,20260529,rrt_connect,41056,True,0.04851441640538573,0.04851441640538528,0.04851441640538573,0.04851441640538528,1.047382306668854e-15,5.244244613718706e-16,2.010699415441723e-15,9.697171462713196e-16,1.3161699691995135,4.0934926664832923e-14,0.01993175472938819,0.002999999999999989,0.01993175472938819,2.212113038394986e-13,0.0
15,42,scene_04_near_singularity,20260529,rrt_connect,41057,True,0.04851441640538573,0.04851441640538528,0.04851441640538573,0.04851441640538528,1.047382306668854e-15,5.244244613718706e-16,2.010699415441723e-15,9.697171462713196e-16,1.3161699691995135,4.0934926664832923e-14,0.01993175472938819,0.002999999999999989,0.01993175472938819,2.212113038394986e-13,0.0
16,42,scene_04_near_singularity,20260529,rrt_connect,41058,True,0.04851441640538573,0.04851441640538528,0.04851441640538573,0.04851441640538528,1.047382306668854e-15,5.244244613718706e-16,2.010699415441723e-15,9.697171462713196e-16,1.3161699691995135,4.0934926664832923e-14,0.01993175472938819,0.002999999999999989,0.01993175472938819,2.212113038394986e-13,0.0
17,42,scene_04_near_singularity,20260529,rrt_connect,41059,True,0.04851441640538573,0.04851441640538528,0.04851441640538573,0.04851441640538528,1.047382306668854e-15,5.244244613718706e-16,2.010699415441723e-15,9.697171462713196e-16,1.3161699691995135,4.0934926664832923e-14,0.01993175472938819,0.002999999999999989,0.01993175472938819,2.212113038394986e-13,0.0
18,42,scene_04_near_singularity,20260529,rrt_connect,41060,True,0.04851441640538573,0.04851441640538528,0.04851441640538573,0.04851441640538528,1.047382306668854e-15,5.244244613718706e-16,2.010699415441723e-15,9.697171462713196e-16,1.3161699691995135,4.0934926664832923e-14,0.01993175472938819,0.002999999999999989,0.01993175472938819,2.212113038394986e-13,0.0
19,42,scene_04_near_singularity,20260529,rrt_connect,41061,True,0.04851441640538573,0.04851441640538528,0.04851441640538573,0.04851441640538528,1.047382306668854e-15,5.244244613718706e-16,2.010699415441723e-15,9.697171462713196e-16,1.3161699691995135,4.0934926664832923e-14,0.01993175472938819,0.002999999999999989,0.01993175472938819,2.212113038394986e-13,0.0
20,42,scene_04_near_singularity,20260529,rrt_connect,41062,True,0.04851441640538573,0.04851441640538528,0.04851441640538573,0.04851441640538528,1.047382306668854e-15,5.244244613718706e-16,2.010699415441723e-15,9.697171462713196e-16,1.3161699691995135,4.0934926664832923e-14,0.01993175472938819,0.002999999999999989,0.01993175472938819,2.212113038394986e-13,0.0
21,42,scene_04_near_singularity,20260529,rrt_connect,41063,True,0.04851441640538573,0.04851441640538528,0.04851441640538573,0.04851441640538528,1.047382306668854e-15,5.244244613718706e-16,2.010699415441723e-15,9.697171462713196e-16,1.3161699691995135,4.0934926664832923e-14,0.01993175472938819,0.002999999999999989,0.01993175472938819,2.212113038394986e-13,0.0
22,42,scene_04_near_singularity,20260529,rrt_connect,41064,True,0.04851441640538573,0.04851441640538528,0.04851441640538573,0.04851441640538528,1.047382306668854e-15,5.244244613718706e-16,2.010699415441723e-15,9.697171462713196e-16,1.3161699691995135,4.0934926664832923e-14,0.01993175472938819,0.002999999999999989,0.01993175472938819,2.212113038394986e-13,0.0
23,42,scene_04_near_singularity,20260529,rrt_connect,41065,True,0.04851441640538573,0.04851441640538528,0.04851441640538573,0.04851441640538528,1.047382306668854e-15,5.244244613718706e-16,2.010699415441723e-15,9.697171462713196e-16,1.3161699691995135,4.0934926664832923e-14,0.01993175472938819,0.002999999999999989,0.01993175472938819,2.212113038394986e-13,0.0
24,42,scene_04_near_singularity,20260529,rrt_connect,41066,True,0.04851441640538573,0.04851441640538528,0.04851441640538573,0.04851441640538528,1.047382306668854e-15,5.244244613718706e-16,2.010699415441723e-15,9.697171462713196e-16,1.3161699691995135,4.0934926664832923e-14,0.01993175472938819,0.002999999999999989,0.01993175472938819,2.212113038394986e-13,0.0
25,42,scene_04_near_singularity,20260529,rrt_connect,41067,True,0.04851441640538573,0.04851441640538528,0.04851441640538573,0.04851441640538528,1.047382306668854e-15,5.244244613718706e-16,2.010699415441723e-15,9.697171462713196e-16,1.3161699691995135,4.0934926664832923e-14,0.01993175472938819,0.002999999999999989,0.01993175472938819,2.212113038394986e-13,0.0
26,42,scene_04_near_singularity,20260529,rrt_connect,41068,True,0.04851441640538573,0.04851441640538528,0.04851441640538573,0.04851441640538528,1.047382306668854e-15,5.244244613718706e-16,2.010699415441723e-15,9.697171462713196e-16,1.3161699691995135,4.0934926664832923e-14,0.01993175472938819,0.002999999999999989,0.01993175472938819,2.212113038394986e-13,0.0
27,42,scene_04_near_singularity,20260529,rrt_connect,41069,True,0.04851441640538573,0.04851441640538528,0.04851441640538573,0.04851441640538528,1.047382306668854e-15,5.244244613718706e-16,2.010699415441723e-15,9.697171462713196e-16,1.3161699691995135,4.0934926664832923e-14,0.01993175472938819,0.002999999999999989,0.01993175472938819,2.212113038394986e-13,0.0
28,42,scene_04_near_singularity,20260529,rrt_connect,41070,True,0.04851441640538573,0.04851441640538528,0.04851441640538573,0.04851441640538528,1.047382306668854e-15,5.244244613718706e-16,2.010699415441723e-15,9.697171462713196e-16,1.3161699691995135,4.0934926664832923e-14,0.01993175472938819,0.002999999999999989,0.01993175472938819,2.212113038394986e-13,0.0
29,42,scene_04_near_singularity,20260529,rrt_connect,41071,True,0.04851441640538573,0.04851441640538528,0.04851441640538573,0.04851441640538528,1.047382306668854e-15,5.244244613718706e-16,2.010699415441723e-15,9.697171462713196e-16,1.3161699691995135,4.0934926664832923e-14,0.01993175472938819,0.002999999999999989,0.01993175472938819,2.212113038394986e-13,0.0
30,42,scene_04_near_singularity,20260529,rrt_connect,41072,True,0.04851441640538573,0.04851441640538528,0.04851441640538573,0.04851441640538528,1.047382306668854e-15,5.244244613718706e-16,2.010699415441723e-15,9.697171462713196e-16,1.3161699691995135,4.0934926664832923e-14,0.01993175472938819,0.002999999999999989,0.01993175472938819,2.212113038394986e-13,0.0
31,42,scene_04_near_singularity,20260529,rrt_connect,41073,True,0.04851441640538573,0.04851441640538528,0.04851441640538573,0.04851441640538528,1.047382306668854e-15,5.244244613718706e-16,2.010699415441723e-15,9.697171462713196e-16,1.3161699691995135,4.0934926664832923e-14,0.01993175472938819,0.002999999999999989,0.01993175472938819,2.212113038394986e-13,0.0
32,42,scene_04_near_singularity,20260529,rrt_connect,41074,True,0.04851441640538573,0.04851441640538528,0.04851441640538573,0.04851441640538528,1.047382306668854e-15,5.244244613718706e-16,2.010699415441723e-15,9.697171462713196e-16,1.3161699691995135,4.0934926664832923e-14,0.01993175472938819,0.002999999999999989,0.01993175472938819,2.212113038394986e-13,0.0
33,42,scene_04_near_singularity,20260529,rrt_connect,41075,True,0.04851441640538573,0.04851441640538528,0.04851441640538573,0.04851441640538528,1.047382306668854e-15,5.244244613718706e-16,2.010699415441723e-15,9.697171462713196e-16,1.3161699691995135,4.0934926664832923e-14,0.01993175472938819,0.002999999999999989,0.01993175472938819,2.212113038394986e-13,0.0
34,42,scene_04_near_singularity,20260529,rrt_connect,41076,True,0.04851441640538573,0.04851441640538528,0.04851441640538573,0.04851441640538528,1.047382306668854e-15,5.244244613718706e-16,2.010699415441723e-15,9.697171462713196e-16,1.3161699691995135,4.0934926664832923e-14,0.01993175472938819,0.002999999999999989,0.01993175472938819,2.212113038394986e-13,0.0
35,42,scene_04_near_singularity,20260529,rrt_connect,41077,True,0.04851441640538573,0.04851441640538528,0.04851441640538573,0.04851441640538528,1.047382306668854e-15,5.244244613718706e-16,2.010699415441723e-15,9.697171462713196e-16,1.3161699691995135,4.0934926664832923e-14,0.01993175472938819,0.002999999999999989,0.01993175472938819,2.212113038394986e-13,0.0
36,42,scene_04_near_singularity,20260529,rrt_connect,41078,True,0.04851441640538573,0.04851441640538528,0.04851441640538573,0.04851441640538528,1.047382306668854e-15,5.244244613718706e-16,2.010699415441723e-15,9.697171462713196e-16,1.3161699691995135,4.0934926664832923e-14,0.01993175472938819,0.002999999999999989,0.01993175472938819,2.212113038394986e-13,0.0
37,42,scene_04_near_singularity,20260529,rrt_connect,41079,True,0.04851441640538573,0.04851441640538528,0.04851441640538573,0.04851441640538528,1.047382306668854e-15,5.244244613718706e-16,2.010699415441723e-15,9.697171462713196e-16,1.3161699691995135,4.0934926664832923e-14,0.01993175472938819,0.002999999999999989,0.01993175472938819,2.212113038394986e-13,0.0
38,42,scene_04_near_singularity,20260529,rrt_connect,41080,True,0.04851441640538573,0.04851441640538528,0.04851441640538573,0.04851441640538528,1.047382306668854e-15,5.244244613718706e-16,2.010699415441723e-15,9.697171462713196e-16,1.3161699691995135,4.0934926664832923e-14,0.01993175472938819,0.002999999999999989,0.01993175472938819,2.212113038394986e-13,0.0
39,42,scene_04_near_singularity,20260529,rrt_connect,41081,True,0.04851441640538573,0.04851441640538528,0.04851441640538573,0.04851441640538528,1.047382306668854e-15,5.244244613718706e-16,2.010699415441723e-15,9.697171462713196e-16,1.3161699691995135,4.0934926664832923e-14,0.01993175472938819,0.002999999999999989,0.01993175472938819,2.212113038394986e-13,0.0
40,42,scene_04_near_singularity,20260529,rrt_connect,41082,True,0.04851441640538573,0.04851441640538528,0.04851441640538573,0.04851441640538528,1.047382306668854e-15,5.244244613718706e-16,2.010699415441723e-15,9.697171462713196e-16,1.3161699691995135,4.0934926664832923e-14,0.01993175472938819,0.002999999999999989,0.01993175472938819,2.212113038394986e-13,0.0
41,42,scene_04_near_singularity,20260529,rrt_connect,41083,True,0.04851441640538573,0.04851441640538528,0.04851441640538573,0.04851441640538528,1.047382306668854e-15,5.244244613718706e-16,2.010699415441723e-15,9.697171462713196e-16,1.3161699691995135,4.0934926664832923e-14,0.01993175472938819,0.002999999999999989,0.01993175472938819,2.212113038394986e-13,0.0
42,42,scene_04_near_singularity,20260529,rrt_connect,41084,True,0.04851441640538573,0.04851441640538528,0.04851441640538573,0.04851441640538528,1.047382306668854e-15,5.244244613718706e-16,2.010699415441723e-15,9.697171462713196e-16,1.3161699691995135,4.0934926664832923e-14,0.01993175472938819,0.002999999999999989,0.01993175472938819,2.212113038394986e-13,0.0
43,42,scene_04_near_singularity,20260529,rrt_connect,41085,True,0.04851441640538573,0.04851441640538528,0.04851441640538573,0.04851441640538528,1.047382306668854e-15,5.244244613718706e-16,2.010699415441723e-15,9.697171462713196e-16,1.3161699691995135,4.0934926664832923e-14,0.01993175472938819,0.002999999999999989,0.01993175472938819,2.212113038394986e-13,0.0
44,42,scene_04_near_singularity,20260529,rrt_connect,41086,True,0.04851441640538573,0.04851441640538528,0.04851441640538573,0.04851441640538528,1.047382306668854e-15,5.244244613718706e-16,2.010699415441723e-15,9.697171462713196e-16,1.3161699691995135,4.0934926664832923e-14,0.01993175472938819,0.002999999999999989,0.01993175472938819,2.212113038394986e-13,0.0
45,42,scene_04_near_singularity,20260529,rrt_connect,41087,True,0.04851441640538573,0.04851441640538528,0.04851441640538573,0.04851441640538528,1.047382306668854e-15,5.244244613718706e-16,2.010699415441723e-15,9.697171462713196e-16,1.3161699691995135,4.0934926664832923e-14,0.01993175472938819,0.002999999999999989,0.01993175472938819,2.212113038394986e-13,0.0
46,42,scene_04_near_singularity,20260529,rrt_connect,41088,True,0.04851441640538573,0.04851441640538528,0.04851441640538573,0.04851441640538528,1.047382306668854e-15,5.244244613718706e-16,2.010699415441723e-15,9.697171462713196e-16,1.3161699691995135,4.0934926664832923e-14,0.01993175472938819,0.002999999999999989,0.01993175472938819,2.212113038394986e-13,0.0
47,42,scene_04_near_singularity,20260529,rrt_connect,41089,True,0.04851441640538573,0.04851441640538528,0.04851441640538573,0.04851441640538528,1.047382306668854e-15,5.244244613718706e-16,2.010699415441723e-15,9.697171462713196e-16,1.3161699691995135,4.0934926664832923e-14,0.01993175472938819,0.002999999999999989,0.01993175472938819,2.212113038394986e-13,0.0
48,42,scene_04_near_singularity,20260529,rrt_connect,41090,True,0.04851441640538573,0.04851441640538528,0.04851441640538573,0.04851441640538528,1.047382306668854e-15,5.244244613718706e-16,2.010699415441723e-15,9.697171462713196e-16,1.3161699691995135,4.0934926664832923e-14,0.01993175472938819,0.002999999999999989,0.01993175472938819,2.212113038394986e-13,0.0
49,42,scene_04_near_singularity,20260529,rrt_connect,41091,True,0.04851441640538573,0.04851441640538528,0.04851441640538573,0.04851441640538528,1.047382306668854e-15,5.244244613718706e-16,2.010699415441723e-15,9.697171462713196e-16,1.3161699691995135,4.0934926664832923e-14,0.01993175472938819,0.002999999999999989,0.01993175472938819,2.212113038394986e-13,0.0
0,42,scene_04_near_singularity,20260529,prm,42042,True,0.04851441640538573,0.04851441640538528,0.04851441640538573,0.04851441640538528,1.047382306668854e-15,5.244244613718706e-16,2.010699415441723e-15,9.697171462713196e-16,1.3161699691995135,4.0934926664832923e-14,0.01993175472938819,0.002999999999999989,0.01993175472938819,2.212113038394986e-13,0.0
1,42,scene_04_near_singularity,20260529,prm,42043,True,0.04851441640538573,0.04851441640538528,0.04851441640538573,0.04851441640538528,1.047382306668854e-15,5.244244613718706e-16,2.010699415441723e-15,9.697171462713196e-16,1.3161699691995135,4.0934926664832923e-14,0.01993175472938819,0.002999999999999989,0.01993175472938819,2.212113038394986e-13,0.0
2,42,scene_04_near_singularity,20260529,prm,42044,True,0.04851441640538573,0.04851441640538528,0.04851441640538573,0.04851441640538528,1.047382306668854e-15,5.244244613718706e-16,2.010699415441723e-15,9.697171462713196e-16,1.3161699691995135,4.0934926664832923e-14,0.01993175472938819,0.002999999999999989,0.01993175472938819,2.212113038394986e-13,0.0
3,42,scene_04_near_singularity,20260529,prm,42045,True,0.04851441640538573,0.04851441640538528,0.04851441640538573,0.04851441640538528,1.047382306668854e-15,5.244244613718706e-16,2.010699415441723e-15,9.697171462713196e-16,1.3161699691995135,4.0934926664832923e-14,0.01993175472938819,0.002999999999999989,0.01993175472938819,2.212113038394986e-13,0.0
4,42,scene_04_near_singularity,20260529,prm,42046,True,0.04851441640538573,0.04851441640538528,0.04851441640538573,0.04851441640538528,1.047382306668854e-15,5.244244613718706e-16,2.010699415441723e-15,9.697171462713196e-16,1.3161699691995135,4.0934926664832923e-14,0.01993175472938819,0.002999999999999989,0.01993175472938819,2.212113038394986e-13,0.0
5,42,scene_04_near_singularity,20260529,prm,42047,True,0.04851441640538573,0.04851441640538528,0.04851441640538573,0.04851441640538528,1.047382306668854e-15,5.244244613718706e-16,2.010699415441723e-15,9.697171462713196e-16,1.3161699691995135,4.0934926664832923e-14,0.01993175472938819,0.002999999999999989,0.01993175472938819,2.212113038394986e-13,0.0
6,42,scene_04_near_singularity,20260529,prm,42048,True,0.04851441640538573,0.04851441640538528,0.04851441640538573,0.04851441640538528,1.047382306668854e-15,5.244244613718706e-16,2.010699415441723e-15,9.697171462713196e-16,1.3161699691995135,4.0934926664832923e-14,0.01993175472938819,0.002999999999999989,0.01993175472938819,2.212113038394986e-13,0.0
7,42,scene_04_near_singularity,20260529,prm,42049,True,0.04851441640538573,0.04851441640538528,0.04851441640538573,0.04851441640538528,1.047382306668854e-15,5.244244613718706e-16,2.010699415441723e-15,9.697171462713196e-16,1.3161699691995135,4.0934926664832923e-14,0.01993175472938819,0.002999999999999989,0.01993175472938819,2.212113038394986e-13,0.0
8,42,scene_04_near_singularity,20260529,prm,42050,True,0.04851441640538573,0.04851441640538528,0.04851441640538573,0.04851441640538528,1.047382306668854e-15,5.244244613718706e-16,2.010699415441723e-15,9.697171462713196e-16,1.3161699691995135,4.0934926664832923e-14,0.01993175472938819,0.002999999999999989,0.01993175472938819,2.212113038394986e-13,0.0
9,42,scene_04_near_singularity,20260529,prm,42051,True,0.04851441640538573,0.04851441640538528,0.04851441640538573,0.04851441640538528,1.047382306668854e-15,5.244244613718706e-16,2.010699415441723e-15,9.697171462713196e-16,1.3161699691995135,4.0934926664832923e-14,0.01993175472938819,0.002999999999999989,0.01993175472938819,2.212113038394986e-13,0.0
10,42,scene_04_near_singularity,20260529,prm,42052,True,0.04851441640538573,0.04851441640538528,0.04851441640538573,0.04851441640538528,1.047382306668854e-15,5.244244613718706e-16,2.010699415441723e-15,9.697171462713196e-16,1.3161699691995135,4.0934926664832923e-14,0.01993175472938819,0.002999999999999989,0.01993175472938819,2.212113038394986e-13,0.0
11,42,scene_04_near_singularity,20260529,prm,42053,True,0.04851441640538573,0.04851441640538528,0.04851441640538573,0.04851441640538528,1.047382306668854e-15,5.244244613718706e-16,2.010699415441723e-15,9.697171462713196e-16,1.3161699691995135,4.0934926664832923e-14,0.01993175472938819,0.002999999999999989,0.01993175472938819,2.212113038394986e-13,0.0
12,42,scene_04_near_singularity,20260529,prm,42054,True,0.04851441640538573,0.04851441640538528,0.04851441640538573,0.04851441640538528,1.047382306668854e-15,5.244244613718706e-16,2.010699415441723e-15,9.697171462713196e-16,1.3161699691995135,4.0934926664832923e-14,0.01993175472938819,0.002999999999999989,0.01993175472938819,2.212113038394986e-13,0.0
13,42,scene_04_near_singularity,20260529,prm,42055,True,0.04851441640538573,0.04851441640538528,0.04851441640538573,0.04851441640538528,1.047382306668854e-15,5.244244613718706e-16,2.010699415441723e-15,9.697171462713196e-16,1.3161699691995135,4.0934926664832923e-14,0.01993175472938819,0.002999999999999989,0.01993175472938819,2.212113038394986e-13,0.0
14,42,scene_04_near_singularity,20260529,prm,42056,True,0.04851441640538573,0.04851441640538528,0.04851441640538573,0.04851441640538528,1.047382306668854e-15,5.244244613718706e-16,2.010699415441723e-15,9.697171462713196e-16,1.3161699691995135,4.0934926664832923e-14,0.01993175472938819,0.002999999999999989,0.01993175472938819,2.212113038394986e-13,0.0
15,42,scene_04_near_singularity,20260529,prm,42057,True,0.04851441640538573,0.04851441640538528,0.04851441640538573,0.04851441640538528,1.047382306668854e-15,5.244244613718706e-16,2.010699415441723e-15,9.697171462713196e-16,1.3161699691995135,4.0934926664832923e-14,0.01993175472938819,0.002999999999999989,0.01993175472938819,2.212113038394986e-13,0.0
16,42,scene_04_near_singularity,20260529,prm,42058,True,0.04851441640538573,0.04851441640538528,0.04851441640538573,0.04851441640538528,1.047382306668854e-15,5.244244613718706e-16,2.010699415441723e-15,9.697171462713196e-16,1.3161699691995135,4.0934926664832923e-14,0.01993175472938819,0.002999999999999989,0.01993175472938819,2.212113038394986e-13,0.0
17,42,scene_04_near_singularity,20260529,prm,42059,True,0.04851441640538573,0.04851441640538528,0.04851441640538573,0.04851441640538528,1.047382306668854e-15,5.244244613718706e-16,2.010699415441723e-15,9.697171462713196e-16,1.3161699691995135,4.0934926664832923e-14,0.01993175472938819,0.002999999999999989,0.01993175472938819,2.212113038394986e-13,0.0
18,42,scene_04_near_singularity,20260529,prm,42060,True,0.04851441640538573,0.04851441640538528,0.04851441640538573,0.04851441640538528,1.047382306668854e-15,5.244244613718706e-16,2.010699415441723e-15,9.697171462713196e-16,1.3161699691995135,4.0934926664832923e-14,0.01993175472938819,0.002999999999999989,0.01993175472938819,2.212113038394986e-13,0.0
19,42,scene_04_near_singularity,20260529,prm,42061,True,0.04851441640538573,0.04851441640538528,0.04851441640538573,0.04851441640538528,1.047382306668854e-15,5.244244613718706e-16,2.010699415441723e-15,9.697171462713196e-16,1.3161699691995135,4.0934926664832923e-14,0.01993175472938819,0.002999999999999989,0.01993175472938819,2.212113038394986e-13,0.0
20,42,scene_04_near_singularity,20260529,prm,42062,True,0.04851441640538573,0.04851441640538528,0.04851441640538573,0.04851441640538528,1.047382306668854e-15,5.244244613718706e-16,2.010699415441723e-15,9.697171462713196e-16,1.3161699691995135,4.0934926664832923e-14,0.01993175472938819,0.002999999999999989,0.01993175472938819,2.212113038394986e-13,0.0
21,42,scene_04_near_singularity,20260529,prm,42063,True,0.04851441640538573,0.04851441640538528,0.04851441640538573,0.04851441640538528,1.047382306668854e-15,5.244244613718706e-16,2.010699415441723e-15,9.697171462713196e-16,1.3161699691995135,4.0934926664832923e-14,0.01993175472938819,0.002999999999999989,0.01993175472938819,2.212113038394986e-13,0.0
22,42,scene_04_near_singularity,20260529,prm,42064,True,0.04851441640538573,0.04851441640538528,0.04851441640538573,0.04851441640538528,1.047382306668854e-15,5.244244613718706e-16,2.010699415441723e-15,9.697171462713196e-16,1.3161699691995135,4.0934926664832923e-14,0.01993175472938819,0.002999999999999989,0.01993175472938819,2.212113038394986e-13,0.0
23,42,scene_04_near_singularity,20260529,prm,42065,True,0.04851441640538573,0.04851441640538528,0.04851441640538573,0.04851441640538528,1.047382306668854e-15,5.244244613718706e-16,2.010699415441723e-15,9.697171462713196e-16,1.3161699691995135,4.0934926664832923e-14,0.01993175472938819,0.002999999999999989,0.01993175472938819,2.212113038394986e-13,0.0
24,42,scene_04_near_singularity,20260529,prm,42066,True,0.04851441640538573,0.04851441640538528,0.04851441640538573,0.04851441640538528,1.047382306668854e-15,5.244244613718706e-16,2.010699415441723e-15,9.697171462713196e-16,1.3161699691995135,4.0934926664832923e-14,0.01993175472938819,0.002999999999999989,0.01993175472938819,2.212113038394986e-13,0.0
25,42,scene_04_near_singularity,20260529,prm,42067,True,0.04851441640538573,0.04851441640538528,0.04851441640538573,0.04851441640538528,1.047382306668854e-15,5.244244613718706e-16,2.010699415441723e-15,9.697171462713196e-16,1.3161699691995135,4.0934926664832923e-14,0.01993175472938819,0.002999999999999989,0.01993175472938819,2.212113038394986e-13,0.0
26,42,scene_04_near_singularity,20260529,prm,42068,True,0.04851441640538573,0.04851441640538528,0.04851441640538573,0.04851441640538528,1.047382306668854e-15,5.244244613718706e-16,2.010699415441723e-15,9.697171462713196e-16,1.3161699691995135,4.0934926664832923e-14,0.01993175472938819,0.002999999999999989,0.01993175472938819,2.212113038394986e-13,0.0
27,42,scene_04_near_singularity,20260529,prm,42069,True,0.04851441640538573,0.04851441640538528,0.04851441640538573,0.04851441640538528,1.047382306668854e-15,5.244244613718706e-16,2.010699415441723e-15,9.697171462713196e-16,1.3161699691995135,4.0934926664832923e-14,0.01993175472938819,0.002999999999999989,0.01993175472938819,2.212113038394986e-13,0.0
28,42,scene_04_near_singularity,20260529,prm,42070,True,0.04851441640538573,0.04851441640538528,0.04851441640538573,0.04851441640538528,1.047382306668854e-15,5.244244613718706e-16,2.010699415441723e-15,9.697171462713196e-16,1.3161699691995135,4.0934926664832923e-14,0.01993175472938819,0.002999999999999989,0.01993175472938819,2.212113038394986e-13,0.0
29,42,scene_04_near_singularity,20260529,prm,42071,True,0.04851441640538573,0.04851441640538528,0.04851441640538573,0.04851441640538528,1.047382306668854e-15,5.244244613718706e-16,2.010699415441723e-15,9.697171462713196e-16,1.3161699691995135,4.0934926664832923e-14,0.01993175472938819,0.002999999999999989,0.01993175472938819,2.212113038394986e-13,0.0
30,42,scene_04_near_singularity,20260529,prm,42072,True,0.04851441640538573,0.04851441640538528,0.04851441640538573,0.04851441640538528,1.047382306668854e-15,5.244244613718706e-16,2.010699415441723e-15,9.697171462713196e-16,1.3161699691995135,4.0934926664832923e-14,0.01993175472938819,0.002999999999999989,0.01993175472938819,2.212113038394986e-13,0.0
31,42,scene_04_near_singularity,20260529,prm,42073,True,0.04851441640538573,0.04851441640538528,0.04851441640538573,0.04851441640538528,1.047382306668854e-15,5.244244613718706e-16,2.010699415441723e-15,9.697171462713196e-16,1.3161699691995135,4.0934926664832923e-14,0.01993175472938819,0.002999999999999989,0.01993175472938819,2.212113038394986e-13,0.0
32,42,scene_04_near_singularity,20260529,prm,42074,True,0.04851441640538573,0.04851441640538528,0.04851441640538573,0.04851441640538528,1.047382306668854e-15,5.244244613718706e-16,2.010699415441723e-15,9.697171462713196e-16,1.3161699691995135,4.0934926664832923e-14,0.01993175472938819,0.002999999999999989,0.01993175472938819,2.212113038394986e-13,0.0
33,42,scene_04_near_singularity,20260529,prm,42075,True,0.04851441640538573,0.04851441640538528,0.04851441640538573,0.04851441640538528,1.047382306668854e-15,5.244244613718706e-16,2.010699415441723e-15,9.697171462713196e-16,1.3161699691995135,4.0934926664832923e-14,0.01993175472938819,0.002999999999999989,0.01993175472938819,2.212113038394986e-13,0.0
34,42,scene_04_near_singularity,20260529,prm,42076,True,0.04851441640538573,0.04851441640538528,0.04851441640538573,0.04851441640538528,1.047382306668854e-15,5.244244613718706e-16,2.010699415441723e-15,9.697171462713196e-16,1.3161699691995135,4.0934926664832923e-14,0.01993175472938819,0.002999999999999989,0.01993175472938819,2.212113038394986e-13,0.0
35,42,scene_04_near_singularity,20260529,prm,42077,True,0.04851441640538573,0.04851441640538528,0.04851441640538573,0.04851441640538528,1.047382306668854e-15,5.244244613718706e-16,2.010699415441723e-15,9.697171462713196e-16,1.3161699691995135,4.0934926664832923e-14,0.01993175472938819,0.002999999999999989,0.01993175472938819,2.212113038394986e-13,0.0
36,42,scene_04_near_singularity,20260529,prm,42078,True,0.04851441640538573,0.04851441640538528,0.04851441640538573,0.04851441640538528,1.047382306668854e-15,5.244244613718706e-16,2.010699415441723e-15,9.697171462713196e-16,1.3161699691995135,4.0934926664832923e-14,0.01993175472938819,0.002999999999999989,0.01993175472938819,2.212113038394986e-13,0.0
37,42,scene_04_near_singularity,20260529,prm,42079,True,0.04851441640538573,0.04851441640538528,0.04851441640538573,0.04851441640538528,1.047382306668854e-15,5.244244613718706e-16,2.010699415441723e-15,9.697171462713196e-16,1.3161699691995135,4.0934926664832923e-14,0.01993175472938819,0.002999999999999989,0.01993175472938819,2.212113038394986e-13,0.0
38,42,scene_04_near_singularity,20260529,prm,42080,True,0.04851441640538573,0.04851441640538528,0.04851441640538573,0.04851441640538528,1.047382306668854e-15,5.244244613718706e-16,2.010699415441723e-15,9.697171462713196e-16,1.3161699691995135,4.0934926664832923e-14,0.01993175472938819,0.002999999999999989,0.01993175472938819,2.212113038394986e-13,0.0
39,42,scene_04_near_singularity,20260529,prm,42081,True,0.04851441640538573,0.04851441640538528,0.04851441640538573,0.04851441640538528,1.047382306668854e-15,5.244244613718706e-16,2.010699415441723e-15,9.697171462713196e-16,1.3161699691995135,4.0934926664832923e-14,0.01993175472938819,0.002999999999999989,0.01993175472938819,2.212113038394986e-13,0.0
40,42,scene_04_near_singularity,20260529,prm,42082,True,0.04851441640538573,0.04851441640538528,0.04851441640538573,0.04851441640538528,1.047382306668854e-15,5.244244613718706e-16,2.010699415441723e-15,9.697171462713196e-16,1.3161699691995135,4.0934926664832923e-14,0.01993175472938819,0.002999999999999989,0.01993175472938819,2.212113038394986e-13,0.0
41,42,scene_04_near_singularity,20260529,prm,42083,True,0.04851441640538573,0.04851441640538528,0.04851441640538573,0.04851441640538528,1.047382306668854e-15,5.244244613718706e-16,2.010699415441723e-15,9.697171462713196e-16,1.3161699691995135,4.0934926664832923e-14,0.01993175472938819,0.002999999999999989,0.01993175472938819,2.212113038394986e-13,0.0
42,42,scene_04_near_singularity,20260529,prm,42084,True,0.04851441640538573,0.04851441640538528,0.04851441640538573,0.04851441640538528,1.047382306668854e-15,5.244244613718706e-16,2.010699415441723e-15,9.697171462713196e-16,1.3161699691995135,4.0934926664832923e-14,0.01993175472938819,0.002999999999999989,0.01993175472938819,2.212113038394986e-13,0.0
43,42,scene_04_near_singularity,20260529,prm,42085,True,0.04851441640538573,0.04851441640538528,0.04851441640538573,0.04851441640538528,1.047382306668854e-15,5.244244613718706e-16,2.010699415441723e-15,9.697171462713196e-16,1.3161699691995135,4.0934926664832923e-14,0.01993175472938819,0.002999999999999989,0.01993175472938819,2.212113038394986e-13,0.0
44,42,scene_04_near_singularity,20260529,prm,42086,True,0.04851441640538573,0.04851441640538528,0.04851441640538573,0.04851441640538528,1.047382306668854e-15,5.244244613718706e-16,2.010699415441723e-15,9.697171462713196e-16,1.3161699691995135,4.0934926664832923e-14,0.01993175472938819,0.002999999999999989,0.01993175472938819,2.212113038394986e-13,0.0
45,42,scene_04_near_singularity,20260529,prm,42087,True,0.04851441640538573,0.04851441640538528,0.04851441640538573,0.04851441640538528,1.047382306668854e-15,5.244244613718706e-16,2.010699415441723e-15,9.697171462713196e-16,1.3161699691995135,4.0934926664832923e-14,0.01993175472938819,0.002999999999999989,0.01993175472938819,2.212113038394986e-13,0.0
46,42,scene_04_near_singularity,20260529,prm,42088,True,0.04851441640538573,0.04851441640538528,0.04851441640538573,0.04851441640538528,1.047382306668854e-15,5.244244613718706e-16,2.010699415441723e-15,9.697171462713196e-16,1.3161699691995135,4.0934926664832923e-14,0.01993175472938819,0.002999999999999989,0.01993175472938819,2.212113038394986e-13,0.0
47,42,scene_04_near_singularity,20260529,prm,42089,True,0.04851441640538573,0.04851441640538528,0.04851441640538573,0.04851441640538528,1.047382306668854e-15,5.244244613718706e-16,2.010699415441723e-15,9.697171462713196e-16,1.3161699691995135,4.0934926664832923e-14,0.01993175472938819,0.002999999999999989,0.01993175472938819,2.212113038394986e-13,0.0
48,42,scene_04_near_singularity,20260529,prm,42090,True,0.04851441640538573,0.04851441640538528,0.04851441640538573,0.04851441640538528,1.047382306668854e-15,5.244244613718706e-16,2.010699415441723e-15,9.697171462713196e-16,1.3161699691995135,4.0934926664832923e-14,0.01993175472938819,0.002999999999999989,0.01993175472938819,2.212113038394986e-13,0.0
49,42,scene_04_near_singularity,20260529,prm,42091,True,0.04851441640538573,0.04851441640538528,0.04851441640538573,0.04851441640538528,1.047382306668854e-15,5.244244613718706e-16,2.010699415441723e-15,9.697171462713196e-16,1.3161699691995135,4.0934926664832923e-14,0.01993175472938819,0.002999999999999989,0.01993175472938819,2.212113038394986e-13,0.0
0,42,scene_04_near_singularity,20260529,apf,43042,False,0.045000000000000186,0.045,0.045000000000000186,0.045,0.09000000000000025,0.08527928350497685,0.18000000000000047,0.17052852484019332,66.57924259812347,136.36157432446163,0.1912036278034653,0.002999999999999989,0.1912036278034653,0.31709830509639014,0.0
1,42,scene_04_near_singularity,20260529,apf,43043,False,0.045000000000000186,0.045,0.045000000000000186,0.045,0.09000000000000025,0.08527928350497685,0.18000000000000047,0.17052852484019332,66.57924259812347,136.36157432446163,0.1912036278034653,0.002999999999999989,0.1912036278034653,0.31709830509639014,0.0
2,42,scene_04_near_singularity,20260529,apf,43044,False,0.045000000000000186,0.045,0.045000000000000186,0.045,0.09000000000000025,0.08527928350497685,0.18000000000000047,0.17052852484019332,66.57924259812347,136.36157432446163,0.1912036278034653,0.002999999999999989,0.1912036278034653,0.31709830509639014,0.0
3,42,scene_04_near_singularity,20260529,apf,43045,False,0.045000000000000186,0.045,0.045000000000000186,0.045,0.09000000000000025,0.08527928350497685,0.18000000000000047,0.17052852484019332,66.57924259812347,136.36157432446163,0.1912036278034653,0.002999999999999989,0.1912036278034653,0.31709830509639014,0.0
4,42,scene_04_near_singularity,20260529,apf,43046,False,0.045000000000000186,0.045,0.045000000000000186,0.045,0.09000000000000025,0.08527928350497685,0.18000000000000047,0.17052852484019332,66.57924259812347,136.36157432446163,0.1912036278034653,0.002999999999999989,0.1912036278034653,0.31709830509639014,0.0
5,42,scene_04_near_singularity,20260529,apf,43047,False,0.045000000000000186,0.045,0.045000000000000186,0.045,0.09000000000000025,0.08527928350497685,0.18000000000000047,0.17052852484019332,66.57924259812347,136.36157432446163,0.1912036278034653,0.002999999999999989,0.1912036278034653,0.31709830509639014,0.0
6,42,scene_04_near_singularity,20260529,apf,43048,False,0.045000000000000186,0.045,0.045000000000000186,0.045,0.09000000000000025,0.08527928350497685,0.18000000000000047,0.17052852484019332,66.57924259812347,136.36157432446163,0.1912036278034653,0.002999999999999989,0.1912036278034653,0.31709830509639014,0.0
7,42,scene_04_near_singularity,20260529,apf,43049,False,0.045000000000000186,0.045,0.045000000000000186,0.045,0.09000000000000025,0.08527928350497685,0.18000000000000047,0.17052852484019332,66.57924259812347,136.36157432446163,0.1912036278034653,0.002999999999999989,0.1912036278034653,0.31709830509639014,0.0
8,42,scene_04_near_singularity,20260529,apf,43050,False,0.045000000000000186,0.045,0.045000000000000186,0.045,0.09000000000000025,0.08527928350497685,0.18000000000000047,0.17052852484019332,66.57924259812347,136.36157432446163,0.1912036278034653,0.002999999999999989,0.1912036278034653,0.31709830509639014,0.0
9,42,scene_04_near_singularity,20260529,apf,43051,False,0.045000000000000186,0.045,0.045000000000000186,0.045,0.09000000000000025,0.08527928350497685,0.18000000000000047,0.17052852484019332,66.57924259812347,136.36157432446163,0.1912036278034653,0.002999999999999989,0.1912036278034653,0.31709830509639014,0.0
10,42,scene_04_near_singularity,20260529,apf,43052,False,0.045000000000000186,0.045,0.045000000000000186,0.045,0.09000000000000025,0.08527928350497685,0.18000000000000047,0.17052852484019332,66.57924259812347,136.36157432446163,0.1912036278034653,0.002999999999999989,0.1912036278034653,0.31709830509639014,0.0
11,42,scene_04_near_singularity,20260529,apf,43053,False,0.045000000000000186,0.045,0.045000000000000186,0.045,0.09000000000000025,0.08527928350497685,0.18000000000000047,0.17052852484019332,66.57924259812347,136.36157432446163,0.1912036278034653,0.002999999999999989,0.1912036278034653,0.31709830509639014,0.0
12,42,scene_04_near_singularity,20260529,apf,43054,False,0.045000000000000186,0.045,0.045000000000000186,0.045,0.09000000000000025,0.08527928350497685,0.18000000000000047,0.17052852484019332,66.57924259812347,136.36157432446163,0.1912036278034653,0.002999999999999989,0.1912036278034653,0.31709830509639014,0.0
13,42,scene_04_near_singularity,20260529,apf,43055,False,0.045000000000000186,0.045,0.045000000000000186,0.045,0.09000000000000025,0.08527928350497685,0.18000000000000047,0.17052852484019332,66.57924259812347,136.36157432446163,0.1912036278034653,0.002999999999999989,0.1912036278034653,0.31709830509639014,0.0
14,42,scene_04_near_singularity,20260529,apf,43056,False,0.045000000000000186,0.045,0.045000000000000186,0.045,0.09000000000000025,0.08527928350497685,0.18000000000000047,0.17052852484019332,66.57924259812347,136.36157432446163,0.1912036278034653,0.002999999999999989,0.1912036278034653,0.31709830509639014,0.0
15,42,scene_04_near_singularity,20260529,apf,43057,False,0.045000000000000186,0.045,0.045000000000000186,0.045,0.09000000000000025,0.08527928350497685,0.18000000000000047,0.17052852484019332,66.57924259812347,136.36157432446163,0.1912036278034653,0.002999999999999989,0.1912036278034653,0.31709830509639014,0.0
16,42,scene_04_near_singularity,20260529,apf,43058,False,0.045000000000000186,0.045,0.045000000000000186,0.045,0.09000000000000025,0.08527928350497685,0.18000000000000047,0.17052852484019332,66.57924259812347,136.36157432446163,0.1912036278034653,0.002999999999999989,0.1912036278034653,0.31709830509639014,0.0
17,42,scene_04_near_singularity,20260529,apf,43059,False,0.045000000000000186,0.045,0.045000000000000186,0.045,0.09000000000000025,0.08527928350497685,0.18000000000000047,0.17052852484019332,66.57924259812347,136.36157432446163,0.1912036278034653,0.002999999999999989,0.1912036278034653,0.31709830509639014,0.0
18,42,scene_04_near_singularity,20260529,apf,43060,False,0.045000000000000186,0.045,0.045000000000000186,0.045,0.09000000000000025,0.08527928350497685,0.18000000000000047,0.17052852484019332,66.57924259812347,136.36157432446163,0.1912036278034653,0.002999999999999989,0.1912036278034653,0.31709830509639014,0.0
19,42,scene_04_near_singularity,20260529,apf,43061,False,0.045000000000000186,0.045,0.045000000000000186,0.045,0.09000000000000025,0.08527928350497685,0.18000000000000047,0.17052852484019332,66.57924259812347,136.36157432446163,0.1912036278034653,0.002999999999999989,0.1912036278034653,0.31709830509639014,0.0
20,42,scene_04_near_singularity,20260529,apf,43062,False,0.045000000000000186,0.045,0.045000000000000186,0.045,0.09000000000000025,0.08527928350497685,0.18000000000000047,0.17052852484019332,66.57924259812347,136.36157432446163,0.1912036278034653,0.002999999999999989,0.1912036278034653,0.31709830509639014,0.0
21,42,scene_04_near_singularity,20260529,apf,43063,False,0.045000000000000186,0.045,0.045000000000000186,0.045,0.09000000000000025,0.08527928350497685,0.18000000000000047,0.17052852484019332,66.57924259812347,136.36157432446163,0.1912036278034653,0.002999999999999989,0.1912036278034653,0.31709830509639014,0.0
22,42,scene_04_near_singularity,20260529,apf,43064,False,0.045000000000000186,0.045,0.045000000000000186,0.045,0.09000000000000025,0.08527928350497685,0.18000000000000047,0.17052852484019332,66.57924259812347,136.36157432446163,0.1912036278034653,0.002999999999999989,0.1912036278034653,0.31709830509639014,0.0
23,42,scene_04_near_singularity,20260529,apf,43065,False,0.045000000000000186,0.045,0.045000000000000186,0.045,0.09000000000000025,0.08527928350497685,0.18000000000000047,0.17052852484019332,66.57924259812347,136.36157432446163,0.1912036278034653,0.002999999999999989,0.1912036278034653,0.31709830509639014,0.0
24,42,scene_04_near_singularity,20260529,apf,43066,False,0.045000000000000186,0.045,0.045000000000000186,0.045,0.09000000000000025,0.08527928350497685,0.18000000000000047,0.17052852484019332,66.57924259812347,136.36157432446163,0.1912036278034653,0.002999999999999989,0.1912036278034653,0.31709830509639014,0.0
25,42,scene_04_near_singularity,20260529,apf,43067,False,0.045000000000000186,0.045,0.045000000000000186,0.045,0.09000000000000025,0.08527928350497685,0.18000000000000047,0.17052852484019332,66.57924259812347,136.36157432446163,0.1912036278034653,0.002999999999999989,0.1912036278034653,0.31709830509639014,0.0
26,42,scene_04_near_singularity,20260529,apf,43068,False,0.045000000000000186,0.045,0.045000000000000186,0.045,0.09000000000000025,0.08527928350497685,0.18000000000000047,0.17052852484019332,66.57924259812347,136.36157432446163,0.1912036278034653,0.002999999999999989,0.1912036278034653,0.31709830509639014,0.0
27,42,scene_04_near_singularity,20260529,apf,43069,False,0.045000000000000186,0.045,0.045000000000000186,0.045,0.09000000000000025,0.08527928350497685,0.18000000000000047,0.17052852484019332,66.57924259812347,136.36157432446163,0.1912036278034653,0.002999999999999989,0.1912036278034653,0.31709830509639014,0.0
28,42,scene_04_near_singularity,20260529,apf,43070,False,0.045000000000000186,0.045,0.045000000000000186,0.045,0.09000000000000025,0.08527928350497685,0.18000000000000047,0.17052852484019332,66.57924259812347,136.36157432446163,0.1912036278034653,0.002999999999999989,0.1912036278034653,0.31709830509639014,0.0
29,42,scene_04_near_singularity,20260529,apf,43071,False,0.045000000000000186,0.045,0.045000000000000186,0.045,0.09000000000000025,0.08527928350497685,0.18000000000000047,0.17052852484019332,66.57924259812347,136.36157432446163,0.1912036278034653,0.002999999999999989,0.1912036278034653,0.31709830509639014,0.0
30,42,scene_04_near_singularity,20260529,apf,43072,False,0.045000000000000186,0.045,0.045000000000000186,0.045,0.09000000000000025,0.08527928350497685,0.18000000000000047,0.17052852484019332,66.57924259812347,136.36157432446163,0.1912036278034653,0.002999999999999989,0.1912036278034653,0.31709830509639014,0.0
31,42,scene_04_near_singularity,20260529,apf,43073,False,0.045000000000000186,0.045,0.045000000000000186,0.045,0.09000000000000025,0.08527928350497685,0.18000000000000047,0.17052852484019332,66.57924259812347,136.36157432446163,0.1912036278034653,0.002999999999999989,0.1912036278034653,0.31709830509639014,0.0
32,42,scene_04_near_singularity,20260529,apf,43074,False,0.045000000000000186,0.045,0.045000000000000186,0.045,0.09000000000000025,0.08527928350497685,0.18000000000000047,0.17052852484019332,66.57924259812347,136.36157432446163,0.1912036278034653,0.002999999999999989,0.1912036278034653,0.31709830509639014,0.0
33,42,scene_04_near_singularity,20260529,apf,43075,False,0.045000000000000186,0.045,0.045000000000000186,0.045,0.09000000000000025,0.08527928350497685,0.18000000000000047,0.17052852484019332,66.57924259812347,136.36157432446163,0.1912036278034653,0.002999999999999989,0.1912036278034653,0.31709830509639014,0.0
34,42,scene_04_near_singularity,20260529,apf,43076,False,0.045000000000000186,0.045,0.045000000000000186,0.045,0.09000000000000025,0.08527928350497685,0.18000000000000047,0.17052852484019332,66.57924259812347,136.36157432446163,0.1912036278034653,0.002999999999999989,0.1912036278034653,0.31709830509639014,0.0
35,42,scene_04_near_singularity,20260529,apf,43077,False,0.045000000000000186,0.045,0.045000000000000186,0.045,0.09000000000000025,0.08527928350497685,0.18000000000000047,0.17052852484019332,66.57924259812347,136.36157432446163,0.1912036278034653,0.002999999999999989,0.1912036278034653,0.31709830509639014,0.0
36,42,scene_04_near_singularity,20260529,apf,43078,False,0.045000000000000186,0.045,0.045000000000000186,0.045,0.09000000000000025,0.08527928350497685,0.18000000000000047,0.17052852484019332,66.57924259812347,136.36157432446163,0.1912036278034653,0.002999999999999989,0.1912036278034653,0.31709830509639014,0.0
37,42,scene_04_near_singularity,20260529,apf,43079,False,0.045000000000000186,0.045,0.045000000000000186,0.045,0.09000000000000025,0.08527928350497685,0.18000000000000047,0.17052852484019332,66.57924259812347,136.36157432446163,0.1912036278034653,0.002999999999999989,0.1912036278034653,0.31709830509639014,0.0
38,42,scene_04_near_singularity,20260529,apf,43080,False,0.045000000000000186,0.045,0.045000000000000186,0.045,0.09000000000000025,0.08527928350497685,0.18000000000000047,0.17052852484019332,66.57924259812347,136.36157432446163,0.1912036278034653,0.002999999999999989,0.1912036278034653,0.31709830509639014,0.0
39,42,scene_04_near_singularity,20260529,apf,43081,False,0.045000000000000186,0.045,0.045000000000000186,0.045,0.09000000000000025,0.08527928350497685,0.18000000000000047,0.17052852484019332,66.57924259812347,136.36157432446163,0.1912036278034653,0.002999999999999989,0.1912036278034653,0.31709830509639014,0.0
40,42,scene_04_near_singularity,20260529,apf,43082,False,0.045000000000000186,0.045,0.045000000000000186,0.045,0.09000000000000025,0.08527928350497685,0.18000000000000047,0.17052852484019332,66.57924259812347,136.36157432446163,0.1912036278034653,0.002999999999999989,0.1912036278034653,0.31709830509639014,0.0
41,42,scene_04_near_singularity,20260529,apf,43083,False,0.045000000000000186,0.045,0.045000000000000186,0.045,0.09000000000000025,0.08527928350497685,0.18000000000000047,0.17052852484019332,66.57924259812347,136.36157432446163,0.1912036278034653,0.002999999999999989,0.1912036278034653,0.31709830509639014,0.0
42,42,scene_04_near_singularity,20260529,apf,43084,False,0.045000000000000186,0.045,0.045000000000000186,0.045,0.09000000000000025,0.08527928350497685,0.18000000000000047,0.17052852484019332,66.57924259812347,136.36157432446163,0.1912036278034653,0.002999999999999989,0.1912036278034653,0.31709830509639014,0.0
43,42,scene_04_near_singularity,20260529,apf,43085,False,0.045000000000000186,0.045,0.045000000000000186,0.045,0.09000000000000025,0.08527928350497685,0.18000000000000047,0.17052852484019332,66.57924259812347,136.36157432446163,0.1912036278034653,0.002999999999999989,0.1912036278034653,0.31709830509639014,0.0
44,42,scene_04_near_singularity,20260529,apf,43086,False,0.045000000000000186,0.045,0.045000000000000186,0.045,0.09000000000000025,0.08527928350497685,0.18000000000000047,0.17052852484019332,66.57924259812347,136.36157432446163,0.1912036278034653,0.002999999999999989,0.1912036278034653,0.31709830509639014,0.0
45,42,scene_04_near_singularity,20260529,apf,43087,False,0.045000000000000186,0.045,0.045000000000000186,0.045,0.09000000000000025,0.08527928350497685,0.18000000000000047,0.17052852484019332,66.57924259812347,136.36157432446163,0.1912036278034653,0.002999999999999989,0.1912036278034653,0.31709830509639014,0.0
46,42,scene_04_near_singularity,20260529,apf,43088,False,0.045000000000000186,0.045,0.045000000000000186,0.045,0.09000000000000025,0.08527928350497685,0.18000000000000047,0.17052852484019332,66.57924259812347,136.36157432446163,0.1912036278034653,0.002999999999999989,0.1912036278034653,0.31709830509639014,0.0
47,42,scene_04_near_singularity,20260529,apf,43089,False,0.045000000000000186,0.045,0.045000000000000186,0.045,0.09000000000000025,0.08527928350497685,0.18000000000000047,0.17052852484019332,66.57924259812347,136.36157432446163,0.1912036278034653,0.002999999999999989,0.1912036278034653,0.31709830509639014,0.0
48,42,scene_04_near_singularity,20260529,apf,43090,False,0.045000000000000186,0.045,0.045000000000000186,0.045,0.09000000000000025,0.08527928350497685,0.18000000000000047,0.17052852484019332,66.57924259812347,136.36157432446163,0.1912036278034653,0.002999999999999989,0.1912036278034653,0.31709830509639014,0.0
49,42,scene_04_near_singularity,20260529,apf,43091,False,0.045000000000000186,0.045,0.045000000000000186,0.045,0.09000000000000025,0.08527928350497685,0.18000000000000047,0.17052852484019332,66.57924259812347,136.36157432446163,0.1912036278034653,0.002999999999999989,0.1912036278034653,0.31709830509639014,0.0
0,42,scene_05_mixed_maze_passage,20260601,rrt,50042,True,0.041733090570115296,0.0417330905701148,0.041733090570115296,0.0417330905701148,1.1322097734007351e-15,4.609220407979204e-16,2.1181705310112556e-15,8.438919687918814e-16,0.9562350132670627,3.589954722622577e-14,0.0,0.002999999999999989,0.0,1.3017433210102566e-11,0.0
1,42,scene_05_mixed_maze_passage,20260601,rrt,50043,True,0.041733090570115296,0.0417330905701148,0.041733090570115296,0.0417330905701148,1.1322097734007351e-15,4.609220407979204e-16,2.1181705310112556e-15,8.438919687918814e-16,0.9562350132670627,3.589954722622577e-14,0.0,0.002999999999999989,0.0,1.3017433210102566e-11,0.0
2,42,scene_05_mixed_maze_passage,20260601,rrt,50044,True,0.041733090570115296,0.0417330905701148,0.041733090570115296,0.0417330905701148,1.1322097734007351e-15,4.609220407979204e-16,2.1181705310112556e-15,8.438919687918814e-16,0.9562350132670627,3.589954722622577e-14,0.0,0.002999999999999989,0.0,1.3017433210102566e-11,0.0
3,42,scene_05_mixed_maze_passage,20260601,rrt,50045,True,0.041733090570115296,0.0417330905701148,0.041733090570115296,0.0417330905701148,1.1322097734007351e-15,4.609220407979204e-16,2.1181705310112556e-15,8.438919687918814e-16,0.9562350132670627,3.589954722622577e-14,0.0,0.002999999999999989,0.0,1.3017433210102566e-11,0.0
4,42,scene_05_mixed_maze_passage,20260601,rrt,50046,True,0.041733090570115296,0.0417330905701148,0.041733090570115296,0.0417330905701148,1.1322097734007351e-15,4.609220407979204e-16,2.1181705310112556e-15,8.438919687918814e-16,0.9562350132670627,3.589954722622577e-14,0.0,0.002999999999999989,0.0,1.3017433210102566e-11,0.0
5,42,scene_05_mixed_maze_passage,20260601,rrt,50047,True,0.041733090570115296,0.0417330905701148,0.041733090570115296,0.0417330905701148,1.1322097734007351e-15,4.609220407979204e-16,2.1181705310112556e-15,8.438919687918814e-16,0.9562350132670627,3.589954722622577e-14,0.0,0.002999999999999989,0.0,1.3017433210102566e-11,0.0
6,42,scene_05_mixed_maze_passage,20260601,rrt,50048,True,0.041733090570115296,0.0417330905701148,0.041733090570115296,0.0417330905701148,1.1322097734007351e-15,4.609220407979204e-16,2.1181705310112556e-15,8.438919687918814e-16,0.9562350132670627,3.589954722622577e-14,0.0,0.002999999999999989,0.0,1.3017433210102566e-11,0.0
7,42,scene_05_mixed_maze_passage,20260601,rrt,50049,True,0.041733090570115296,0.0417330905701148,0.041733090570115296,0.0417330905701148,1.1322097734007351e-15,4.609220407979204e-16,2.1181705310112556e-15,8.438919687918814e-16,0.9562350132670627,3.589954722622577e-14,0.0,0.002999999999999989,0.0,1.3017433210102566e-11,0.0
8,42,scene_05_mixed_maze_passage,20260601,rrt,50050,True,0.041733090570115296,0.0417330905701148,0.041733090570115296,0.0417330905701148,1.1322097734007351e-15,4.609220407979204e-16,2.1181705310112556e-15,8.438919687918814e-16,0.9562350132670627,3.589954722622577e-14,0.0,0.002999999999999989,0.0,1.3017433210102566e-11,0.0
9,42,scene_05_mixed_maze_passage,20260601,rrt,50051,True,0.041733090570115296,0.0417330905701148,0.041733090570115296,0.0417330905701148,1.1322097734007351e-15,4.609220407979204e-16,2.1181705310112556e-15,8.438919687918814e-16,0.9562350132670627,3.589954722622577e-14,0.0,0.002999999999999989,0.0,1.3017433210102566e-11,0.0
10,42,scene_05_mixed_maze_passage,20260601,rrt,50052,True,0.041733090570115296,0.0417330905701148,0.041733090570115296,0.0417330905701148,1.1322097734007351e-15,4.609220407979204e-16,2.1181705310112556e-15,8.438919687918814e-16,0.9562350132670627,3.589954722622577e-14,0.0,0.002999999999999989,0.0,1.3017433210102566e-11,0.0
11,42,scene_05_mixed_maze_passage,20260601,rrt,50053,True,0.041733090570115296,0.0417330905701148,0.041733090570115296,0.0417330905701148,1.1322097734007351e-15,4.609220407979204e-16,2.1181705310112556e-15,8.438919687918814e-16,0.9562350132670627,3.589954722622577e-14,0.0,0.002999999999999989,0.0,1.3017433210102566e-11,0.0
12,42,scene_05_mixed_maze_passage,20260601,rrt,50054,True,0.041733090570115296,0.0417330905701148,0.041733090570115296,0.0417330905701148,1.1322097734007351e-15,4.609220407979204e-16,2.1181705310112556e-15,8.438919687918814e-16,0.9562350132670627,3.589954722622577e-14,0.0,0.002999999999999989,0.0,1.3017433210102566e-11,0.0
13,42,scene_05_mixed_maze_passage,20260601,rrt,50055,True,0.041733090570115296,0.0417330905701148,0.041733090570115296,0.0417330905701148,1.1322097734007351e-15,4.609220407979204e-16,2.1181705310112556e-15,8.438919687918814e-16,0.9562350132670627,3.589954722622577e-14,0.0,0.002999999999999989,0.0,1.3017433210102566e-11,0.0
14,42,scene_05_mixed_maze_passage,20260601,rrt,50056,True,0.041733090570115296,0.0417330905701148,0.041733090570115296,0.0417330905701148,1.1322097734007351e-15,4.609220407979204e-16,2.1181705310112556e-15,8.438919687918814e-16,0.9562350132670627,3.589954722622577e-14,0.0,0.002999999999999989,0.0,1.3017433210102566e-11,0.0
15,42,scene_05_mixed_maze_passage,20260601,rrt,50057,True,0.041733090570115296,0.0417330905701148,0.041733090570115296,0.0417330905701148,1.1322097734007351e-15,4.609220407979204e-16,2.1181705310112556e-15,8.438919687918814e-16,0.9562350132670627,3.589954722622577e-14,0.0,0.002999999999999989,0.0,1.3017433210102566e-11,0.0
16,42,scene_05_mixed_maze_passage,20260601,rrt,50058,True,0.041733090570115296,0.0417330905701148,0.041733090570115296,0.0417330905701148,1.1322097734007351e-15,4.609220407979204e-16,2.1181705310112556e-15,8.438919687918814e-16,0.9562350132670627,3.589954722622577e-14,0.0,0.002999999999999989,0.0,1.3017433210102566e-11,0.0
17,42,scene_05_mixed_maze_passage,20260601,rrt,50059,True,0.041733090570115296,0.0417330905701148,0.041733090570115296,0.0417330905701148,1.1322097734007351e-15,4.609220407979204e-16,2.1181705310112556e-15,8.438919687918814e-16,0.9562350132670627,3.589954722622577e-14,0.0,0.002999999999999989,0.0,1.3017433210102566e-11,0.0
18,42,scene_05_mixed_maze_passage,20260601,rrt,50060,True,0.041733090570115296,0.0417330905701148,0.041733090570115296,0.0417330905701148,1.1322097734007351e-15,4.609220407979204e-16,2.1181705310112556e-15,8.438919687918814e-16,0.9562350132670627,3.589954722622577e-14,0.0,0.002999999999999989,0.0,1.3017433210102566e-11,0.0
19,42,scene_05_mixed_maze_passage,20260601,rrt,50061,True,0.041733090570115296,0.0417330905701148,0.041733090570115296,0.0417330905701148,1.1322097734007351e-15,4.609220407979204e-16,2.1181705310112556e-15,8.438919687918814e-16,0.9562350132670627,3.589954722622577e-14,0.0,0.002999999999999989,0.0,1.3017433210102566e-11,0.0
20,42,scene_05_mixed_maze_passage,20260601,rrt,50062,True,0.041733090570115296,0.0417330905701148,0.041733090570115296,0.0417330905701148,1.1322097734007351e-15,4.609220407979204e-16,2.1181705310112556e-15,8.438919687918814e-16,0.9562350132670627,3.589954722622577e-14,0.0,0.002999999999999989,0.0,1.3017433210102566e-11,0.0
21,42,scene_05_mixed_maze_passage,20260601,rrt,50063,True,0.041733090570115296,0.0417330905701148,0.041733090570115296,0.0417330905701148,1.1322097734007351e-15,4.609220407979204e-16,2.1181705310112556e-15,8.438919687918814e-16,0.9562350132670627,3.589954722622577e-14,0.0,0.002999999999999989,0.0,1.3017433210102566e-11,0.0
22,42,scene_05_mixed_maze_passage,20260601,rrt,50064,True,0.041733090570115296,0.0417330905701148,0.041733090570115296,0.0417330905701148,1.1322097734007351e-15,4.609220407979204e-16,2.1181705310112556e-15,8.438919687918814e-16,0.9562350132670627,3.589954722622577e-14,0.0,0.002999999999999989,0.0,1.3017433210102566e-11,0.0
23,42,scene_05_mixed_maze_passage,20260601,rrt,50065,True,0.041733090570115296,0.0417330905701148,0.041733090570115296,0.0417330905701148,1.1322097734007351e-15,4.609220407979204e-16,2.1181705310112556e-15,8.438919687918814e-16,0.9562350132670627,3.589954722622577e-14,0.0,0.002999999999999989,0.0,1.3017433210102566e-11,0.0
24,42,scene_05_mixed_maze_passage,20260601,rrt,50066,True,0.041733090570115296,0.0417330905701148,0.041733090570115296,0.0417330905701148,1.1322097734007351e-15,4.609220407979204e-16,2.1181705310112556e-15,8.438919687918814e-16,0.9562350132670627,3.589954722622577e-14,0.0,0.002999999999999989,0.0,1.3017433210102566e-11,0.0
25,42,scene_05_mixed_maze_passage,20260601,rrt,50067,True,0.041733090570115296,0.0417330905701148,0.041733090570115296,0.0417330905701148,1.1322097734007351e-15,4.609220407979204e-16,2.1181705310112556e-15,8.438919687918814e-16,0.9562350132670627,3.589954722622577e-14,0.0,0.002999999999999989,0.0,1.3017433210102566e-11,0.0
26,42,scene_05_mixed_maze_passage,20260601,rrt,50068,True,0.041733090570115296,0.0417330905701148,0.041733090570115296,0.0417330905701148,1.1322097734007351e-15,4.609220407979204e-16,2.1181705310112556e-15,8.438919687918814e-16,0.9562350132670627,3.589954722622577e-14,0.0,0.002999999999999989,0.0,1.3017433210102566e-11,0.0
27,42,scene_05_mixed_maze_passage,20260601,rrt,50069,True,0.041733090570115296,0.0417330905701148,0.041733090570115296,0.0417330905701148,1.1322097734007351e-15,4.609220407979204e-16,2.1181705310112556e-15,8.438919687918814e-16,0.9562350132670627,3.589954722622577e-14,0.0,0.002999999999999989,0.0,1.3017433210102566e-11,0.0
28,42,scene_05_mixed_maze_passage,20260601,rrt,50070,True,0.041733090570115296,0.0417330905701148,0.041733090570115296,0.0417330905701148,1.1322097734007351e-15,4.609220407979204e-16,2.1181705310112556e-15,8.438919687918814e-16,0.9562350132670627,3.589954722622577e-14,0.0,0.002999999999999989,0.0,1.3017433210102566e-11,0.0
29,42,scene_05_mixed_maze_passage,20260601,rrt,50071,True,0.041733090570115296,0.0417330905701148,0.041733090570115296,0.0417330905701148,1.1322097734007351e-15,4.609220407979204e-16,2.1181705310112556e-15,8.438919687918814e-16,0.9562350132670627,3.589954722622577e-14,0.0,0.002999999999999989,0.0,1.3017433210102566e-11,0.0
30,42,scene_05_mixed_maze_passage,20260601,rrt,50072,True,0.041733090570115296,0.0417330905701148,0.041733090570115296,0.0417330905701148,1.1322097734007351e-15,4.609220407979204e-16,2.1181705310112556e-15,8.438919687918814e-16,0.9562350132670627,3.589954722622577e-14,0.0,0.002999999999999989,0.0,1.3017433210102566e-11,0.0
31,42,scene_05_mixed_maze_passage,20260601,rrt,50073,True,0.041733090570115296,0.0417330905701148,0.041733090570115296,0.0417330905701148,1.1322097734007351e-15,4.609220407979204e-16,2.1181705310112556e-15,8.438919687918814e-16,0.9562350132670627,3.589954722622577e-14,0.0,0.002999999999999989,0.0,1.3017433210102566e-11,0.0
32,42,scene_05_mixed_maze_passage,20260601,rrt,50074,True,0.041733090570115296,0.0417330905701148,0.041733090570115296,0.0417330905701148,1.1322097734007351e-15,4.609220407979204e-16,2.1181705310112556e-15,8.438919687918814e-16,0.9562350132670627,3.589954722622577e-14,0.0,0.002999999999999989,0.0,1.3017433210102566e-11,0.0
33,42,scene_05_mixed_maze_passage,20260601,rrt,50075,True,0.041733090570115296,0.0417330905701148,0.041733090570115296,0.0417330905701148,1.1322097734007351e-15,4.609220407979204e-16,2.1181705310112556e-15,8.438919687918814e-16,0.9562350132670627,3.589954722622577e-14,0.0,0.002999999999999989,0.0,1.3017433210102566e-11,0.0
34,42,scene_05_mixed_maze_passage,20260601,rrt,50076,True,0.041733090570115296,0.0417330905701148,0.041733090570115296,0.0417330905701148,1.1322097734007351e-15,4.609220407979204e-16,2.1181705310112556e-15,8.438919687918814e-16,0.9562350132670627,3.589954722622577e-14,0.0,0.002999999999999989,0.0,1.3017433210102566e-11,0.0
35,42,scene_05_mixed_maze_passage,20260601,rrt,50077,True,0.041733090570115296,0.0417330905701148,0.041733090570115296,0.0417330905701148,1.1322097734007351e-15,4.609220407979204e-16,2.1181705310112556e-15,8.438919687918814e-16,0.9562350132670627,3.589954722622577e-14,0.0,0.002999999999999989,0.0,1.3017433210102566e-11,0.0
36,42,scene_05_mixed_maze_passage,20260601,rrt,50078,True,0.041733090570115296,0.0417330905701148,0.041733090570115296,0.0417330905701148,1.1322097734007351e-15,4.609220407979204e-16,2.1181705310112556e-15,8.438919687918814e-16,0.9562350132670627,3.589954722622577e-14,0.0,0.002999999999999989,0.0,1.3017433210102566e-11,0.0
37,42,scene_05_mixed_maze_passage,20260601,rrt,50079,True,0.041733090570115296,0.0417330905701148,0.041733090570115296,0.0417330905701148,1.1322097734007351e-15,4.609220407979204e-16,2.1181705310112556e-15,8.438919687918814e-16,0.9562350132670627,3.589954722622577e-14,0.0,0.002999999999999989,0.0,1.3017433210102566e-11,0.0
38,42,scene_05_mixed_maze_passage,20260601,rrt,50080,True,0.041733090570115296,0.0417330905701148,0.041733090570115296,0.0417330905701148,1.1322097734007351e-15,4.609220407979204e-16,2.1181705310112556e-15,8.438919687918814e-16,0.9562350132670627,3.589954722622577e-14,0.0,0.002999999999999989,0.0,1.3017433210102566e-11,0.0
39,42,scene_05_mixed_maze_passage,20260601,rrt,50081,True,0.041733090570115296,0.0417330905701148,0.041733090570115296,0.0417330905701148,1.1322097734007351e-15,4.609220407979204e-16,2.1181705310112556e-15,8.438919687918814e-16,0.9562350132670627,3.589954722622577e-14,0.0,0.002999999999999989,0.0,1.3017433210102566e-11,0.0
40,42,scene_05_mixed_maze_passage,20260601,rrt,50082,True,0.041733090570115296,0.0417330905701148,0.041733090570115296,0.0417330905701148,1.1322097734007351e-15,4.609220407979204e-16,2.1181705310112556e-15,8.438919687918814e-16,0.9562350132670627,3.589954722622577e-14,0.0,0.002999999999999989,0.0,1.3017433210102566e-11,0.0
41,42,scene_05_mixed_maze_passage,20260601,rrt,50083,True,0.041733090570115296,0.0417330905701148,0.041733090570115296,0.0417330905701148,1.1322097734007351e-15,4.609220407979204e-16,2.1181705310112556e-15,8.438919687918814e-16,0.9562350132670627,3.589954722622577e-14,0.0,0.002999999999999989,0.0,1.3017433210102566e-11,0.0
42,42,scene_05_mixed_maze_passage,20260601,rrt,50084,True,0.041733090570115296,0.0417330905701148,0.041733090570115296,0.0417330905701148,1.1322097734007351e-15,4.609220407979204e-16,2.1181705310112556e-15,8.438919687918814e-16,0.9562350132670627,3.589954722622577e-14,0.0,0.002999999999999989,0.0,1.3017433210102566e-11,0.0
43,42,scene_05_mixed_maze_passage,20260601,rrt,50085,True,0.041733090570115296,0.0417330905701148,0.041733090570115296,0.0417330905701148,1.1322097734007351e-15,4.609220407979204e-16,2.1181705310112556e-15,8.438919687918814e-16,0.9562350132670627,3.589954722622577e-14,0.0,0.002999999999999989,0.0,1.3017433210102566e-11,0.0
44,42,scene_05_mixed_maze_passage,20260601,rrt,50086,True,0.041733090570115296,0.0417330905701148,0.041733090570115296,0.0417330905701148,1.1322097734007351e-15,4.609220407979204e-16,2.1181705310112556e-15,8.438919687918814e-16,0.9562350132670627,3.589954722622577e-14,0.0,0.002999999999999989,0.0,1.3017433210102566e-11,0.0
45,42,scene_05_mixed_maze_passage,20260601,rrt,50087,True,0.041733090570115296,0.0417330905701148,0.041733090570115296,0.0417330905701148,1.1322097734007351e-15,4.609220407979204e-16,2.1181705310112556e-15,8.438919687918814e-16,0.9562350132670627,3.589954722622577e-14,0.0,0.002999999999999989,0.0,1.3017433210102566e-11,0.0
46,42,scene_05_mixed_maze_passage,20260601,rrt,50088,True,0.041733090570115296,0.0417330905701148,0.041733090570115296,0.0417330905701148,1.1322097734007351e-15,4.609220407979204e-16,2.1181705310112556e-15,8.438919687918814e-16,0.9562350132670627,3.589954722622577e-14,0.0,0.002999999999999989,0.0,1.3017433210102566e-11,0.0
47,42,scene_05_mixed_maze_passage,20260601,rrt,50089,True,0.041733090570115296,0.0417330905701148,0.041733090570115296,0.0417330905701148,1.1322097734007351e-15,4.609220407979204e-16,2.1181705310112556e-15,8.438919687918814e-16,0.9562350132670627,3.589954722622577e-14,0.0,0.002999999999999989,0.0,1.3017433210102566e-11,0.0
48,42,scene_05_mixed_maze_passage,20260601,rrt,50090,True,0.041733090570115296,0.0417330905701148,0.041733090570115296,0.0417330905701148,1.1322097734007351e-15,4.609220407979204e-16,2.1181705310112556e-15,8.438919687918814e-16,0.9562350132670627,3.589954722622577e-14,0.0,0.002999999999999989,0.0,1.3017433210102566e-11,0.0
49,42,scene_05_mixed_maze_passage,20260601,rrt,50091,True,0.041733090570115296,0.0417330905701148,0.041733090570115296,0.0417330905701148,1.1322097734007351e-15,4.609220407979204e-16,2.1181705310112556e-15,8.438919687918814e-16,0.9562350132670627,3.589954722622577e-14,0.0,0.002999999999999989,0.0,1.3017433210102566e-11,0.0
0,42,scene_05_mixed_maze_passage,20260601,rrt_connect,51042,True,0.041733090570115296,0.0417330905701148,0.041733090570115296,0.0417330905701148,1.1322097734007351e-15,4.609220407979204e-16,2.1181705310112556e-15,8.438919687918814e-16,0.9562350132670627,3.589954722622577e-14,0.0,0.002999999999999989,0.0,1.3017433210102566e-11,0.0
1,42,scene_05_mixed_maze_passage,20260601,rrt_connect,51043,True,0.041733090570115296,0.0417330905701148,0.041733090570115296,0.0417330905701148,1.1322097734007351e-15,4.609220407979204e-16,2.1181705310112556e-15,8.438919687918814e-16,0.9562350132670627,3.589954722622577e-14,0.0,0.002999999999999989,0.0,1.3017433210102566e-11,0.0
2,42,scene_05_mixed_maze_passage,20260601,rrt_connect,51044,True,0.041733090570115296,0.0417330905701148,0.041733090570115296,0.0417330905701148,1.1322097734007351e-15,4.609220407979204e-16,2.1181705310112556e-15,8.438919687918814e-16,0.9562350132670627,3.589954722622577e-14,0.0,0.002999999999999989,0.0,1.3017433210102566e-11,0.0
3,42,scene_05_mixed_maze_passage,20260601,rrt_connect,51045,True,0.041733090570115296,0.0417330905701148,0.041733090570115296,0.0417330905701148,1.1322097734007351e-15,4.609220407979204e-16,2.1181705310112556e-15,8.438919687918814e-16,0.9562350132670627,3.589954722622577e-14,0.0,0.002999999999999989,0.0,1.3017433210102566e-11,0.0
4,42,scene_05_mixed_maze_passage,20260601,rrt_connect,51046,True,0.041733090570115296,0.0417330905701148,0.041733090570115296,0.0417330905701148,1.1322097734007351e-15,4.609220407979204e-16,2.1181705310112556e-15,8.438919687918814e-16,0.9562350132670627,3.589954722622577e-14,0.0,0.002999999999999989,0.0,1.3017433210102566e-11,0.0
5,42,scene_05_mixed_maze_passage,20260601,rrt_connect,51047,True,0.041733090570115296,0.0417330905701148,0.041733090570115296,0.0417330905701148,1.1322097734007351e-15,4.609220407979204e-16,2.1181705310112556e-15,8.438919687918814e-16,0.9562350132670627,3.589954722622577e-14,0.0,0.002999999999999989,0.0,1.3017433210102566e-11,0.0
6,42,scene_05_mixed_maze_passage,20260601,rrt_connect,51048,True,0.041733090570115296,0.0417330905701148,0.041733090570115296,0.0417330905701148,1.1322097734007351e-15,4.609220407979204e-16,2.1181705310112556e-15,8.438919687918814e-16,0.9562350132670627,3.589954722622577e-14,0.0,0.002999999999999989,0.0,1.3017433210102566e-11,0.0
7,42,scene_05_mixed_maze_passage,20260601,rrt_connect,51049,True,0.041733090570115296,0.0417330905701148,0.041733090570115296,0.0417330905701148,1.1322097734007351e-15,4.609220407979204e-16,2.1181705310112556e-15,8.438919687918814e-16,0.9562350132670627,3.589954722622577e-14,0.0,0.002999999999999989,0.0,1.3017433210102566e-11,0.0
8,42,scene_05_mixed_maze_passage,20260601,rrt_connect,51050,True,0.041733090570115296,0.0417330905701148,0.041733090570115296,0.0417330905701148,1.1322097734007351e-15,4.609220407979204e-16,2.1181705310112556e-15,8.438919687918814e-16,0.9562350132670627,3.589954722622577e-14,0.0,0.002999999999999989,0.0,1.3017433210102566e-11,0.0
9,42,scene_05_mixed_maze_passage,20260601,rrt_connect,51051,True,0.041733090570115296,0.0417330905701148,0.041733090570115296,0.0417330905701148,1.1322097734007351e-15,4.609220407979204e-16,2.1181705310112556e-15,8.438919687918814e-16,0.9562350132670627,3.589954722622577e-14,0.0,0.002999999999999989,0.0,1.3017433210102566e-11,0.0
10,42,scene_05_mixed_maze_passage,20260601,rrt_connect,51052,True,0.041733090570115296,0.0417330905701148,0.041733090570115296,0.0417330905701148,1.1322097734007351e-15,4.609220407979204e-16,2.1181705310112556e-15,8.438919687918814e-16,0.9562350132670627,3.589954722622577e-14,0.0,0.002999999999999989,0.0,1.3017433210102566e-11,0.0
11,42,scene_05_mixed_maze_passage,20260601,rrt_connect,51053,True,0.041733090570115296,0.0417330905701148,0.041733090570115296,0.0417330905701148,1.1322097734007351e-15,4.609220407979204e-16,2.1181705310112556e-15,8.438919687918814e-16,0.9562350132670627,3.589954722622577e-14,0.0,0.002999999999999989,0.0,1.3017433210102566e-11,0.0
12,42,scene_05_mixed_maze_passage,20260601,rrt_connect,51054,True,0.041733090570115296,0.0417330905701148,0.041733090570115296,0.0417330905701148,1.1322097734007351e-15,4.609220407979204e-16,2.1181705310112556e-15,8.438919687918814e-16,0.9562350132670627,3.589954722622577e-14,0.0,0.002999999999999989,0.0,1.3017433210102566e-11,0.0
13,42,scene_05_mixed_maze_passage,20260601,rrt_connect,51055,True,0.041733090570115296,0.0417330905701148,0.041733090570115296,0.0417330905701148,1.1322097734007351e-15,4.609220407979204e-16,2.1181705310112556e-15,8.438919687918814e-16,0.9562350132670627,3.589954722622577e-14,0.0,0.002999999999999989,0.0,1.3017433210102566e-11,0.0
14,42,scene_05_mixed_maze_passage,20260601,rrt_connect,51056,True,0.041733090570115296,0.0417330905701148,0.041733090570115296,0.0417330905701148,1.1322097734007351e-15,4.609220407979204e-16,2.1181705310112556e-15,8.438919687918814e-16,0.9562350132670627,3.589954722622577e-14,0.0,0.002999999999999989,0.0,1.3017433210102566e-11,0.0
15,42,scene_05_mixed_maze_passage,20260601,rrt_connect,51057,True,0.041733090570115296,0.0417330905701148,0.041733090570115296,0.0417330905701148,1.1322097734007351e-15,4.609220407979204e-16,2.1181705310112556e-15,8.438919687918814e-16,0.9562350132670627,3.589954722622577e-14,0.0,0.002999999999999989,0.0,1.3017433210102566e-11,0.0
16,42,scene_05_mixed_maze_passage,20260601,rrt_connect,51058,True,0.041733090570115296,0.0417330905701148,0.041733090570115296,0.0417330905701148,1.1322097734007351e-15,4.609220407979204e-16,2.1181705310112556e-15,8.438919687918814e-16,0.9562350132670627,3.589954722622577e-14,0.0,0.002999999999999989,0.0,1.3017433210102566e-11,0.0
17,42,scene_05_mixed_maze_passage,20260601,rrt_connect,51059,True,0.041733090570115296,0.0417330905701148,0.041733090570115296,0.0417330905701148,1.1322097734007351e-15,4.609220407979204e-16,2.1181705310112556e-15,8.438919687918814e-16,0.9562350132670627,3.589954722622577e-14,0.0,0.002999999999999989,0.0,1.3017433210102566e-11,0.0
18,42,scene_05_mixed_maze_passage,20260601,rrt_connect,51060,True,0.041733090570115296,0.0417330905701148,0.041733090570115296,0.0417330905701148,1.1322097734007351e-15,4.609220407979204e-16,2.1181705310112556e-15,8.438919687918814e-16,0.9562350132670627,3.589954722622577e-14,0.0,0.002999999999999989,0.0,1.3017433210102566e-11,0.0
19,42,scene_05_mixed_maze_passage,20260601,rrt_connect,51061,True,0.041733090570115296,0.0417330905701148,0.041733090570115296,0.0417330905701148,1.1322097734007351e-15,4.609220407979204e-16,2.1181705310112556e-15,8.438919687918814e-16,0.9562350132670627,3.589954722622577e-14,0.0,0.002999999999999989,0.0,1.3017433210102566e-11,0.0
20,42,scene_05_mixed_maze_passage,20260601,rrt_connect,51062,True,0.041733090570115296,0.0417330905701148,0.041733090570115296,0.0417330905701148,1.1322097734007351e-15,4.609220407979204e-16,2.1181705310112556e-15,8.438919687918814e-16,0.9562350132670627,3.589954722622577e-14,0.0,0.002999999999999989,0.0,1.3017433210102566e-11,0.0
21,42,scene_05_mixed_maze_passage,20260601,rrt_connect,51063,True,0.041733090570115296,0.0417330905701148,0.041733090570115296,0.0417330905701148,1.1322097734007351e-15,4.609220407979204e-16,2.1181705310112556e-15,8.438919687918814e-16,0.9562350132670627,3.589954722622577e-14,0.0,0.002999999999999989,0.0,1.3017433210102566e-11,0.0
22,42,scene_05_mixed_maze_passage,20260601,rrt_connect,51064,True,0.041733090570115296,0.0417330905701148,0.041733090570115296,0.0417330905701148,1.1322097734007351e-15,4.609220407979204e-16,2.1181705310112556e-15,8.438919687918814e-16,0.9562350132670627,3.589954722622577e-14,0.0,0.002999999999999989,0.0,1.3017433210102566e-11,0.0
23,42,scene_05_mixed_maze_passage,20260601,rrt_connect,51065,True,0.041733090570115296,0.0417330905701148,0.041733090570115296,0.0417330905701148,1.1322097734007351e-15,4.609220407979204e-16,2.1181705310112556e-15,8.438919687918814e-16,0.9562350132670627,3.589954722622577e-14,0.0,0.002999999999999989,0.0,1.3017433210102566e-11,0.0
24,42,scene_05_mixed_maze_passage,20260601,rrt_connect,51066,True,0.041733090570115296,0.0417330905701148,0.041733090570115296,0.0417330905701148,1.1322097734007351e-15,4.609220407979204e-16,2.1181705310112556e-15,8.438919687918814e-16,0.9562350132670627,3.589954722622577e-14,0.0,0.002999999999999989,0.0,1.3017433210102566e-11,0.0
25,42,scene_05_mixed_maze_passage,20260601,rrt_connect,51067,True,0.041733090570115296,0.0417330905701148,0.041733090570115296,0.0417330905701148,1.1322097734007351e-15,4.609220407979204e-16,2.1181705310112556e-15,8.438919687918814e-16,0.9562350132670627,3.589954722622577e-14,0.0,0.002999999999999989,0.0,1.3017433210102566e-11,0.0
26,42,scene_05_mixed_maze_passage,20260601,rrt_connect,51068,True,0.041733090570115296,0.0417330905701148,0.041733090570115296,0.0417330905701148,1.1322097734007351e-15,4.609220407979204e-16,2.1181705310112556e-15,8.438919687918814e-16,0.9562350132670627,3.589954722622577e-14,0.0,0.002999999999999989,0.0,1.3017433210102566e-11,0.0
27,42,scene_05_mixed_maze_passage,20260601,rrt_connect,51069,True,0.041733090570115296,0.0417330905701148,0.041733090570115296,0.0417330905701148,1.1322097734007351e-15,4.609220407979204e-16,2.1181705310112556e-15,8.438919687918814e-16,0.9562350132670627,3.589954722622577e-14,0.0,0.002999999999999989,0.0,1.3017433210102566e-11,0.0
28,42,scene_05_mixed_maze_passage,20260601,rrt_connect,51070,True,0.041733090570115296,0.0417330905701148,0.041733090570115296,0.0417330905701148,1.1322097734007351e-15,4.609220407979204e-16,2.1181705310112556e-15,8.438919687918814e-16,0.9562350132670627,3.589954722622577e-14,0.0,0.002999999999999989,0.0,1.3017433210102566e-11,0.0
29,42,scene_05_mixed_maze_passage,20260601,rrt_connect,51071,True,0.041733090570115296,0.0417330905701148,0.041733090570115296,0.0417330905701148,1.1322097734007351e-15,4.609220407979204e-16,2.1181705310112556e-15,8.438919687918814e-16,0.9562350132670627,3.589954722622577e-14,0.0,0.002999999999999989,0.0,1.3017433210102566e-11,0.0
30,42,scene_05_mixed_maze_passage,20260601,rrt_connect,51072,True,0.041733090570115296,0.0417330905701148,0.041733090570115296,0.0417330905701148,1.1322097734007351e-15,4.609220407979204e-16,2.1181705310112556e-15,8.438919687918814e-16,0.9562350132670627,3.589954722622577e-14,0.0,0.002999999999999989,0.0,1.3017433210102566e-11,0.0
31,42,scene_05_mixed_maze_passage,20260601,rrt_connect,51073,True,0.041733090570115296,0.0417330905701148,0.041733090570115296,0.0417330905701148,1.1322097734007351e-15,4.609220407979204e-16,2.1181705310112556e-15,8.438919687918814e-16,0.9562350132670627,3.589954722622577e-14,0.0,0.002999999999999989,0.0,1.3017433210102566e-11,0.0
32,42,scene_05_mixed_maze_passage,20260601,rrt_connect,51074,True,0.041733090570115296,0.0417330905701148,0.041733090570115296,0.0417330905701148,1.1322097734007351e-15,4.609220407979204e-16,2.1181705310112556e-15,8.438919687918814e-16,0.9562350132670627,3.589954722622577e-14,0.0,0.002999999999999989,0.0,1.3017433210102566e-11,0.0
33,42,scene_05_mixed_maze_passage,20260601,rrt_connect,51075,True,0.041733090570115296,0.0417330905701148,0.041733090570115296,0.0417330905701148,1.1322097734007351e-15,4.609220407979204e-16,2.1181705310112556e-15,8.438919687918814e-16,0.9562350132670627,3.589954722622577e-14,0.0,0.002999999999999989,0.0,1.3017433210102566e-11,0.0
34,42,scene_05_mixed_maze_passage,20260601,rrt_connect,51076,True,0.041733090570115296,0.0417330905701148,0.041733090570115296,0.0417330905701148,1.1322097734007351e-15,4.609220407979204e-16,2.1181705310112556e-15,8.438919687918814e-16,0.9562350132670627,3.589954722622577e-14,0.0,0.002999999999999989,0.0,1.3017433210102566e-11,0.0
35,42,scene_05_mixed_maze_passage,20260601,rrt_connect,51077,True,0.041733090570115296,0.0417330905701148,0.041733090570115296,0.0417330905701148,1.1322097734007351e-15,4.609220407979204e-16,2.1181705310112556e-15,8.438919687918814e-16,0.9562350132670627,3.589954722622577e-14,0.0,0.002999999999999989,0.0,1.3017433210102566e-11,0.0
36,42,scene_05_mixed_maze_passage,20260601,rrt_connect,51078,True,0.041733090570115296,0.0417330905701148,0.041733090570115296,0.0417330905701148,1.1322097734007351e-15,4.609220407979204e-16,2.1181705310112556e-15,8.438919687918814e-16,0.9562350132670627,3.589954722622577e-14,0.0,0.002999999999999989,0.0,1.3017433210102566e-11,0.0
37,42,scene_05_mixed_maze_passage,20260601,rrt_connect,51079,True,0.041733090570115296,0.0417330905701148,0.041733090570115296,0.0417330905701148,1.1322097734007351e-15,4.609220407979204e-16,2.1181705310112556e-15,8.438919687918814e-16,0.9562350132670627,3.589954722622577e-14,0.0,0.002999999999999989,0.0,1.3017433210102566e-11,0.0
38,42,scene_05_mixed_maze_passage,20260601,rrt_connect,51080,True,0.041733090570115296,0.0417330905701148,0.041733090570115296,0.0417330905701148,1.1322097734007351e-15,4.609220407979204e-16,2.1181705310112556e-15,8.438919687918814e-16,0.9562350132670627,3.589954722622577e-14,0.0,0.002999999999999989,0.0,1.3017433210102566e-11,0.0
39,42,scene_05_mixed_maze_passage,20260601,rrt_connect,51081,True,0.041733090570115296,0.0417330905701148,0.041733090570115296,0.0417330905701148,1.1322097734007351e-15,4.609220407979204e-16,2.1181705310112556e-15,8.438919687918814e-16,0.9562350132670627,3.589954722622577e-14,0.0,0.002999999999999989,0.0,1.3017433210102566e-11,0.0
40,42,scene_05_mixed_maze_passage,20260601,rrt_connect,51082,True,0.041733090570115296,0.0417330905701148,0.041733090570115296,0.0417330905701148,1.1322097734007351e-15,4.609220407979204e-16,2.1181705310112556e-15,8.438919687918814e-16,0.9562350132670627,3.589954722622577e-14,0.0,0.002999999999999989,0.0,1.3017433210102566e-11,0.0
41,42,scene_05_mixed_maze_passage,20260601,rrt_connect,51083,True,0.041733090570115296,0.0417330905701148,0.041733090570115296,0.0417330905701148,1.1322097734007351e-15,4.609220407979204e-16,2.1181705310112556e-15,8.438919687918814e-16,0.9562350132670627,3.589954722622577e-14,0.0,0.002999999999999989,0.0,1.3017433210102566e-11,0.0
42,42,scene_05_mixed_maze_passage,20260601,rrt_connect,51084,True,0.041733090570115296,0.0417330905701148,0.041733090570115296,0.0417330905701148,1.1322097734007351e-15,4.609220407979204e-16,2.1181705310112556e-15,8.438919687918814e-16,0.9562350132670627,3.589954722622577e-14,0.0,0.002999999999999989,0.0,1.3017433210102566e-11,0.0
43,42,scene_05_mixed_maze_passage,20260601,rrt_connect,51085,True,0.041733090570115296,0.0417330905701148,0.041733090570115296,0.0417330905701148,1.1322097734007351e-15,4.609220407979204e-16,2.1181705310112556e-15,8.438919687918814e-16,0.9562350132670627,3.589954722622577e-14,0.0,0.002999999999999989,0.0,1.3017433210102566e-11,0.0
44,42,scene_05_mixed_maze_passage,20260601,rrt_connect,51086,True,0.041733090570115296,0.0417330905701148,0.041733090570115296,0.0417330905701148,1.1322097734007351e-15,4.609220407979204e-16,2.1181705310112556e-15,8.438919687918814e-16,0.9562350132670627,3.589954722622577e-14,0.0,0.002999999999999989,0.0,1.3017433210102566e-11,0.0
45,42,scene_05_mixed_maze_passage,20260601,rrt_connect,51087,True,0.041733090570115296,0.0417330905701148,0.041733090570115296,0.0417330905701148,1.1322097734007351e-15,4.609220407979204e-16,2.1181705310112556e-15,8.438919687918814e-16,0.9562350132670627,3.589954722622577e-14,0.0,0.002999999999999989,0.0,1.3017433210102566e-11,0.0
46,42,scene_05_mixed_maze_passage,20260601,rrt_connect,51088,True,0.041733090570115296,0.0417330905701148,0.041733090570115296,0.0417330905701148,1.1322097734007351e-15,4.609220407979204e-16,2.1181705310112556e-15,8.438919687918814e-16,0.9562350132670627,3.589954722622577e-14,0.0,0.002999999999999989,0.0,1.3017433210102566e-11,0.0
47,42,scene_05_mixed_maze_passage,20260601,rrt_connect,51089,True,0.041733090570115296,0.0417330905701148,0.041733090570115296,0.0417330905701148,1.1322097734007351e-15,4.609220407979204e-16,2.1181705310112556e-15,8.438919687918814e-16,0.9562350132670627,3.589954722622577e-14,0.0,0.002999999999999989,0.0,1.3017433210102566e-11,0.0
48,42,scene_05_mixed_maze_passage,20260601,rrt_connect,51090,True,0.041733090570115296,0.0417330905701148,0.041733090570115296,0.0417330905701148,1.1322097734007351e-15,4.609220407979204e-16,2.1181705310112556e-15,8.438919687918814e-16,0.9562350132670627,3.589954722622577e-14,0.0,0.002999999999999989,0.0,1.3017433210102566e-11,0.0
49,42,scene_05_mixed_maze_passage,20260601,rrt_connect,51091,True,0.041733090570115296,0.0417330905701148,0.041733090570115296,0.0417330905701148,1.1322097734007351e-15,4.609220407979204e-16,2.1181705310112556e-15,8.438919687918814e-16,0.9562350132670627,3.589954722622577e-14,0.0,0.002999999999999989,0.0,1.3017433210102566e-11,0.0
0,42,scene_05_mixed_maze_passage,20260601,prm,52042,True,0.041733090570115296,0.0417330905701148,0.041733090570115296,0.0417330905701148,1.1322097734007351e-15,4.609220407979204e-16,2.1181705310112556e-15,8.438919687918814e-16,0.9562350132670627,3.589954722622577e-14,0.0,0.002999999999999989,0.0,1.3017433210102566e-11,0.0
1,42,scene_05_mixed_maze_passage,20260601,prm,52043,True,0.041733090570115296,0.0417330905701148,0.041733090570115296,0.0417330905701148,1.1322097734007351e-15,4.609220407979204e-16,2.1181705310112556e-15,8.438919687918814e-16,0.9562350132670627,3.589954722622577e-14,0.0,0.002999999999999989,0.0,1.3017433210102566e-11,0.0
2,42,scene_05_mixed_maze_passage,20260601,prm,52044,True,0.041733090570115296,0.0417330905701148,0.041733090570115296,0.0417330905701148,1.1322097734007351e-15,4.609220407979204e-16,2.1181705310112556e-15,8.438919687918814e-16,0.9562350132670627,3.589954722622577e-14,0.0,0.002999999999999989,0.0,1.3017433210102566e-11,0.0
3,42,scene_05_mixed_maze_passage,20260601,prm,52045,True,0.041733090570115296,0.0417330905701148,0.041733090570115296,0.0417330905701148,1.1322097734007351e-15,4.609220407979204e-16,2.1181705310112556e-15,8.438919687918814e-16,0.9562350132670627,3.589954722622577e-14,0.0,0.002999999999999989,0.0,1.3017433210102566e-11,0.0
4,42,scene_05_mixed_maze_passage,20260601,prm,52046,True,0.041733090570115296,0.0417330905701148,0.041733090570115296,0.0417330905701148,1.1322097734007351e-15,4.609220407979204e-16,2.1181705310112556e-15,8.438919687918814e-16,0.9562350132670627,3.589954722622577e-14,0.0,0.002999999999999989,0.0,1.3017433210102566e-11,0.0
5,42,scene_05_mixed_maze_passage,20260601,prm,52047,True,0.041733090570115296,0.0417330905701148,0.041733090570115296,0.0417330905701148,1.1322097734007351e-15,4.609220407979204e-16,2.1181705310112556e-15,8.438919687918814e-16,0.9562350132670627,3.589954722622577e-14,0.0,0.002999999999999989,0.0,1.3017433210102566e-11,0.0
6,42,scene_05_mixed_maze_passage,20260601,prm,52048,True,0.041733090570115296,0.0417330905701148,0.041733090570115296,0.0417330905701148,1.1322097734007351e-15,4.609220407979204e-16,2.1181705310112556e-15,8.438919687918814e-16,0.9562350132670627,3.589954722622577e-14,0.0,0.002999999999999989,0.0,1.3017433210102566e-11,0.0
7,42,scene_05_mixed_maze_passage,20260601,prm,52049,True,0.041733090570115296,0.0417330905701148,0.041733090570115296,0.0417330905701148,1.1322097734007351e-15,4.609220407979204e-16,2.1181705310112556e-15,8.438919687918814e-16,0.9562350132670627,3.589954722622577e-14,0.0,0.002999999999999989,0.0,1.3017433210102566e-11,0.0
8,42,scene_05_mixed_maze_passage,20260601,prm,52050,True,0.041733090570115296,0.0417330905701148,0.041733090570115296,0.0417330905701148,1.1322097734007351e-15,4.609220407979204e-16,2.1181705310112556e-15,8.438919687918814e-16,0.9562350132670627,3.589954722622577e-14,0.0,0.002999999999999989,0.0,1.3017433210102566e-11,0.0
9,42,scene_05_mixed_maze_passage,20260601,prm,52051,True,0.041733090570115296,0.0417330905701148,0.041733090570115296,0.0417330905701148,1.1322097734007351e-15,4.609220407979204e-16,2.1181705310112556e-15,8.438919687918814e-16,0.9562350132670627,3.589954722622577e-14,0.0,0.002999999999999989,0.0,1.3017433210102566e-11,0.0
10,42,scene_05_mixed_maze_passage,20260601,prm,52052,True,0.041733090570115296,0.0417330905701148,0.041733090570115296,0.0417330905701148,1.1322097734007351e-15,4.609220407979204e-16,2.1181705310112556e-15,8.438919687918814e-16,0.9562350132670627,3.589954722622577e-14,0.0,0.002999999999999989,0.0,1.3017433210102566e-11,0.0
11,42,scene_05_mixed_maze_passage,20260601,prm,52053,True,0.041733090570115296,0.0417330905701148,0.041733090570115296,0.0417330905701148,1.1322097734007351e-15,4.609220407979204e-16,2.1181705310112556e-15,8.438919687918814e-16,0.9562350132670627,3.589954722622577e-14,0.0,0.002999999999999989,0.0,1.3017433210102566e-11,0.0
12,42,scene_05_mixed_maze_passage,20260601,prm,52054,True,0.041733090570115296,0.0417330905701148,0.041733090570115296,0.0417330905701148,1.1322097734007351e-15,4.609220407979204e-16,2.1181705310112556e-15,8.438919687918814e-16,0.9562350132670627,3.589954722622577e-14,0.0,0.002999999999999989,0.0,1.3017433210102566e-11,0.0
13,42,scene_05_mixed_maze_passage,20260601,prm,52055,True,0.041733090570115296,0.0417330905701148,0.041733090570115296,0.0417330905701148,1.1322097734007351e-15,4.609220407979204e-16,2.1181705310112556e-15,8.438919687918814e-16,0.9562350132670627,3.589954722622577e-14,0.0,0.002999999999999989,0.0,1.3017433210102566e-11,0.0
14,42,scene_05_mixed_maze_passage,20260601,prm,52056,True,0.041733090570115296,0.0417330905701148,0.041733090570115296,0.0417330905701148,1.1322097734007351e-15,4.609220407979204e-16,2.1181705310112556e-15,8.438919687918814e-16,0.9562350132670627,3.589954722622577e-14,0.0,0.002999999999999989,0.0,1.3017433210102566e-11,0.0
15,42,scene_05_mixed_maze_passage,20260601,prm,52057,True,0.041733090570115296,0.0417330905701148,0.041733090570115296,0.0417330905701148,1.1322097734007351e-15,4.609220407979204e-16,2.1181705310112556e-15,8.438919687918814e-16,0.9562350132670627,3.589954722622577e-14,0.0,0.002999999999999989,0.0,1.3017433210102566e-11,0.0
16,42,scene_05_mixed_maze_passage,20260601,prm,52058,True,0.041733090570115296,0.0417330905701148,0.041733090570115296,0.0417330905701148,1.1322097734007351e-15,4.609220407979204e-16,2.1181705310112556e-15,8.438919687918814e-16,0.9562350132670627,3.589954722622577e-14,0.0,0.002999999999999989,0.0,1.3017433210102566e-11,0.0
17,42,scene_05_mixed_maze_passage,20260601,prm,52059,True,0.041733090570115296,0.0417330905701148,0.041733090570115296,0.0417330905701148,1.1322097734007351e-15,4.609220407979204e-16,2.1181705310112556e-15,8.438919687918814e-16,0.9562350132670627,3.589954722622577e-14,0.0,0.002999999999999989,0.0,1.3017433210102566e-11,0.0
18,42,scene_05_mixed_maze_passage,20260601,prm,52060,True,0.041733090570115296,0.0417330905701148,0.041733090570115296,0.0417330905701148,1.1322097734007351e-15,4.609220407979204e-16,2.1181705310112556e-15,8.438919687918814e-16,0.9562350132670627,3.589954722622577e-14,0.0,0.002999999999999989,0.0,1.3017433210102566e-11,0.0
19,42,scene_05_mixed_maze_passage,20260601,prm,52061,True,0.041733090570115296,0.0417330905701148,0.041733090570115296,0.0417330905701148,1.1322097734007351e-15,4.609220407979204e-16,2.1181705310112556e-15,8.438919687918814e-16,0.9562350132670627,3.589954722622577e-14,0.0,0.002999999999999989,0.0,1.3017433210102566e-11,0.0
20,42,scene_05_mixed_maze_passage,20260601,prm,52062,True,0.041733090570115296,0.0417330905701148,0.041733090570115296,0.0417330905701148,1.1322097734007351e-15,4.609220407979204e-16,2.1181705310112556e-15,8.438919687918814e-16,0.9562350132670627,3.589954722622577e-14,0.0,0.002999999999999989,0.0,1.3017433210102566e-11,0.0
21,42,scene_05_mixed_maze_passage,20260601,prm,52063,True,0.041733090570115296,0.0417330905701148,0.041733090570115296,0.0417330905701148,1.1322097734007351e-15,4.609220407979204e-16,2.1181705310112556e-15,8.438919687918814e-16,0.9562350132670627,3.589954722622577e-14,0.0,0.002999999999999989,0.0,1.3017433210102566e-11,0.0
22,42,scene_05_mixed_maze_passage,20260601,prm,52064,True,0.041733090570115296,0.0417330905701148,0.041733090570115296,0.0417330905701148,1.1322097734007351e-15,4.609220407979204e-16,2.1181705310112556e-15,8.438919687918814e-16,0.9562350132670627,3.589954722622577e-14,0.0,0.002999999999999989,0.0,1.3017433210102566e-11,0.0
23,42,scene_05_mixed_maze_passage,20260601,prm,52065,True,0.041733090570115296,0.0417330905701148,0.041733090570115296,0.0417330905701148,1.1322097734007351e-15,4.609220407979204e-16,2.1181705310112556e-15,8.438919687918814e-16,0.9562350132670627,3.589954722622577e-14,0.0,0.002999999999999989,0.0,1.3017433210102566e-11,0.0
24,42,scene_05_mixed_maze_passage,20260601,prm,52066,True,0.041733090570115296,0.0417330905701148,0.041733090570115296,0.0417330905701148,1.1322097734007351e-15,4.609220407979204e-16,2.1181705310112556e-15,8.438919687918814e-16,0.9562350132670627,3.589954722622577e-14,0.0,0.002999999999999989,0.0,1.3017433210102566e-11,0.0
25,42,scene_05_mixed_maze_passage,20260601,prm,52067,True,0.041733090570115296,0.0417330905701148,0.041733090570115296,0.0417330905701148,1.1322097734007351e-15,4.609220407979204e-16,2.1181705310112556e-15,8.438919687918814e-16,0.9562350132670627,3.589954722622577e-14,0.0,0.002999999999999989,0.0,1.3017433210102566e-11,0.0
26,42,scene_05_mixed_maze_passage,20260601,prm,52068,True,0.041733090570115296,0.0417330905701148,0.041733090570115296,0.0417330905701148,1.1322097734007351e-15,4.609220407979204e-16,2.1181705310112556e-15,8.438919687918814e-16,0.9562350132670627,3.589954722622577e-14,0.0,0.002999999999999989,0.0,1.3017433210102566e-11,0.0
27,42,scene_05_mixed_maze_passage,20260601,prm,52069,True,0.041733090570115296,0.0417330905701148,0.041733090570115296,0.0417330905701148,1.1322097734007351e-15,4.609220407979204e-16,2.1181705310112556e-15,8.438919687918814e-16,0.9562350132670627,3.589954722622577e-14,0.0,0.002999999999999989,0.0,1.3017433210102566e-11,0.0
28,42,scene_05_mixed_maze_passage,20260601,prm,52070,True,0.041733090570115296,0.0417330905701148,0.041733090570115296,0.0417330905701148,1.1322097734007351e-15,4.609220407979204e-16,2.1181705310112556e-15,8.438919687918814e-16,0.9562350132670627,3.589954722622577e-14,0.0,0.002999999999999989,0.0,1.3017433210102566e-11,0.0
29,42,scene_05_mixed_maze_passage,20260601,prm,52071,True,0.041733090570115296,0.0417330905701148,0.041733090570115296,0.0417330905701148,1.1322097734007351e-15,4.609220407979204e-16,2.1181705310112556e-15,8.438919687918814e-16,0.9562350132670627,3.589954722622577e-14,0.0,0.002999999999999989,0.0,1.3017433210102566e-11,0.0
30,42,scene_05_mixed_maze_passage,20260601,prm,52072,True,0.041733090570115296,0.0417330905701148,0.041733090570115296,0.0417330905701148,1.1322097734007351e-15,4.609220407979204e-16,2.1181705310112556e-15,8.438919687918814e-16,0.9562350132670627,3.589954722622577e-14,0.0,0.002999999999999989,0.0,1.3017433210102566e-11,0.0
31,42,scene_05_mixed_maze_passage,20260601,prm,52073,True,0.041733090570115296,0.0417330905701148,0.041733090570115296,0.0417330905701148,1.1322097734007351e-15,4.609220407979204e-16,2.1181705310112556e-15,8.438919687918814e-16,0.9562350132670627,3.589954722622577e-14,0.0,0.002999999999999989,0.0,1.3017433210102566e-11,0.0
32,42,scene_05_mixed_maze_passage,20260601,prm,52074,True,0.041733090570115296,0.0417330905701148,0.041733090570115296,0.0417330905701148,1.1322097734007351e-15,4.609220407979204e-16,2.1181705310112556e-15,8.438919687918814e-16,0.9562350132670627,3.589954722622577e-14,0.0,0.002999999999999989,0.0,1.3017433210102566e-11,0.0
33,42,scene_05_mixed_maze_passage,20260601,prm,52075,True,0.041733090570115296,0.0417330905701148,0.041733090570115296,0.0417330905701148,1.1322097734007351e-15,4.609220407979204e-16,2.1181705310112556e-15,8.438919687918814e-16,0.9562350132670627,3.589954722622577e-14,0.0,0.002999999999999989,0.0,1.3017433210102566e-11,0.0
34,42,scene_05_mixed_maze_passage,20260601,prm,52076,True,0.041733090570115296,0.0417330905701148,0.041733090570115296,0.0417330905701148,1.1322097734007351e-15,4.609220407979204e-16,2.1181705310112556e-15,8.438919687918814e-16,0.9562350132670627,3.589954722622577e-14,0.0,0.002999999999999989,0.0,1.3017433210102566e-11,0.0
35,42,scene_05_mixed_maze_passage,20260601,prm,52077,True,0.041733090570115296,0.0417330905701148,0.041733090570115296,0.0417330905701148,1.1322097734007351e-15,4.609220407979204e-16,2.1181705310112556e-15,8.438919687918814e-16,0.9562350132670627,3.589954722622577e-14,0.0,0.002999999999999989,0.0,1.3017433210102566e-11,0.0
36,42,scene_05_mixed_maze_passage,20260601,prm,52078,True,0.041733090570115296,0.0417330905701148,0.041733090570115296,0.0417330905701148,1.1322097734007351e-15,4.609220407979204e-16,2.1181705310112556e-15,8.438919687918814e-16,0.9562350132670627,3.589954722622577e-14,0.0,0.002999999999999989,0.0,1.3017433210102566e-11,0.0
37,42,scene_05_mixed_maze_passage,20260601,prm,52079,True,0.041733090570115296,0.0417330905701148,0.041733090570115296,0.0417330905701148,1.1322097734007351e-15,4.609220407979204e-16,2.1181705310112556e-15,8.438919687918814e-16,0.9562350132670627,3.589954722622577e-14,0.0,0.002999999999999989,0.0,1.3017433210102566e-11,0.0
38,42,scene_05_mixed_maze_passage,20260601,prm,52080,True,0.041733090570115296,0.0417330905701148,0.041733090570115296,0.0417330905701148,1.1322097734007351e-15,4.609220407979204e-16,2.1181705310112556e-15,8.438919687918814e-16,0.9562350132670627,3.589954722622577e-14,0.0,0.002999999999999989,0.0,1.3017433210102566e-11,0.0
39,42,scene_05_mixed_maze_passage,20260601,prm,52081,True,0.041733090570115296,0.0417330905701148,0.041733090570115296,0.0417330905701148,1.1322097734007351e-15,4.609220407979204e-16,2.1181705310112556e-15,8.438919687918814e-16,0.9562350132670627,3.589954722622577e-14,0.0,0.002999999999999989,0.0,1.3017433210102566e-11,0.0
40,42,scene_05_mixed_maze_passage,20260601,prm,52082,True,0.041733090570115296,0.0417330905701148,0.041733090570115296,0.0417330905701148,1.1322097734007351e-15,4.609220407979204e-16,2.1181705310112556e-15,8.438919687918814e-16,0.9562350132670627,3.589954722622577e-14,0.0,0.002999999999999989,0.0,1.3017433210102566e-11,0.0
41,42,scene_05_mixed_maze_passage,20260601,prm,52083,True,0.041733090570115296,0.0417330905701148,0.041733090570115296,0.0417330905701148,1.1322097734007351e-15,4.609220407979204e-16,2.1181705310112556e-15,8.438919687918814e-16,0.9562350132670627,3.589954722622577e-14,0.0,0.002999999999999989,0.0,1.3017433210102566e-11,0.0
42,42,scene_05_mixed_maze_passage,20260601,prm,52084,True,0.041733090570115296,0.0417330905701148,0.041733090570115296,0.0417330905701148,1.1322097734007351e-15,4.609220407979204e-16,2.1181705310112556e-15,8.438919687918814e-16,0.9562350132670627,3.589954722622577e-14,0.0,0.002999999999999989,0.0,1.3017433210102566e-11,0.0
43,42,scene_05_mixed_maze_passage,20260601,prm,52085,True,0.041733090570115296,0.0417330905701148,0.041733090570115296,0.0417330905701148,1.1322097734007351e-15,4.609220407979204e-16,2.1181705310112556e-15,8.438919687918814e-16,0.9562350132670627,3.589954722622577e-14,0.0,0.002999999999999989,0.0,1.3017433210102566e-11,0.0
44,42,scene_05_mixed_maze_passage,20260601,prm,52086,True,0.041733090570115296,0.0417330905701148,0.041733090570115296,0.0417330905701148,1.1322097734007351e-15,4.609220407979204e-16,2.1181705310112556e-15,8.438919687918814e-16,0.9562350132670627,3.589954722622577e-14,0.0,0.002999999999999989,0.0,1.3017433210102566e-11,0.0
45,42,scene_05_mixed_maze_passage,20260601,prm,52087,True,0.041733090570115296,0.0417330905701148,0.041733090570115296,0.0417330905701148,1.1322097734007351e-15,4.609220407979204e-16,2.1181705310112556e-15,8.438919687918814e-16,0.9562350132670627,3.589954722622577e-14,0.0,0.002999999999999989,0.0,1.3017433210102566e-11,0.0
46,42,scene_05_mixed_maze_passage,20260601,prm,52088,True,0.041733090570115296,0.0417330905701148,0.041733090570115296,0.0417330905701148,1.1322097734007351e-15,4.609220407979204e-16,2.1181705310112556e-15,8.438919687918814e-16,0.9562350132670627,3.589954722622577e-14,0.0,0.002999999999999989,0.0,1.3017433210102566e-11,0.0
47,42,scene_05_mixed_maze_passage,20260601,prm,52089,True,0.041733090570115296,0.0417330905701148,0.041733090570115296,0.0417330905701148,1.1322097734007351e-15,4.609220407979204e-16,2.1181705310112556e-15,8.438919687918814e-16,0.9562350132670627,3.589954722622577e-14,0.0,0.002999999999999989,0.0,1.3017433210102566e-11,0.0
48,42,scene_05_mixed_maze_passage,20260601,prm,52090,True,0.041733090570115296,0.0417330905701148,0.041733090570115296,0.0417330905701148,1.1322097734007351e-15,4.609220407979204e-16,2.1181705310112556e-15,8.438919687918814e-16,0.9562350132670627,3.589954722622577e-14,0.0,0.002999999999999989,0.0,1.3017433210102566e-11,0.0
49,42,scene_05_mixed_maze_passage,20260601,prm,52091,True,0.041733090570115296,0.0417330905701148,0.041733090570115296,0.0417330905701148,1.1322097734007351e-15,4.609220407979204e-16,2.1181705310112556e-15,8.438919687918814e-16,0.9562350132670627,3.589954722622577e-14,0.0,0.002999999999999989,0.0,1.3017433210102566e-11,0.0
0,42,scene_05_mixed_maze_passage,20260601,apf,53042,False,0.045000000000000255,0.045,0.045000000000000255,0.045,0.09000000000000041,0.08647406980697288,0.1800000000000007,0.1729547206065921,41.74839218769373,138.27203762135304,0.0,0.002999999999999989,0.0,0.17708261022094324,0.0
1,42,scene_05_mixed_maze_passage,20260601,apf,53043,False,0.045000000000000255,0.045,0.045000000000000255,0.045,0.09000000000000041,0.08647406980697288,0.1800000000000007,0.1729547206065921,41.74839218769373,138.27203762135304,0.0,0.002999999999999989,0.0,0.17708261022094324,0.0
2,42,scene_05_mixed_maze_passage,20260601,apf,53044,False,0.045000000000000255,0.045,0.045000000000000255,0.045,0.09000000000000041,0.08647406980697288,0.1800000000000007,0.1729547206065921,41.74839218769373,138.27203762135304,0.0,0.002999999999999989,0.0,0.17708261022094324,0.0
3,42,scene_05_mixed_maze_passage,20260601,apf,53045,False,0.045000000000000255,0.045,0.045000000000000255,0.045,0.09000000000000041,0.08647406980697288,0.1800000000000007,0.1729547206065921,41.74839218769373,138.27203762135304,0.0,0.002999999999999989,0.0,0.17708261022094324,0.0
4,42,scene_05_mixed_maze_passage,20260601,apf,53046,False,0.045000000000000255,0.045,0.045000000000000255,0.045,0.09000000000000041,0.08647406980697288,0.1800000000000007,0.1729547206065921,41.74839218769373,138.27203762135304,0.0,0.002999999999999989,0.0,0.17708261022094324,0.0
5,42,scene_05_mixed_maze_passage,20260601,apf,53047,False,0.045000000000000255,0.045,0.045000000000000255,0.045,0.09000000000000041,0.08647406980697288,0.1800000000000007,0.1729547206065921,41.74839218769373,138.27203762135304,0.0,0.002999999999999989,0.0,0.17708261022094324,0.0
6,42,scene_05_mixed_maze_passage,20260601,apf,53048,False,0.045000000000000255,0.045,0.045000000000000255,0.045,0.09000000000000041,0.08647406980697288,0.1800000000000007,0.1729547206065921,41.74839218769373,138.27203762135304,0.0,0.002999999999999989,0.0,0.17708261022094324,0.0
7,42,scene_05_mixed_maze_passage,20260601,apf,53049,False,0.045000000000000255,0.045,0.045000000000000255,0.045,0.09000000000000041,0.08647406980697288,0.1800000000000007,0.1729547206065921,41.74839218769373,138.27203762135304,0.0,0.002999999999999989,0.0,0.17708261022094324,0.0
8,42,scene_05_mixed_maze_passage,20260601,apf,53050,False,0.045000000000000255,0.045,0.045000000000000255,0.045,0.09000000000000041,0.08647406980697288,0.1800000000000007,0.1729547206065921,41.74839218769373,138.27203762135304,0.0,0.002999999999999989,0.0,0.17708261022094324,0.0
9,42,scene_05_mixed_maze_passage,20260601,apf,53051,False,0.045000000000000255,0.045,0.045000000000000255,0.045,0.09000000000000041,0.08647406980697288,0.1800000000000007,0.1729547206065921,41.74839218769373,138.27203762135304,0.0,0.002999999999999989,0.0,0.17708261022094324,0.0
10,42,scene_05_mixed_maze_passage,20260601,apf,53052,False,0.045000000000000255,0.045,0.045000000000000255,0.045,0.09000000000000041,0.08647406980697288,0.1800000000000007,0.1729547206065921,41.74839218769373,138.27203762135304,0.0,0.002999999999999989,0.0,0.17708261022094324,0.0
11,42,scene_05_mixed_maze_passage,20260601,apf,53053,False,0.045000000000000255,0.045,0.045000000000000255,0.045,0.09000000000000041,0.08647406980697288,0.1800000000000007,0.1729547206065921,41.74839218769373,138.27203762135304,0.0,0.002999999999999989,0.0,0.17708261022094324,0.0
12,42,scene_05_mixed_maze_passage,20260601,apf,53054,False,0.045000000000000255,0.045,0.045000000000000255,0.045,0.09000000000000041,0.08647406980697288,0.1800000000000007,0.1729547206065921,41.74839218769373,138.27203762135304,0.0,0.002999999999999989,0.0,0.17708261022094324,0.0
13,42,scene_05_mixed_maze_passage,20260601,apf,53055,False,0.045000000000000255,0.045,0.045000000000000255,0.045,0.09000000000000041,0.08647406980697288,0.1800000000000007,0.1729547206065921,41.74839218769373,138.27203762135304,0.0,0.002999999999999989,0.0,0.17708261022094324,0.0
14,42,scene_05_mixed_maze_passage,20260601,apf,53056,False,0.045000000000000255,0.045,0.045000000000000255,0.045,0.09000000000000041,0.08647406980697288,0.1800000000000007,0.1729547206065921,41.74839218769373,138.27203762135304,0.0,0.002999999999999989,0.0,0.17708261022094324,0.0
15,42,scene_05_mixed_maze_passage,20260601,apf,53057,False,0.045000000000000255,0.045,0.045000000000000255,0.045,0.09000000000000041,0.08647406980697288,0.1800000000000007,0.1729547206065921,41.74839218769373,138.27203762135304,0.0,0.002999999999999989,0.0,0.17708261022094324,0.0
16,42,scene_05_mixed_maze_passage,20260601,apf,53058,False,0.045000000000000255,0.045,0.045000000000000255,0.045,0.09000000000000041,0.08647406980697288,0.1800000000000007,0.1729547206065921,41.74839218769373,138.27203762135304,0.0,0.002999999999999989,0.0,0.17708261022094324,0.0
17,42,scene_05_mixed_maze_passage,20260601,apf,53059,False,0.045000000000000255,0.045,0.045000000000000255,0.045,0.09000000000000041,0.08647406980697288,0.1800000000000007,0.1729547206065921,41.74839218769373,138.27203762135304,0.0,0.002999999999999989,0.0,0.17708261022094324,0.0
18,42,scene_05_mixed_maze_passage,20260601,apf,53060,False,0.045000000000000255,0.045,0.045000000000000255,0.045,0.09000000000000041,0.08647406980697288,0.1800000000000007,0.1729547206065921,41.74839218769373,138.27203762135304,0.0,0.002999999999999989,0.0,0.17708261022094324,0.0
19,42,scene_05_mixed_maze_passage,20260601,apf,53061,False,0.045000000000000255,0.045,0.045000000000000255,0.045,0.09000000000000041,0.08647406980697288,0.1800000000000007,0.1729547206065921,41.74839218769373,138.27203762135304,0.0,0.002999999999999989,0.0,0.17708261022094324,0.0
20,42,scene_05_mixed_maze_passage,20260601,apf,53062,False,0.045000000000000255,0.045,0.045000000000000255,0.045,0.09000000000000041,0.08647406980697288,0.1800000000000007,0.1729547206065921,41.74839218769373,138.27203762135304,0.0,0.002999999999999989,0.0,0.17708261022094324,0.0
21,42,scene_05_mixed_maze_passage,20260601,apf,53063,False,0.045000000000000255,0.045,0.045000000000000255,0.045,0.09000000000000041,0.08647406980697288,0.1800000000000007,0.1729547206065921,41.74839218769373,138.27203762135304,0.0,0.002999999999999989,0.0,0.17708261022094324,0.0
22,42,scene_05_mixed_maze_passage,20260601,apf,53064,False,0.045000000000000255,0.045,0.045000000000000255,0.045,0.09000000000000041,0.08647406980697288,0.1800000000000007,0.1729547206065921,41.74839218769373,138.27203762135304,0.0,0.002999999999999989,0.0,0.17708261022094324,0.0
23,42,scene_05_mixed_maze_passage,20260601,apf,53065,False,0.045000000000000255,0.045,0.045000000000000255,0.045,0.09000000000000041,0.08647406980697288,0.1800000000000007,0.1729547206065921,41.74839218769373,138.27203762135304,0.0,0.002999999999999989,0.0,0.17708261022094324,0.0
24,42,scene_05_mixed_maze_passage,20260601,apf,53066,False,0.045000000000000255,0.045,0.045000000000000255,0.045,0.09000000000000041,0.08647406980697288,0.1800000000000007,0.1729547206065921,41.74839218769373,138.27203762135304,0.0,0.002999999999999989,0.0,0.17708261022094324,0.0
25,42,scene_05_mixed_maze_passage,20260601,apf,53067,False,0.045000000000000255,0.045,0.045000000000000255,0.045,0.09000000000000041,0.08647406980697288,0.1800000000000007,0.1729547206065921,41.74839218769373,138.27203762135304,0.0,0.002999999999999989,0.0,0.17708261022094324,0.0
26,42,scene_05_mixed_maze_passage,20260601,apf,53068,False,0.045000000000000255,0.045,0.045000000000000255,0.045,0.09000000000000041,0.08647406980697288,0.1800000000000007,0.1729547206065921,41.74839218769373,138.27203762135304,0.0,0.002999999999999989,0.0,0.17708261022094324,0.0
27,42,scene_05_mixed_maze_passage,20260601,apf,53069,False,0.045000000000000255,0.045,0.045000000000000255,0.045,0.09000000000000041,0.08647406980697288,0.1800000000000007,0.1729547206065921,41.74839218769373,138.27203762135304,0.0,0.002999999999999989,0.0,0.17708261022094324,0.0
28,42,scene_05_mixed_maze_passage,20260601,apf,53070,False,0.045000000000000255,0.045,0.045000000000000255,0.045,0.09000000000000041,0.08647406980697288,0.1800000000000007,0.1729547206065921,41.74839218769373,138.27203762135304,0.0,0.002999999999999989,0.0,0.17708261022094324,0.0
29,42,scene_05_mixed_maze_passage,20260601,apf,53071,False,0.045000000000000255,0.045,0.045000000000000255,0.045,0.09000000000000041,0.08647406980697288,0.1800000000000007,0.1729547206065921,41.74839218769373,138.27203762135304,0.0,0.002999999999999989,0.0,0.17708261022094324,0.0
30,42,scene_05_mixed_maze_passage,20260601,apf,53072,False,0.045000000000000255,0.045,0.045000000000000255,0.045,0.09000000000000041,0.08647406980697288,0.1800000000000007,0.1729547206065921,41.74839218769373,138.27203762135304,0.0,0.002999999999999989,0.0,0.17708261022094324,0.0
31,42,scene_05_mixed_maze_passage,20260601,apf,53073,False,0.045000000000000255,0.045,0.045000000000000255,0.045,0.09000000000000041,0.08647406980697288,0.1800000000000007,0.1729547206065921,41.74839218769373,138.27203762135304,0.0,0.002999999999999989,0.0,0.17708261022094324,0.0
32,42,scene_05_mixed_maze_passage,20260601,apf,53074,False,0.045000000000000255,0.045,0.045000000000000255,0.045,0.09000000000000041,0.08647406980697288,0.1800000000000007,0.1729547206065921,41.74839218769373,138.27203762135304,0.0,0.002999999999999989,0.0,0.17708261022094324,0.0
33,42,scene_05_mixed_maze_passage,20260601,apf,53075,False,0.045000000000000255,0.045,0.045000000000000255,0.045,0.09000000000000041,0.08647406980697288,0.1800000000000007,0.1729547206065921,41.74839218769373,138.27203762135304,0.0,0.002999999999999989,0.0,0.17708261022094324,0.0
34,42,scene_05_mixed_maze_passage,20260601,apf,53076,False,0.045000000000000255,0.045,0.045000000000000255,0.045,0.09000000000000041,0.08647406980697288,0.1800000000000007,0.1729547206065921,41.74839218769373,138.27203762135304,0.0,0.002999999999999989,0.0,0.17708261022094324,0.0
35,42,scene_05_mixed_maze_passage,20260601,apf,53077,False,0.045000000000000255,0.045,0.045000000000000255,0.045,0.09000000000000041,0.08647406980697288,0.1800000000000007,0.1729547206065921,41.74839218769373,138.27203762135304,0.0,0.002999999999999989,0.0,0.17708261022094324,0.0
36,42,scene_05_mixed_maze_passage,20260601,apf,53078,False,0.045000000000000255,0.045,0.045000000000000255,0.045,0.09000000000000041,0.08647406980697288,0.1800000000000007,0.1729547206065921,41.74839218769373,138.27203762135304,0.0,0.002999999999999989,0.0,0.17708261022094324,0.0
37,42,scene_05_mixed_maze_passage,20260601,apf,53079,False,0.045000000000000255,0.045,0.045000000000000255,0.045,0.09000000000000041,0.08647406980697288,0.1800000000000007,0.1729547206065921,41.74839218769373,138.27203762135304,0.0,0.002999999999999989,0.0,0.17708261022094324,0.0
38,42,scene_05_mixed_maze_passage,20260601,apf,53080,False,0.045000000000000255,0.045,0.045000000000000255,0.045,0.09000000000000041,0.08647406980697288,0.1800000000000007,0.1729547206065921,41.74839218769373,138.27203762135304,0.0,0.002999999999999989,0.0,0.17708261022094324,0.0
39,42,scene_05_mixed_maze_passage,20260601,apf,53081,False,0.045000000000000255,0.045,0.045000000000000255,0.045,0.09000000000000041,0.08647406980697288,0.1800000000000007,0.1729547206065921,41.74839218769373,138.27203762135304,0.0,0.002999999999999989,0.0,0.17708261022094324,0.0
40,42,scene_05_mixed_maze_passage,20260601,apf,53082,False,0.045000000000000255,0.045,0.045000000000000255,0.045,0.09000000000000041,0.08647406980697288,0.1800000000000007,0.1729547206065921,41.74839218769373,138.27203762135304,0.0,0.002999999999999989,0.0,0.17708261022094324,0.0
41,42,scene_05_mixed_maze_passage,20260601,apf,53083,False,0.045000000000000255,0.045,0.045000000000000255,0.045,0.09000000000000041,0.08647406980697288,0.1800000000000007,0.1729547206065921,41.74839218769373,138.27203762135304,0.0,0.002999999999999989,0.0,0.17708261022094324,0.0
42,42,scene_05_mixed_maze_passage,20260601,apf,53084,False,0.045000000000000255,0.045,0.045000000000000255,0.045,0.09000000000000041,0.08647406980697288,0.1800000000000007,0.1729547206065921,41.74839218769373,138.27203762135304,0.0,0.002999999999999989,0.0,0.17708261022094324,0.0
43,42,scene_05_mixed_maze_passage,20260601,apf,53085,False,0.045000000000000255,0.045,0.045000000000000255,0.045,0.09000000000000041,0.08647406980697288,0.1800000000000007,0.1729547206065921,41.74839218769373,138.27203762135304,0.0,0.002999999999999989,0.0,0.17708261022094324,0.0
44,42,scene_05_mixed_maze_passage,20260601,apf,53086,False,0.045000000000000255,0.045,0.045000000000000255,0.045,0.09000000000000041,0.08647406980697288,0.1800000000000007,0.1729547206065921,41.74839218769373,138.27203762135304,0.0,0.002999999999999989,0.0,0.17708261022094324,0.0
45,42,scene_05_mixed_maze_passage,20260601,apf,53087,False,0.045000000000000255,0.045,0.045000000000000255,0.045,0.09000000000000041,0.08647406980697288,0.1800000000000007,0.1729547206065921,41.74839218769373,138.27203762135304,0.0,0.002999999999999989,0.0,0.17708261022094324,0.0
46,42,scene_05_mixed_maze_passage,20260601,apf,53088,False,0.045000000000000255,0.045,0.045000000000000255,0.045,0.09000000000000041,0.08647406980697288,0.1800000000000007,0.1729547206065921,41.74839218769373,138.27203762135304,0.0,0.002999999999999989,0.0,0.17708261022094324,0.0
47,42,scene_05_mixed_maze_passage,20260601,apf,53089,False,0.045000000000000255,0.045,0.045000000000000255,0.045,0.09000000000000041,0.08647406980697288,0.1800000000000007,0.1729547206065921,41.74839218769373,138.27203762135304,0.0,0.002999999999999989,0.0,0.17708261022094324,0.0
48,42,scene_05_mixed_maze_passage,20260601,apf,53090,False,0.045000000000000255,0.045,0.045000000000000255,0.045,0.09000000000000041,0.08647406980697288,0.1800000000000007,0.1729547206065921,41.74839218769373,138.27203762135304,0.0,0.002999999999999989,0.0,0.17708261022094324,0.0
49,42,scene_05_mixed_maze_passage,20260601,apf,53091,False,0.045000000000000255,0.045,0.045000000000000255,0.045,0.09000000000000041,0.08647406980697288,0.1800000000000007,0.1729547206065921,41.74839218769373,138.27203762135304,0.0,0.002999999999999989,0.0,0.17708261022094324,0.0
0,42,scene_pass_through_maze,20260602,rrt,60042,True,0.05314263632684634,0.05300231832043374,0.05314263632684634,0.05300231832043374,0.0002591929419335153,0.0001323649101128025,7.720957440681988e-06,6.556794675745019e-06,1.0194895775518946,0.010324462988798596,0.00127259977480184,0.002999999999999989,0.00127259977480184,2.395609843795322e-13,0.0
4,42,scene_pass_through_maze,20260602,rrt,60046,True,0.05475129014642818,0.053460546011504864,0.05475129014642818,0.053460546011504864,0.0006200005496336747,0.00031721974678571404,8.647721258790704e-05,1.4867377457507385e-05,1.054051793955407,0.024743140249285693,0.0012725997748018816,0.002999999999999989,0.0012725997748018816,2.396280930330465e-13,0.0
5,42,scene_pass_through_maze,20260602,rrt,60047,True,0.05325910829015297,0.052993776419704416,0.05325910829015297,0.052993776419704416,0.00028040468825847934,0.000143584327963411,3.464275652460533e-05,6.781301499096114e-06,1.0077183877414362,0.011199577581146057,0.0012725997748017845,0.002999999999999989,0.0012725997748017845,2.3943314375921275e-13,0.0
8,42,scene_pass_through_maze,20260602,rrt,60050,True,0.054750864990416696,0.05359497067974064,0.054750864990416696,0.05359497067974064,0.000636244356666855,0.00032509096038829693,3.453796648771312e-05,1.5939228510601996e-05,0.9903884932890594,0.02535709491028716,0.00127259977480184,0.002999999999999989,0.00127259977480184,2.395609843795322e-13,0.0
9,42,scene_pass_through_maze,20260602,rrt,60051,True,0.05591372590080819,0.05411551256072135,0.05591372590080819,0.05411551256072135,0.000820994946822031,0.0004209078096958643,3.75904203916842e-05,2.064654426933173e-05,0.9982849361907884,0.03283080915627751,0.0012725997748018955,0.002999999999999989,0.0012725997748018955,2.396459282144931e-13,0.0
10,42,scene_pass_through_maze,20260602,rrt,60052,True,0.05440579435324107,0.05332076372877753,0.05440579435324107,0.05332076372877753,0.0005572765884071227,0.00028523017255843545,0.0001363381225511097,1.2606278971381048e-05,0.9817042373729898,0.02224795345955796,0.0012725997748019927,0.002999999999999989,0.0012725997748019927,2.3969020099910375e-13,0.0
12,42,scene_pass_through_maze,20260602,rrt,60054,True,0.06011988488234994,0.055113510309430104,0.06011988488234994,0.055113510309430104,0.0012466977258807823,0.0006373123250299095,0.00019636738474351965,2.9606205936251102e-05,1.0491158057062846,0.04971036135233294,0.0012725997748019927,0.002999999999999989,0.0012725997748019927,2.396784536251222e-13,0.0
19,42,scene_pass_through_maze,20260602,rrt,60061,True,0.05305150807828953,0.05292488536644353,0.05305150807828953,0.05292488536644353,0.00019080688559371277,9.784977545296718e-05,3.2049853606989344e-05,4.5053742722233354e-06,0.9913687365768662,0.007632282485331441,0.0012725997748019371,0.002999999999999989,0.0012725997748019371,2.395750498008151e-13,0.0
20,42,scene_pass_through_maze,20260602,rrt,60062,True,0.05427148452152471,0.05327118311071511,0.05427148452152471,0.05327118311071511,0.0005312103705642686,0.0002720400198205336,0.0001765941400018146,1.1412256565409829e-05,1.0288128670795822,0.021219121546001626,0.0012725997748018955,0.002999999999999989,0.0012725997748018955,2.396459282144931e-13,0.0
25,42,scene_pass_through_maze,20260602,rrt,60067,True,0.05464011620816083,0.05349505140006117,0.05464011620816083,0.05349505140006117,0.0006081226460021947,0.0003108745635676882,4.5658787434313394e-05,1.5080752123229984e-05,0.9761786689922928,0.024248215958279678,0.0012725997748018955,0.002999999999999989,0.0012725997748018955,2.396593281078639e-13,0.0
27,42,scene_pass_through_maze,20260602,rrt,60069,True,0.0544357579582967,0.05335656875661087,0.0544357579582967,0.05335656875661087,0.0005616634659614785,0.0002888237528078123,8.415233008706787e-05,1.3393140322197025e-05,1.023217621373108,0.02252825271900936,0.0012725997748019094,0.002999999999999989,0.0012725997748019094,2.396137906763273e-13,0.0
30,42,scene_pass_through_maze,20260602,rrt,60072,True,0.054737227416668525,0.05357504019781806,0.054737227416668525,0.05357504019781806,0.0006302520139627818,0.0003226597553969785,3.674667716874299e-05,1.5758702529800976e-05,1.0339993851593865,0.025167460920964328,0.0012725997748019094,0.002999999999999989,0.0012725997748019094,2.396018340585323e-13,0.0
32,42,scene_pass_through_maze,20260602,rrt,60074,True,0.053430501703082396,0.053038865743946874,0.053430501703082396,0.053038865743946874,0.0003360409979730507,0.00017184006826204747,6.223470002947539e-05,7.860122484609705e-06,1.0055165727365964,0.013403525324439702,0.0012725997748019094,0.002999999999999989,0.0012725997748019094,2.396137906763273e-13,0.0
39,42,scene_pass_through_maze,20260602,rrt,60081,True,0.05534757445015096,0.053652117798465467,0.05534757445015096,0.053652117798465467,0.0007142451359441277,0.00036513187603771284,9.636694344983585e-05,1.7169282210913158e-05,0.9669736060691131,0.028480286330941604,0.0012725997748018955,0.002999999999999989,0.0012725997748018955,2.396593281078639e-13,0.0
40,42,scene_pass_through_maze,20260602,rrt,60082,True,0.053965060391420745,0.05319684833704638,0.053965060391420745,0.05319684833704638,0.0004685661021219107,0.00024056365637514633,9.655888615161322e-05,1.083317668006101e-05,0.9966887158741755,0.018763965197261416,0.0012725997748019094,0.002999999999999989,0.0012725997748019094,2.396137906763273e-13,0.0
41,42,scene_pass_through_maze,20260602,rrt,60083,True,0.05316852855222604,0.05298694581625654,0.05316852855222604,0.05298694581625654,0.0002521613800073415,0.00012938461708994584,1.2708032665066686e-05,6.328246427703084e-06,1.0068287238833706,0.010092000133015777,0.0012725997748018955,0.002999999999999989,0.0012725997748018955,2.396459282144931e-13,0.0
44,42,scene_pass_through_maze,20260602,rrt,60086,True,0.053973666375159365,0.053250214967541135,0.053973666375159365,0.053250214967541135,0.00047619617574219447,0.00024408617017578882,3.960473157025363e-05,1.1760673920680822e-05,0.9990096079287684,0.019038721273711534,0.0012725997748018955,0.002999999999999989,0.0012725997748018955,2.396459282144931e-13,0.0
47,42,scene_pass_through_maze,20260602,rrt,60089,True,0.0543435525395104,0.053319333540335134,0.0543435525395104,0.053319333540335134,0.0005445185145204649,0.00027979322425100207,9.391437976626375e-05,1.2825453144532499e-05,0.9799249218385665,0.02182387149157816,0.0012725997748019233,0.002999999999999989,0.0012725997748019233,2.3954335497908836e-13,0.0
48,42,scene_pass_through_maze,20260602,rrt,60090,True,0.05647436349871612,0.05423537470233501,0.05647436349871612,0.05423537470233501,0.0008816209544692321,0.00045174626736428717,5.1655638613219895e-05,2.2040645767095893e-05,1.0315439328977665,0.0352362088544144,0.00127259977480184,0.002999999999999989,0.00127259977480184,2.395609843795322e-13,0.0
0,42,scene_pass_through_maze,20260602,rrt_connect,61042,True,0.05419266669203272,0.053349552742680044,0.05419266669203272,0.053349552742680044,0.0005239989718406193,0.00026920490211260553,3.536948558591991e-05,1.3043050297635154e-05,1.0460350619092462,0.020997982364783244,0.0012725997748018955,0.002999999999999989,0.0012725997748018955,2.396459282144931e-13,0.0
1,42,scene_pass_through_maze,20260602,rrt_connect,61043,True,0.10799450338031927,0.06874725849837919,0.10799450338031927,0.06874725849837919,0.004095378042812599,0.002096207607142442,0.0006695085758951335,9.693969117956679e-05,1.2487968979472723,0.16350419335711036,0.001272599774801951,0.002999999999999989,0.001272599774801951,2.395366446963269e-13,0.0
2,42,scene_pass_through_maze,20260602,rrt_connect,61044,True,0.055771362930866354,0.053945785780384885,0.055771362930866354,0.053945785780384885,0.0007841253159683836,0.00040268599010908425,4.938644447721028e-05,1.9561257193844294e-05,1.022750220740286,0.03140950722850857,0.0012725997748018816,0.002999999999999989,0.0012725997748018816,2.396280930330465e-13,0.0
3,42,scene_pass_through_maze,20260602,rrt_connect,61045,True,0.06077025350358862,0.05560110284733549,0.06077025350358862,0.05560110284733549,0.0013149783853748105,0.0006726339435231003,0.00011337166981295983,3.242642299727178e-05,0.9716391275628834,0.05246544759480175,0.0012725997748020343,0.002999999999999989,0.0012725997748020343,2.3967870641597376e-13,0.0
4,42,scene_pass_through_maze,20260602,rrt_connect,61046,True,0.054803377715905446,0.0535155472047147,0.054803377715905446,0.0535155472047147,0.0006319946846794824,0.00032315583506711533,6.153207838986569e-05,1.5495507212133506e-05,1.0331153593335982,0.025206155135234998,0.0012725997748018955,0.002999999999999989,0.0012725997748018955,2.396459282144931e-13,0.0
5,42,scene_pass_through_maze,20260602,rrt_connect,61047,True,0.05625556096079294,0.05407137969297739,0.05625556096079294,0.05407137969297739,0.000847658276219216,0.00043317026493170627,6.324716999736695e-05,2.10259669075462e-05,1.0234269553974453,0.03378728066467308,0.0012725997748018955,0.002999999999999989,0.0012725997748018955,2.3954016950764145e-13,0.0
6,42,scene_pass_through_maze,20260602,rrt_connect,61048,True,0.05403268265296436,0.05327261422160176,0.05403268265296436,0.05327261422160176,0.0004905037630755847,0.0002507318742151791,3.9785381260636776e-05,1.212700551717044e-05,1.0063697386516823,0.019557086188783972,0.0012725997748018955,0.002999999999999989,0.0012725997748018955,2.396459282144931e-13,0.0
7,42,scene_pass_through_maze,20260602,rrt_connect,61049,True,4.3132466571851795,2.429564377641858,4.3132466571851795,2.429564377641858,4.512176782842352,4.512176782842352,0.0,0.0,0.960580289698985,4.512176782842352,0.0012725997748018955,0.0030000000000000027,0.0012725997748018955,2.396459282144931e-13,0.0
8,42,scene_pass_through_maze,20260602,rrt_connect,61050,True,0.05557756030278219,0.05377061860202646,0.05557756030278219,0.05377061860202646,0.0007479798906254498,0.000383589703198212,7.498835771646152e-05,1.831131777101316e-05,1.0087231020013991,0.02991999684946054,0.0012725997748019927,0.002999999999999989,0.0012725997748019927,2.395724985284811e-13,0.0
9,42,scene_pass_through_maze,20260602,rrt_connect,61051,True,0.05380161129074871,0.05319624869534593,0.05380161129074871,0.05319624869534593,0.00043766189067526135,0.00022454127645990738,3.379657968888002e-05,1.0841477148459593e-05,0.990027892236828,0.017514219563872776,0.0012725997748018955,0.002999999999999989,0.0012725997748018955,2.396459282144931e-13,0.0
10,42,scene_pass_through_maze,20260602,rrt_connect,61052,True,0.0529263723571325,0.052897020383622144,0.0529263723571325,0.052897020383622144,0.00011865889660784162,6.060681809690608e-05,3.517479564935754e-06,3.001796452880467e-06,0.9961745737102125,0.004727331811558677,0.0012725997748019927,0.002999999999999989,0.0012725997748019927,2.3969020099910375e-13,0.0
11,42,scene_pass_through_maze,20260602,rrt_connect,61053,True,0.05322009016131809,0.05298775745393201,0.05322009016131809,0.05298775745393201,0.00026689943832933444,0.00013684149520902747,2.426698956221475e-05,6.565559999261096e-06,0.9965870787292237,0.010673636626304139,0.0012725997748018955,0.002999999999999989,0.0012725997748018955,2.396293502177903e-13,0.0
12,42,scene_pass_through_maze,20260602,rrt_connect,61054,True,0.05747616288194298,0.05436052367615231,0.05747616288194298,0.05436052367615231,0.000984456226307147,0.0005034439096635513,0.00011580462334134586,2.3882867931454926e-05,0.9996245469743414,0.03926862495375699,0.0012725997748018955,0.002999999999999989,0.0012725997748018955,2.3954016950764145e-13,0.0
13,42,scene_pass_through_maze,20260602,rrt_connect,61055,True,0.05561763227559715,0.05377958849965994,0.05561763227559715,0.05377958849965994,0.0007524327573711783,0.0003863262908163936,7.744962965223864e-05,1.8394514213894284e-05,1.016780201098868,0.030133450683678696,0.0012725997748018955,0.002999999999999989,0.0012725997748018955,2.3966313870289646e-13,0.0
14,42,scene_pass_through_maze,20260602,rrt_connect,61056,True,0.05443760231019559,0.05343941153392229,0.05443760231019559,0.05343941153392229,0.0005714836977881456,0.0002934396648931717,3.8386009750111486e-05,1.422740374421403e-05,0.9904785631843686,0.022888293861667387,0.0012725997748017845,0.002999999999999989,0.0012725997748017845,2.3933079095374583e-13,0.0
15,42,scene_pass_through_maze,20260602,rrt_connect,61057,True,0.05721528297861536,0.05428132031267233,0.05721528297861536,0.05428132031267233,0.0009523095415143367,0.0004885443745050737,0.0001098683711572443,2.3129917858430616e-05,0.9669102287558796,0.03810646121139576,0.0012725997748018955,0.002999999999999989,0.0012725997748018955,2.396459282144931e-13,0.0
16,42,scene_pass_through_maze,20260602,rrt_connect,61058,True,0.10641943372001754,0.06627409712160573,0.10641943372001754,0.06627409712160573,0.004002699263162599,0.0020505159910480385,0.0011604137127322236,8.819857982452246e-05,0.9868023777418384,0.15994024730174708,0.0012725997748017845,0.002999999999999989,0.0012725997748017845,2.3933719287613524e-13,0.0
17,42,scene_pass_through_maze,20260602,rrt_connect,61059,True,0.0536377441680792,0.053177565119344884,0.0536377441680792,0.053177565119344884,0.00040654530377344956,0.00020858378134517837,1.939314448024405e-05,1.021511629542984e-05,0.9741139582929269,0.016269534944923916,0.0,0.002999999999999989,0.0,2.396459282144931e-13,0.0
18,42,scene_pass_through_maze,20260602,rrt_connect,61060,True,0.053032569384007605,0.052931627860116195,0.053032569384007605,0.052931627860116195,0.00018562227520122374,9.500564354464578e-05,1.0209846502775997e-05,4.648557961184258e-06,1.001170890960343,0.00741044019648237,0.0012725997748019094,0.002999999999999989,0.0012725997748019094,2.396137906763273e-13,0.0
19,42,scene_pass_through_maze,20260602,rrt_connect,61061,True,0.05499840004698766,0.05359435013168535,0.05499840004698766,0.05359435013168535,0.0006648054904202232,0.00033997529600880976,5.9060833885324846e-05,1.6371673352682148e-05,0.9889693972118957,0.026518073088687154,0.0012725997748018955,0.002999999999999989,0.0012725997748018955,2.3966313870289646e-13,0.0
20,42,scene_pass_through_maze,20260602,rrt_connect,61062,True,0.05340842297005301,0.05305112438143978,0.05340842297005301,0.05305112438143978,0.00033051343192846874,0.00016973491009350598,3.0413921256104756e-05,8.12571305048891e-06,1.0139998161160213,0.013239322987293465,0.0012725997748019094,0.002999999999999989,0.0012725997748019094,2.396194418508847e-13,0.0
21,42,scene_pass_through_maze,20260602,rrt_connect,61063,True,2.7612955497358906,2.159705249716848,2.7612955497358906,2.159705249716848,1.6311106513846478,1.6311106513846478,0.0,0.0,0.9030695136937295,1.6311106513846478,0.0012725997748018955,0.0030000000000000027,0.0012725997748018955,2.396459282144931e-13,0.0
22,42,scene_pass_through_maze,20260602,rrt_connect,61064,True,0.08673964223159306,0.06226486920145906,0.08673964223159306,0.06226486920145906,0.0029701100186398373,0.0015268724222273883,0.0008364078956789751,6.576325019261545e-05,1.39437007110155,0.11909604893373633,0.0012725997748018816,0.002999999999999989,0.0012725997748018816,2.3983140875410003e-13,0.0
23,42,scene_pass_through_maze,20260602,rrt_connect,61065,True,0.05690667850871411,0.05465130141589344,0.05690667850871411,0.05465130141589344,0.0009729807930279921,0.0004969128620382318,3.663204498825717e-05,2.455233506459977e-05,1.0290582821300471,0.038759203238982076,0.0012725997748019927,0.002999999999999989,0.0012725997748019927,2.395724985284811e-13,0.0
24,42,scene_pass_through_maze,20260602,rrt_connect,61066,True,0.052934603761644876,0.05289921168610651,0.052934603761644876,0.05289921168610651,0.00012355153078003934,6.331493019928755e-05,4.134110681645371e-06,3.122126446576352e-06,0.9894594293084092,0.004938564555544429,0.0012725997748018955,0.002999999999999989,0.0012725997748018955,2.3966313870289646e-13,0.0
25,42,scene_pass_through_maze,20260602,rrt_connect,61067,True,0.1063609429175868,0.06626653580898419,0.1063609429175868,0.06626653580898419,0.003999748065950006,0.0020490201867711974,0.001159450867833385,8.813493536715262e-05,0.9648709313983519,0.15982357456815338,0.0012725997748018678,0.002999999999999989,0.0012725997748018678,2.397342400392403e-13,0.0
26,42,scene_pass_through_maze,20260602,rrt_connect,61068,True,0.05542601814228597,0.05385881489669307,0.05542601814228597,0.05385881489669307,0.0007443810074592082,0.0003802660422512876,4.0162959408924165e-05,1.865119665350616e-05,1.018507577490367,0.029660751295600505,0.0012725997748018955,0.002999999999999989,0.0012725997748018955,2.396593281078639e-13,0.0
27,42,scene_pass_through_maze,20260602,rrt_connect,61069,True,0.0579515733357169,0.054631660339250994,0.0579515733357169,0.054631660339250994,0.0010388591028406078,0.0005331331652181043,8.71172814907953e-05,2.5647538293745956e-05,1.0169384942920745,0.04158438688701214,0.0012725997748018955,0.0030000000000000027,0.0012725997748018955,2.396459282144931e-13,0.0
28,42,scene_pass_through_maze,20260602,rrt_connect,61070,True,0.05365930146857353,0.05315184960079108,0.05365930146857353,0.05315184960079108,0.0004043843442199053,0.00020710403399386518,2.866926301304248e-05,1.0049079546027754e-05,1.0372583445603794,0.016154114651521483,0.0012725997748018955,0.002999999999999989,0.0012725997748018955,2.396593281078639e-13,0.0
29,42,scene_pass_through_maze,20260602,rrt_connect,61071,True,0.05511775198873053,0.053619757577003616,0.05511775198873053,0.053619757577003616,0.0006818400548653387,0.00034888546254715916,6.697196809955838e-05,1.6710083011046534e-05,1.0228216046164824,0.02721306607867841,0.00127259977480184,0.002999999999999989,0.00127259977480184,2.395609843795322e-13,0.0
30,42,scene_pass_through_maze,20260602,rrt_connect,61072,True,4.175531625114685,2.1877658125573425,4.175531625114685,2.1877658125573425,4.183981362625813,4.183981362625813,0.0,0.0,0.9340702889769077,4.183981362625813,0.0012725997748018955,0.0030000000000000027,0.0012725997748018955,2.396459282144931e-13,0.0
31,42,scene_pass_through_maze,20260602,rrt_connect,61073,True,3.6604445440527518,2.1037575070210184,3.6604445440527518,2.1037575070210184,3.1546556161606776,3.1546556161606776,0.0,0.0,0.9561742046232947,3.1546556161606776,0.0012725997748018955,0.0030000000000000027,0.0012725997748018955,2.396459282144931e-13,0.0
32,42,scene_pass_through_maze,20260602,rrt_connect,61074,True,0.06834992749584251,0.06027616400663216,0.06834992749584251,0.06027616400663216,0.002030660662678771,0.0010415064295316503,6.790341053414709e-05,5.131405315149177e-05,1.0229716668335769,0.08123750150346869,0.0009992124698690527,0.002999999999999989,0.0009992124698690527,2.3969020099910375e-13,0.0
33,42,scene_pass_through_maze,20260602,rrt_connect,61075,True,0.05387337459264793,0.053223743042041825,0.05387337459264793,0.053223743042041825,0.00045644126598186596,0.00023328673797998154,3.416723446668901e-05,1.1320530657896214e-05,1.018521098205822,0.01819636556243856,0.0012725997748019371,0.002999999999999989,0.0012725997748019371,2.395750498008151e-13,0.0
34,42,scene_pass_through_maze,20260602,rrt_connect,61076,True,0.05343527184625251,0.053105100336275274,0.05343527184625251,0.053105100336275274,0.0003535479372235918,0.0001805907565002772,1.5043787543096605e-05,8.903903246265076e-06,0.9857648714138167,0.014086079007021617,0.0012725997748018955,0.002999999999999989,0.0012725997748018955,2.3955872044471416e-13,0.0
35,42,scene_pass_through_maze,20260602,rrt_connect,61077,True,0.05481887807895752,0.05351793004071245,0.05481887807895752,0.05351793004071245,0.0006328137657721643,0.0003243447888517346,6.314521558035555e-05,1.5495787766460215e-05,1.0301790800747699,0.025298893530435296,0.0004108979463762977,0.002999999999999989,0.0004108979463762977,2.396593281078639e-13,0.0
36,42,scene_pass_through_maze,20260602,rrt_connect,61078,True,3.440228168512161,2.3092824965381062,3.440228168512161,2.3092824965381062,3.0004776928400676,3.0004776928400676,0.0,0.0,0.9179698703197796,3.0004776928400676,0.0012725997748018955,0.0030000000000000027,0.0012725997748018955,2.396459282144931e-13,0.0
37,42,scene_pass_through_maze,20260602,rrt_connect,61079,True,0.057403676223224245,0.05431604275584068,0.057403676223224245,0.05431604275584068,0.000970211320784426,0.0004988162138470124,0.0001249089923426493,2.3398097240273974e-05,0.9422063181401036,0.038907664680066865,0.00127259977480184,0.002999999999999989,0.00127259977480184,2.395609843795322e-13,0.0
38,42,scene_pass_through_maze,20260602,rrt_connect,61080,True,0.053750989124049686,0.05316635612482415,0.053750989124049686,0.05316635612482415,0.000422964854226177,0.00021734847993632416,3.9322335985997535e-05,1.0393510498136646e-05,0.9947556913189787,0.01695318143503329,0.0012725997748019927,0.002999999999999989,0.0012725997748019927,2.395724985284811e-13,0.0
39,42,scene_pass_through_maze,20260602,rrt_connect,61081,True,4.000000000000002,2.127945942780331,4.000000000000002,2.127945942780331,3.832301221502038,3.832301221502038,0.0,0.0,0.9403097133652845,3.832301221502038,0.0012725997748018955,0.0030000000000000027,0.0012725997748018955,2.396459282144931e-13,0.0
40,42,scene_pass_through_maze,20260602,rrt_connect,61082,True,0.056531470535595665,0.054075126194372665,0.056531470535595665,0.054075126194372665,0.000875669976948137,0.00044755894141010333,9.31506944684459e-05,2.136971219399046e-05,1.071495318814247,0.034909597429988067,0.00127259977480184,0.002999999999999989,0.00127259977480184,2.3960912819559654e-13,0.0
41,42,scene_pass_through_maze,20260602,rrt_connect,61083,True,0.05599512699037581,0.053903539133364216,0.05599512699037581,0.053903539133364216,0.0008052475182144178,0.0004126643701577161,8.340416986881429e-05,1.9679396855430153e-05,1.0164994541523271,0.03218782087230186,0.0,0.002999999999999989,0.0,2.396280930330465e-13,0.0
42,42,scene_pass_through_maze,20260602,rrt_connect,61084,True,0.054300378215294154,0.05337547181328742,0.054300378215294154,0.05337547181328742,0.00054616024241252,0.0002790888866314896,4.070662510010586e-05,1.3547936940680869e-05,0.992277767709209,0.02176893315725619,0.0012725997748019927,0.002999999999999989,0.0012725997748019927,2.395724985284811e-13,0.0
43,42,scene_pass_through_maze,20260602,rrt_connect,61085,True,0.06463210305915211,0.05640913913141425,0.06463210305915211,0.05640913913141425,0.0016161621663855848,0.0008267452938328021,0.00031276995731115067,3.7628656495579225e-05,0.9404478628095417,0.0644861329189586,0.0012725997748018955,0.002999999999999989,0.0012725997748018955,2.396459282144931e-13,0.0
44,42,scene_pass_through_maze,20260602,rrt_connect,61086,True,3.2010675462115343,2.1269031986200657,3.2010675462115343,2.1269031986200657,2.2947235968372937,2.2947235968372937,0.0,0.0,0.9562869476320907,2.2947235968372937,0.0012725997748018955,0.0030000000000000027,0.0012725997748018955,2.396459282144931e-13,0.0
45,42,scene_pass_through_maze,20260602,rrt_connect,61087,True,0.05383252863864216,0.05320753399333896,0.05383252863864216,0.05320753399333896,0.000445423644044048,0.0002283009226348817,3.418088745344399e-05,1.1036531903652942e-05,0.9782879249621922,0.017807471965520766,0.0012725997748020343,0.002999999999999989,0.0012725997748020343,2.3967870641597376e-13,0.0
46,42,scene_pass_through_maze,20260602,rrt_connect,61088,True,0.05315211806147685,0.052977731065132205,0.05315211806147685,0.052977731065132205,0.00024486007504703056,0.0001251349567793804,1.3320991839646236e-05,6.133894475233207e-06,0.9970847347918274,0.009760526628791674,0.0012725997748019927,0.002999999999999989,0.0012725997748019927,2.396782419656256e-13,0.0
47,42,scene_pass_through_maze,20260602,rrt_connect,61089,True,0.05407760484115213,0.05328249263533235,0.05407760484115213,0.05328249263533235,0.0004990414232362699,0.00025518912096246114,4.312763702277895e-05,1.230474797832987e-05,0.9829962335536485,0.019904751435071963,0.0012725997748018955,0.002999999999999989,0.0012725997748018955,2.396459282144931e-13,0.0
48,42,scene_pass_through_maze,20260602,rrt_connect,61090,True,0.054082306511641885,0.05331409785354262,0.054082306511641885,0.05331409785354262,0.0005049979731945209,0.00025801974529472997,3.254735019962094e-05,1.2589635534920884e-05,0.9877716808595656,0.02012554013298894,0.0012725997748018955,0.002999999999999989,0.0012725997748018955,2.396459282144931e-13,0.0
49,42,scene_pass_through_maze,20260602,rrt_connect,61091,True,0.09354752020862665,0.0638791310570889,0.09354752020862665,0.0638791310570889,0.0033379273377726524,0.0017135512639763568,0.0009490031374059305,7.37913878218012e-05,0.9380708008148028,0.1336569985901558,0.0012725997748017845,0.002999999999999989,0.0012725997748017845,2.393463246613051e-13,0.0
0,42,scene_pass_through_maze,20260602,prm,62042,True,4.876780068602237,3.1883744925924065,4.876780068602237,3.1883744925924065,5.883991206196206,5.883991206196206,0.0,0.0,1.2213184612602008,5.883991206196206,0.0012725997748018955,0.0030000000000000027,0.0012725997748018955,2.396459282144931e-13,0.0
1,42,scene_pass_through_maze,20260602,prm,62043,True,6.0758310369707065,5.788286178295648,6.0758310369707065,5.788286178295648,10.812184194164008,10.812184194164008,0.0,0.0,1.3168398078414256,10.812184194164006,0.0012725997748018955,0.0030000000000000027,0.0012725997748018955,2.396459282144931e-13,0.0
2,42,scene_pass_through_maze,20260602,prm,62044,True,0.10621460192864134,0.08198090768438822,0.10621460192864134,0.08198090768438822,0.00446434243698858,0.0022895695684921505,0.00012743317773529912,0.0001129522928958139,1.688654297060052,0.17858642634238775,0.0012725997748018816,0.002999999999999989,0.0012725997748018816,2.396343609332458e-13,0.0
3,42,scene_pass_through_maze,20260602,prm,62045,True,0.20892336476475382,0.14492000963161983,0.20892336476475382,0.14492000963161983,0.009900729451655205,0.005066425018193517,0.000273034673671003,0.0002505472388574176,1.313918780048663,0.3951811514190944,0.0012725997748019927,0.002999999999999989,0.0012725997748019927,2.3948625380634e-13,0.0
4,42,scene_pass_through_maze,20260602,prm,62046,True,0.12174911239729405,0.08633737551907715,0.12174911239729405,0.08633737551907715,0.005040279849278206,0.0025834518977646856,0.0001933988088703366,0.00012714518880029517,1.2689176430201674,0.20150924802564554,0.0,0.002999999999999989,0.0,2.396137906763273e-13,0.0
6,42,scene_pass_through_maze,20260602,prm,62048,True,9.05594602205313,6.97179970422452,9.05594602205313,6.97179970422452,15.78304268520559,12.478409181139536,23.305381831963434,23.305381831963434,1.8161296905970414,24.956818362279073,0.0012725997748018955,0.0030000000000000027,0.0012725997748018955,2.396459282144931e-13,0.0
7,42,scene_pass_through_maze,20260602,prm,62049,True,5.381840701136644,4.9835788914139725,5.381840701136644,4.9835788914139725,9.084836568824802,9.084836568824802,0.0,0.0,1.2565095463549145,9.084836568824802,0.0012725997748018955,0.0030000000000000027,0.0012725997748018955,2.396459282144931e-13,0.0
8,42,scene_pass_through_maze,20260602,prm,62050,True,0.15746147477985747,0.11425205050749392,0.15746147477985747,0.11425205050749392,0.007360871507921899,0.0037605396837608906,0.00019479857422486637,0.00018630149637998813,1.3967975762801674,0.29332209533334946,0.0012725997748018122,0.002999999999999989,0.0012725997748018122,2.3960892662259067e-13,0.0
9,42,scene_pass_through_maze,20260602,prm,62051,True,0.21681373252765967,0.14978834838653207,0.21681373252765967,0.14978834838653207,0.010289655815041519,0.005268769071693828,0.0002843004116489598,0.0002603838619740833,1.4293347776081577,0.41096398759211794,0.00127259977480184,0.002999999999999989,0.00127259977480184,2.396475949921612e-13,0.0
10,42,scene_pass_through_maze,20260602,prm,62052,True,0.19456817609891977,0.1307053475841531,0.19456817609891977,0.1307053475841531,0.008853297121917226,0.004534162703103778,0.0002841674088408616,0.00022381597197921373,2.5570544683859326,0.3536646908420948,0.0012725997748017429,0.002999999999999989,0.0012725997748017429,2.3928045287079875e-13,0.0
11,42,scene_pass_through_maze,20260602,prm,62053,True,0.18975754681608678,0.13299610550314722,0.18975754681608678,0.13299610550314722,0.008923537294684283,0.004567487644610765,0.00024627148250142017,0.00022581661239580504,2.108810368369615,0.35626403627963965,0.0012725997748018816,0.0030000000000000027,0.0012725997748018816,2.3966186670317755e-13,0.0
12,42,scene_pass_through_maze,20260602,prm,62054,True,0.12204398726446307,0.09025423444739014,0.12204398726446307,0.09025423444739014,0.005277676496193383,0.0026995246371379444,0.0001584836647783602,0.0001334976076669477,1.2624070024623337,0.21056292169675972,0.00127259977480184,0.0030000000000000027,0.00127259977480184,2.395609843795322e-13,0.0
14,42,scene_pass_through_maze,20260602,prm,62056,True,0.11961362225708758,0.0903224274568084,0.11961362225708758,0.0903224274568084,0.005252463803316945,0.0026888662073397537,0.0001450234537761867,0.0001329167462890217,1.9371133144718014,0.2097315641725008,0.0012725997748018955,0.0030000000000000027,0.0012725997748018955,2.396459282144931e-13,0.0
15,42,scene_pass_through_maze,20260602,prm,62057,True,0.19846036083184498,0.14035518588678134,0.19846036083184498,0.14035518588678134,0.009496335597868924,0.004867266226034215,0.00024923440201030816,0.000240333109863093,1.479598786115179,0.3796467656306684,0.00127259977480184,0.002999999999999989,0.00127259977480184,2.3952593517080204e-13,0.0
16,42,scene_pass_through_maze,20260602,prm,62058,True,5.556519794436738,4.488172434672517,5.556519794436738,4.488172434672517,8.227745917079114,8.227745917079114,0.0,0.0,1.417109677598932,8.227745917079114,0.0012725997748018955,0.0030000000000000027,0.0012725997748018955,2.396459282144931e-13,0.0
17,42,scene_pass_through_maze,20260602,prm,62059,True,0.1339030840002078,0.0990927220988967,0.1339030840002078,0.0990927220988967,0.0060557868411896,0.0030924055318352016,0.00016497569094993386,0.00015326097463764753,1.3331250207259062,0.24120763148314575,0.0012725997748018816,0.002999999999999989,0.0012725997748018816,2.395752539144914e-13,0.0
18,42,scene_pass_through_maze,20260602,prm,62060,True,0.18051395911344323,0.122734342140246,0.18051395911344323,0.122734342140246,0.00818965622853558,0.004184741831870404,0.0002605306436725235,0.00020706422175911928,1.1212113997611246,0.3264098628858911,0.0012725997748018955,0.002999999999999989,0.0012725997748018955,2.3964550398397236e-13,0.0
20,42,scene_pass_through_maze,20260602,prm,62062,True,6.732734095953908,5.822367835358365,6.732734095953908,5.822367835358365,11.021365935886527,11.021365935886527,0.0,0.0,1.006170486484272,11.021365935886527,0.0012725997748018955,0.0030000000000000027,0.0012725997748018955,2.396459282144931e-13,0.0
21,42,scene_pass_through_maze,20260602,prm,62063,True,4.770490393381342,4.699752270142028,4.770490393381342,4.699752270142028,8.421773712780025,8.421773712780025,0.0,0.0,1.81583524131864,8.421773712780025,0.0012725997748018955,0.0030000000000000027,0.0012725997748018955,2.396459282144931e-13,0.0
22,42,scene_pass_through_maze,20260602,prm,62064,True,6.540500522723422,5.831164966187951,6.540500522723422,5.831164966187951,9.540442731751481,9.501464139143943,15.747376099905415,15.747376099905415,2.0123487621372678,19.00292827828789,0.0012725997748018955,0.0030000000000000027,0.0012725997748018955,2.396459282144931e-13,0.0
23,42,scene_pass_through_maze,20260602,prm,62065,True,0.11319341277172286,0.08444063264015726,0.11319341277172286,0.08444063264015726,0.004758115618228429,0.002429771622633193,0.00015028482868147924,0.00012031146315248058,1.182505985006788,0.18952218656538902,0.001272599774801951,0.002999999999999989,0.001272599774801951,2.3948708996379457e-13,0.0
24,42,scene_pass_through_maze,20260602,prm,62066,True,0.24646049596503405,0.1690672110765899,0.24646049596503405,0.1690672110765899,0.011852493784566362,0.006056199500477237,0.0003221033672031153,0.00029996308759274045,2.6128842525447915,0.47238356103722445,0.0012725997748018678,0.002999999999999989,0.0012725997748018678,2.3965287695430627e-13,0.0
25,42,scene_pass_through_maze,20260602,prm,62067,True,4.963115202169678,3.791053443177371,4.963115202169678,3.791053443177371,6.748246530900524,6.748246530900524,0.0,0.0,0.9947418251888867,6.748246530900524,0.0012725997748018955,0.0030000000000000027,0.0012725997748018955,2.396459282144931e-13,0.0
26,42,scene_pass_through_maze,20260602,prm,62068,True,0.17335542464108433,0.11751128087223835,0.17335542464108433,0.11751128087223835,0.007767780407425341,0.003975289898373217,0.00025695777971554185,0.00019631848880410045,1.5423242206714562,0.3100726120731106,0.0012725997748019094,0.002999999999999989,0.0012725997748019094,2.3975291530716204e-13,0.0
27,42,scene_pass_through_maze,20260602,prm,62069,True,4.494062710620724,4.211227134807817,4.494062710620724,4.211227134807817,7.335754297526785,7.335754297526785,0.0,0.0,1.1661283088354217,7.335754297526785,0.0012725997748018955,0.0030000000000000027,0.0012725997748018955,2.396459282144931e-13,0.0
28,42,scene_pass_through_maze,20260602,prm,62070,True,6.718220619494631,5.758638410183018,6.718220619494631,5.758638410183018,10.903505342814512,10.903505342814512,0.0,0.0,1.7724420509871943,10.903505342814512,0.0012725997748018955,0.0030000000000000027,0.0012725997748018955,2.396459282144931e-13,0.0
29,42,scene_pass_through_maze,20260602,prm,62071,True,0.16206519661323435,0.10455123108794678,0.16206519661323435,0.10455123108794678,0.0069395619508217715,0.003559699574990159,0.0003019143510807472,0.00017468837134850332,1.6935924003752794,0.2776565668492324,0.001272599774801951,0.002999999999999989,0.001272599774801951,2.396135372895192e-13,0.0
31,42,scene_pass_through_maze,20260602,prm,62073,True,0.13473143864632742,0.10004322222633542,0.13473143864632742,0.10004322222633542,0.006130794936459484,0.003133339403609433,0.00016381013611894762,0.00015516420131435232,1.4123959652535278,0.24440047348153593,0.00127259977480184,0.002999999999999989,0.00127259977480184,2.3950940437764025e-13,0.0
32,42,scene_pass_through_maze,20260602,prm,62074,True,0.14092961838223225,0.10149846305822185,0.14092961838223225,0.10149846305822185,0.006292611185217319,0.0032165306058980535,0.00018612083507974829,0.000159188343192276,1.44009146963222,0.2508893872600481,0.0012725997748020204,0.002999999999999989,0.0012725997748020204,2.3954140928980203e-13,0.0
33,42,scene_pass_through_maze,20260602,prm,62075,True,0.13360903261759763,0.09830054011222916,0.13360903261759763,0.09830054011222916,0.005993505204151559,0.0030604305781934786,0.00016801890062394825,0.00015166876872531456,1.9436628471883717,0.23871358509909116,0.0012725997748018678,0.002999999999999989,0.0012725997748018678,2.3962778417975886e-13,0.0
34,42,scene_pass_through_maze,20260602,prm,62076,True,7.893546834536418,7.055209202522626,7.893546834536418,7.055209202522626,13.581999810211167,13.581999810211167,0.0,0.0,1.8905032981176562,13.581999810211167,0.0012725997748018955,0.002999999999999989,0.0012725997748018955,2.396459282144931e-13,0.0
35,42,scene_pass_through_maze,20260602,prm,62077,True,0.24439634948504182,0.16701277158192548,0.24439634948504182,0.16701277158192548,0.01166725513892133,0.005977310684757986,0.0003228472590111637,0.00029523940858487664,2.302206952463825,0.466230233411123,0.0012725997748018955,0.002999999999999989,0.0012725997748018955,2.3950275224773307e-13,0.0
37,42,scene_pass_through_maze,20260602,prm,62079,True,0.1684450001589763,0.12064559748110361,0.1684450001589763,0.12064559748110361,0.00788294901989331,0.004037902560644698,0.00021214255201826995,0.00019949537137804025,1.0952260671826903,0.3149563997302868,0.0012725997748018816,0.002999999999999989,0.0012725997748018816,2.3950831809181954e-13,0.0
39,42,scene_pass_through_maze,20260602,prm,62081,True,5.4197112118504025,4.28019980441773,5.4197112118504025,4.28019980441773,7.81216729158826,7.81216729158826,0.0,0.0,0.9084186423626791,7.81216729158826,0.0012725997748018955,0.0030000000000000027,0.0012725997748018955,2.396459282144931e-13,0.0
40,42,scene_pass_through_maze,20260602,prm,62082,True,5.16614999444782,4.237963684713812,5.16614999444782,4.237963684713812,7.60546089413766,7.60546089413766,0.0,0.0,1.5254134012859755,7.60546089413766,0.0012725997748018955,0.0030000000000000027,0.0012725997748018955,2.396459282144931e-13,0.0
41,42,scene_pass_through_maze,20260602,prm,62083,True,0.1275653513724544,0.09202845814731507,0.1275653513724544,0.09202845814731507,0.005485255994139347,0.0028042419248884695,0.00017809650020490108,0.00013865955006710768,1.2585051722403513,0.21873087014130088,0.0012725997748019927,0.002999999999999989,0.0012725997748019927,2.396782419656256e-13,0.0
43,42,scene_pass_through_maze,20260602,prm,62085,True,0.18258674859943247,0.12068588018504858,0.18258674859943247,0.12068588018504858,0.008126571007685612,0.004160598864687276,0.00028838478262531214,0.0002052213311163918,1.9401202821330412,0.3245267114456077,0.001272599774801951,0.002999999999999989,0.001272599774801951,2.3949164492499276e-13,0.0
44,42,scene_pass_through_maze,20260602,prm,62086,True,0.17324608691676957,0.11871147932464814,0.17324608691676957,0.11871147932464814,0.007843509212911999,0.004005440296854639,0.0002476537818554175,0.00019832777022580668,1.2542833049154727,0.31242434315466155,0.0012725997748018955,0.002999999999999989,0.0012725997748018955,2.3955872044471416e-13,0.0
45,42,scene_pass_through_maze,20260602,prm,62087,True,4.187504940965327,3.603090919541131,4.187504940965327,3.603090919541131,5.987552674490823,5.987552674490823,0.0,0.0,1.2969132957914586,5.987552674490823,0.0012725997748018955,0.0030000000000000027,0.0012725997748018955,2.396459282144931e-13,0.0
46,42,scene_pass_through_maze,20260602,prm,62088,True,4.59226603161811,4.435700627057821,4.59226603161811,4.435700627057821,7.832967665787949,7.832967665787949,0.0,0.0,1.0872918973605277,7.832967665787949,0.0012725997748018955,0.0030000000000000027,0.0012725997748018955,2.396459282144931e-13,0.0
47,42,scene_pass_through_maze,20260602,prm,62089,True,0.17771482078564688,0.12426227762589186,0.17771482078564688,0.12426227762589186,0.008229279921307493,0.004207614173797312,0.0002362601278877839,0.00020821648634983971,2.9895804787465385,0.3281939055561904,0.0012725997748019927,0.002999999999999989,0.0012725997748019927,2.3957908302970554e-13,0.0
48,42,scene_pass_through_maze,20260602,prm,62090,True,3.1582381598361002,3.0057430206529157,3.1582381598361002,3.0057430206529157,4.334345952141713,4.334345952141713,0.0,0.0,1.7751681659387584,4.334345952141713,0.0012725997748018955,0.0030000000000000027,0.0012725997748018955,2.396459282144931e-13,0.0
49,42,scene_pass_through_maze,20260602,prm,62091,True,4.566924923587712,3.6280708188147655,4.566924923587712,3.6280708188147655,6.223580233569052,6.223580233569052,0.0,0.0,1.6090077287148379,6.223580233569052,0.0012725997748018955,0.0030000000000000027,0.0012725997748018955,2.396459282144931e-13,0.0
0,42,scene_pass_through_maze,20260602,apf,63042,False,0.045000000000000394,0.045,0.045000000000000394,0.045,0.09000000000000027,0.08569861302205156,0.18000000000000055,0.17138658657132147,34.65651640828223,137.0320822222641,0.13580989564587587,0.002999999999999989,0.13580989564587587,0.5654409923835508,0.9566197088925832
1,42,scene_pass_through_maze,20260602,apf,63043,False,0.045000000000000394,0.045,0.045000000000000394,0.045,0.09000000000000027,0.08569861302205156,0.18000000000000055,0.17138658657132147,34.65651640828223,137.0320822222641,0.13580989564587587,0.002999999999999989,0.13580989564587587,0.5654409923835508,0.9566197088925832
2,42,scene_pass_through_maze,20260602,apf,63044,False,0.045000000000000394,0.045,0.045000000000000394,0.045,0.09000000000000027,0.08569861302205156,0.18000000000000055,0.17138658657132147,34.65651640828223,137.0320822222641,0.13580989564587587,0.002999999999999989,0.13580989564587587,0.5654409923835508,0.9566197088925832
3,42,scene_pass_through_maze,20260602,apf,63045,False,0.045000000000000394,0.045,0.045000000000000394,0.045,0.09000000000000027,0.08569861302205156,0.18000000000000055,0.17138658657132147,34.65651640828223,137.0320822222641,0.13580989564587587,0.002999999999999989,0.13580989564587587,0.5654409923835508,0.9566197088925832
4,42,scene_pass_through_maze,20260602,apf,63046,False,0.045000000000000394,0.045,0.045000000000000394,0.045,0.09000000000000027,0.08569861302205156,0.18000000000000055,0.17138658657132147,34.65651640828223,137.0320822222641,0.13580989564587587,0.002999999999999989,0.13580989564587587,0.5654409923835508,0.9566197088925832
5,42,scene_pass_through_maze,20260602,apf,63047,False,0.045000000000000394,0.045,0.045000000000000394,0.045,0.09000000000000027,0.08569861302205156,0.18000000000000055,0.17138658657132147,34.65651640828223,137.0320822222641,0.13580989564587587,0.002999999999999989,0.13580989564587587,0.5654409923835508,0.9566197088925832
6,42,scene_pass_through_maze,20260602,apf,63048,False,0.045000000000000394,0.045,0.045000000000000394,0.045,0.09000000000000027,0.08569861302205156,0.18000000000000055,0.17138658657132147,34.65651640828223,137.0320822222641,0.13580989564587587,0.002999999999999989,0.13580989564587587,0.5654409923835508,0.9566197088925832
7,42,scene_pass_through_maze,20260602,apf,63049,False,0.045000000000000394,0.045,0.045000000000000394,0.045,0.09000000000000027,0.08569861302205156,0.18000000000000055,0.17138658657132147,34.65651640828223,137.0320822222641,0.13580989564587587,0.002999999999999989,0.13580989564587587,0.5654409923835508,0.9566197088925832
8,42,scene_pass_through_maze,20260602,apf,63050,False,0.045000000000000394,0.045,0.045000000000000394,0.045,0.09000000000000027,0.08569861302205156,0.18000000000000055,0.17138658657132147,34.65651640828223,137.0320822222641,0.13580989564587587,0.002999999999999989,0.13580989564587587,0.5654409923835508,0.9566197088925832
9,42,scene_pass_through_maze,20260602,apf,63051,False,0.045000000000000394,0.045,0.045000000000000394,0.045,0.09000000000000027,0.08569861302205156,0.18000000000000055,0.17138658657132147,34.65651640828223,137.0320822222641,0.13580989564587587,0.002999999999999989,0.13580989564587587,0.5654409923835508,0.9566197088925832
10,42,scene_pass_through_maze,20260602,apf,63052,False,0.045000000000000394,0.045,0.045000000000000394,0.045,0.09000000000000027,0.08569861302205156,0.18000000000000055,0.17138658657132147,34.65651640828223,137.0320822222641,0.13580989564587587,0.002999999999999989,0.13580989564587587,0.5654409923835508,0.9566197088925832
11,42,scene_pass_through_maze,20260602,apf,63053,False,0.045000000000000394,0.045,0.045000000000000394,0.045,0.09000000000000027,0.08569861302205156,0.18000000000000055,0.17138658657132147,34.65651640828223,137.0320822222641,0.13580989564587587,0.002999999999999989,0.13580989564587587,0.5654409923835508,0.9566197088925832
12,42,scene_pass_through_maze,20260602,apf,63054,False,0.045000000000000394,0.045,0.045000000000000394,0.045,0.09000000000000027,0.08569861302205156,0.18000000000000055,0.17138658657132147,34.65651640828223,137.0320822222641,0.13580989564587587,0.002999999999999989,0.13580989564587587,0.5654409923835508,0.9566197088925832
13,42,scene_pass_through_maze,20260602,apf,63055,False,0.045000000000000394,0.045,0.045000000000000394,0.045,0.09000000000000027,0.08569861302205156,0.18000000000000055,0.17138658657132147,34.65651640828223,137.0320822222641,0.13580989564587587,0.002999999999999989,0.13580989564587587,0.5654409923835508,0.9566197088925832
14,42,scene_pass_through_maze,20260602,apf,63056,False,0.045000000000000394,0.045,0.045000000000000394,0.045,0.09000000000000027,0.08569861302205156,0.18000000000000055,0.17138658657132147,34.65651640828223,137.0320822222641,0.13580989564587587,0.002999999999999989,0.13580989564587587,0.5654409923835508,0.9566197088925832
15,42,scene_pass_through_maze,20260602,apf,63057,False,0.045000000000000394,0.045,0.045000000000000394,0.045,0.09000000000000027,0.08569861302205156,0.18000000000000055,0.17138658657132147,34.65651640828223,137.0320822222641,0.13580989564587587,0.002999999999999989,0.13580989564587587,0.5654409923835508,0.9566197088925832
16,42,scene_pass_through_maze,20260602,apf,63058,False,0.045000000000000394,0.045,0.045000000000000394,0.045,0.09000000000000027,0.08569861302205156,0.18000000000000055,0.17138658657132147,34.65651640828223,137.0320822222641,0.13580989564587587,0.002999999999999989,0.13580989564587587,0.5654409923835508,0.9566197088925832
17,42,scene_pass_through_maze,20260602,apf,63059,False,0.045000000000000394,0.045,0.045000000000000394,0.045,0.09000000000000027,0.08569861302205156,0.18000000000000055,0.17138658657132147,34.65651640828223,137.0320822222641,0.13580989564587587,0.002999999999999989,0.13580989564587587,0.5654409923835508,0.9566197088925832
18,42,scene_pass_through_maze,20260602,apf,63060,False,0.045000000000000394,0.045,0.045000000000000394,0.045,0.09000000000000027,0.08569861302205156,0.18000000000000055,0.17138658657132147,34.65651640828223,137.0320822222641,0.13580989564587587,0.002999999999999989,0.13580989564587587,0.5654409923835508,0.9566197088925832
19,42,scene_pass_through_maze,20260602,apf,63061,False,0.045000000000000394,0.045,0.045000000000000394,0.045,0.09000000000000027,0.08569861302205156,0.18000000000000055,0.17138658657132147,34.65651640828223,137.0320822222641,0.13580989564587587,0.002999999999999989,0.13580989564587587,0.5654409923835508,0.9566197088925832
20,42,scene_pass_through_maze,20260602,apf,63062,False,0.045000000000000394,0.045,0.045000000000000394,0.045,0.09000000000000027,0.08569861302205156,0.18000000000000055,0.17138658657132147,34.65651640828223,137.0320822222641,0.13580989564587587,0.002999999999999989,0.13580989564587587,0.5654409923835508,0.9566197088925832
21,42,scene_pass_through_maze,20260602,apf,63063,False,0.045000000000000394,0.045,0.045000000000000394,0.045,0.09000000000000027,0.08569861302205156,0.18000000000000055,0.17138658657132147,34.65651640828223,137.0320822222641,0.13580989564587587,0.002999999999999989,0.13580989564587587,0.5654409923835508,0.9566197088925832
22,42,scene_pass_through_maze,20260602,apf,63064,False,0.045000000000000394,0.045,0.045000000000000394,0.045,0.09000000000000027,0.08569861302205156,0.18000000000000055,0.17138658657132147,34.65651640828223,137.0320822222641,0.13580989564587587,0.002999999999999989,0.13580989564587587,0.5654409923835508,0.9566197088925832
23,42,scene_pass_through_maze,20260602,apf,63065,False,0.045000000000000394,0.045,0.045000000000000394,0.045,0.09000000000000027,0.08569861302205156,0.18000000000000055,0.17138658657132147,34.65651640828223,137.0320822222641,0.13580989564587587,0.002999999999999989,0.13580989564587587,0.5654409923835508,0.9566197088925832
24,42,scene_pass_through_maze,20260602,apf,63066,False,0.045000000000000394,0.045,0.045000000000000394,0.045,0.09000000000000027,0.08569861302205156,0.18000000000000055,0.17138658657132147,34.65651640828223,137.0320822222641,0.13580989564587587,0.002999999999999989,0.13580989564587587,0.5654409923835508,0.9566197088925832
25,42,scene_pass_through_maze,20260602,apf,63067,False,0.045000000000000394,0.045,0.045000000000000394,0.045,0.09000000000000027,0.08569861302205156,0.18000000000000055,0.17138658657132147,34.65651640828223,137.0320822222641,0.13580989564587587,0.002999999999999989,0.13580989564587587,0.5654409923835508,0.9566197088925832
26,42,scene_pass_through_maze,20260602,apf,63068,False,0.045000000000000394,0.045,0.045000000000000394,0.045,0.09000000000000027,0.08569861302205156,0.18000000000000055,0.17138658657132147,34.65651640828223,137.0320822222641,0.13580989564587587,0.002999999999999989,0.13580989564587587,0.5654409923835508,0.9566197088925832
27,42,scene_pass_through_maze,20260602,apf,63069,False,0.045000000000000394,0.045,0.045000000000000394,0.045,0.09000000000000027,0.08569861302205156,0.18000000000000055,0.17138658657132147,34.65651640828223,137.0320822222641,0.13580989564587587,0.002999999999999989,0.13580989564587587,0.5654409923835508,0.9566197088925832
28,42,scene_pass_through_maze,20260602,apf,63070,False,0.045000000000000394,0.045,0.045000000000000394,0.045,0.09000000000000027,0.08569861302205156,0.18000000000000055,0.17138658657132147,34.65651640828223,137.0320822222641,0.13580989564587587,0.002999999999999989,0.13580989564587587,0.5654409923835508,0.9566197088925832
29,42,scene_pass_through_maze,20260602,apf,63071,False,0.045000000000000394,0.045,0.045000000000000394,0.045,0.09000000000000027,0.08569861302205156,0.18000000000000055,0.17138658657132147,34.65651640828223,137.0320822222641,0.13580989564587587,0.002999999999999989,0.13580989564587587,0.5654409923835508,0.9566197088925832
30,42,scene_pass_through_maze,20260602,apf,63072,False,0.045000000000000394,0.045,0.045000000000000394,0.045,0.09000000000000027,0.08569861302205156,0.18000000000000055,0.17138658657132147,34.65651640828223,137.0320822222641,0.13580989564587587,0.002999999999999989,0.13580989564587587,0.5654409923835508,0.9566197088925832
31,42,scene_pass_through_maze,20260602,apf,63073,False,0.045000000000000394,0.045,0.045000000000000394,0.045,0.09000000000000027,0.08569861302205156,0.18000000000000055,0.17138658657132147,34.65651640828223,137.0320822222641,0.13580989564587587,0.002999999999999989,0.13580989564587587,0.5654409923835508,0.9566197088925832
32,42,scene_pass_through_maze,20260602,apf,63074,False,0.045000000000000394,0.045,0.045000000000000394,0.045,0.09000000000000027,0.08569861302205156,0.18000000000000055,0.17138658657132147,34.65651640828223,137.0320822222641,0.13580989564587587,0.002999999999999989,0.13580989564587587,0.5654409923835508,0.9566197088925832
33,42,scene_pass_through_maze,20260602,apf,63075,False,0.045000000000000394,0.045,0.045000000000000394,0.045,0.09000000000000027,0.08569861302205156,0.18000000000000055,0.17138658657132147,34.65651640828223,137.0320822222641,0.13580989564587587,0.002999999999999989,0.13580989564587587,0.5654409923835508,0.9566197088925832
34,42,scene_pass_through_maze,20260602,apf,63076,False,0.045000000000000394,0.045,0.045000000000000394,0.045,0.09000000000000027,0.08569861302205156,0.18000000000000055,0.17138658657132147,34.65651640828223,137.0320822222641,0.13580989564587587,0.002999999999999989,0.13580989564587587,0.5654409923835508,0.9566197088925832
35,42,scene_pass_through_maze,20260602,apf,63077,False,0.045000000000000394,0.045,0.045000000000000394,0.045,0.09000000000000027,0.08569861302205156,0.18000000000000055,0.17138658657132147,34.65651640828223,137.0320822222641,0.13580989564587587,0.002999999999999989,0.13580989564587587,0.5654409923835508,0.9566197088925832
36,42,scene_pass_through_maze,20260602,apf,63078,False,0.045000000000000394,0.045,0.045000000000000394,0.045,0.09000000000000027,0.08569861302205156,0.18000000000000055,0.17138658657132147,34.65651640828223,137.0320822222641,0.13580989564587587,0.002999999999999989,0.13580989564587587,0.5654409923835508,0.9566197088925832
37,42,scene_pass_through_maze,20260602,apf,63079,False,0.045000000000000394,0.045,0.045000000000000394,0.045,0.09000000000000027,0.08569861302205156,0.18000000000000055,0.17138658657132147,34.65651640828223,137.0320822222641,0.13580989564587587,0.002999999999999989,0.13580989564587587,0.5654409923835508,0.9566197088925832
38,42,scene_pass_through_maze,20260602,apf,63080,False,0.045000000000000394,0.045,0.045000000000000394,0.045,0.09000000000000027,0.08569861302205156,0.18000000000000055,0.17138658657132147,34.65651640828223,137.0320822222641,0.13580989564587587,0.002999999999999989,0.13580989564587587,0.5654409923835508,0.9566197088925832
39,42,scene_pass_through_maze,20260602,apf,63081,False,0.045000000000000394,0.045,0.045000000000000394,0.045,0.09000000000000027,0.08569861302205156,0.18000000000000055,0.17138658657132147,34.65651640828223,137.0320822222641,0.13580989564587587,0.002999999999999989,0.13580989564587587,0.5654409923835508,0.9566197088925832
40,42,scene_pass_through_maze,20260602,apf,63082,False,0.045000000000000394,0.045,0.045000000000000394,0.045,0.09000000000000027,0.08569861302205156,0.18000000000000055,0.17138658657132147,34.65651640828223,137.0320822222641,0.13580989564587587,0.002999999999999989,0.13580989564587587,0.5654409923835508,0.9566197088925832
41,42,scene_pass_through_maze,20260602,apf,63083,False,0.045000000000000394,0.045,0.045000000000000394,0.045,0.09000000000000027,0.08569861302205156,0.18000000000000055,0.17138658657132147,34.65651640828223,137.0320822222641,0.13580989564587587,0.002999999999999989,0.13580989564587587,0.5654409923835508,0.9566197088925832
42,42,scene_pass_through_maze,20260602,apf,63084,False,0.045000000000000394,0.045,0.045000000000000394,0.045,0.09000000000000027,0.08569861302205156,0.18000000000000055,0.17138658657132147,34.65651640828223,137.0320822222641,0.13580989564587587,0.002999999999999989,0.13580989564587587,0.5654409923835508,0.9566197088925832
43,42,scene_pass_through_maze,20260602,apf,63085,False,0.045000000000000394,0.045,0.045000000000000394,0.045,0.09000000000000027,0.08569861302205156,0.18000000000000055,0.17138658657132147,34.65651640828223,137.0320822222641,0.13580989564587587,0.002999999999999989,0.13580989564587587,0.5654409923835508,0.9566197088925832
44,42,scene_pass_through_maze,20260602,apf,63086,False,0.045000000000000394,0.045,0.045000000000000394,0.045,0.09000000000000027,0.08569861302205156,0.18000000000000055,0.17138658657132147,34.65651640828223,137.0320822222641,0.13580989564587587,0.002999999999999989,0.13580989564587587,0.5654409923835508,0.9566197088925832
45,42,scene_pass_through_maze,20260602,apf,63087,False,0.045000000000000394,0.045,0.045000000000000394,0.045,0.09000000000000027,0.08569861302205156,0.18000000000000055,0.17138658657132147,34.65651640828223,137.0320822222641,0.13580989564587587,0.002999999999999989,0.13580989564587587,0.5654409923835508,0.9566197088925832
46,42,scene_pass_through_maze,20260602,apf,63088,False,0.045000000000000394,0.045,0.045000000000000394,0.045,0.09000000000000027,0.08569861302205156,0.18000000000000055,0.17138658657132147,34.65651640828223,137.0320822222641,0.13580989564587587,0.002999999999999989,0.13580989564587587,0.5654409923835508,0.9566197088925832
47,42,scene_pass_through_maze,20260602,apf,63089,False,0.045000000000000394,0.045,0.045000000000000394,0.045,0.09000000000000027,0.08569861302205156,0.18000000000000055,0.17138658657132147,34.65651640828223,137.0320822222641,0.13580989564587587,0.002999999999999989,0.13580989564587587,0.5654409923835508,0.9566197088925832
48,42,scene_pass_through_maze,20260602,apf,63090,False,0.045000000000000394,0.045,0.045000000000000394,0.045,0.09000000000000027,0.08569861302205156,0.18000000000000055,0.17138658657132147,34.65651640828223,137.0320822222641,0.13580989564587587,0.002999999999999989,0.13580989564587587,0.5654409923835508,0.9566197088925832
49,42,scene_pass_through_maze,20260602,apf,63091,False,0.045000000000000394,0.045,0.045000000000000394,0.045,0.09000000000000027,0.08569861302205156,0.18000000000000055,0.17138658657132147,34.65651640828223,137.0320822222641,0.13580989564587587,0.002999999999999989,0.13580989564587587,0.5654409923835508,0.9566197088925832
